Pocket	Cluster
A0A024R1R8_PF09072_3_64_fpocket_3	887
A0A024RBG1_PF00293_20_143_fpocket_7	499
A0A075B6I7_PF07686_24_104_fpocket_2	570
A0A075B6L6_PF07686_25_110_fpocket_5	1010
A0A075B6S5_PF07686_28_112_fpocket_1	1362
A0A075B734_PF00230_35_276_fpocket_1	568
A0A075B767_PF00160_7_162_fpocket_8	1161
A0A087WTH1_PF04505_33_92_fpocket_2	960
A0A087WUV0_PF13465_432_456_fpocket_1	1046
A0A087X1C5_PF00067_34_329_fpocket_20	814
A0A096LP55_PF02320_28_91_fpocket_4	1667
A0A096LP55_PF02320_28_91_fpocket_5	1134
A0A096LPK9_PF13853_33_303_fpocket_1	1079
A0A0A6YYG2_PF07686_30_111_fpocket_4	390
A0A0B4J274_PF07686_27_111_fpocket_2	566
A0A0B4J2F0_PF23670_1_53_fpocket_1	32
A0A0B4J2F0_PF23670_1_53_fpocket_2	278
A0A0C4DH30_PF07686_31_116_fpocket_1	63
A0A0C4DH69_PF07686_28_111_fpocket_4	928
A0A0J9YWL9_PF15186_5_149_fpocket_5	872
A0A0J9YX94_PF14893_256_417_fpocket_11	580
A0A0J9YXQ4_PF20846_1_92_fpocket_6	1319
A0A0J9YY54_PF20864_681_700_fpocket_1	20
A0A0J9YY54_PF20864_681_700_fpocket_2	57
A0A0U1RQE8_PF06021_1_206_fpocket_19	1382
A0A0U1RQE8_PF08444_208_296_fpocket_4	478
A0A0U1RQG5_PF15623_1_238_fpocket_4	142
A0A0U1RR11_PF04828_133_228_fpocket_4	82
A0A0U1RRE5_PF21949_1_68_fpocket_3	877
A0A0U1RRI6_PF04828_133_228_fpocket_4	815
A0A0X1KG70_PF13853_33_305_fpocket_1	883
A0A1B0GTD5_PF22593_1_131_fpocket_8	533
A0A1B0GTW7_PF01457_260_595_fpocket_6	912
A0A1B0GU71_PF13879_27_94_fpocket_1	566
A0A1B0GUJ8_PF20846_8_97_fpocket_1	877
A0A1B0GUJ8_PF20846_8_97_fpocket_3	582
A0A1B0GUS4_PF00179_6_143_fpocket_13	1679
A0A1B0GUU1_PF25431_31_93_fpocket_2	499
A0A1B0GV85_PF02014_33_156_fpocket_9	1845
A0A1B0GVQ0_PF22004_16_90_fpocket_6	209
A0A1B0GVX0_PF10601_2_70_fpocket_5	254
A0A1B0GVZ6_PF14048_103_193_fpocket_3	395
A0A1B0GW35_PF15277_33_119_fpocket_1	1661
A0A1B0GW35_PF15277_33_119_fpocket_3	80
A0A1B0GWG4_PF15872_18_83_fpocket_2	1398
A0A1B0GWH4_PF00447_83_182_fpocket_3	537
A0A1B0GX31_PF07686_25_112_fpocket_1	1184
A0A1B0GXF2_PF07686_25_112_fpocket_1	1184
A0A1W2PPD8_PF02375_16_50_fpocket_1	728
A0A1W2PPD8_PF02375_16_50_fpocket_2	1279
A0A1W2PPL8_PF04719_97_179_fpocket_5	1181
A0A1W2PPW3_PF04719_96_180_fpocket_4	1443
A0A1W2PQ27_PF04722_6_194_fpocket_2	792
A0A1W2PQ27_PF04722_6_194_fpocket_4	509
A0A1W2PQ64_PF04722_6_194_fpocket_14	639
A0A1W2PQ72_PF13837_11_99_fpocket_8	855
A0A1W2PQC6_PF04722_6_194_fpocket_5	1048
A0A1W2PR19_PF13417_5_81_fpocket_3	1287
A0A1W2PR75_PF04722_6_194_fpocket_1	637
A0A1W2PRV1_PF04719_97_181_fpocket_1	809
A0A1W2PRV1_PF04719_97_181_fpocket_4	271
A0A3B3IRV3_PF01472_95_170_fpocket_1	122
A0A3B3IRV3_PF17832_5_89_fpocket_10	1778
A0A3B3IT33_PF00622_340_450_fpocket_5	957
A0A3B3IT52_PF13837_36_122_fpocket_3	472
A0A494BZU4_PF15049_4_164_fpocket_20	107
A0A494C071_PF20884_1755_1833_fpocket_6	1482
A0A494C086_PF11357_351_398_fpocket_5	674
A0A494C103_PF00431_30_129_fpocket_4	176
A0A494C191_PF11357_215_261_fpocket_2	305
A0A494C1R9_PF00956_124_249_fpocket_8	791
A0A7I2V3R4_PF13445_58_88_fpocket_1	1256
A0AVI2_PF00168_5_92_fpocket_9	469
A0AVI2_PF08165_620_669_fpocket_1	845
A0AVI2_PF08165_620_669_fpocket_2	335
A0AVI2_PF22901_1579_1669_fpocket_6	1755
A0AVI4_PF10272_17_361_fpocket_14	500
A0AVI4_PF10272_17_361_fpocket_18	1663
A0AVK6_PF02319_114_182_fpocket_4	16
A0AVT1_PF09358_955_1042_fpocket_6	583
A0AVT1_PF10585_631_884_fpocket_5	1106
A0AVT1_PF16191_293_361_fpocket_1	1
A0FGR8_PF17047_191_370_fpocket_10	1540
A0JD32_PF07686_26_113_fpocket_4	360
A0JLT2_PF10278_63_233_fpocket_12	1800
A0JLT2_PF10278_63_233_fpocket_9	1796
A0PJK1_PF00474_50_479_fpocket_20	1837
A0PJW6_PF06979_32_198_fpocket_1	982
A0PJX2_PF07534_50_213_fpocket_2	724
A0PJX8_PF15816_4_314_fpocket_25	1004
A0PJZ3_PF01501_113_342_fpocket_13	659
A0PK00_PF07851_10_331_fpocket_16	331
A0PK11_PF25807_5_206_fpocket_1	916
A0PK11_PF25807_5_206_fpocket_3	1019
A1A4S6_PF16746_6_249_fpocket_18	703
A1A4V9_PF14769_126_223_fpocket_1	15
A1A519_PF17734_217_266_fpocket_1	143
A1A519_PF17734_217_266_fpocket_2	1030
A1A5B4_PF16178_115_176_fpocket_1	261
A1A5B4_PF16178_115_176_fpocket_2	596
A1L0T0_PF00205_273_403_fpocket_1	1275
A1L0T0_PF00205_273_403_fpocket_7	905
A1L0T0_PF02775_467_618_fpocket_8	666
A1L0T0_PF02775_467_618_fpocket_9	1142
A1L0T0_PF02776_53_167_fpocket_4	1635
A1L0T0_PF02776_53_167_fpocket_6	1809
A1L167_PF00179_1_112_fpocket_5	799
A1L190_PF15191_1_85_fpocket_2	290
A1L190_PF15191_1_85_fpocket_4	991
A1L390_PF00621_97_270_fpocket_5	612
A1L4K1_PF00622_622_736_fpocket_8	78
A1L4L8_PF04749_72_155_fpocket_2	1098
A1XBS5_PF06730_1_219_fpocket_2	1615
A2A288_PF11977_89_243_fpocket_8	159
A2A288_PF18039_3_44_fpocket_1	142
A2A2V5_PF15872_3_106_fpocket_2	271
A2A2Y4_PF09379_36_98_fpocket_3	397
A2A2Y4_PF09380_229_315_fpocket_3	730
A2A2Z9_PF12001_873_977_fpocket_8	1279
A2A3K4_PF00782_165_235_fpocket_5	1019
A2A3N6_PF01504_112_394_fpocket_26	1708
A2A3N6_PF13519_495_598_fpocket_2	1169
A2CJ06_PF00569_226_266_fpocket_3	856
A2CJ06_PF09068_8_118_fpocket_5	28
A2IDD5_PF14739_56_165_fpocket_5	397
A2PYH4_PF02889_777_1090_fpocket_24	460
A2PYH4_PF02889_777_1090_fpocket_4	785
A2PYH4_PF23445_689_770_fpocket_1	297
A2PYH4_PF23445_689_770_fpocket_3	99
A2RRL7_PF15192_29_107_fpocket_2	904
A2RRL7_PF15192_29_107_fpocket_3	129
A2RRP1_PF22913_1996_2120_fpocket_9	1629
A2RTX5_PF00587_476_687_fpocket_4	311
A2RTX5_PF02824_167_222_fpocket_1	1590
A2RU14_PF25810_1_60_fpocket_1	1718
A2RU30_PF14722_129_282_fpocket_2	1278
A2RU48_PF15047_14_177_fpocket_13	1175
A2RU49_PF01636_38_280_fpocket_1	959
A2RU49_PF01636_38_280_fpocket_16	1768
A2RUB1_PF15189_747_912_fpocket_1	723
A2RUC4_PF13621_17_254_fpocket_5	686
A2RUR9_PF12001_1245_1353_fpocket_8	212
A2RUS2_PF02141_106_290_fpocket_11	1385
A2VDF0_PF05025_6_147_fpocket_1	486
A2VDF0_PF05025_6_147_fpocket_2	1825
A2VDJ0_PF24501_773_837_fpocket_3	1342
A2VDJ0_PF24501_773_837_fpocket_5	969
A2VEC9_PF08742_1206_1273_fpocket_1	231
A2VEC9_PF08742_760_825_fpocket_1	172
A2VEC9_PF23244_889_915_fpocket_1	201
A3KMH1_PF07728_105_261_fpocket_2	1348
A3KN83_PF13871_872_1148_fpocket_23	1453
A3KN83_PF13872_255_560_fpocket_14	1241
A3KN83_PF13872_255_560_fpocket_6	1293
A3KN83_PF25373_1186_1300_fpocket_1	1406
A3KN83_PF25373_1186_1300_fpocket_4	1182
A4D0S4_PF00055_28_263_fpocket_7	660
A4D0T7_PF15873_1_54_fpocket_1	46
A4D0V7_PF12733_585_667_fpocket_2	674
A4D0V7_PF12733_585_667_fpocket_5	1324
A4D126_PF01128_47_278_fpocket_1	226
A4D126_PF01128_47_278_fpocket_12	266
A4D126_PF18706_283_430_fpocket_1	648
A4D161_PF14753_20_213_fpocket_2	1362
A4D161_PF14753_20_213_fpocket_4	1392
A4D1E9_PF01018_35_131_fpocket_1	1715
A4D1E9_PF01018_35_131_fpocket_4	783
A4D1F6_PF24978_763_852_fpocket_3	450
A4D1P6_PF23138_47_169_fpocket_2	148
A4D1P6_PF23138_47_169_fpocket_6	48
A4D1Z8_PF00337_7_131_fpocket_4	885
A4D256_PF14671_22_159_fpocket_1	799
A4D256_PF14671_22_159_fpocket_10	334
A4D256_PF22785_219_302_fpocket_5	314
A4D2P6_PF02181_822_1187_fpocket_2	196
A4FU01_PF06602_320_482_fpocket_18	472
A4GXA9_PF02732_93_249_fpocket_3	449
A4GXA9_PF21292_293_363_fpocket_1	1044
A4GXA9_PF21292_293_363_fpocket_2	1276
A4QPH2_PF00454_343_540_fpocket_1	877
A5D8V6_PF07200_5_149_fpocket_5	305
A5PKW4_PF00169_758_865_fpocket_2	1745
A5PLL7_PF10520_85_261_fpocket_10	838
A5PLL7_PF10520_85_261_fpocket_5	661
A5PLN7_PF12516_292_357_fpocket_4	1294
A5PLN9_PF23643_314_408_fpocket_1	1454
A5PLN9_PF23643_314_408_fpocket_3	1224
A5PLN9_PF23647_172_301_fpocket_4	106
A5YKK6_PF12842_1387_1534_fpocket_11	1698
A5YKK6_PF12842_1387_1534_fpocket_9	1637
A5YM72_PF15632_598_696_fpocket_1	1647
A5YM72_PF15632_598_696_fpocket_3	1363
A5YM72_PF18130_411_491_fpocket_5	371
A6BM72_PF12661_234_253_fpocket_1	57
A6BM72_PF23106_669_696_fpocket_1	43
A6BM72_PF23301_97_142_fpocket_2	1631
A6H8Y1_PF15963_293_379_fpocket_5	1421
A6H8Z2_PF14753_241_393_fpocket_1	1329
A6NC51_PF10277_5_205_fpocket_4	1081
A6NC86_PF02988_28_108_fpocket_7	128
A6NC86_PF02988_28_108_fpocket_9	888
A6NC97_PF22749_17_296_fpocket_4	398
A6NC98_PF19047_56_177_fpocket_4	128
A6NCE7_PF02991_15_120_fpocket_1	1089
A6NCE7_PF02991_15_120_fpocket_5	1807
A6NCF5_PF07707_75_175_fpocket_7	549
A6NCF5_PF21536_1_63_fpocket_3	863
A6NCF5_PF21536_1_63_fpocket_6	1619
A6NCF6_PF01454_190_279_fpocket_6	494
A6NCI4_PF13768_170_324_fpocket_5	754
A6NCI4_PF13768_511_635_fpocket_1	245
A6NCI4_PF13768_511_635_fpocket_4	1427
A6NCI4_PF13768_959_1113_fpocket_1	520
A6NCK2_PF00622_336_443_fpocket_6	533
A6NCL2_PF15083_37_80_fpocket_1	70
A6NCL2_PF15083_66_153_fpocket_2	39
A6ND91_PF01958_173_261_fpocket_3	525
A6ND91_PF01958_173_261_fpocket_4	141
A6ND91_PF03447_13_123_fpocket_2	1803
A6ND91_PF03447_13_123_fpocket_5	371
A6NDE4_PF00076_10_79_fpocket_2	369
A6NDG6_PF13242_233_314_fpocket_2	653
A6NDG6_PF13344_31_138_fpocket_1	1064
A6NDG6_PF13344_31_138_fpocket_3	1821
A6NDL7_PF10294_82_242_fpocket_2	293
A6NE01_PF20865_2102_2330_fpocket_1	683
A6NE02_PF07707_170_268_fpocket_1	1052
A6NE82_PF14048_103_193_fpocket_3	1024
A6NEC2_PF01433_280_478_fpocket_3	1175
A6NEC2_PF17900_60_245_fpocket_2	1681
A6NEC2_PF17900_60_245_fpocket_8	665
A6NEH6_PF15444_1_140_fpocket_1	363
A6NEK1_PF00339_27_154_fpocket_1	1612
A6NEN9_PF15874_7_102_fpocket_1	561
A6NEN9_PF15874_7_102_fpocket_2	1763
A6NEY8_PF04073_26_155_fpocket_1	258
A6NEY8_PF04073_26_155_fpocket_3	734
A6NF34_PF05587_249_348_fpocket_1	1008
A6NF34_PF05587_249_348_fpocket_2	330
A6NF89_PF13853_31_303_fpocket_2	1657
A6NFA1_PF01963_41_350_fpocket_18	296
A6NFD8_PF00010_14_65_fpocket_1	452
A6NFD8_PF07527_86_126_fpocket_2	198
A6NFE3_PF24548_66_125_fpocket_1	307
A6NFE3_PF24548_66_125_fpocket_2	415
A6NFF2_PF00956_50_105_fpocket_1	596
A6NFQ2_PF13402_633_889_fpocket_18	1515
A6NFT4_PF13863_35_152_fpocket_2	32
A6NFU8_PF01470_21_139_fpocket_7	568
A6NFY4_PF10225_143_390_fpocket_2	405
A6NFY7_PF05347_9_62_fpocket_2	1183
A6NGB0_PF14992_23_301_fpocket_2	1718
A6NGB0_PF14992_23_301_fpocket_6	516
A6NGB0_PF15194_182_302_fpocket_2	1718
A6NGB7_PF15038_10_185_fpocket_4	127
A6NGD5_PF02023_40_122_fpocket_3	1349
A6NGE7_PF09349_7_163_fpocket_7	1216
A6NGE7_PF09349_7_163_fpocket_8	171
A6NGG8_PF15449_1_1264_fpocket_2	136
A6NGJ6_PF00097_15_55_fpocket_2	344
A6NGN9_PF13927_135_199_fpocket_1	1783
A6NGU5_PF01019_56_563_fpocket_20	907
A6NH11_PF08718_101_252_fpocket_5	24
A6NH52_PF05832_30_171_fpocket_2	1538
A6NH52_PF05832_30_171_fpocket_7	1848
A6NHC0_PF00648_46_342_fpocket_5	1472
A6NHC0_PF01067_361_504_fpocket_13	1724
A6NHC0_PF01067_361_504_fpocket_7	847
A6NHM9_PF01082_194_314_fpocket_7	1539
A6NHM9_PF03351_41_156_fpocket_4	1433
A6NHM9_PF03712_335_482_fpocket_5	967
A6NHQ2_PF01269_100_326_fpocket_2	119
A6NHR9_PF26194_690_820_fpocket_4	884
A6NHR9_PF26196_930_1032_fpocket_4	63
A6NHR9_PF26197_1037_1143_fpocket_4	279
A6NHR9_PF26199_1491_1616_fpocket_1	1188
A6NHR9_PF26201_1368_1470_fpocket_1	651
A6NHS7_PF07502_41_108_fpocket_1	567
A6NHX0_PF13840_73_140_fpocket_6	540
A6NHX0_PF18700_9_69_fpocket_1	1594
A6NHX0_PF21389_177_259_fpocket_3	1517
A6NI03_PF00643_89_128_fpocket_1	587
A6NI28_PF16746_6_247_fpocket_17	1327
A6NI28_PF16746_6_247_fpocket_21	734
A6NI61_PF12036_5_185_fpocket_1	684
A6NI61_PF12036_5_185_fpocket_9	280
A6NI72_PF00787_32_121_fpocket_3	515
A6NIH7_PF05351_88_247_fpocket_1	883
A6NIH7_PF05351_88_247_fpocket_3	1186
A6NIN4_PF15451_117_187_fpocket_2	1535
A6NIR3_PF01412_466_577_fpocket_3	794
A6NJ78_PF01795_71_405_fpocket_1	881
A6NJI1_PF15464_1_114_fpocket_2	170
A6NJJ6_PF11771_179_335_fpocket_11	86
A6NJV1_PF10629_19_85_fpocket_6	1498
A6NJY1_PF00999_9_249_fpocket_15	606
A6NJY4_PF15125_13_76_fpocket_1	194
A6NJZ7_PF25566_372_499_fpocket_4	1337
A6NJZ7_PF25566_372_499_fpocket_6	334
A6NK06_PF03972_8_249_fpocket_11	1749
A6NK06_PF03972_8_249_fpocket_2	60
A6NK06_PF19305_274_446_fpocket_1	16
A6NK06_PF19305_274_446_fpocket_8	674
A6NK44_PF00903_37_154_fpocket_1	245
A6NK58_PF21948_43_216_fpocket_4	1700
A6NK89_PF21712_89_128_fpocket_1	79
A6NK89_PF21712_89_128_fpocket_2	515
A6NKD9_PF10226_13_219_fpocket_1	392
A6NKF2_PF01388_116_201_fpocket_1	269
A6NKF2_PF01388_116_201_fpocket_2	54
A6NKG5_PF16297_196_280_fpocket_6	1154
A6NKG5_PF17919_845_941_fpocket_3	853
A6NKG5_PF17919_845_941_fpocket_4	1279
A6NKH3_PF01780_5_89_fpocket_2	261
A6NKP2_PF01073_37_302_fpocket_22	830
A6NKT7_PF00638_1049_1169_fpocket_4	306
A6NKT7_PF00638_1346_1466_fpocket_1	229
A6NKT7_PF16704_1641_1706_fpocket_3	191
A6NKW6_PF13908_7_51_fpocket_1	803
A6NL82_PF14886_18_121_fpocket_1	1224
A6NL82_PF14886_18_121_fpocket_4	1410
A6NL88_PF13908_80_130_fpocket_1	168
A6NLC8_PF04719_97_181_fpocket_4	1836
A6NM10_PF00230_68_238_fpocket_1	1566
A6NM43_PF00118_43_525_fpocket_28	341
A6NM45_PF00822_12_182_fpocket_6	306
A6NM76_PF13853_31_302_fpocket_1	179
A6NMK7_PF14608_123_142_fpocket_1	556
A6NMK7_PF15663_39_118_fpocket_3	1254
A6NMK7_PF15663_39_118_fpocket_8	147
A6NMX2_PF01652_63_222_fpocket_1	791
A6NMZ7_PF00092_1967_2142_fpocket_9	1443
A6NMZ7_PF00092_229_397_fpocket_1	1754
A6NN92_PF00029_113_195_fpocket_1	66
A6NNA2_PF08312_55_98_fpocket_1	320
A6NNA2_PF08312_55_98_fpocket_3	1559
A6NNE9_PF12906_170_215_fpocket_1	430
A6NNE9_PF12906_170_215_fpocket_2	430
A6NNL5_PF15031_29_153_fpocket_1	212
A6NNL5_PF15031_29_153_fpocket_4	617
A6NNM3_PF07653_1590_1629_fpocket_1	553
A6NNM3_PF07653_1590_1629_fpocket_2	1181
A6NNM3_PF07653_853_895_fpocket_2	754
A6NNM3_PF25523_1084_1185_fpocket_7	980
A6NNP5_PF15372_54_180_fpocket_5	1859
A6NNZ2_PF00091_3_211_fpocket_2	331
A6NNZ2_PF03953_261_381_fpocket_2	556
A6NP61_PF13695_224_306_fpocket_1	1175
A6NP61_PF13695_224_306_fpocket_5	993
A6PVC2_PF03133_327_572_fpocket_14	264
A6QL63_PF26281_98_239_fpocket_1	802
A6XGL0_PF03853_90_259_fpocket_10	1795
A6XGL0_PF03853_90_259_fpocket_7	519
A7E2Y1_PF00063_129_815_fpocket_53	1441
A7E2Y1_PF02736_72_116_fpocket_4	1299
A7MCY6_PF12845_288_342_fpocket_1	655
A7MCY6_PF12845_288_342_fpocket_2	618
A7XYQ1_PF06467_147_180_fpocket_2	1360
A8K0R7_PF15961_7_804_fpocket_37	1460
A8K2U0_PF17789_342_439_fpocket_2	692
A8K7I4_PF08434_25_289_fpocket_13	1003
A8K979_PF00929_147_224_fpocket_2	242
A8K979_PF00929_147_224_fpocket_9	1324
A8K979_PF00929_38_131_fpocket_1	1258
A8MPP1_PF06733_234_417_fpocket_3	1783
A8MPP1_PF13307_694_881_fpocket_9	576
A8MPS7_PF04794_7_288_fpocket_1	381
A8MPS7_PF04794_7_288_fpocket_2	23
A8MPX8_PF00481_358_473_fpocket_1	279
A8MPX8_PF00481_358_473_fpocket_3	1389
A8MPY1_PF02931_69_266_fpocket_1	793
A8MQ14_PF01352_6_47_fpocket_2	480
A8MQ27_PF07177_41_192_fpocket_2	50
A8MQ27_PF13920_500_549_fpocket_2	1356
A8MT65_PF13465_390_414_fpocket_1	682
A8MT69_PF09415_12_81_fpocket_1	1543
A8MT69_PF09415_12_81_fpocket_2	357
A8MT70_PF22586_133_172_fpocket_1	549
A8MTZ0_PF14777_23_85_fpocket_1	544
A8MTZ0_PF14777_23_85_fpocket_2	661
A8MUK1_PF00443_80_372_fpocket_1	1452
A8MUP2_PF13847_77_195_fpocket_2	306
A8MUU1_PF00061_16_99_fpocket_4	438
A8MV57_PF00354_3_133_fpocket_10	1184
A8MV57_PF00354_3_133_fpocket_4	118
A8MV65_PF07545_82_111_fpocket_1	107
A8MVS5_PF17737_22_112_fpocket_3	1135
A8MVU1_PF16621_268_315_fpocket_1	254
A8MVU1_PF16621_268_315_fpocket_4	825
A8MW92_PF18104_90_123_fpocket_2	444
A8MW99_PF13971_9_380_fpocket_8	1175
A8MWL6_PF01284_20_162_fpocket_4	571
A8MWY0_PF23031_438_601_fpocket_6	9
A8MWY0_PF23087_674_879_fpocket_1	45
A8MWY0_PF23091_397_437_fpocket_1	647
A8MX76_PF00648_44_334_fpocket_19	532
A8MXD5_PF00462_139_207_fpocket_2	1375
A8MXE2_PF01762_99_285_fpocket_1	368
A8MY62_PF00144_25_357_fpocket_12	972
A8MYB1_PF14992_28_306_fpocket_6	1414
A8MYU2_PF00520_106_322_fpocket_6	498
A8MYU2_PF22614_330_447_fpocket_11	237
A8MYU2_PF22614_330_447_fpocket_4	145
A8MYU2_PF22614_711_834_fpocket_1	1208
A8MYV0_PF03607_155_211_fpocket_1	1789
A8MYZ0_PF13898_106_455_fpocket_12	199
A8MYZ0_PF13898_106_455_fpocket_15	648
A8MZ36_PF23160_1_93_fpocket_1	1470
A8TX70_PF00092_2291_2467_fpocket_4	317
A8TX70_PF00092_30_197_fpocket_8	46
A8TX70_PF00092_442_610_fpocket_5	565
A8TX70_PF00092_814_984_fpocket_5	1427
B0I1T2_PF06017_826_985_fpocket_6	1108
B0YJ81_PF04387_119_279_fpocket_11	1582
B0YJ81_PF04387_119_279_fpocket_9	1405
B2RBV5_PF15155_1_119_fpocket_7	108
B2RUY7_PF23331_176_215_fpocket_2	211
B2RUY7_PF23331_176_215_fpocket_3	133
B2RUY7_PF23334_116_170_fpocket_1	142
B2RUY7_PF23334_116_170_fpocket_2	334
B2RUZ4_PF15875_3_77_fpocket_6	814
B2RV13_PF13879_35_129_fpocket_1	911
B2RXF5_PF13894_335_356_fpocket_1	1579
B3SHH9_PF13903_17_207_fpocket_3	138
B3SHH9_PF13903_17_207_fpocket_6	147
B4DS77_PF13908_72_122_fpocket_2	940
B5MCY1_PF00567_1293_1412_fpocket_2	306
B5MCY1_PF00567_1528_1641_fpocket_3	1342
B5MCY1_PF00567_1734_1852_fpocket_7	1363
B5MCY1_PF00567_239_356_fpocket_8	199
B5MCY1_PF00567_486_600_fpocket_4	585
B5MCY1_PF00567_758_866_fpocket_1	37
B5MD39_PF01019_1_220_fpocket_2	165
B5MD39_PF01019_1_220_fpocket_6	743
B7U540_PF01007_47_187_fpocket_6	1633
B7U540_PF17655_194_365_fpocket_1	665
B7Z8K6_PF07654_11_76_fpocket_2	1561
B7ZAQ6_PF12537_142_207_fpocket_2	418
B7ZBB8_PF03370_213_349_fpocket_3	199
B8ZZ34_PF13908_57_108_fpocket_2	430
C0HLV8_PF22001_1_31_fpocket_2	1859
C9J069_PF26649_711_821_fpocket_1	332
C9J069_PF26649_711_821_fpocket_6	935
C9J2P7_PF00443_80_372_fpocket_1	1074
C9J6K1_PF15876_23_181_fpocket_1	1
C9J6K1_PF15876_23_181_fpocket_5	1145
C9J798_PF00168_134_234_fpocket_1	1224
C9JBD0_PF01352_14_54_fpocket_1	263
C9JDP6_PF00822_8_183_fpocket_1	1464
C9JH25_PF25987_350_640_fpocket_13	976
C9JLR9_PF18658_106_168_fpocket_4	751
C9JLR9_PF18658_265_326_fpocket_1	446
C9JLR9_PF18658_582_645_fpocket_1	1206
C9JLW8_PF14799_5_92_fpocket_1	1656
C9JQI7_PF15877_42_485_fpocket_1	352
C9JQI7_PF15877_42_485_fpocket_38	1158
C9JRZ8_PF00248_17_292_fpocket_3	341
D6RA61_PF00443_80_372_fpocket_15	1242
D6RBM5_PF00443_80_176_fpocket_3	1429
D6RGH6_PF07412_177_244_fpocket_1	108
D6RGH6_PF07412_177_244_fpocket_2	13
D6RJB6_PF00443_80_372_fpocket_10	1072
E0CX11_PF15054_5_44_fpocket_1	1240
E5RQL4_PF07837_11_70_fpocket_1	971
E9PAV3_PF01849_1936_1991_fpocket_3	1108
E9PAV3_PF01849_1936_1991_fpocket_4	739
E9PAV3_PF19026_2039_2077_fpocket_1	157
E9PGG2_PF16878_35_130_fpocket_2	491
E9PRG8_PF17719_1_97_fpocket_2	279
E9PRG8_PF17719_1_97_fpocket_7	116
F2Z333_PF17742_25_189_fpocket_9	397
F5GYI3_PF21267_341_378_fpocket_1	149
F5H4A9_PF15843_46_247_fpocket_4	942
F8VTS6_PF11002_54_95_fpocket_4	1494
F8VTS6_PF13765_99_146_fpocket_3	295
F8VTS6_PF15227_11_52_fpocket_1	1039
G9CGD6_PF00169_506_600_fpocket_2	1324
G9CGD6_PF00595_217_283_fpocket_1	816
H0UI37_PF00581_32_88_fpocket_1	1138
H0YL14_PF17685_1_139_fpocket_7	1608
H3BNL8_PF17822_1_229_fpocket_21	1327
H3BPM6_PF16044_45_199_fpocket_13	224
H3BPM6_PF16044_45_199_fpocket_6	1018
H3BQB6_PF00836_129_192_fpocket_2	877
H3BRN8_PF14892_53_108_fpocket_1	88
H3BRN8_PF14892_53_108_fpocket_2	642
H3BTG2_PF17671_55_120_fpocket_8	1263
H3BV60_PF00100_42_153_fpocket_10	36
H3BV60_PF00100_42_153_fpocket_9	475
H7BZ55_PF15035_113_262_fpocket_11	305
K7EJ46_PF15831_6_58_fpocket_1	939
L0R8F8_PF05347_8_58_fpocket_3	1284
M0QZC1_PF13445_64_109_fpocket_1	1047
M0R2J8_PF24478_281_384_fpocket_6	184
O00110_PF13465_113_137_fpocket_1	1530
O00115_PF03265_18_347_fpocket_3	401
O00115_PF03265_18_347_fpocket_7	831
O00116_PF02913_385_654_fpocket_1	1186
O00139_PF22923_6_60_fpocket_2	326
O00139_PF22923_6_60_fpocket_4	621
O00141_PF00069_98_355_fpocket_14	110
O00142_PF01712_53_262_fpocket_1	1049
O00144_PF01534_222_543_fpocket_2	883
O00144_PF01534_222_543_fpocket_4	933
O00154_PF03061_242_312_fpocket_2	1212
O00155_PF00001_56_307_fpocket_8	1521
O00180_PF07885_95_157_fpocket_1	33
O00189_PF00928_175_453_fpocket_10	97
O00193_PF15477_27_103_fpocket_1	13
O00203_PF14796_814_958_fpocket_1	743
O00203_PF24080_980_1090_fpocket_2	110
O00203_PF24080_980_1090_fpocket_4	624
O00204_PF00685_60_304_fpocket_11	739
O00214_PF00337_186_314_fpocket_6	1021
O00217_PF12838_110_164_fpocket_1	24
O00219_PF13641_190_358_fpocket_1	282
O00219_PF13641_190_358_fpocket_6	729
O00222_PF01094_75_477_fpocket_1	883
O00222_PF01094_75_477_fpocket_20	1497
O00231_PF01399_306_387_fpocket_1	325
O00231_PF18503_393_419_fpocket_1	1122
O00233_PF17820_139_194_fpocket_4	632
O00233_PF18265_23_102_fpocket_2	456
O00233_PF18265_23_102_fpocket_4	32
O00238_PF01064_30_105_fpocket_5	1593
O00253_PF05039_86_122_fpocket_2	1157
O00255_PF05053_3_499_fpocket_2	1332
O00255_PF05053_548_608_fpocket_2	535
O00258_PF04420_29_163_fpocket_1	1264
O00267_PF00467_475_499_fpocket_1	258
O00267_PF03439_178_264_fpocket_1	695
O00267_PF03439_178_264_fpocket_2	1415
O00267_PF23287_1033_1084_fpocket_1	1858
O00267_PF23287_1033_1084_fpocket_2	1163
O00268_PF05236_834_1082_fpocket_21	396
O00273_PF02017_19_94_fpocket_2	1342
O00287_PF15289_140_267_fpocket_3	29
O00291_PF01608_862_1010_fpocket_3	588
O00294_PF01167_296_536_fpocket_10	1747
O00299_PF13409_24_86_fpocket_1	724
O00299_PF13410_126_210_fpocket_7	253
O00300_PF00020_107_142_fpocket_1	191
O00300_PF23630_198_269_fpocket_2	1121
O00300_PF23630_273_344_fpocket_1	1424
O00300_PF23630_273_344_fpocket_2	265
O00303_PF13012_243_354_fpocket_2	1084
O00303_PF13012_243_354_fpocket_5	852
O00305_PF00625_218_398_fpocket_1	1725
O00305_PF00625_218_398_fpocket_5	697
O00305_PF12052_50_91_fpocket_2	1293
O00322_PF00335_19_255_fpocket_23	856
O00327_PF00989_149_252_fpocket_3	1324
O00327_PF14598_339_441_fpocket_1	1038
O00329_PF00792_339_449_fpocket_2	24
O00329_PF00792_339_449_fpocket_7	808
O00329_PF02192_33_107_fpocket_1	1333
O00330_PF00198_274_500_fpocket_2	748
O00330_PF00364_59_129_fpocket_4	302
O00330_PF02817_183_216_fpocket_1	1273
O00330_PF02817_183_216_fpocket_2	246
O00337_PF01773_183_255_fpocket_1	178
O00337_PF01773_183_255_fpocket_3	604
O00337_PF07670_263_361_fpocket_1	1040
O00337_PF07670_263_361_fpocket_7	1000
O00339_PF00092_57_229_fpocket_5	154
O00339_PF00092_655_828_fpocket_3	1373
O00339_PF12662_546_566_fpocket_1	334
O00339_PF14670_406_441_fpocket_1	1338
O00341_PF00375_22_475_fpocket_22	1577
O00341_PF00375_22_475_fpocket_27	858
O00370_PF03372_11_230_fpocket_1	1132
O00391_PF00085_52_126_fpocket_2	411
O00391_PF04777_405_504_fpocket_1	1610
O00391_PF04777_405_504_fpocket_5	1841
O00391_PF18108_162_269_fpocket_1	1522
O00391_PF18371_295_396_fpocket_3	1608
O00391_PF18371_295_396_fpocket_6	1324
O00400_PF13000_286_545_fpocket_1	147
O00400_PF13000_286_545_fpocket_13	3
O00400_PF13000_75_285_fpocket_3	1128
O00400_PF13000_75_285_fpocket_7	250
O00401_PF00568_32_136_fpocket_3	963
O00401_PF00786_202_260_fpocket_5	667
O00408_PF01590_248_369_fpocket_2	1503
O00408_PF01590_410_548_fpocket_1	1047
O00409_PF00250_114_198_fpocket_1	686
O00411_PF00940_831_1205_fpocket_23	1569
O00411_PF14700_428_704_fpocket_12	699
O00418_PF02816_139_318_fpocket_14	1565
O00418_PF02816_139_318_fpocket_19	211
O00422_PF06487_20_137_fpocket_1	1179
O00422_PF06487_20_137_fpocket_3	415
O00425_PF00013_491_555_fpocket_3	918
O00425_PF00013_491_555_fpocket_4	521
O00429_PF02212_639_730_fpocket_2	687
O00429_PF02212_639_730_fpocket_4	782
O00442_PF01137_13_337_fpocket_4	778
O00443_PF00454_1133_1346_fpocket_6	1682
O00443_PF00787_1455_1533_fpocket_8	905
O00444_PF18190_592_697_fpocket_1	1440
O00444_PF18190_592_697_fpocket_2	182
O00444_PF18409_699_807_fpocket_2	977
O00445_PF00168_254_358_fpocket_3	439
O00451_PF02351_251_347_fpocket_5	345
O00451_PF02351_40_113_fpocket_1	2
O00453_PF05083_16_96_fpocket_4	32
O00458_PF04836_392_445_fpocket_3	1712
O00459_PF16454_428_596_fpocket_3	1156
O00459_PF16454_428_596_fpocket_7	692
O00462_PF02836_343_507_fpocket_2	24
O00462_PF02836_343_507_fpocket_9	660
O00462_PF17753_800_878_fpocket_1	85
O00462_PF17753_800_878_fpocket_4	367
O00462_PF17786_701_795_fpocket_2	348
O00462_PF22666_29_203_fpocket_2	226
O00463_PF02176_128_183_fpocket_3	548
O00463_PF02176_183_241_fpocket_1	242
O00463_PF21355_426_546_fpocket_5	824
O00468_PF00054_1400_1530_fpocket_1	165
O00469_PF03171_651_737_fpocket_1	193
O00469_PF03171_651_737_fpocket_2	216
O00470_PF05920_290_329_fpocket_1	444
O00470_PF16493_71_184_fpocket_2	125
O00472_PF07303_532_633_fpocket_9	1056
O00481_PF13765_342_390_fpocket_2	169
O00483_PF06522_10_62_fpocket_1	1087
O00487_PF23594_228_307_fpocket_1	980
O00487_PF23594_228_307_fpocket_2	1634
O00499_PF03114_19_264_fpocket_1	1655
O00499_PF03114_19_264_fpocket_18	1787
O00506_PF20929_357_411_fpocket_2	1175
O00506_PF20929_357_411_fpocket_4	548
O00519_PF01425_96_562_fpocket_7	1509
O00522_PF16705_22_198_fpocket_2	1504
O00522_PF16705_22_198_fpocket_8	1237
O00534_PF08487_17_129_fpocket_3	767
O00534_PF13768_296_443_fpocket_9	1184
O00541_PF06732_7_275_fpocket_11	254
O00541_PF16589_325_413_fpocket_1	233
O00555_PF08763_1893_1970_fpocket_9	266
O00555_PF16905_1830_1883_fpocket_1	833
O00560_PF00595_115_191_fpocket_3	17
O00562_PF02862_686_785_fpocket_2	254
O00562_PF02862_686_785_fpocket_5	1632
O00562_PF24694_1023_1146_fpocket_2	1354
O00562_PF24694_1023_1146_fpocket_3	1216
O00562_PF24695_918_1015_fpocket_1	632
O00562_PF24695_918_1015_fpocket_2	1578
O00567_PF01798_174_406_fpocket_2	1021
O00567_PF01798_174_406_fpocket_3	1060
O00567_PF08156_5_70_fpocket_1	99
O00570_PF00505_51_119_fpocket_1	1628
O00584_PF00445_34_213_fpocket_1	119
O00587_PF02434_50_300_fpocket_12	41
O00591_PF02931_42_241_fpocket_10	1173
O00591_PF02932_249_338_fpocket_5	170
O00592_PF06365_356_558_fpocket_5	1337
O00602_PF00147_115_325_fpocket_2	229
O00622_PF00093_100_163_fpocket_1	571
O00623_PF04757_27_267_fpocket_11	248
O00623_PF04757_27_267_fpocket_7	212
O00625_PF02678_22_118_fpocket_2	1610
O00625_PF02678_22_118_fpocket_8	997
O00625_PF05726_171_277_fpocket_1	13
O00625_PF05726_171_277_fpocket_2	1373
O00631_PF05366_1_31_fpocket_2	1296
O00631_PF05366_1_31_fpocket_4	197
O00634_PF00053_255_298_fpocket_3	136
O00634_PF24973_311_362_fpocket_2	1110
O00635_PF13765_294_342_fpocket_2	982
O00635_PF15227_16_62_fpocket_3	369
O00712_PF00859_209_415_fpocket_2	1443
O00712_PF03165_70_171_fpocket_2	1517
O00716_PF02319_180_243_fpocket_3	546
O00716_PF16421_259_352_fpocket_1	1338
O00743_PF00149_47_239_fpocket_13	497
O00743_PF00149_47_239_fpocket_7	24
O00744_PF00110_51_389_fpocket_15	78
O00746_PF00334_38_171_fpocket_4	654
O00746_PF00334_38_171_fpocket_8	513
O00750_PF00792_649_787_fpocket_10	1184
O00750_PF00794_365_465_fpocket_5	1493
O00754_PF01074_64_381_fpocket_20	1467
O00754_PF07748_607_823_fpocket_4	1744
O00754_PF09261_386_483_fpocket_2	134
O00754_PF17677_900_1000_fpocket_1	192
O00755_PF00110_41_349_fpocket_6	142
O00757_PF00316_13_198_fpocket_13	215
O00757_PF00316_13_198_fpocket_2	453
O00757_PF18913_203_332_fpocket_3	1784
O00757_PF18913_203_332_fpocket_7	168
O00762_PF00179_34_168_fpocket_9	477
O00763_PF00364_896_961_fpocket_2	1348
O00763_PF01039_1780_2333_fpocket_2	378
O00763_PF01039_1780_2333_fpocket_28	915
O00763_PF21385_770_889_fpocket_1	603
O00763_PF21385_770_889_fpocket_3	147
O00764_PF08543_94_274_fpocket_1	1604
O14492_PF00169_214_304_fpocket_5	478
O14492_PF08916_22_78_fpocket_1	839
O14492_PF08916_22_78_fpocket_3	1693
O14493_PF00822_4_180_fpocket_1	260
O14494_PF01569_104_248_fpocket_9	1060
O14495_PF01569_131_274_fpocket_1	1124
O14497_PF01388_1020_1104_fpocket_3	1475
O14503_PF00010_55_107_fpocket_1	191
O14503_PF07527_141_179_fpocket_4	1062
O14508_PF07525_161_191_fpocket_1	411
O14514_PF00002_947_1180_fpocket_14	1384
O14514_PF00002_947_1180_fpocket_7	802
O14514_PF02793_579_636_fpocket_3	603
O14514_PF16489_639_752_fpocket_3	76
O14514_PF16489_639_752_fpocket_5	266
O14519_PF09806_42_114_fpocket_1	387
O14519_PF09806_42_114_fpocket_2	279
O14520_PF00230_30_272_fpocket_16	887
O14521_PF05328_56_158_fpocket_4	632
O14521_PF05328_56_158_fpocket_5	445
O14522_PF00041_501_577_fpocket_1	187
O14522_PF23144_586_727_fpocket_8	1743
O14523_PF18696_102_253_fpocket_14	446
O14524_PF10225_155_398_fpocket_18	767
O14526_PF22699_14_259_fpocket_12	665
O14526_PF22699_14_259_fpocket_9	1155
O14529_PF02376_1044_1118_fpocket_2	757
O14529_PF02376_1044_1118_fpocket_3	269
O14529_PF25398_3_111_fpocket_4	97
O14531_PF01979_64_452_fpocket_3	1441
O14544_PF07525_496_531_fpocket_3	1216
O14556_PF00044_77_174_fpocket_3	432
O14556_PF02800_229_386_fpocket_8	33
O14562_PF25343_192_303_fpocket_1	575
O14562_PF25343_192_303_fpocket_3	2
O14581_PF13853_32_304_fpocket_2	85
O14594_PF00193_261_356_fpocket_1	795
O14595_PF03031_103_261_fpocket_1	947
O14602_PF01176_32_93_fpocket_1	604
O14604_PF01290_3_41_fpocket_2	980
O14607_PF21322_1195_1249_fpocket_1	1274
O14607_PF21326_1267_1327_fpocket_3	1173
O14610_PF00631_7_68_fpocket_1	995
O14613_PF14957_165_201_fpocket_1	230
O14617_PF26171_1045_1150_fpocket_1	685
O14617_PF26171_1045_1150_fpocket_6	144
O14618_PF00403_16_71_fpocket_1	322
O14618_PF00403_16_71_fpocket_2	1414
O14638_PF01663_161_486_fpocket_2	359
O14639_PF00412_226_279_fpocket_4	563
O14639_PF00412_285_327_fpocket_1	88
O14640_PF00610_428_497_fpocket_5	147
O14641_PF00778_13_89_fpocket_1	1555
O14645_PF10211_66_251_fpocket_13	50
O14646_PF00385_390_443_fpocket_3	1212
O14646_PF13907_1411_1499_fpocket_2	421
O14646_PF13907_1411_1499_fpocket_7	1589
O14646_PF23588_1233_1314_fpocket_2	1102
O14646_PF23588_1233_1314_fpocket_3	577
O14647_PF00271_792_905_fpocket_1	1279
O14647_PF18375_1130_1218_fpocket_6	1364
O14649_PF07885_77_132_fpocket_3	148
O14653_PF12352_124_185_fpocket_1	105
O14654_PF02174_238_331_fpocket_3	1566
O14657_PF21376_279_335_fpocket_2	1398
O14657_PF21376_279_335_fpocket_3	1216
O14672_PF00200_466_545_fpocket_4	404
O14678_PF06472_27_294_fpocket_1	343
O14678_PF06472_27_294_fpocket_2	405
O14681_PF07264_65_254_fpocket_5	992
O14682_PF00651_36_143_fpocket_7	1460
O14683_PF14936_10_188_fpocket_15	951
O14686_PF00628_276_320_fpocket_1	685
O14686_PF00856_5408_5513_fpocket_2	244
O14686_PF05964_5177_5234_fpocket_2	812
O14686_PF05965_5238_5322_fpocket_2	974
O14686_PF05965_5238_5322_fpocket_3	394
O14686_PF13832_5031_5129_fpocket_3	379
O14713_PF10480_1_200_fpocket_1	804
O14715_PF00638_1345_1465_fpocket_9	1133
O14727_PF00931_130_304_fpocket_4	312
O14727_PF17908_453_587_fpocket_10	1327
O14727_PF17908_453_587_fpocket_4	50
O14727_PF21296_378_445_fpocket_1	1627
O14727_PF21296_378_445_fpocket_4	480
O14730_PF01163_265_460_fpocket_25	138
O14734_PF13622_47_129_fpocket_1	297
O14734_PF13622_47_129_fpocket_2	160
O14734_PF20789_191_308_fpocket_3	1050
O14734_PF20789_191_308_fpocket_7	669
O14735_PF01066_9_98_fpocket_1	3
O14735_PF01066_9_98_fpocket_2	1006
O14744_PF05185_297_464_fpocket_1	828
O14744_PF05185_297_464_fpocket_14	681
O14744_PF17285_37_290_fpocket_1	1340
O14744_PF17286_467_635_fpocket_3	1140
O14744_PF17286_467_635_fpocket_6	662
O14745_PF17820_39_91_fpocket_1	1417
O14746_PF12009_460_592_fpocket_4	1192
O14746_PF12009_460_592_fpocket_5	369
O14746_PF21399_968_1097_fpocket_1	959
O14746_PF21399_968_1097_fpocket_6	1279
O14757_PF00069_11_264_fpocket_3	532
O14763_PF00020_139_178_fpocket_1	565
O14772_PF07959_114_545_fpocket_11	1671
O14773_PF00082_317_490_fpocket_1	319
O14773_PF00082_317_490_fpocket_9	309
O14773_PF09286_33_176_fpocket_1	121
O14773_PF09286_33_176_fpocket_4	367
O14776_PF01846_1015_1071_fpocket_1	1060
O14776_PF01846_662_709_fpocket_1	284
O14776_PF01846_898_949_fpocket_2	1417
O14776_PF23517_521_574_fpocket_2	443
O14777_PF03801_52_197_fpocket_1	1412
O14777_PF03801_52_197_fpocket_4	1088
O14777_PF18077_213_285_fpocket_1	832
O14777_PF18077_213_285_fpocket_2	437
O14782_PF00225_16_257_fpocket_6	713
O14782_PF00225_282_365_fpocket_1	754
O14786_PF00629_650_805_fpocket_1	497
O14786_PF00754_290_421_fpocket_2	508
O14786_PF00754_446_580_fpocket_1	435
O14786_PF00754_446_580_fpocket_4	1146
O14793_PF00019_280_374_fpocket_1	206
O14795_PF00168_601_709_fpocket_11	1620
O14802_PF00623_358_524_fpocket_2	364
O14802_PF00623_358_524_fpocket_5	433
O14802_PF04983_528_703_fpocket_1	724
O14802_PF04983_528_703_fpocket_2	1760
O14810_PF05835_1_132_fpocket_6	1633
O14818_PF00227_26_211_fpocket_13	541
O14818_PF10584_3_25_fpocket_1	415
O14829_PF00149_167_407_fpocket_20	90
O14830_PF00149_174_316_fpocket_1	1061
O14836_PF09305_69_107_fpocket_3	576
O14836_PF09305_69_107_fpocket_4	1235
O14841_PF01968_231_530_fpocket_17	613
O14841_PF01968_231_530_fpocket_2	1841
O14841_PF02538_734_1256_fpocket_9	1477
O14841_PF05378_10_211_fpocket_16	438
O14841_PF19278_546_710_fpocket_11	1138
O14841_PF19278_546_710_fpocket_3	30
O14862_PF02758_8_78_fpocket_2	1422
O14862_PF02760_150_317_fpocket_3	996
O14863_PF16916_336_411_fpocket_1	348
O14863_PF16916_336_411_fpocket_2	1377
O14874_PF10436_70_222_fpocket_3	1825
O14880_PF01124_11_129_fpocket_2	617
O14893_PF04938_39_273_fpocket_2	1089
O14893_PF04938_39_273_fpocket_3	929
O14904_PF00110_63_364_fpocket_2	488
O14905_PF00110_59_356_fpocket_3	617
O14908_PF25082_239_328_fpocket_1	447
O14910_PF02828_29_82_fpocket_1	651
O14920_PF18397_389_663_fpocket_7	619
O14924_PF02196_963_1030_fpocket_1	500
O14926_PF06268_142_254_fpocket_2	573
O14926_PF06268_21_133_fpocket_4	80
O14926_PF06268_390_492_fpocket_2	920
O14929_PF10394_25_187_fpocket_2	538
O14929_PF10394_25_187_fpocket_9	1153
O14929_PF21183_286_337_fpocket_1	768
O14929_PF21183_286_337_fpocket_3	104
O14933_PF00179_6_143_fpocket_2	288
O14939_PF00614_438_464_fpocket_1	986
O14939_PF00614_438_464_fpocket_2	682
O14939_PF13091_628_796_fpocket_12	518
O14948_PF00010_140_193_fpocket_3	662
O14949_PF02939_4_79_fpocket_1	168
O14949_PF02939_4_79_fpocket_2	563
O14950_PF08976_102_160_fpocket_1	33
O14950_PF08976_102_160_fpocket_2	479
O14950_PF13499_33_76_fpocket_1	925
O14957_PF08997_1_55_fpocket_4	676
O14957_PF08997_1_55_fpocket_5	70
O14958_PF01216_2_381_fpocket_2	325
O14960_PF01551_52_140_fpocket_3	1196
O14960_PF01551_52_140_fpocket_4	1487
O14964_PF01363_162_220_fpocket_2	878
O14964_PF12210_407_501_fpocket_1	336
O14964_PF12210_407_501_fpocket_3	74
O14966_PF00071_9_174_fpocket_2	818
O14967_PF00262_62_429_fpocket_7	97
O14972_PF03643_10_282_fpocket_19	1193
O14976_PF10409_570_708_fpocket_11	1711
O14977_PF00278_275_385_fpocket_6	1188
O14977_PF02784_45_278_fpocket_4	1553
O14981_PF12054_586_1051_fpocket_44	729
O14983_PF00689_784_987_fpocket_11	434
O14983_PF00689_784_987_fpocket_7	23
O14983_PF00690_5_72_fpocket_3	1729
O14986_PF01504_110_393_fpocket_1	65
O14994_PF02078_89_191_fpocket_1	1376
O14994_PF02750_193_395_fpocket_9	66
O15013_PF00621_429_606_fpocket_2	1175
O15016_PF00643_168_203_fpocket_1	13
O15016_PF00643_168_203_fpocket_2	1163
O15016_PF25287_105_139_fpocket_2	710
O15016_PF25287_105_139_fpocket_3	1341
O15018_PF00595_590_662_fpocket_1	1577
O15020_PF00435_1696_1797_fpocket_1	1134
O15020_PF15410_2222_2327_fpocket_3	1475
O15031_PF01833_803_892_fpocket_2	1669
O15031_PF17960_525_613_fpocket_2	558
O15033_PF00630_55_154_fpocket_2	188
O15033_PF25916_344_436_fpocket_4	471
O15033_PF25916_344_436_fpocket_8	1382
O15034_PF07653_853_914_fpocket_1	1046
O15034_PF25523_485_586_fpocket_2	418
O15037_PF23052_76_196_fpocket_3	517
O15037_PF23054_630_675_fpocket_1	549
O15042_PF08312_838_884_fpocket_3	560
O15047_PF11764_1426_1562_fpocket_11	1045
O15047_PF11764_1426_1562_fpocket_9	588
O15054_PF21322_1492_1547_fpocket_1	703
O15054_PF21326_1564_1623_fpocket_2	879
O15055_PF23170_104_162_fpocket_2	298
O15056_PF22669_536_860_fpocket_11	617
O15063_PF15923_60_187_fpocket_11	1546
O15066_PF00225_15_340_fpocket_1	1213
O15067_PF02769_861_985_fpocket_7	251
O15067_PF18072_184_232_fpocket_1	1332
O15067_PF18072_184_232_fpocket_2	653
O15067_PF18076_83_155_fpocket_1	1588
O15067_PF18076_83_155_fpocket_2	952
O15067_PF22689_676_829_fpocket_10	1698
O15067_PF22689_676_829_fpocket_2	440
O15068_PF00621_635_809_fpocket_8	623
O15068_PF13716_91_224_fpocket_5	246
O15068_PF23289_481_558_fpocket_1	441
O15068_PF23289_481_558_fpocket_2	472
O15069_PF19026_1527_1561_fpocket_1	1225
O15069_PF19026_1527_1561_fpocket_2	356
O15072_PF01421_264_460_fpocket_12	123
O15072_PF01421_264_460_fpocket_2	1035
O15075_PF03607_204_263_fpocket_1	833
O15085_PF09128_308_486_fpocket_2	834
O15090_PF13909_158_181_fpocket_1	758
O15091_PF16953_342_578_fpocket_6	514
O15111_PF18397_386_659_fpocket_14	273
O15111_PF18397_386_659_fpocket_9	887
O15116_PF01423_10_75_fpocket_3	186
O15117_PF14603_695_783_fpocket_1	1862
O15117_PF14603_695_783_fpocket_2	197
O15118_PF12349_650_802_fpocket_9	625
O15118_PF16414_23_266_fpocket_1	650
O15118_PF16414_23_266_fpocket_4	1597
O15118_PF22314_392_607_fpocket_3	1612
O15118_PF22314_392_607_fpocket_7	1560
O15121_PF00487_68_291_fpocket_6	36
O15123_PF25443_159_262_fpocket_6	1176
O15126_PF04144_117_292_fpocket_3	314
O15127_PF04144_117_293_fpocket_1	222
O15127_PF04144_117_293_fpocket_4	646
O15144_PF04045_57_283_fpocket_2	23
O15145_PF04062_1_173_fpocket_1	225
O15145_PF04062_1_173_fpocket_11	556
O15151_PF00641_300_329_fpocket_1	1349
O15151_PF13920_436_482_fpocket_1	1140
O15160_PF01000_103_224_fpocket_1	775
O15160_PF01193_62_333_fpocket_1	331
O15160_PF01193_62_333_fpocket_10	279
O15169_PF00615_88_210_fpocket_11	220
O15169_PF00778_783_858_fpocket_6	1837
O15169_PF00778_783_858_fpocket_9	362
O15182_PF13499_101_164_fpocket_4	494
O15194_PF03031_107_266_fpocket_3	226
O15195_PF00626_269_340_fpocket_1	151
O15195_PF00626_523_588_fpocket_1	1603
O15195_PF02209_821_856_fpocket_2	1658
O15198_PF03166_271_443_fpocket_7	526
O15204_PF01562_43_130_fpocket_1	1061
O15205_PF00240_99_159_fpocket_5	194
O15209_PF00651_47_149_fpocket_1	1038
O15211_PF00618_92_186_fpocket_3	98
O15211_PF00618_92_186_fpocket_6	1081
O15211_PF00788_648_734_fpocket_5	983
O15218_PF00001_70_320_fpocket_4	611
O15226_PF26535_166_298_fpocket_1	1193
O15228_PF19277_293_643_fpocket_21	1033
O15228_PF19277_293_643_fpocket_27	467
O15229_PF01494_10_324_fpocket_21	41
O15230_PF00053_727_773_fpocket_1	1262
O15230_PF00055_46_298_fpocket_4	637
O15235_PF00164_49_132_fpocket_2	1624
O15235_PF00164_49_132_fpocket_4	426
O15239_PF15879_2_56_fpocket_1	687
O15239_PF15879_2_56_fpocket_2	246
O15245_PF00083_148_523_fpocket_11	214
O15254_PF02770_155_264_fpocket_2	432
O15258_PF03248_22_185_fpocket_4	1605
O15258_PF03248_22_185_fpocket_5	1812
O15260_PF02077_4_269_fpocket_19	1065
O15260_PF02077_4_269_fpocket_6	1162
O15266_PF00046_118_174_fpocket_3	1444
O15269_PF00155_99_464_fpocket_2	1394
O15270_PF00155_169_528_fpocket_16	1597
O15273_PF09470_4_167_fpocket_1	132
O15273_PF09470_4_167_fpocket_18	40
O15294_PF13844_476_1016_fpocket_28	698
O15315_PF26169_6_60_fpocket_1	284
O15315_PF26169_6_60_fpocket_2	616
O15318_PF11705_24_209_fpocket_1	168
O15342_PF05493_10_70_fpocket_2	1389
O15344_PF18568_323_374_fpocket_2	856
O15344_PF18568_323_374_fpocket_3	213
O15347_PF09011_6_78_fpocket_7	170
O15353_PF00250_271_356_fpocket_5	220
O15355_PF00481_287_489_fpocket_15	1652
O15357_PF00536_1202_1255_fpocket_2	673
O15357_PF24147_762_869_fpocket_7	1586
O15360_PF24781_544_625_fpocket_1	691
O15371_PF05091_4_521_fpocket_5	1079
O15372_PF01398_35_146_fpocket_7	1609
O15381_PF00004_618_747_fpocket_7	19
O15382_PF01063_100_350_fpocket_12	293
O15382_PF01063_100_350_fpocket_3	1425
O15392_PF00653_18_87_fpocket_3	1171
O15393_PF15494_153_247_fpocket_2	877
O15394_PF07679_22_110_fpocket_3	226
O15399_PF00060_584_856_fpocket_12	1609
O15400_PF14523_14_150_fpocket_6	322
O15405_PF00505_255_323_fpocket_1	297
O15409_PF00250_504_582_fpocket_2	1120
O15417_PF21744_2218_2284_fpocket_1	682
O15417_PF24912_2156_2213_fpocket_1	335
O15417_PF24912_2156_2213_fpocket_2	285
O15427_PF07690_29_371_fpocket_22	1160
O15438_PF24357_25_157_fpocket_4	125
O15440_PF00664_179_446_fpocket_2	1255
O15440_PF00664_860_1141_fpocket_7	1398
O15440_PF00664_860_1141_fpocket_8	331
O15444_PF00048_28_90_fpocket_1	43
O15444_PF00048_28_90_fpocket_2	1571
O15446_PF08208_38_254_fpocket_1	301
O15455_PF01582_759_859_fpocket_11	436
O15455_PF17968_698_730_fpocket_1	682
O15457_PF00488_676_868_fpocket_3	82
O15457_PF05188_156_292_fpocket_10	902
O15479_PF01454_203_285_fpocket_4	606
O15480_PF01454_119_285_fpocket_11	87
O15484_PF01067_360_488_fpocket_2	665
O15488_PF01501_40_255_fpocket_9	581
O15492_PF00615_65_179_fpocket_6	641
O15496_PF00068_46_149_fpocket_1	467
O15498_PF00957_139_190_fpocket_1	432
O15498_PF13774_45_111_fpocket_1	563
O15503_PF07281_87_267_fpocket_13	1150
O15511_PF04699_10_151_fpocket_1	1638
O15514_PF03874_32_136_fpocket_3	990
O15516_PF14598_274_377_fpocket_2	1121
O15519_PF00656_262_475_fpocket_19	561
O15519_PF01335_4_76_fpocket_5	855
O15523_PF00271_425_534_fpocket_1	1242
O15523_PF00271_425_534_fpocket_4	136
O15527_PF00730_143_285_fpocket_4	147
O15527_PF07934_26_141_fpocket_1	1191
O15527_PF07934_26_141_fpocket_10	1178
O15534_PF21353_218_342_fpocket_4	1084
O15537_PF00754_80_216_fpocket_2	1260
O15540_PF00061_8_131_fpocket_1	1079
O15540_PF00061_8_131_fpocket_2	772
O15547_PF00864_23_376_fpocket_19	1516
O15547_PF00864_23_376_fpocket_26	1096
O15550_PF21322_1248_1303_fpocket_5	1277
O15550_PF21326_1320_1380_fpocket_1	977
O15553_PF13765_600_648_fpocket_2	10
O15554_PF02888_304_375_fpocket_3	892
O15554_PF03530_12_123_fpocket_1	578
O43143_PF21010_568_627_fpocket_2	374
O43147_PF12068_257_392_fpocket_4	1713
O43148_PF03291_137_475_fpocket_1	1684
O43148_PF03291_137_475_fpocket_2	747
O43149_PF00569_1781_1812_fpocket_1	297
O43149_PF03256_258_380_fpocket_1	145
O43150_PF16746_33_266_fpocket_25	80
O43157_PF01833_1162_1248_fpocket_8	467
O43157_PF08337_1562_2102_fpocket_12	737
O43157_PF20170_1734_1849_fpocket_7	962
O43166_PF02145_628_810_fpocket_1	101
O43166_PF02145_628_810_fpocket_12	1084
O43169_PF00173_29_99_fpocket_3	359
O43172_PF08799_108_135_fpocket_1	1430
O43172_PF08799_108_135_fpocket_2	183
O43175_PF19304_330_409_fpocket_2	141
O43181_PF04800_76_169_fpocket_2	1745
O43181_PF04800_76_169_fpocket_6	988
O43182_PF00620_411_566_fpocket_13	70
O43184_PF00200_433_505_fpocket_2	671
O43184_PF01421_214_416_fpocket_3	1424
O43189_PF14061_531_564_fpocket_2	220
O43196_PF00488_589_776_fpocket_5	396
O43196_PF05190_399_495_fpocket_5	1218
O43196_PF05192_226_536_fpocket_10	283
O43196_PF05192_226_536_fpocket_28	649
O43236_PF00735_141_417_fpocket_2	312
O43242_PF08375_465_531_fpocket_1	1450
O43246_PF13520_37_420_fpocket_7	1044
O43246_PF13906_540_590_fpocket_1	922
O43252_PF01583_51_203_fpocket_2	369
O43252_PF01583_51_203_fpocket_9	392
O43255_PF03145_222_318_fpocket_1	2
O43255_PF03145_222_318_fpocket_2	571
O43255_PF21361_129_205_fpocket_5	770
O43255_PF21362_80_114_fpocket_1	631
O43255_PF21362_80_114_fpocket_2	889
O43278_PF00014_250_301_fpocket_2	207
O43278_PF07502_49_138_fpocket_6	662
O43278_PF22352_167_240_fpocket_3	1409
O43281_PF12026_372_556_fpocket_4	779
O43281_PF12026_372_556_fpocket_6	363
O43286_PF02709_253_330_fpocket_3	1506
O43290_PF03343_165_753_fpocket_15	1452
O43292_PF04114_125_615_fpocket_20	1716
O43295_PF00620_520_667_fpocket_4	1084
O43304_PF03765_248_286_fpocket_1	334
O43304_PF04707_17_171_fpocket_1	1510
O43306_PF00211_370_532_fpocket_4	655
O43306_PF00211_971_1164_fpocket_2	325
O43306_PF00211_971_1164_fpocket_5	140
O43306_PF16214_16_368_fpocket_1	1180
O43306_PF16214_16_368_fpocket_3	1384
O43312_PF08397_16_237_fpocket_15	536
O43312_PF08397_16_237_fpocket_7	363
O43313_PF24761_190_220_fpocket_1	1327
O43314_PF00328_379_894_fpocket_46	767
O43316_PF00292_7_129_fpocket_1	979
O43318_PF07714_36_283_fpocket_1	1718
O43320_PF00167_61_187_fpocket_4	937
O43323_PF01085_23_185_fpocket_3	660
O43324_PF21972_67_151_fpocket_1	1217
O43324_PF21972_67_151_fpocket_3	1610
O43353_PF00619_437_519_fpocket_3	1677
O43374_PF00616_323_512_fpocket_4	423
O43374_PF00616_323_512_fpocket_7	246
O43390_PF18360_37_106_fpocket_3	1655
O43395_PF01480_9_77_fpocket_4	505
O43395_PF06544_544_673_fpocket_11	892
O43395_PF06544_544_673_fpocket_2	976
O43396_PF00085_12_104_fpocket_3	873
O43396_PF06201_118_279_fpocket_1	1254
O43402_PF03665_4_202_fpocket_11	1248
O43405_PF00092_165_312_fpocket_3	271
O43405_PF03815_32_121_fpocket_1	344
O43422_PF05485_5_86_fpocket_9	220
O43422_PF05699_636_728_fpocket_4	237
O43422_PF14291_176_335_fpocket_12	868
O43424_PF01094_42_404_fpocket_2	1453
O43424_PF10613_442_551_fpocket_5	1568
O43426_PF02383_60_340_fpocket_1	610
O43426_PF02383_60_340_fpocket_8	1195
O43426_PF08952_867_1006_fpocket_4	415
O43426_PF08952_867_1006_fpocket_5	1756
O43427_PF05427_4_363_fpocket_1	1691
O43439_PF07531_116_204_fpocket_3	348
O43439_PF07531_116_204_fpocket_4	287
O43439_PF08788_332_397_fpocket_1	479
O43448_PF00248_93_395_fpocket_10	848
O43451_PF01055_370_726_fpocket_16	1539
O43451_PF21365_734_820_fpocket_3	911
O43451_PF21365_734_820_fpocket_5	774
O43462_PF02163_159_499_fpocket_18	1099
O43463_PF00385_43_91_fpocket_2	535
O43464_PF13365_182_320_fpocket_12	1193
O43464_PF17820_395_443_fpocket_3	1067
O43482_PF03226_76_183_fpocket_3	879
O43488_PF00248_41_346_fpocket_22	226
O43490_PF05478_19_820_fpocket_30	437
O43491_PF09379_222_284_fpocket_1	833
O43502_PF08423_100_348_fpocket_1	312
O43502_PF08423_100_348_fpocket_2	573
O43506_PF00200_416_488_fpocket_2	963
O43506_PF08516_493_605_fpocket_1	1445
O43506_PF08516_493_605_fpocket_6	1400
O43511_PF00916_84_485_fpocket_16	360
O43513_PF05983_7_164_fpocket_2	479
O43520_PF00122_174_237_fpocket_1	1806
O43524_PF00250_159_240_fpocket_6	261
O43542_PF26169_4_56_fpocket_1	1097
O43548_PF00868_10_121_fpocket_4	244
O43556_PF05510_49_151_fpocket_1	573
O43556_PF20989_157_277_fpocket_3	319
O43557_PF00229_112_240_fpocket_1	354
O43559_PF02174_26_108_fpocket_8	1392
O43561_PF15234_1_258_fpocket_1	196
O43566_PF02196_303_370_fpocket_3	1252
O43572_PF00615_292_367_fpocket_1	66
O43583_PF21023_31_67_fpocket_2	276
O43586_PF00611_21_93_fpocket_1	965
O43593_PF02373_1053_1140_fpocket_5	64
O43598_PF05014_23_119_fpocket_6	1638
O43602_PF03607_198_257_fpocket_3	1581
O43602_PF03607_72_132_fpocket_2	270
O43603_PF00001_42_292_fpocket_6	504
O43610_PF05210_152_263_fpocket_1	208
O43610_PF05210_152_263_fpocket_2	58
O43615_PF04280_297_444_fpocket_3	907
O43639_PF00018_8_53_fpocket_2	571
O43657_PF00335_18_235_fpocket_1	1062
O43663_PF03999_16_476_fpocket_2	142
O43674_PF09781_1_189_fpocket_3	1736
O43676_PF08122_42_97_fpocket_1	173
O43677_PF15088_28_76_fpocket_2	305
O43679_PF01803_31_181_fpocket_4	1602
O43687_PF10470_45_101_fpocket_3	861
O43688_PF01569_101_245_fpocket_2	945
O43692_PF00188_71_211_fpocket_11	1248
O43707_PF08726_841_907_fpocket_1	1558
O43708_PF13409_14_81_fpocket_2	1247
O43708_PF14497_129_191_fpocket_2	1234
O43711_PF00046_167_223_fpocket_3	990
O43715_PF05254_2_58_fpocket_1	1356
O43715_PF05254_2_58_fpocket_3	737
O43716_PF02686_54_116_fpocket_1	95
O43716_PF02686_54_116_fpocket_2	142
O43734_PF08357_410_552_fpocket_2	211
O43736_PF04089_136_225_fpocket_3	563
O43741_PF04739_202_271_fpocket_2	1483
O43741_PF04739_202_271_fpocket_4	320
O43741_PF16561_78_160_fpocket_1	910
O43745_PF13202_34_53_fpocket_1	70
O43747_PF02883_706_817_fpocket_4	270
O43752_PF05739_200_251_fpocket_1	363
O43761_PF01284_20_165_fpocket_2	33
O43765_PF16546_3_63_fpocket_5	1493
O43766_PF04055_133_295_fpocket_3	540
O43768_PF04667_32_106_fpocket_2	284
O43776_PF01336_128_207_fpocket_4	67
O43776_PF20917_21_110_fpocket_1	909
O43776_PF20917_21_110_fpocket_3	527
O43791_PF22486_33_161_fpocket_3	1263
O43791_PF22486_33_161_fpocket_5	95
O43791_PF24570_301_351_fpocket_2	109
O43795_PF00063_18_688_fpocket_3	1141
O43809_PF13869_36_222_fpocket_11	889
O43812_PF00046_27_72_fpocket_1	2
O43819_PF02630_102_236_fpocket_1	65
O43820_PF01630_25_353_fpocket_3	519
O43823_PF04988_415_546_fpocket_1	376
O43823_PF04988_415_546_fpocket_7	726
O43824_PF01926_297_390_fpocket_2	350
O43824_PF13167_120_208_fpocket_10	1692
O43824_PF13167_120_208_fpocket_8	101
O43824_PF16360_212_289_fpocket_2	942
O43837_PF00180_51_376_fpocket_1	1433
O43847_PF00675_203_336_fpocket_13	615
O43847_PF00675_203_336_fpocket_9	615
O43847_PF05193_362_547_fpocket_4	1814
O43847_PF05193_839_1020_fpocket_1	1355
O43847_PF16187_553_834_fpocket_24	1112
O43854_PF00754_173_311_fpocket_3	241
O43854_PF00754_334_473_fpocket_3	543
O43861_PF00122_224_358_fpocket_2	314
O43861_PF00122_224_358_fpocket_5	815
O43865_PF00670_289_449_fpocket_9	962
O43865_PF05221_104_239_fpocket_4	94
O43865_PF05221_239_529_fpocket_6	504
O43866_PF00530_27_125_fpocket_1	832
O43868_PF07662_362_583_fpocket_13	1749
O43868_PF07670_259_355_fpocket_2	387
O43868_PF07670_259_355_fpocket_5	1654
O43895_PF00557_365_575_fpocket_2	1175
O43895_PF01321_55_185_fpocket_1	831
O43895_PF16188_585_648_fpocket_2	460
O43895_PF16188_585_648_fpocket_3	644
O43895_PF16189_195_361_fpocket_1	1723
O43897_PF00431_774_883_fpocket_1	327
O43897_PF00431_887_1000_fpocket_3	188
O43900_PF06297_75_174_fpocket_6	1123
O43903_PF02187_202_271_fpocket_6	385
O43909_PF03016_192_500_fpocket_30	573
O43913_PF13191_8_154_fpocket_11	84
O43913_PF13191_8_154_fpocket_6	1059
O43913_PF21639_204_271_fpocket_1	331
O43913_PF21639_204_271_fpocket_9	1589
O43915_PF00341_111_191_fpocket_2	372
O43918_PF03172_4_102_fpocket_2	183
O43918_PF03172_4_102_fpocket_3	297
O43920_PF10200_1_96_fpocket_4	1517
O43920_PF10200_1_96_fpocket_6	977
O43921_PF00812_34_170_fpocket_9	31
O43924_PF05351_10_149_fpocket_5	1755
O43929_PF14629_228_415_fpocket_1	796
O43929_PF14629_228_415_fpocket_7	226
O43933_PF00004_877_1006_fpocket_1	827
O43933_PF09262_104_179_fpocket_1	1505
O43933_PF09262_104_179_fpocket_2	900
O43933_PF09263_17_98_fpocket_3	564
O43934_PF05978_46_430_fpocket_29	218
O60216_PF04824_575_628_fpocket_1	226
O60216_PF04824_575_628_fpocket_2	1146
O60218_PF00248_17_292_fpocket_3	713
O60220_PF02953_22_83_fpocket_1	1708
O60229_PF00435_311_414_fpocket_1	306
O60231_PF00270_406_556_fpocket_4	1372
O60231_PF04408_792_820_fpocket_1	5
O60231_PF07717_939_1015_fpocket_1	1133
O60231_PF07717_939_1015_fpocket_4	82
O60231_PF21010_821_881_fpocket_1	366
O60232_PF06677_37_74_fpocket_1	1432
O60234_PF00241_8_139_fpocket_1	762
O60235_PF01390_49_152_fpocket_3	1608
O60238_PF06553_31_217_fpocket_6	995
O60239_PF05276_39_266_fpocket_12	699
O60239_PF05276_39_266_fpocket_24	1328
O60241_PF16489_598_705_fpocket_5	342
O60242_PF02793_512_570_fpocket_2	1643
O60242_PF16489_573_685_fpocket_3	419
O60244_PF08638_50_237_fpocket_10	74
O60244_PF08638_50_237_fpocket_2	276
O60244_PF25069_1306_1449_fpocket_10	348
O60256_PF13793_28_138_fpocket_2	689
O60256_PF14572_179_363_fpocket_3	1434
O60258_PF00167_53_175_fpocket_3	1046
O60260_PF17976_145_217_fpocket_1	1493
O60260_PF17976_145_217_fpocket_3	865
O60260_PF17978_228_318_fpocket_3	960
O60260_PF22605_411_459_fpocket_1	1386
O60262_PF00631_4_68_fpocket_1	1181
O60262_PF00631_4_68_fpocket_3	309
O60264_PF09111_898_1011_fpocket_2	30
O60266_PF00211_310_472_fpocket_8	815
O60266_PF16214_42_297_fpocket_7	1155
O60281_PF26218_2158_2212_fpocket_2	580
O60281_PF26218_2369_2426_fpocket_1	957
O60281_PF26218_2369_2426_fpocket_2	1408
O60287_PF11707_78_393_fpocket_9	195
O60287_PF16201_1668_1857_fpocket_1	303
O60287_PF16201_1668_1857_fpocket_9	411
O60291_PF26192_88_248_fpocket_3	712
O60292_PF02145_640_822_fpocket_6	1098
O60292_PF21022_501_556_fpocket_3	121
O60292_PF21022_501_556_fpocket_5	669
O60293_PF10650_1185_1204_fpocket_1	867
O60294_PF04072_38_206_fpocket_4	504
O60294_PF04072_38_206_fpocket_9	336
O60303_PF14652_1214_1532_fpocket_18	1066
O60303_PF14652_1214_1532_fpocket_2	934
O60303_PF14652_980_1131_fpocket_3	596
O60306_PF13086_802_1106_fpocket_3	1419
O60306_PF13087_1115_1305_fpocket_8	48
O60306_PF21143_493_659_fpocket_10	474
O60306_PF21144_707_794_fpocket_1	447
O60308_PF21038_33_152_fpocket_4	1318
O60308_PF21039_754_864_fpocket_2	232
O60312_PF16212_1057_1302_fpocket_20	1097
O60313_PF00350_291_469_fpocket_2	19
O60313_PF19434_617_960_fpocket_5	391
O60315_PF05605_211_262_fpocket_3	1577
O60318_PF03399_640_928_fpocket_10	310
O60318_PF16766_1164_1234_fpocket_3	90
O60330_PF16492_688_772_fpocket_3	1436
O60333_PF00498_557_627_fpocket_1	254
O60333_PF12423_845_892_fpocket_4	1294
O60337_PF23113_705_878_fpocket_13	618
O60337_PF23113_705_878_fpocket_4	26
O60341_PF04433_184_264_fpocket_1	136
O60343_PF00566_923_1130_fpocket_6	1395
O60343_PF11830_801_864_fpocket_4	752
O60343_PF11830_801_864_fpocket_6	1736
O60346_PF00481_1177_1415_fpocket_6	1568
O60346_PF23010_470_524_fpocket_2	1248
O60347_PF00566_488_711_fpocket_1	229
O60353_PF01392_24_127_fpocket_1	1725
O60353_PF01534_189_509_fpocket_1	808
O60353_PF01534_189_509_fpocket_15	1359
O60359_PF00822_7_195_fpocket_8	194
O60361_PF00334_2_123_fpocket_11	227
O60397_PF02238_26_73_fpocket_4	940
O60422_PF02376_319_394_fpocket_2	807
O60422_PF02376_319_394_fpocket_3	734
O60423_PF16212_965_1210_fpocket_13	1816
O60423_PF16212_965_1210_fpocket_2	2
O60427_PF00173_21_93_fpocket_1	884
O60437_PF17902_390_453_fpocket_2	1430
O60437_PF23160_34_125_fpocket_4	1698
O60443_PF17708_281_467_fpocket_14	1070
O60447_PF00566_167_368_fpocket_1	1826
O60449_PF00040_169_209_fpocket_1	1809
O60462_PF00754_292_424_fpocket_2	1354
O60469_PF13927_407_488_fpocket_2	747
O60469_PF25059_1487_1575_fpocket_3	212
O60477_PF01823_67_159_fpocket_1	178
O60477_PF01823_67_159_fpocket_3	1471
O60477_PF19052_306_761_fpocket_2	217
O60481_PF18366_244_290_fpocket_2	255
O60481_PF23561_297_326_fpocket_2	267
O60486_PF01833_664_747_fpocket_3	1182
O60486_PF01833_754_840_fpocket_1	663
O60494_PF00431_1278_1385_fpocket_1	1374
O60494_PF00431_3157_3271_fpocket_1	1286
O60494_PF00431_3395_3502_fpocket_2	1532
O60494_PF00431_932_1039_fpocket_3	613
O60499_PF05739_194_245_fpocket_2	1538
O60499_PF09177_5_103_fpocket_2	769
O60499_PF09177_5_103_fpocket_3	205
O60500_PF00041_942_1022_fpocket_4	499
O60500_PF07679_857_935_fpocket_2	40
O60500_PF08205_258_322_fpocket_1	1640
O60500_PF08205_347_426_fpocket_4	1666
O60502_PF07555_62_342_fpocket_1	973
O60502_PF07555_62_342_fpocket_2	956
O60503_PF00211_1050_1241_fpocket_7	234
O60503_PF00211_386_572_fpocket_4	1249
O60504_PF00018_460_507_fpocket_3	1653
O60506_PF18360_34_103_fpocket_1	585
O60506_PF18360_34_103_fpocket_7	248
O60507_PF13469_70_262_fpocket_13	575
O60507_PF13469_70_262_fpocket_7	1829
O60512_PF02709_215_292_fpocket_5	1810
O60512_PF13733_77_210_fpocket_2	1158
O60513_PF02709_213_290_fpocket_2	8
O60513_PF13733_77_209_fpocket_8	151
O60516_PF05456_14_100_fpocket_4	1409
O60522_PF00567_1516_1638_fpocket_2	25
O60522_PF00567_250_380_fpocket_7	238
O60522_PF00567_485_603_fpocket_2	1206
O60522_PF00567_984_1101_fpocket_11	855
O60524_PF05670_529_639_fpocket_10	1494
O60524_PF05833_8_360_fpocket_28	846
O60524_PF05833_8_360_fpocket_6	576
O60524_PF11923_975_1066_fpocket_1	8
O60524_PF11923_975_1066_fpocket_5	259
O60551_PF01233_143_296_fpocket_14	420
O60551_PF02799_310_491_fpocket_11	1185
O60551_PF02799_310_491_fpocket_12	1775
O60563_PF21797_152_244_fpocket_2	1260
O60563_PF21797_152_244_fpocket_3	533
O60568_PF25238_543_641_fpocket_1	1685
O60573_PF01652_55_214_fpocket_9	1141
O60583_PF00134_13_147_fpocket_8	1171
O60602_PF01582_692_846_fpocket_8	1246
O60603_PF01463_561_585_fpocket_1	299
O60603_PF01582_641_768_fpocket_1	127
O60609_PF02351_162_239_fpocket_1	459
O60609_PF02351_162_239_fpocket_8	1458
O60609_PF02351_44_123_fpocket_2	1354
O60609_PF02351_44_123_fpocket_3	805
O60635_PF00335_7_239_fpocket_8	303
O60656_PF00201_26_521_fpocket_3	528
O60658_PF23198_75_216_fpocket_2	597
O60662_PF00651_23_129_fpocket_3	896
O60663_PF00412_115_172_fpocket_1	226
O60664_PF03036_20_424_fpocket_1	405
O60673_PF00136_2550_3000_fpocket_13	1713
O60673_PF00136_2550_3000_fpocket_6	859
O60673_PF03104_2271_2484_fpocket_2	133
O60673_PF14260_3042_3109_fpocket_2	535
O60673_PF14260_3042_3109_fpocket_3	299
O60673_PF24055_56_134_fpocket_1	790
O60673_PF24055_56_134_fpocket_2	1786
O60673_PF24065_1_55_fpocket_1	1394
O60673_PF24065_1_55_fpocket_2	507
O60674_PF17887_302_381_fpocket_1	1052
O60674_PF18377_143_261_fpocket_3	732
O60674_PF21990_399_501_fpocket_3	393
O60674_PF21990_399_501_fpocket_4	839
O60678_PF06325_255_328_fpocket_5	721
O60678_PF21137_78_123_fpocket_1	970
O60678_PF21137_78_123_fpocket_2	194
O60678_PF21336_49_66_fpocket_1	1541
O60678_PF21336_49_66_fpocket_2	797
O60683_PF04757_18_242_fpocket_14	1211
O60683_PF04757_18_242_fpocket_23	615
O60687_PF02494_177_259_fpocket_1	733
O60687_PF02494_177_259_fpocket_2	1218
O60687_PF13778_335_453_fpocket_2	515
O60701_PF00984_214_308_fpocket_6	312
O60701_PF00984_214_308_fpocket_7	294
O60701_PF03720_332_446_fpocket_2	886
O60701_PF03720_332_446_fpocket_5	28
O60701_PF03721_5_190_fpocket_2	584
O60701_PF03721_5_190_fpocket_4	1340
O60704_PF13469_69_262_fpocket_7	359
O60706_PF00664_302_585_fpocket_12	312
O60706_PF00664_994_1255_fpocket_4	463
O60721_PF01699_459_600_fpocket_10	933
O60725_PF04140_164_257_fpocket_1	416
O60725_PF04140_164_257_fpocket_2	960
O60729_PF22785_249_332_fpocket_1	765
O60729_PF22785_249_332_fpocket_6	1526
O60732_PF01454_916_1081_fpocket_8	1641
O60733_PF01734_481_664_fpocket_4	387
O60739_PF01253_28_102_fpocket_3	350
O60739_PF01253_28_102_fpocket_7	832
O60741_PF00520_143_403_fpocket_14	705
O60741_PF08412_98_141_fpocket_2	1146
O60749_PF09325_283_513_fpocket_22	1709
O60749_PF09325_283_513_fpocket_7	682
O60760_PF14497_105_194_fpocket_7	1812
O60774_PF00743_3_538_fpocket_17	116
O60783_PF00253_75_126_fpocket_4	1725
O60806_PF00907_44_217_fpocket_4	505
O60825_PF00300_252_435_fpocket_9	667
O60825_PF01591_27_249_fpocket_14	827
O60826_PF21674_1_109_fpocket_6	42
O60830_PF02466_13_122_fpocket_4	331
O60831_PF03208_5_151_fpocket_4	625
O60831_PF03208_5_151_fpocket_9	308
O60832_PF01509_110_226_fpocket_1	533
O60832_PF08068_49_106_fpocket_3	697
O60832_PF08068_49_106_fpocket_4	414
O60832_PF16198_227_293_fpocket_2	24
O60832_PF16198_227_293_fpocket_4	621
O60840_PF00520_1191_1451_fpocket_1	284
O60840_PF00520_870_1146_fpocket_12	1064
O60840_PF16905_1461_1514_fpocket_2	167
O60841_PF11987_965_1069_fpocket_1	199
O60841_PF11987_965_1069_fpocket_5	1349
O60841_PF14578_1091_1182_fpocket_1	530
O60841_PF14578_1091_1182_fpocket_3	443
O60858_PF13445_10_55_fpocket_2	157
O60861_PF00611_219_291_fpocket_1	1265
O60869_PF01381_81_132_fpocket_1	400
O60869_PF08523_4_73_fpocket_4	232
O60870_PF10357_59_177_fpocket_1	1414
O60870_PF10357_59_177_fpocket_3	1493
O60870_PF18131_276_328_fpocket_1	1164
O60870_PF18131_276_328_fpocket_3	1163
O60879_PF02181_629_1002_fpocket_10	1311
O60879_PF02181_629_1002_fpocket_3	571
O60880_PF00017_7_86_fpocket_3	1282
O60884_PF00226_9_67_fpocket_1	1718
O60885_PF00439_357_444_fpocket_4	1209
O60885_PF17035_609_672_fpocket_1	574
O60885_PF17035_609_672_fpocket_3	1863
O60885_PF17105_1319_1362_fpocket_1	1693
O60888_PF03091_71_166_fpocket_3	291
O60888_PF03091_71_166_fpocket_8	1467
O60890_PF00620_389_536_fpocket_7	824
O60890_PF16746_6_248_fpocket_12	247
O60894_PF04901_38_145_fpocket_2	312
O60896_PF04901_39_145_fpocket_6	7
O60907_PF08513_57_83_fpocket_1	230
O60909_PF13733_97_230_fpocket_3	1836
O60911_PF08246_29_88_fpocket_2	1283
O60921_PF04005_1_279_fpocket_1	1431
O60928_PF01007_21_163_fpocket_4	1485
O60928_PF17655_170_331_fpocket_11	1574
O60930_PF00075_140_281_fpocket_1	479
O60930_PF01693_28_70_fpocket_3	982
O60934_PF00533_116_179_fpocket_1	487
O60941_PF09068_17_140_fpocket_6	332
O60942_PF01331_272_460_fpocket_1	1336
O60942_PF01331_272_460_fpocket_10	1222
O60942_PF03919_465_558_fpocket_7	1005
O71037_PF13804_115_283_fpocket_15	386
O75030_PF15951_56_194_fpocket_2	730
O75037_PF23203_906_1065_fpocket_15	592
O75038_PF00388_328_472_fpocket_1	805
O75038_PF09279_234_319_fpocket_3	1
O75051_PF01833_1156_1224_fpocket_1	297
O75051_PF08337_1311_1863_fpocket_51	1864
O75051_PF17960_565_654_fpocket_2	429
O75052_PF00640_32_174_fpocket_14	682
O75061_PF10409_226_364_fpocket_1	1018
O75061_PF10409_226_364_fpocket_2	7
O75063_PF06702_191_398_fpocket_12	1361
O75063_PF06702_191_398_fpocket_8	1
O75064_PF02141_314_497_fpocket_13	1677
O75064_PF03456_214_278_fpocket_3	1555
O75072_PF04991_290_328_fpocket_1	1803
O75072_PF19737_1_278_fpocket_13	175
O75077_PF01562_135_203_fpocket_2	1631
O75077_PF08516_588_701_fpocket_1	598
O75078_PF00200_453_526_fpocket_1	181
O75078_PF00200_453_526_fpocket_2	1730
O75078_PF23106_686_711_fpocket_1	565
O75081_PF01753_556_592_fpocket_1	1484
O75081_PF07531_174_262_fpocket_6	41
O75081_PF08788_379_445_fpocket_2	16
O75081_PF08788_379_445_fpocket_3	892
O75094_PF01462_280_306_fpocket_1	1240
O75094_PF01463_462_486_fpocket_1	393
O75095_PF00053_790_832_fpocket_1	805
O75095_PF14670_165_200_fpocket_3	145
O75106_PF02727_62_148_fpocket_4	1032
O75106_PF02728_165_262_fpocket_3	1778
O75106_PF02728_165_262_fpocket_5	187
O75110_PF00702_608_796_fpocket_1	53
O75110_PF00702_608_796_fpocket_23	1489
O75113_PF23050_8_74_fpocket_1	1499
O75113_PF23052_75_191_fpocket_1	665
O75113_PF23052_75_191_fpocket_2	728
O75113_PF23053_346_389_fpocket_1	157
O75113_PF23053_346_389_fpocket_2	190
O75113_PF23054_848_896_fpocket_1	356
O75113_PF23054_848_896_fpocket_2	480
O75116_PF00069_92_354_fpocket_1	132
O75128_PF09469_144_235_fpocket_4	1461
O75129_PF18411_1190_1282_fpocket_1	817
O75129_PF19743_1067_1188_fpocket_2	317
O75132_PF02892_118_166_fpocket_3	111
O75132_PF02892_288_336_fpocket_1	1166
O75132_PF02892_459_506_fpocket_1	94
O75140_PF12257_100_381_fpocket_1	829
O75140_PF12257_100_381_fpocket_2	1761
O75140_PF19418_1278_1585_fpocket_32	605
O75143_PF10033_89_195_fpocket_7	363
O75143_PF10033_89_195_fpocket_8	989
O75145_PF00536_952_1015_fpocket_3	664
O75150_PF00097_948_986_fpocket_2	150
O75150_PF26052_379_523_fpocket_1	443
O75150_PF26052_379_523_fpocket_2	14
O75151_PF00628_8_53_fpocket_2	614
O75151_PF17811_340_443_fpocket_1	226
O75152_PF15663_1_108_fpocket_15	372
O75153_PF12807_767_948_fpocket_1	1717
O75153_PF13236_356_576_fpocket_1	1716
O75153_PF13236_356_576_fpocket_10	1077
O75153_PF15044_66_138_fpocket_1	1855
O75154_PF13499_206_263_fpocket_1	1294
O75154_PF25450_486_610_fpocket_2	170
O75154_PF25450_486_610_fpocket_6	186
O75159_PF00017_382_436_fpocket_1	622
O75161_PF26015_1243_1326_fpocket_1	1093
O75161_PF26186_596_830_fpocket_1	120
O75161_PF26187_1331_1426_fpocket_3	43
O75161_PF26187_1331_1426_fpocket_5	203
O75161_PF26190_977_1127_fpocket_8	1789
O75164_PF18104_960_994_fpocket_2	1134
O75165_PF14237_976_1026_fpocket_2	221
O75165_PF19432_12_839_fpocket_36	849
O75170_PF04499_129_531_fpocket_5	592
O75173_PF01421_218_428_fpocket_1	693
O75173_PF01421_218_428_fpocket_2	848
O75173_PF05986_688_803_fpocket_1	969
O75173_PF19236_580_685_fpocket_3	1814
O75173_PF19236_580_685_fpocket_4	1153
O75175_PF04065_4_232_fpocket_20	1093
O75175_PF04153_622_747_fpocket_4	1254
O75182_PF16879_775_1075_fpocket_17	84
O75185_PF00689_756_928_fpocket_7	6
O75191_PF02782_296_479_fpocket_11	1305
O75197_PF14670_605_640_fpocket_1	565
O75204_PF20517_84_196_fpocket_1	686
O75204_PF20517_84_196_fpocket_6	1835
O75208_PF08511_213_284_fpocket_1	374
O75208_PF08511_213_284_fpocket_5	967
O75208_PF21392_96_126_fpocket_1	536
O75208_PF21392_96_126_fpocket_2	335
O75223_PF13772_78_160_fpocket_2	297
O75223_PF13772_78_160_fpocket_3	583
O75251_PF01058_88_197_fpocket_1	891
O75251_PF01058_88_197_fpocket_5	1404
O75264_PF15807_1_130_fpocket_12	159
O75306_PF00346_193_463_fpocket_1	533
O75306_PF00346_193_463_fpocket_24	180
O75310_PF00201_24_525_fpocket_38	1332
O75311_PF02931_48_253_fpocket_11	182
O75311_PF02932_260_373_fpocket_10	238
O75312_PF03367_251_306_fpocket_1	1704
O75312_PF03367_251_306_fpocket_2	977
O75312_PF22794_111_234_fpocket_3	146
O75312_PF22794_111_234_fpocket_5	891
O75317_PF00443_39_366_fpocket_9	551
O75319_PF00782_84_199_fpocket_4	1230
O75323_PF07978_187_284_fpocket_4	1028
O75326_PF13895_558_619_fpocket_1	142
O75333_PF00907_67_252_fpocket_12	263
O75335_PF00536_828_891_fpocket_1	1760
O75335_PF07647_1029_1098_fpocket_3	238
O75339_PF13330_56_139_fpocket_1	1789
O75339_PF13330_56_139_fpocket_3	1394
O75339_PF23591_487_575_fpocket_1	1031
O75339_PF23591_487_575_fpocket_3	695
O75339_PF23599_921_1119_fpocket_10	74
O75339_PF23708_402_472_fpocket_4	1648
O75339_PF23730_751_918_fpocket_10	380
O75339_PF23730_751_918_fpocket_15	502
O75342_PF00305_255_681_fpocket_24	1166
O75342_PF01477_4_111_fpocket_2	1083
O75343_PF00211_384_564_fpocket_1	37
O75343_PF00211_384_564_fpocket_7	1654
O75343_PF07701_187_376_fpocket_12	1091
O75344_PF00254_52_140_fpocket_3	1271
O75347_PF02970_4_100_fpocket_1	682
O75347_PF02970_4_100_fpocket_3	990
O75351_PF04212_8_74_fpocket_1	556
O75351_PF04212_8_74_fpocket_2	1677
O75354_PF01150_98_478_fpocket_1	1758
O75356_PF01150_46_423_fpocket_3	1594
O75360_PF00046_70_126_fpocket_4	782
O75366_PF00626_144_215_fpocket_3	1453
O75366_PF00626_407_486_fpocket_2	805
O75366_PF00626_525_592_fpocket_1	1016
O75368_PF04908_1_98_fpocket_5	1825
O75369_PF00307_17_122_fpocket_2	170
O75369_PF00630_1226_1319_fpocket_2	1342
O75369_PF00630_644_733_fpocket_7	453
O75379_PF00957_52_132_fpocket_5	892
O75381_PF04695_25_68_fpocket_1	334
O75381_PF04695_25_68_fpocket_3	970
O75382_PF00630_321_415_fpocket_2	355
O75385_PF12063_876_960_fpocket_1	1677
O75385_PF12063_876_960_fpocket_8	76
O75385_PF21127_972_1044_fpocket_1	1471
O75385_PF21127_972_1044_fpocket_2	1187
O75386_PF01167_193_437_fpocket_21	367
O75390_PF00285_71_450_fpocket_19	1021
O75391_PF01424_47_108_fpocket_2	1376
O75394_PF00471_17_60_fpocket_1	667
O75396_PF00957_135_210_fpocket_3	856
O75396_PF13774_37_117_fpocket_3	43
O75396_PF13774_37_117_fpocket_4	1384
O75398_PF01342_200_272_fpocket_4	14
O75400_PF00397_145_171_fpocket_1	826
O75400_PF01846_395_444_fpocket_1	114
O75400_PF25432_671_729_fpocket_1	406
O75400_PF25432_671_729_fpocket_2	1120
O75414_PF00334_13_147_fpocket_10	665
O75417_PF25453_792_857_fpocket_1	187
O75419_PF02724_138_561_fpocket_1	1126
O75419_PF02724_138_561_fpocket_6	1238
O75419_PF02724_19_155_fpocket_1	147
O75419_PF02724_19_155_fpocket_13	1018
O75420_PF02213_477_521_fpocket_1	518
O75420_PF02213_477_521_fpocket_2	252
O75425_PF00635_34_119_fpocket_1	1491
O75425_PF00635_34_119_fpocket_3	729
O75431_PF10568_41_162_fpocket_8	475
O75431_PF17171_187_249_fpocket_2	1557
O75436_PF03643_8_283_fpocket_19	919
O75438_PF08040_1_58_fpocket_1	631
O75438_PF08040_1_58_fpocket_4	570
O75443_PF01826_597_650_fpocket_2	25
O75443_PF01826_984_1036_fpocket_2	925
O75443_PF08742_912_981_fpocket_3	136
O75443_PF12714_651_705_fpocket_2	89
O75445_PF00041_3975_4051_fpocket_2	1295
O75445_PF00055_316_516_fpocket_11	248
O75445_PF00055_316_516_fpocket_3	226
O75445_PF13385_145_285_fpocket_1	118
O75445_PF13385_145_285_fpocket_4	850
O75446_PF13866_64_133_fpocket_3	621
O75446_PF13867_153_205_fpocket_1	25
O75446_PF13867_153_205_fpocket_4	233
O75449_PF09336_451_489_fpocket_1	25
O75449_PF21126_6_69_fpocket_2	413
O75452_PF00106_30_217_fpocket_2	1071
O75460_PF06479_838_961_fpocket_2	734
O75460_PF06479_838_961_fpocket_6	1046
O75461_PF02319_65_128_fpocket_1	1721
O75475_PF11467_349_449_fpocket_1	196
O75477_PF01145_27_209_fpocket_6	97
O75478_PF04433_374_440_fpocket_3	395
O75478_PF22941_165_240_fpocket_4	129
O75478_PF25299_17_64_fpocket_2	407
O75486_PF02269_25_116_fpocket_4	993
O75486_PF02269_25_116_fpocket_5	896
O75489_PF00329_87_207_fpocket_1	735
O75489_PF00329_87_207_fpocket_2	130
O75493_PF00194_57_300_fpocket_1	367
O75521_PF00378_147_388_fpocket_7	44
O75525_PF22675_67_132_fpocket_7	850
O75528_PF10198_310_419_fpocket_2	1607
O75528_PF10198_310_419_fpocket_4	1430
O75529_PF04494_65_194_fpocket_7	182
O75529_PF04494_65_194_fpocket_8	778
O75531_PF02961_1_88_fpocket_2	1148
O75534_PF00313_186_247_fpocket_2	1756
O75534_PF00313_27_89_fpocket_3	320
O75534_PF00313_351_411_fpocket_4	1789
O75534_PF00313_521_581_fpocket_2	1791
O75534_PF00313_675_737_fpocket_5	188
O75534_PF23456_261_337_fpocket_2	631
O75534_PF23456_426_510_fpocket_1	1067
O75534_PF23456_595_673_fpocket_2	1
O75553_PF00640_61_167_fpocket_3	1537
O75553_PF00640_61_167_fpocket_5	1537
O75554_PF06220_8_43_fpocket_2	1440
O75556_PF01099_1_90_fpocket_2	816
O75558_PF00804_38_193_fpocket_11	1249
O75558_PF00804_38_193_fpocket_7	573
O75564_PF03184_213_382_fpocket_2	1231
O75564_PF03221_87_147_fpocket_6	1275
O75569_PF00035_127_191_fpocket_1	121
O75569_PF00035_35_99_fpocket_5	456
O75570_PF00472_289_399_fpocket_5	674
O75570_PF03462_83_282_fpocket_1	310
O75570_PF03462_83_282_fpocket_11	850
O75575_PF03874_10_122_fpocket_1	234
O75586_PF04934_13_140_fpocket_1	860
O75586_PF04934_13_140_fpocket_2	706
O75592_PF03256_3749_3854_fpocket_2	123
O75592_PF08005_1235_1385_fpocket_3	1573
O75592_PF08005_1235_1385_fpocket_5	1482
O75594_PF01510_53_181_fpocket_6	1515
O75594_PF01510_53_181_fpocket_9	328
O75604_PF00443_267_596_fpocket_1	1071
O75607_PF03066_38_138_fpocket_1	197
O75607_PF03066_38_138_fpocket_3	390
O75608_PF02230_11_225_fpocket_1	98
O75608_PF02230_11_225_fpocket_8	1030
O75610_PF00688_98_204_fpocket_1	5
O75610_PF00688_98_204_fpocket_4	1424
O75616_PF01926_115_237_fpocket_7	817
O75618_PF01335_28_103_fpocket_1	497
O75618_PF01335_28_103_fpocket_3	946
O75618_PF20694_220_280_fpocket_2	1097
O75618_PF20694_220_280_fpocket_4	622
O75626_PF21549_93_210_fpocket_3	1027
O75629_PF13883_50_216_fpocket_2	946
O75629_PF13883_50_216_fpocket_5	985
O75643_PF00270_482_660_fpocket_1	1857
O75643_PF00271_767_859_fpocket_5	1066
O75643_PF02889_1812_2123_fpocket_1	46
O75643_PF02889_1812_2123_fpocket_15	367
O75643_PF02889_982_1285_fpocket_1	334
O75643_PF02889_982_1285_fpocket_2	3
O75643_PF18149_255_363_fpocket_1	678
O75643_PF21188_109_175_fpocket_5	1418
O75643_PF23445_1725_1806_fpocket_2	130
O75648_PF20258_303_383_fpocket_2	1661
O75648_PF20258_303_383_fpocket_3	824
O75648_PF20259_230_292_fpocket_1	323
O75648_PF20259_230_292_fpocket_3	171
O75663_PF04176_48_224_fpocket_13	763
O75663_PF04176_48_224_fpocket_6	84
O75677_PF11002_83_124_fpocket_1	46
O75677_PF13765_128_175_fpocket_2	535
O75678_PF11002_144_185_fpocket_1	1091
O75678_PF11002_144_185_fpocket_4	814
O75679_PF00622_179_286_fpocket_1	1707
O75679_PF11002_83_124_fpocket_1	57
O75683_PF04935_141_340_fpocket_1	74
O75683_PF04935_141_340_fpocket_12	451
O75688_PF07830_289_368_fpocket_2	1801
O75689_PF01412_8_119_fpocket_1	1471
O75695_PF07986_59_177_fpocket_1	339
O75695_PF07986_59_177_fpocket_2	309
O75711_PF15224_22_97_fpocket_2	560
O75715_PF00255_40_153_fpocket_4	1148
O75717_PF20946_723_822_fpocket_1	1436
O75717_PF20946_723_822_fpocket_4	652
O75717_PF24815_1018_1068_fpocket_2	15
O75747_PF00792_546_640_fpocket_1	343
O75747_PF00794_281_367_fpocket_5	204
O75752_PF01762_92_283_fpocket_4	360
O75764_PF07500_183_295_fpocket_1	1486
O75764_PF07500_183_295_fpocket_4	2
O75771_PF21794_1_60_fpocket_4	277
O75783_PF01694_244_393_fpocket_13	314
O75787_PF07850_275_350_fpocket_1	1460
O75792_PF01351_31_240_fpocket_1	371
O75792_PF01351_31_240_fpocket_2	1211
O75794_PF07065_14_314_fpocket_1	1462
O75794_PF07065_14_314_fpocket_9	889
O75807_PF10488_549_619_fpocket_2	412
O75817_PF12328_33_133_fpocket_1	1813
O75817_PF12328_33_133_fpocket_6	573
O75818_PF08584_75_346_fpocket_19	561
O75818_PF08584_75_346_fpocket_20	1489
O75821_PF12353_58_175_fpocket_3	1161
O75821_PF12353_58_175_fpocket_6	1454
O75822_PF08597_12_258_fpocket_26	756
O75828_PF00106_6_148_fpocket_5	1548
O75840_PF00096_249_273_fpocket_4	1394
O75843_PF02883_670_780_fpocket_4	215
O75844_PF01435_229_472_fpocket_5	882
O75844_PF01435_229_472_fpocket_7	1825
O75844_PF16491_41_225_fpocket_1	66
O75844_PF16491_41_225_fpocket_8	1152
O75845_PF04116_124_252_fpocket_11	1083
O75865_PF04051_7_155_fpocket_1	261
O75865_PF04051_7_155_fpocket_4	1748
O75879_PF02637_406_555_fpocket_7	720
O75879_PF02637_406_555_fpocket_9	74
O75879_PF02934_66_350_fpocket_12	575
O75880_PF02630_137_273_fpocket_1	298
O75880_PF02630_137_273_fpocket_5	932
O75882_PF24972_1156_1272_fpocket_4	160
O75884_PF06821_8_178_fpocket_1	382
O75884_PF06821_8_178_fpocket_2	625
O75888_PF00229_155_250_fpocket_2	193
O75888_PF00229_155_250_fpocket_4	738
O75891_PF00550_325_391_fpocket_1	520
O75891_PF00550_325_391_fpocket_2	456
O75891_PF00551_1_180_fpocket_10	698
O75899_PF00003_477_743_fpocket_15	1028
O75900_PF01549_255_289_fpocket_1	919
O75907_PF03062_155_474_fpocket_1	883
O75908_PF03062_151_494_fpocket_38	647
O75909_PF00134_42_155_fpocket_2	607
O75909_PF21797_179_255_fpocket_6	1322
O75909_PF21797_179_255_fpocket_7	1199
O75915_PF03208_4_150_fpocket_12	1083
O75916_PF00615_302_415_fpocket_8	95
O75916_PF00631_219_283_fpocket_2	596
O75916_PF18148_106_204_fpocket_1	1269
O75923_PF08150_786_859_fpocket_3	997
O75925_PF14324_136_286_fpocket_1	1116
O75928_PF02037_10_45_fpocket_1	1436
O75928_PF02891_342_390_fpocket_1	5
O75928_PF14324_146_297_fpocket_7	619
O75934_PF05700_12_215_fpocket_11	508
O75934_PF05700_12_215_fpocket_7	1718
O75935_PF07426_7_170_fpocket_12	797
O75935_PF07426_7_170_fpocket_8	1770
O75936_PF02668_114_366_fpocket_1	282
O75936_PF02668_114_366_fpocket_5	100
O75936_PF06155_15_91_fpocket_1	1517
O75936_PF06155_15_91_fpocket_5	1606
O75940_PF06003_72_122_fpocket_1	571
O75947_PF05873_3_155_fpocket_11	256
O75947_PF05873_3_155_fpocket_6	170
O75952_PF02197_12_48_fpocket_1	305
O75952_PF02197_12_48_fpocket_2	1599
O75953_PF00226_4_65_fpocket_3	1047
O75962_PF00435_570_670_fpocket_3	385
O75962_PF00621_1296_1464_fpocket_1	178
O75962_PF00621_1973_2143_fpocket_2	1629
O75962_PF13716_84_211_fpocket_6	828
O75962_PF13716_84_211_fpocket_9	246
O75962_PF23323_787_896_fpocket_1	995
O75962_PF23323_787_896_fpocket_2	1550
O75964_PF04718_11_102_fpocket_3	877
O75964_PF04718_11_102_fpocket_4	683
O75970_PF00595_1351_1427_fpocket_1	708
O75970_PF00595_560_629_fpocket_3	748
O75970_PF09045_6_63_fpocket_2	1644
O75976_PF13620_384_460_fpocket_1	557
O75976_PF13620_384_460_fpocket_3	1218
O76003_PF00462_147_210_fpocket_1	1115
O76003_PF00462_147_210_fpocket_3	129
O76021_PF00687_60_258_fpocket_12	115
O76024_PF19914_176_255_fpocket_6	348
O76024_PF19914_176_255_fpocket_8	14
O76024_PF20053_666_769_fpocket_2	1061
O76024_PF20053_666_769_fpocket_9	273
O76031_PF07724_285_502_fpocket_2	485
O76031_PF10431_509_580_fpocket_1	1087
O76031_PF10431_509_580_fpocket_4	682
O76041_PF14604_961_1011_fpocket_1	1282
O76050_PF07177_65_217_fpocket_4	387
O76050_PF07177_65_217_fpocket_9	25
O76050_PF13920_519_566_fpocket_1	396
O76054_PF00650_84_243_fpocket_1	416
O76054_PF03765_16_58_fpocket_1	1689
O76061_PF03298_14_213_fpocket_2	925
O76062_PF01222_56_418_fpocket_28	1229
O76064_PF00498_38_109_fpocket_1	1803
O76064_PF13920_400_446_fpocket_2	204
O76070_PF01387_1_122_fpocket_6	1479
O76070_PF01387_1_122_fpocket_8	1633
O76074_PF00233_612_845_fpocket_15	1544
O76075_PF02017_5_79_fpocket_6	1506
O76075_PF02017_5_79_fpocket_9	1215
O76075_PF09230_100_323_fpocket_1	110
O76075_PF09230_100_323_fpocket_15	1098
O76080_PF01754_12_35_fpocket_1	1017
O76082_PF00083_144_517_fpocket_35	118
O76090_PF01062_1_324_fpocket_13	1550
O76093_PF00167_53_175_fpocket_2	519
O76093_PF00167_53_175_fpocket_5	109
O77932_PF08652_44_379_fpocket_1	979
O77932_PF08652_44_379_fpocket_5	362
O94759_PF18139_141_397_fpocket_16	494
O94760_PF19420_34_164_fpocket_6	1769
O94761_PF11719_6_100_fpocket_3	221
O94761_PF11719_6_100_fpocket_4	90
O94762_PF00271_255_354_fpocket_2	1341
O94762_PF08236_912_980_fpocket_1	877
O94762_PF16124_366_435_fpocket_4	153
O94766_PF03360_96_312_fpocket_11	1747
O94772_PF00021_24_112_fpocket_1	739
O94772_PF00021_24_112_fpocket_2	204
O94776_PF01426_4_141_fpocket_1	915
O94776_PF01426_4_141_fpocket_3	767
O94776_PF01448_147_198_fpocket_2	1494
O94776_PF01448_147_198_fpocket_3	1153
O94777_PF07297_5_78_fpocket_3	1736
O94782_PF00443_81_600_fpocket_42	750
O94804_PF12474_587_725_fpocket_8	484
O94804_PF12474_587_725_fpocket_9	223
O94804_PF12474_755_895_fpocket_5	1808
O94808_PF01380_363_490_fpocket_2	1608
O94808_PF01380_363_490_fpocket_4	331
O94808_PF01380_534_664_fpocket_8	110
O94810_PF00615_303_416_fpocket_2	542
O94810_PF00615_303_416_fpocket_4	402
O94811_PF05517_52_207_fpocket_1	1630
O94812_PF00168_259_298_fpocket_1	1355
O94812_PF00168_259_298_fpocket_2	371
O94813_PF00008_1002_1031_fpocket_2	1394
O94813_PF01462_727_753_fpocket_1	988
O94813_PF01463_235_258_fpocket_1	894
O94817_PF04110_54_140_fpocket_1	1024
O94817_PF04110_54_140_fpocket_4	1117
O94822_PF23009_1624_1708_fpocket_3	17
O94823_PF13246_721_895_fpocket_2	1106
O94823_PF16209_61_118_fpocket_4	421
O94827_PF00621_341_526_fpocket_2	1736
O94830_PF02862_496_699_fpocket_11	875
O94830_PF23464_117_199_fpocket_1	807
O94832_PF06017_814_996_fpocket_15	101
O94842_PF00505_223_291_fpocket_2	280
O94851_PF01494_87_123_fpocket_5	1669
O94851_PF25413_241_370_fpocket_3	1219
O94855_PF04811_437_680_fpocket_6	968
O94856_PF00047_149_218_fpocket_3	44
O94856_PF13927_342_412_fpocket_3	236
O94864_PF07524_151_228_fpocket_1	533
O94864_PF07524_151_228_fpocket_4	1586
O94868_PF00611_21_102_fpocket_4	746
O94868_PF14604_574_625_fpocket_2	1056
O94874_PF09743_7_284_fpocket_20	1321
O94874_PF23659_538_655_fpocket_1	229
O94874_PF23659_538_655_fpocket_4	1806
O94874_PF25041_661_782_fpocket_9	221
O94874_PF25870_302_362_fpocket_1	1795
O94874_PF25870_302_362_fpocket_2	1162
O94885_PF07647_1179_1238_fpocket_1	1412
O94885_PF26285_1093_1162_fpocket_1	325
O94885_PF26285_1093_1162_fpocket_2	542
O94885_PF26285_53_92_fpocket_2	689
O94885_PF26285_53_92_fpocket_3	705
O94886_PF14703_228_410_fpocket_11	1448
O94888_PF00789_409_487_fpocket_4	653
O94888_PF13899_153_233_fpocket_1	297
O94888_PF13899_153_233_fpocket_2	223
O94901_PF07738_649_782_fpocket_10	1382
O94901_PF07738_649_782_fpocket_8	1184
O94903_PF01168_39_250_fpocket_10	392
O94905_PF01145_25_207_fpocket_1	973
O94907_PF04706_85_139_fpocket_2	884
O94907_PF21479_217_266_fpocket_1	153
O94907_PF21481_185_214_fpocket_1	19
O94910_PF02140_48_128_fpocket_2	31
O94910_PF02793_478_534_fpocket_1	1148
O94910_PF16489_537_663_fpocket_1	256
O94911_PF12698_924_1186_fpocket_10	736
O94911_PF23321_1510_1584_fpocket_1	110
O94913_PF20845_199_236_fpocket_1	1321
O94913_PF20845_199_236_fpocket_2	1705
O94913_PF21936_1441_1480_fpocket_1	292
O94915_PF14225_2001_2253_fpocket_3	573
O94915_PF14225_2001_2253_fpocket_5	717
O94915_PF14228_1167_1322_fpocket_13	98
O94915_PF14228_1167_1322_fpocket_6	1211
O94915_PF14228_1593_1652_fpocket_6	992
O94915_PF14228_1744_1859_fpocket_1	776
O94915_PF14228_1744_1859_fpocket_8	934
O94916_PF00554_282_419_fpocket_1	209
O94916_PF16179_446_544_fpocket_4	1608
O94919_PF01223_121_228_fpocket_1	975
O94921_PF00069_135_419_fpocket_2	1205
O94923_PF21174_268_388_fpocket_4	40
O94923_PF21174_268_388_fpocket_5	123
O94925_PF17959_140_222_fpocket_4	230
O94927_PF14817_7_618_fpocket_10	581
O94929_PF02209_648_683_fpocket_1	149
O94941_PF04564_259_336_fpocket_2	552
O94941_PF04564_259_336_fpocket_4	1656
O94941_PF14634_483_529_fpocket_3	969
O94952_PF08755_501_592_fpocket_2	1073
O94952_PF13369_217_389_fpocket_1	347
O94952_PF13369_217_389_fpocket_13	1338
O94953_PF02375_16_50_fpocket_2	744
O94953_PF13832_796_906_fpocket_2	721
O94953_PF18104_922_956_fpocket_2	183
O94955_PF00071_88_188_fpocket_4	87
O94972_PF22486_280_403_fpocket_3	1117
O94972_PF22486_280_403_fpocket_6	565
O94973_PF02296_826_935_fpocket_2	281
O94973_PF02296_826_935_fpocket_3	53
O94983_PF03859_39_149_fpocket_2	727
O94983_PF03859_39_149_fpocket_3	1199
O94985_PF13385_366_487_fpocket_10	1325
O94988_PF26116_947_1016_fpocket_1	1429
O94992_PF15313_164_301_fpocket_10	305
O94992_PF15313_164_301_fpocket_9	425
O95025_PF18452_611_698_fpocket_3	143
O95025_PF18452_611_698_fpocket_5	619
O95045_PF01048_60_310_fpocket_17	1586
O95045_PF01048_60_310_fpocket_5	1018
O95050_PF01234_4_259_fpocket_2	881
O95059_PF01900_35_108_fpocket_4	421
O95059_PF01900_35_108_fpocket_5	1382
O95069_PF07885_137_195_fpocket_2	682
O95069_PF07885_236_312_fpocket_2	1393
O95070_PF03878_57_288_fpocket_18	779
O95071_PF00658_2392_2449_fpocket_5	992
O95072_PF04825_1_112_fpocket_1	1358
O95072_PF04825_1_112_fpocket_7	562
O95125_PF02023_43_130_fpocket_1	892
O95139_PF09782_1_128_fpocket_7	105
O95139_PF09782_1_128_fpocket_9	1166
O95140_PF04799_595_754_fpocket_6	447
O95147_PF00782_34_164_fpocket_2	463
O95149_PF11538_25_64_fpocket_1	580
O95149_PF11538_25_64_fpocket_3	1108
O95149_PF21974_101_279_fpocket_1	1018
O95149_PF21974_101_279_fpocket_5	549
O95150_PF00229_117_251_fpocket_7	371
O95153_PF25523_977_1078_fpocket_4	110
O95153_PF25566_120_245_fpocket_14	271
O95153_PF25566_120_245_fpocket_7	159
O95155_PF04564_1228_1299_fpocket_2	1270
O95155_PF04564_1228_1299_fpocket_4	732
O95155_PF10408_591_1212_fpocket_13	1266
O95155_PF10408_591_1212_fpocket_15	824
O95157_PF06312_60_252_fpocket_13	92
O95158_PF06312_225_307_fpocket_3	297
O95158_PF06312_225_307_fpocket_4	792
O95158_PF06312_82_163_fpocket_4	1194
O95159_PF25993_1_46_fpocket_3	932
O95159_PF25998_52_122_fpocket_3	445
O95159_PF25998_52_122_fpocket_5	16
O95163_PF23936_1103_1273_fpocket_3	607
O95164_PF13881_8_114_fpocket_4	588
O95166_PF02991_13_116_fpocket_8	55
O95167_PF14987_7_84_fpocket_2	1170
O95167_PF14987_7_84_fpocket_3	1471
O95168_PF07225_5_128_fpocket_2	170
O95169_PF05821_16_186_fpocket_1	1219
O95169_PF05821_16_186_fpocket_2	3
O95178_PF14813_38_104_fpocket_2	1652
O95180_PF00520_1293_1565_fpocket_18	1726
O95180_PF00520_793_1021_fpocket_2	332
O95180_PF00520_99_429_fpocket_19	1405
O95182_PF07347_5_101_fpocket_1	1053
O95182_PF07347_5_101_fpocket_2	204
O95183_PF00957_6_85_fpocket_1	18
O95183_PF00957_6_85_fpocket_2	877
O95185_PF00791_534_627_fpocket_4	81
O95185_PF07679_168_257_fpocket_1	1020
O95185_PF25609_57_160_fpocket_9	1848
O95190_PF02100_98_179_fpocket_3	680
O95197_PF02453_844_1007_fpocket_1	1122
O95197_PF02453_844_1007_fpocket_6	318
O95198_PF00651_46_152_fpocket_3	204
O95210_PF00686_263_352_fpocket_4	865
O95210_PF00686_263_352_fpocket_5	674
O95214_PF04133_7_123_fpocket_1	1002
O95214_PF04133_7_123_fpocket_2	1206
O95218_PF00641_10_35_fpocket_1	1633
O95229_PF15556_29_277_fpocket_6	716
O95232_PF03194_4_245_fpocket_11	1039
O95237_PF04970_44_173_fpocket_4	1822
O95237_PF04970_44_173_fpocket_5	173
O95238_PF02198_132_212_fpocket_2	1106
O95248_PF02141_130_310_fpocket_11	743
O95248_PF02893_891_1017_fpocket_1	562
O95249_PF12352_161_226_fpocket_2	1517
O95251_PF01530_184_212_fpocket_1	312
O95251_PF01853_393_570_fpocket_2	1684
O95251_PF17772_337_388_fpocket_1	505
O95255_PF00005_646_780_fpocket_5	1112
O95255_PF00664_312_578_fpocket_2	244
O95255_PF00664_948_1215_fpocket_1	890
O95255_PF24357_24_151_fpocket_1	96
O95259_PF13426_41_135_fpocket_3	84
O95259_PF13426_41_135_fpocket_4	354
O95260_PF04376_22_92_fpocket_1	26
O95260_PF04377_290_429_fpocket_12	42
O95260_PF04377_290_429_fpocket_13	440
O95263_PF00233_614_857_fpocket_10	34
O95263_PF23198_125_270_fpocket_10	442
O95267_PF00618_58_153_fpocket_3	1260
O95273_PF13324_56_197_fpocket_1	1180
O95273_PF13324_56_197_fpocket_3	13
O95273_PF20936_219_320_fpocket_4	1636
O95274_PF00021_137_223_fpocket_1	562
O95274_PF00021_29_115_fpocket_4	342
O95278_PF00782_176_303_fpocket_6	973
O95294_PF00168_135_233_fpocket_6	1304
O95295_PF14712_23_109_fpocket_2	1333
O95298_PF06374_10_119_fpocket_1	450
O95298_PF06374_10_119_fpocket_5	1810
O95299_PF01712_60_273_fpocket_18	491
O95302_PF00254_47_138_fpocket_1	577
O95302_PF00254_47_138_fpocket_2	1175
O95319_PF00076_425_495_fpocket_2	199
O95336_PF01182_14_238_fpocket_7	1181
O95340_PF01583_41_192_fpocket_6	298
O95340_PF01747_384_606_fpocket_1	139
O95340_PF01747_384_606_fpocket_3	139
O95340_PF14306_223_375_fpocket_1	134
O95340_PF14306_223_375_fpocket_8	70
O95342_PF00664_757_1026_fpocket_2	607
O95342_PF00664_757_1026_fpocket_3	534
O95347_PF02463_2_670_fpocket_1	894
O95347_PF02463_862_1163_fpocket_19	779
O95347_PF02463_862_1163_fpocket_21	1489
O95347_PF06470_522_640_fpocket_5	1117
O95347_PF06470_522_640_fpocket_9	1379
O95352_PF00899_338_600_fpocket_1	533
O95352_PF16420_13_323_fpocket_3	780
O95352_PF16420_13_323_fpocket_4	756
O95361_PF13765_375_423_fpocket_1	1191
O95363_PF01409_242_343_fpocket_1	167
O95363_PF01409_242_343_fpocket_7	995
O95363_PF01409_76_198_fpocket_1	218
O95363_PF01409_76_198_fpocket_3	699
O95363_PF03147_358_450_fpocket_3	718
O95372_PF02230_13_227_fpocket_1	132
O95376_PF01485_208_270_fpocket_1	1652
O95376_PF19422_364_469_fpocket_2	1175
O95376_PF19422_364_469_fpocket_6	920
O95376_PF26000_66_120_fpocket_1	1798
O95376_PF26000_66_120_fpocket_2	309
O95379_PF05527_16_196_fpocket_10	254
O95382_PF19039_524_618_fpocket_7	213
O95382_PF20309_74_114_fpocket_2	1244
O95388_PF00007_280_361_fpocket_3	1479
O95388_PF00007_280_361_fpocket_5	1669
O95388_PF19035_216_259_fpocket_1	242
O95391_PF11708_162_434_fpocket_3	1293
O95391_PF11708_162_434_fpocket_6	1686
O95393_PF00688_55_256_fpocket_7	23
O95394_PF00408_476_524_fpocket_1	1809
O95394_PF02878_118_167_fpocket_1	1798
O95394_PF02878_118_167_fpocket_2	305
O95394_PF02878_51_97_fpocket_1	664
O95394_PF21404_297_434_fpocket_1	777
O95394_PF21404_297_434_fpocket_3	12
O95394_PF21405_178_283_fpocket_5	1082
O95396_PF00581_338_451_fpocket_9	1281
O95396_PF00899_63_298_fpocket_14	273
O95397_PF08718_214_354_fpocket_2	330
O95398_PF00027_268_347_fpocket_3	1105
O95402_PF08711_34_84_fpocket_2	216
O95405_PF11979_1048_1400_fpocket_19	1382
O95407_PF00020_153_193_fpocket_1	1520
O95407_PF00020_73_113_fpocket_1	404
O95409_PF18366_250_295_fpocket_3	1562
O95415_PF10164_28_124_fpocket_4	752
O95416_PF00505_8_76_fpocket_4	497
O95425_PF00626_1459_1506_fpocket_4	1095
O95427_PF04987_430_884_fpocket_30	1470
O95428_PF08686_1235_1267_fpocket_2	1392
O95428_PF19030_427_480_fpocket_1	1624
O95429_PF02179_385_455_fpocket_1	331
O95433_PF08327_217_331_fpocket_2	950
O95433_PF08327_217_331_fpocket_3	932
O95433_PF09229_29_158_fpocket_1	1308
O95433_PF09229_29_158_fpocket_9	1365
O95436_PF02690_417_498_fpocket_1	534
O95436_PF02690_417_498_fpocket_2	877
O95445_PF11032_1_186_fpocket_1	881
O95450_PF05986_725_837_fpocket_7	721
O95450_PF19236_640_722_fpocket_3	140
O95453_PF08675_437_514_fpocket_1	912
O95455_PF16363_21_327_fpocket_6	725
O95456_PF16094_2_288_fpocket_4	1216
O95460_PF12662_237_258_fpocket_1	1072
O95460_PF14670_301_336_fpocket_1	1476
O95461_PF01501_152_386_fpocket_10	333
O95461_PF01501_152_386_fpocket_12	541
O95461_PF13896_473_537_fpocket_2	747
O95467_PF06390_1_245_fpocket_11	320
O95470_PF00282_196_448_fpocket_17	425
O95473_PF01284_18_163_fpocket_10	770
O95475_PF16878_9_123_fpocket_3	322
O95475_PF16878_9_123_fpocket_4	567
O95479_PF00479_29_211_fpocket_6	1227
O95479_PF00479_29_211_fpocket_7	610
O95479_PF02781_217_507_fpocket_4	751
O95479_PF02781_217_507_fpocket_5	573
O95486_PF04810_428_464_fpocket_1	1633
O95486_PF04811_501_739_fpocket_18	909
O95486_PF04815_839_939_fpocket_2	52
O95487_PF00626_1141_1214_fpocket_6	1085
O95487_PF04810_602_638_fpocket_2	1313
O95487_PF04815_1014_1114_fpocket_1	67
O95487_PF08033_919_1003_fpocket_1	1147
O95487_PF08033_919_1003_fpocket_7	341
O95490_PF02140_49_129_fpocket_1	1006
O95490_PF02793_467_523_fpocket_3	299
O95497_PF00795_55_234_fpocket_1	461
O95498_PF00795_56_218_fpocket_3	662
O95498_PF19018_344_487_fpocket_2	226
O95498_PF19018_344_487_fpocket_6	608
O95500_PF00822_5_181_fpocket_7	527
O95502_PF00354_301_483_fpocket_1	288
O95528_PF00083_13_186_fpocket_6	911
O95528_PF00083_217_322_fpocket_7	151
O95528_PF00083_217_322_fpocket_8	134
O95544_PF01513_107_231_fpocket_1	1630
O95544_PF01513_107_231_fpocket_3	85
O95544_PF20143_283_406_fpocket_3	900
O95544_PF20143_283_406_fpocket_4	125
O95562_PF04178_34_145_fpocket_3	1062
O95571_PF00753_37_195_fpocket_1	384
O95571_PF00753_37_195_fpocket_6	207
O95602_PF04983_617_802_fpocket_3	52
O95602_PF04983_617_802_fpocket_7	81
O95602_PF04998_958_1667_fpocket_1	986
O95602_PF05000_841_951_fpocket_2	667
O95602_PF05000_841_951_fpocket_3	531
O95622_PF00211_1063_1256_fpocket_1	24
O95625_PF17921_68_121_fpocket_4	186
O95625_PF17921_68_121_fpocket_6	456
O95628_PF14570_14_60_fpocket_2	204
O95630_PF01398_253_361_fpocket_3	89
O95630_PF08969_13_116_fpocket_2	289
O95631_PF00055_51_283_fpocket_12	292
O95633_PF21333_36_96_fpocket_4	1720
O95671_PF00891_388_599_fpocket_1	282
O95671_PF00891_388_599_fpocket_13	1111
O95671_PF02545_14_209_fpocket_1	996
O95671_PF02545_14_209_fpocket_4	1805
O95671_PF08100_289_367_fpocket_1	209
O95671_PF08100_289_367_fpocket_3	607
O95674_PF01148_71_400_fpocket_25	1456
O95674_PF01148_71_400_fpocket_26	1466
O95685_PF03370_172_277_fpocket_2	1065
O95696_PF10513_47_196_fpocket_1	1083
O95696_PF10513_47_196_fpocket_2	865
O95696_PF13832_270_388_fpocket_4	15
O95707_PF01868_128_210_fpocket_2	1498
O95707_PF01868_128_210_fpocket_4	512
O95714_PF00569_2702_2742_fpocket_3	19
O95714_PF00632_4513_4789_fpocket_8	341
O95714_PF03256_2803_2871_fpocket_4	1382
O95714_PF06701_1870_1929_fpocket_1	1303
O95714_PF06701_1870_1929_fpocket_3	513
O95714_PF11515_2554_2630_fpocket_2	178
O95715_PF00048_35_99_fpocket_1	973
O95716_PF00071_24_183_fpocket_1	1465
O95716_PF00071_24_183_fpocket_10	122
O95718_PF00104_241_415_fpocket_14	384
O95718_PF00105_102_170_fpocket_5	231
O95727_PF07686_24_113_fpocket_1	32
O95741_PF07002_325_541_fpocket_14	315
O95747_PF12202_434_491_fpocket_1	314
O95749_PF00348_10_250_fpocket_5	503
O95750_PF00167_56_139_fpocket_2	342
O95750_PF00167_56_139_fpocket_6	317
O95751_PF16297_28_137_fpocket_1	128
O95751_PF16297_28_137_fpocket_2	622
O95754_PF19428_576_770_fpocket_1	1543
O95754_PF19428_576_770_fpocket_8	318
O95755_PF00071_59_219_fpocket_5	900
O95758_PF22976_469_539_fpocket_1	801
O95759_PF00566_509_711_fpocket_5	204
O95759_PF02893_286_396_fpocket_3	947
O95760_PF15095_114_268_fpocket_9	646
O95777_PF01423_5_71_fpocket_3	92
O95777_PF01423_5_71_fpocket_4	1281
O95782_PF02883_751_852_fpocket_5	1187
O95785_PF23015_1592_1625_fpocket_1	145
O95786_PF16739_100_189_fpocket_2	211
O95789_PF06467_556_590_fpocket_1	649
O95793_PF00035_287_352_fpocket_1	1503
O95793_PF00035_287_352_fpocket_3	1046
O95801_PF18972_270_357_fpocket_1	1131
O95803_PF12062_302_506_fpocket_12	1221
O95803_PF25119_76_292_fpocket_3	1
O95810_PF15237_52_294_fpocket_1	892
O95813_PF03045_136_243_fpocket_1	1467
O95822_PF05292_193_456_fpocket_13	413
O95822_PF17408_95_190_fpocket_1	316
O95822_PF17408_95_190_fpocket_2	1252
O95831_PF00070_303_384_fpocket_7	615
O95831_PF14721_465_594_fpocket_4	586
O95832_PF00822_5_182_fpocket_8	704
O95833_PF13410_126_207_fpocket_5	914
O95833_PF22441_5_89_fpocket_1	1343
O95838_PF00002_176_432_fpocket_1	1383
O95841_PF00147_278_489_fpocket_8	1389
O95857_PF00335_10_190_fpocket_14	70
O95861_PF00459_12_295_fpocket_6	624
O95864_PF00173_22_95_fpocket_2	657
O95864_PF00173_22_95_fpocket_6	1274
O95866_PF15096_18_131_fpocket_1	1248
O95867_PF00021_19_100_fpocket_4	29
O95870_PF00561_281_408_fpocket_1	623
O95870_PF22990_3_152_fpocket_5	151
O95873_PF15576_16_265_fpocket_10	1668
O95897_PF12308_26_121_fpocket_4	1563
O95900_PF01509_89_232_fpocket_2	77
O95900_PF01509_89_232_fpocket_5	657
O95905_PF07093_14_597_fpocket_1	991
O95907_PF07690_27_396_fpocket_18	240
O95922_PF03133_59_361_fpocket_3	639
O95925_PF00014_76_128_fpocket_1	246
O95926_PF08231_91_238_fpocket_1	397
O95926_PF08231_91_238_fpocket_3	462
O95932_PF00927_495_599_fpocket_1	297
O95947_PF00907_94_273_fpocket_1	218
O95954_PF02971_181_324_fpocket_1	130
O95954_PF02971_181_324_fpocket_4	1745
O95954_PF04961_339_519_fpocket_1	1362
O95954_PF07837_4_179_fpocket_1	1659
O95954_PF07837_4_179_fpocket_3	428
O95965_PF07974_185_216_fpocket_1	189
O95965_PF07974_285_310_fpocket_2	439
O95965_PF23105_46_90_fpocket_2	496
O95967_PF07645_54_81_fpocket_1	185
O95968_PF01099_1_87_fpocket_1	770
O95980_PF22955_672_708_fpocket_1	402
O95980_PF23298_341_479_fpocket_2	1285
O95980_PF23298_341_479_fpocket_5	467
O95980_PF23332_286_339_fpocket_2	290
O95980_PF25027_526_574_fpocket_1	1536
O95980_PF25027_526_574_fpocket_2	682
O95983_PF14048_153_243_fpocket_2	924
O95983_PF14048_153_243_fpocket_3	572
O95985_PF01131_170_582_fpocket_30	527
O95985_PF01751_4_154_fpocket_1	1764
O95985_PF01751_4_154_fpocket_9	1072
O95989_PF00293_20_139_fpocket_2	618
O95989_PF00293_20_139_fpocket_5	41
O95990_PF06625_27_133_fpocket_2	618
O95992_PF04116_129_263_fpocket_7	730
O95994_PF13899_54_133_fpocket_1	1610
O95998_PF22009_78_168_fpocket_1	206
O95999_PF00619_19_101_fpocket_3	990
O96000_PF10249_36_162_fpocket_19	488
O96000_PF10249_36_162_fpocket_3	554
O96006_PF02892_23_72_fpocket_1	5
O96006_PF05699_571_650_fpocket_3	266
O96007_PF02391_50_160_fpocket_2	1699
O96007_PF02391_50_160_fpocket_5	1095
O96008_PF01459_79_355_fpocket_4	128
O96009_PF00026_77_391_fpocket_1	251
O96011_PF05648_1_250_fpocket_2	934
O96015_PF01221_21_104_fpocket_1	1850
O96015_PF01221_21_104_fpocket_3	1725
O96017_PF00498_113_191_fpocket_1	1303
O96019_PF00022_8_428_fpocket_3	1614
O96020_PF00134_113_239_fpocket_3	852
O96020_PF02984_241_361_fpocket_1	353
O96028_PF00855_223_303_fpocket_7	664
O96028_PF00856_1074_1180_fpocket_5	717
O96028_PF17907_1022_1060_fpocket_1	305
O96028_PF22908_714_762_fpocket_1	1175
O96028_PF22908_714_762_fpocket_2	562
O96028_PF23004_764_816_fpocket_2	1432
O96028_PF23011_1239_1280_fpocket_1	642
O96028_PF23011_1239_1280_fpocket_2	814
O96028_PF23011_663_711_fpocket_1	229
O96033_PF02597_9_88_fpocket_1	371
P00156_PF00032_259_359_fpocket_4	1859
P00156_PF00032_259_359_fpocket_9	627
P00156_PF00033_19_204_fpocket_10	36
P00156_PF00033_19_204_fpocket_9	304
P00167_PF00173_13_84_fpocket_3	1577
P00325_PF00107_203_331_fpocket_2	303
P00326_PF00107_203_336_fpocket_3	583
P00326_PF00107_203_336_fpocket_6	1453
P00338_PF00056_22_160_fpocket_3	418
P00338_PF00056_22_160_fpocket_7	1045
P00352_PF00171_29_492_fpocket_25	1368
P00367_PF00208_263_451_fpocket_2	393
P00374_PF00186_5_185_fpocket_13	1642
P00374_PF00186_5_185_fpocket_7	716
P00387_PF00175_177_284_fpocket_2	1399
P00390_PF00070_234_306_fpocket_1	613
P00390_PF02852_411_521_fpocket_2	125
P00390_PF02852_411_521_fpocket_4	890
P00390_PF12831_66_177_fpocket_14	1388
P00390_PF12831_66_177_fpocket_2	1230
P00395_PF00115_14_460_fpocket_25	1126
P00395_PF00115_14_460_fpocket_26	670
P00403_PF00116_95_213_fpocket_1	744
P00403_PF00116_95_213_fpocket_2	99
P00403_PF02790_4_83_fpocket_7	1122
P00403_PF02790_4_83_fpocket_8	3
P00414_PF00510_6_261_fpocket_14	996
P00414_PF00510_6_261_fpocket_15	674
P00439_PF01842_36_98_fpocket_2	1140
P00441_PF00080_15_150_fpocket_2	1359
P00450_PF00394_222_357_fpocket_1	976
P00450_PF00394_222_357_fpocket_5	450
P00450_PF07731_956_1057_fpocket_1	1096
P00450_PF07731_956_1057_fpocket_2	202
P00450_PF07732_807_867_fpocket_2	1589
P00451_PF07732_453_572_fpocket_5	1508
P00451_PF07732_90_198_fpocket_2	116
P00480_PF00185_187_340_fpocket_4	602
P00480_PF00185_187_340_fpocket_5	288
P00480_PF02729_40_181_fpocket_12	794
P00491_PF01048_27_276_fpocket_4	761
P00492_PF00156_42_195_fpocket_1	576
P00505_PF00155_58_425_fpocket_4	503
P00533_PF00757_185_338_fpocket_5	1108
P00533_PF07714_714_966_fpocket_10	422
P00533_PF14843_505_637_fpocket_1	652
P00533_PF14843_505_637_fpocket_3	1786
P00568_PF00406_13_168_fpocket_9	610
P00734_PF00051_213_291_fpocket_2	1629
P00734_PF09396_317_363_fpocket_1	682
P00740_PF00089_227_454_fpocket_7	1417
P00740_PF00594_52_92_fpocket_5	1460
P00742_PF00008_90_120_fpocket_1	632
P00742_PF00008_90_120_fpocket_2	29
P00742_PF00594_45_85_fpocket_3	264
P00747_PF00024_25_96_fpocket_2	559
P00747_PF00051_103_181_fpocket_2	1598
P00748_PF00051_217_295_fpocket_3	1107
P00813_PF00962_10_349_fpocket_11	294
P00846_PF00119_20_222_fpocket_16	1228
P00846_PF00119_20_222_fpocket_8	1524
P00966_PF00764_7_170_fpocket_1	698
P00966_PF00764_7_170_fpocket_4	286
P00966_PF20979_179_402_fpocket_2	614
P00966_PF20979_179_402_fpocket_4	203
P00973_PF10421_164_345_fpocket_6	514
P01011_PF00079_52_420_fpocket_9	555
P01023_PF00207_738_828_fpocket_7	1006
P01023_PF01835_129_221_fpocket_4	229
P01023_PF07677_1375_1464_fpocket_7	261
P01023_PF17791_223_312_fpocket_1	700
P01024_PF00207_770_866_fpocket_2	1310
P01024_PF00207_770_866_fpocket_6	141
P01024_PF01759_1534_1644_fpocket_4	267
P01024_PF01821_693_728_fpocket_1	361
P01024_PF17789_355_446_fpocket_2	528
P01024_PF17790_24_124_fpocket_3	514
P01024_PF21308_1291_1351_fpocket_1	1814
P01024_PF21308_1291_1351_fpocket_2	1355
P01024_PF21406_940_979_fpocket_1	57
P01031_PF01835_126_219_fpocket_2	167
P01031_PF07703_468_611_fpocket_1	853
P01031_PF17791_221_304_fpocket_2	1803
P01031_PF21309_1311_1367_fpocket_2	141
P01031_PF21309_1311_1367_fpocket_5	257
P01033_PF00965_22_199_fpocket_11	996
P01040_PF00031_4_91_fpocket_1	1093
P01042_PF00031_24_114_fpocket_1	954
P01042_PF00031_266_360_fpocket_7	1201
P01106_PF00010_370_422_fpocket_2	823
P01127_PF00341_97_180_fpocket_1	502
P01127_PF00341_97_180_fpocket_6	1280
P01137_PF00688_31_261_fpocket_13	97
P01138_PF00243_129_237_fpocket_4	378
P01178_PF00184_39_116_fpocket_1	845
P01185_PF00184_39_116_fpocket_2	936
P01210_PF01160_25_70_fpocket_1	644
P01213_PF01160_21_67_fpocket_3	1667
P01215_PF00236_28_115_fpocket_1	1133
P01215_PF00236_28_115_fpocket_2	327
P01236_PF00103_15_227_fpocket_1	348
P01242_PF00103_9_215_fpocket_15	1262
P01266_PF00086_662_724_fpocket_2	865
P01266_PF00135_2199_2718_fpocket_10	567
P01270_PF01279_30_64_fpocket_2	963
P01282_PF00123_80_108_fpocket_1	1337
P01298_PF00159_31_66_fpocket_1	116
P01374_PF00229_77_205_fpocket_3	285
P01375_PF00229_102_233_fpocket_5	1173
P01563_PF00143_26_184_fpocket_5	48
P01566_PF00143_26_185_fpocket_3	1169
P01579_PF00714_15_152_fpocket_1	657
P01579_PF00714_15_152_fpocket_12	90
P01583_PF00340_157_266_fpocket_11	85
P01584_PF00340_147_264_fpocket_4	1093
P01589_PF00084_27_78_fpocket_1	783
P01591_PF15097_24_159_fpocket_1	147
P01593_PF07686_28_111_fpocket_2	1362
P01730_PF05790_126_202_fpocket_2	1128
P01730_PF05790_317_389_fpocket_4	628
P01730_PF09191_206_316_fpocket_1	382
P01730_PF09191_206_316_fpocket_2	1349
P01766_PF07686_31_115_fpocket_2	653
P01767_PF07686_32_115_fpocket_3	1360
P01848_PF09291_6_87_fpocket_1	497
P01848_PF09291_6_87_fpocket_2	1373
P01854_PF07654_132_199_fpocket_2	205
P01854_PF07654_326_411_fpocket_5	541
P01859_PF07654_119_207_fpocket_4	51
P01860_PF07654_170_258_fpocket_4	300
P01860_PF07654_278_362_fpocket_3	914
P01861_PF07654_120_208_fpocket_4	1829
P01871_PF07654_224_309_fpocket_1	893
P01876_PF00047_136_215_fpocket_4	191
P01876_PF07654_230_320_fpocket_2	537
P01880_PF00047_179_260_fpocket_2	270
P01889_PF00129_25_203_fpocket_1	1352
P01903_PF00993_29_106_fpocket_3	1448
P02042_PF00042_27_142_fpocket_3	5
P02100_PF00042_27_141_fpocket_9	615
P02144_PF00042_28_141_fpocket_8	140
P02452_PF01410_1228_1463_fpocket_1	36
P02452_PF01410_1228_1463_fpocket_2	1566
P02458_PF01410_1252_1486_fpocket_2	277
P02458_PF01410_1252_1486_fpocket_6	1757
P02462_PF01413_1447_1552_fpocket_6	689
P02462_PF01413_1557_1667_fpocket_4	293
P02545_PF00932_434_542_fpocket_3	12
P02549_PF00435_1396_1497_fpocket_7	782
P02647_PF01442_69_256_fpocket_6	1279
P02649_PF01442_81_288_fpocket_11	928
P02652_PF04711_1_96_fpocket_1	1140
P02652_PF04711_1_96_fpocket_3	699
P02654_PF04691_27_83_fpocket_2	1677
P02655_PF05355_24_100_fpocket_1	942
P02656_PF05778_22_90_fpocket_4	1721
P02671_PF00147_630_862_fpocket_1	896
P02671_PF00147_630_862_fpocket_3	369
P02686_PF01669_149_304_fpocket_1	53
P02708_PF02931_24_230_fpocket_15	478
P02730_PF00955_565_889_fpocket_10	1387
P02743_PF00354_26_219_fpocket_7	314
P02743_PF00354_26_219_fpocket_9	1595
P02745_PF00386_116_241_fpocket_1	117
P02746_PF00386_123_247_fpocket_4	77
P02747_PF00386_121_242_fpocket_2	1449
P02749_PF09014_261_345_fpocket_1	193
P02753_PF00061_39_173_fpocket_5	132
P02760_PF00014_231_282_fpocket_2	37
P02763_PF00061_40_179_fpocket_1	48
P02766_PF00576_34_138_fpocket_1	1197
P02768_PF00273_223_394_fpocket_7	46
P02768_PF00273_31_202_fpocket_5	1398
P02771_PF00273_415_592_fpocket_1	1032
P02771_PF00273_415_592_fpocket_6	166
P02774_PF00273_219_385_fpocket_3	90
P02774_PF09164_405_469_fpocket_1	13
P02774_PF09164_405_469_fpocket_2	421
P02786_PF02225_228_306_fpocket_5	1458
P02786_PF04253_638_749_fpocket_1	1597
P02786_PF04253_638_749_fpocket_4	24
P02787_PF00405_361_683_fpocket_10	1020
P02788_PF00405_25_352_fpocket_1	1336
P02788_PF00405_25_352_fpocket_17	1174
P02788_PF00405_364_695_fpocket_6	582
P02792_PF00210_15_154_fpocket_3	1175
P02792_PF00210_15_154_fpocket_8	388
P02794_PF00210_19_159_fpocket_1	919
P02794_PF00210_19_159_fpocket_4	554
P02814_PF15621_1_78_fpocket_1	1097
P02818_PF25890_65_99_fpocket_2	267
P03372_PF00105_184_252_fpocket_2	867
P03886_PF00146_5_304_fpocket_3	712
P03891_PF00361_23_284_fpocket_4	899
P03891_PF00361_23_284_fpocket_6	1170
P03897_PF00507_15_113_fpocket_1	140
P03897_PF00507_15_113_fpocket_5	1020
P03901_PF00420_4_98_fpocket_1	1049
P03901_PF00420_4_98_fpocket_3	1861
P03905_PF00361_112_397_fpocket_1	1548
P03905_PF00361_112_397_fpocket_3	24
P03905_PF01059_1_109_fpocket_4	98
P03905_PF01059_1_109_fpocket_7	1821
P03915_PF00361_134_419_fpocket_13	1615
P03915_PF00662_68_118_fpocket_1	770
P03915_PF00662_68_118_fpocket_2	1236
P03915_PF06455_422_602_fpocket_3	682
P03915_PF06455_422_602_fpocket_8	1654
P03923_PF00499_16_170_fpocket_12	888
P03928_PF00895_1_55_fpocket_1	1097
P03952_PF00024_201_284_fpocket_2	153
P03952_PF00024_22_104_fpocket_1	1825
P03971_PF00019_462_559_fpocket_1	538
P03973_PF00095_31_75_fpocket_1	218
P03973_PF00095_31_75_fpocket_2	1432
P04003_PF00084_113_170_fpocket_1	160
P04003_PF18453_541_589_fpocket_1	319
P04004_PF01033_22_60_fpocket_1	1374
P04035_PF00368_492_871_fpocket_18	1053
P04040_PF00199_28_410_fpocket_1	36
P04040_PF00199_28_410_fpocket_17	984
P04040_PF06628_437_496_fpocket_1	1511
P04040_PF06628_437_496_fpocket_2	649
P04049_PF02196_57_128_fpocket_3	1218
P04053_PF01909_319_403_fpocket_7	685
P04053_PF14791_445_508_fpocket_1	957
P04062_PF02055_117_466_fpocket_11	263
P04062_PF17189_469_531_fpocket_2	478
P04062_PF17189_469_531_fpocket_5	146
P04066_PF01120_29_367_fpocket_10	744
P04070_PF00594_47_85_fpocket_1	691
P04080_PF00031_4_91_fpocket_3	611
P04085_PF00341_96_179_fpocket_1	1072
P04085_PF04692_21_95_fpocket_1	649
P04114_PF06448_960_1071_fpocket_10	559
P04114_PF09172_632_937_fpocket_2	1007
P04114_PF12491_4494_4549_fpocket_4	287
P04118_PF01114_21_60_fpocket_1	1089
P04118_PF02740_63_106_fpocket_1	165
P04118_PF02740_63_106_fpocket_2	969
P04141_PF01109_18_139_fpocket_4	960
P04155_PF00088_31_71_fpocket_2	228
P04156_PF00377_134_251_fpocket_1	1799
P04179_PF00081_25_106_fpocket_1	189
P04179_PF00081_25_106_fpocket_3	43
P04179_PF02777_113_216_fpocket_1	549
P04179_PF02777_113_216_fpocket_4	214
P04181_PF00202_50_436_fpocket_2	902
P04183_PF00265_19_189_fpocket_1	506
P04233_PF00086_224_269_fpocket_1	923
P04233_PF08831_136_203_fpocket_4	228
P04233_PF08831_136_203_fpocket_5	950
P04234_PF16680_30_99_fpocket_4	1393
P04275_PF00092_1277_1449_fpocket_1	387
P04275_PF00094_388_540_fpocket_6	812
P04278_PF00054_75_204_fpocket_6	317
P04350_PF03953_261_382_fpocket_7	573
P04406_PF00044_4_104_fpocket_2	1088
P04406_PF00044_4_104_fpocket_4	7
P04406_PF02800_157_314_fpocket_3	968
P04424_PF00206_11_305_fpocket_1	475
P04424_PF00206_11_305_fpocket_26	397
P04424_PF14698_368_435_fpocket_4	581
P04424_PF14698_368_435_fpocket_5	911
P04440_PF00969_43_112_fpocket_1	1259
P04440_PF00969_43_112_fpocket_2	1002
P04626_PF00757_190_343_fpocket_10	1227
P04626_PF00757_190_343_fpocket_5	1765
P04626_PF14843_511_642_fpocket_4	158
P04626_PF21314_654_688_fpocket_4	521
P04628_PF00110_61_369_fpocket_14	588
P04637_PF00870_100_288_fpocket_7	1665
P04792_PF00011_88_184_fpocket_3	305
P04792_PF00011_88_184_fpocket_7	1437
P04808_PF00049_33_185_fpocket_12	1317
P04818_PF00303_32_313_fpocket_1	879
P04818_PF00303_32_313_fpocket_19	1166
P04839_PF08022_295_394_fpocket_3	376
P04843_PF04597_32_456_fpocket_31	22
P04844_PF23860_377_503_fpocket_1	79
P04844_PF23860_377_503_fpocket_3	1680
P04844_PF23861_271_369_fpocket_3	334
P04844_PF25147_530_628_fpocket_3	390
P04844_PF25147_530_628_fpocket_8	649
P04899_PF00503_14_344_fpocket_12	1074
P04920_PF00955_680_1220_fpocket_1	794
P05015_PF00143_26_183_fpocket_3	24
P05015_PF00143_26_183_fpocket_7	929
P05023_PF00122_164_274_fpocket_9	368
P05023_PF00690_44_111_fpocket_2	1759
P05023_PF00690_44_111_fpocket_3	1415
P05067_PF00014_290_341_fpocket_3	1028
P05067_PF02177_31_131_fpocket_2	1233
P05067_PF12924_132_188_fpocket_1	541
P05067_PF12924_132_188_fpocket_2	1572
P05067_PF12925_367_548_fpocket_17	336
P05089_PF00491_7_301_fpocket_12	796
P05091_PF00171_45_508_fpocket_1	1079
P05106_PF00362_134_381_fpocket_5	410
P05106_PF07965_632_717_fpocket_5	332
P05106_PF08725_742_785_fpocket_2	582
P05106_PF18372_463_492_fpocket_1	1651
P05107_PF00362_122_367_fpocket_5	1021
P05107_PF07965_621_699_fpocket_2	1810
P05107_PF07965_621_699_fpocket_3	1240
P05107_PF08725_724_766_fpocket_1	970
P05112_PF00727_26_149_fpocket_1	1472
P05112_PF00727_26_149_fpocket_2	467
P05113_PF02025_22_133_fpocket_1	1829
P05113_PF02025_22_133_fpocket_4	256
P05120_PF00079_7_415_fpocket_5	833
P05129_PF00130_36_86_fpocket_2	677
P05154_PF00079_45_406_fpocket_3	143
P05156_PF21286_39_59_fpocket_1	414
P05156_PF21287_61_106_fpocket_1	704
P05156_PF21287_61_106_fpocket_2	385
P05160_PF00084_336_389_fpocket_1	44
P05165_PF00364_661_727_fpocket_1	413
P05165_PF02785_397_505_fpocket_6	1701
P05165_PF18140_525_653_fpocket_4	341
P05186_PF00245_51_490_fpocket_2	200
P05198_PF07541_131_243_fpocket_4	1270
P05198_PF07541_131_243_fpocket_5	21
P05231_PF00489_27_212_fpocket_2	15
P05231_PF00489_27_212_fpocket_9	116
P05362_PF13895_313_389_fpocket_1	1310
P05362_PF21146_219_308_fpocket_1	996
P05362_PF21146_219_308_fpocket_4	1719
P05387_PF00428_17_114_fpocket_5	670
P05388_PF00466_8_103_fpocket_2	1588
P05388_PF17777_111_180_fpocket_1	1052
P05388_PF17777_111_180_fpocket_2	1572
P05423_PF05132_263_389_fpocket_1	466
P05455_PF05383_17_74_fpocket_2	385
P05496_PF00137_70_132_fpocket_2	34
P05556_PF17205_25_76_fpocket_2	0
P05556_PF18372_466_495_fpocket_1	1633
P05556_PF18372_466_495_fpocket_2	573
P05556_PF23105_511_554_fpocket_4	598
P05771_PF00433_623_662_fpocket_1	548
P05813_PF00030_125_213_fpocket_1	1289
P05981_PF09272_51_159_fpocket_1	116
P05981_PF09272_51_159_fpocket_7	1286
P05997_PF01410_1265_1498_fpocket_11	33
P06028_PF01102_23_90_fpocket_1	877
P06126_PF16497_1_196_fpocket_1	766
P06132_PF01208_15_360_fpocket_19	712
P06132_PF01208_15_360_fpocket_4	557
P06213_PF00757_179_340_fpocket_5	201
P06213_PF00757_179_340_fpocket_7	373
P06276_PF00135_31_550_fpocket_18	161
P06280_PF16499_39_322_fpocket_1	700
P06280_PF16499_39_322_fpocket_4	1707
P06280_PF17450_325_411_fpocket_4	1344
P06280_PF17450_325_411_fpocket_5	1382
P06310_PF07686_26_114_fpocket_2	229
P06340_PF00993_29_108_fpocket_4	267
P06396_PF00626_76_158_fpocket_4	168
P06400_PF11934_113_226_fpocket_9	1330
P06576_PF22919_411_493_fpocket_7	1471
P06681_PF00089_473_703_fpocket_16	192
P06727_PF01442_245_359_fpocket_4	87
P06727_PF01442_61_250_fpocket_16	1128
P06727_PF01442_61_250_fpocket_6	1588
P06729_PF05790_135_205_fpocket_1	980
P06730_PF01652_38_197_fpocket_6	1324
P06731_PF07686_39_140_fpocket_1	74
P06731_PF13895_240_318_fpocket_3	203
P06731_PF13895_418_496_fpocket_5	1447
P06733_PF00113_143_430_fpocket_2	279
P06733_PF00113_143_430_fpocket_6	312
P06744_PF00342_54_546_fpocket_34	517
P06744_PF00342_54_546_fpocket_37	1452
P06746_PF10391_100_147_fpocket_3	1236
P06746_PF14716_12_82_fpocket_2	424
P06746_PF14792_149_262_fpocket_3	147
P06748_PF03066_18_117_fpocket_3	93
P06748_PF16276_245_293_fpocket_1	417
P06748_PF16276_245_293_fpocket_2	185
P06756_PF20805_626_764_fpocket_3	585
P06756_PF20805_626_764_fpocket_7	627
P06850_PF00473_157_194_fpocket_2	469
P06865_PF00728_167_487_fpocket_1	1045
P06881_PF00214_1_123_fpocket_5	719
P06899_PF00125_20_101_fpocket_1	221
P07101_PF00351_195_524_fpocket_1	1012
P07108_PF00887_3_78_fpocket_6	741
P07148_PF14651_1_127_fpocket_2	1079
P07195_PF02866_165_330_fpocket_1	466
P07199_PF03221_74_134_fpocket_4	1372
P07202_PF03098_151_709_fpocket_2	1231
P07204_PF25444_176_240_fpocket_1	2
P07205_PF00162_9_406_fpocket_1	1000
P07205_PF00162_9_406_fpocket_16	991
P07237_PF00085_369_471_fpocket_2	1044
P07306_PF03954_4_144_fpocket_6	407
P07306_PF03954_4_144_fpocket_7	596
P07307_PF03954_4_167_fpocket_5	1801
P07311_PF00708_11_97_fpocket_1	881
P07311_PF00708_11_97_fpocket_4	1542
P07315_PF00030_3_79_fpocket_1	1651
P07320_PF00030_89_170_fpocket_4	947
P07327_PF08240_34_162_fpocket_1	985
P07333_PF25305_414_533_fpocket_1	675
P07333_PF25305_414_533_fpocket_7	794
P07358_PF00090_551_590_fpocket_2	693
P07437_PF00091_3_211_fpocket_2	1284
P07478_PF00089_24_239_fpocket_9	938
P07585_PF01462_54_80_fpocket_2	1668
P07602_PF02199_492_524_fpocket_1	867
P07602_PF03489_106_138_fpocket_3	1350
P07602_PF05184_62_98_fpocket_1	570
P07602_PF05184_62_98_fpocket_3	1736
P07686_PF00728_200_516_fpocket_2	179
P07686_PF14845_56_178_fpocket_11	1184
P07711_PF00112_115_332_fpocket_14	1807
P07711_PF08246_29_88_fpocket_1	33
P07737_PF00235_3_140_fpocket_1	1412
P07737_PF00235_3_140_fpocket_2	1236
P07741_PF00156_33_158_fpocket_1	292
P07766_PF16681_36_127_fpocket_1	1785
P07766_PF16681_36_127_fpocket_8	157
P07814_PF00458_753_805_fpocket_3	667
P07814_PF00458_826_878_fpocket_3	917
P07814_PF00587_1113_1284_fpocket_2	432
P07814_PF00749_197_501_fpocket_5	445
P07814_PF03129_1303_1403_fpocket_11	1610
P07814_PF03950_504_594_fpocket_1	472
P07814_PF09180_1430_1512_fpocket_2	434
P07814_PF21972_92_155_fpocket_1	1166
P07814_PF21972_92_155_fpocket_3	295
P07858_PF00112_80_328_fpocket_8	1307
P07900_PF13589_43_159_fpocket_6	435
P07902_PF01087_23_196_fpocket_1	102
P07902_PF02744_203_368_fpocket_2	510
P07902_PF02744_203_368_fpocket_5	260
P07911_PF12947_34_63_fpocket_1	805
P07911_PF23283_206_288_fpocket_1	1606
P07911_PF23344_335_428_fpocket_5	611
P07919_PF02320_28_91_fpocket_1	228
P07919_PF02320_28_91_fpocket_2	57
P07942_PF00053_335_386_fpocket_3	193
P07942_PF00053_976_1025_fpocket_1	284
P07942_PF00055_35_269_fpocket_9	947
P07942_PF21199_553_764_fpocket_5	340
P07949_PF17756_29_153_fpocket_1	110
P07949_PF17812_265_379_fpocket_6	478
P07949_PF17812_265_379_fpocket_7	627
P07949_PF17813_405_506_fpocket_2	599
P07949_PF22540_518_620_fpocket_2	550
P07949_PF22540_518_620_fpocket_7	1199
P07954_PF00206_58_389_fpocket_1	219
P07988_PF02199_31_60_fpocket_1	462
P07988_PF02199_31_60_fpocket_2	932
P07988_PF03489_111_143_fpocket_1	581
P07988_PF03489_334_366_fpocket_1	1805
P07992_PF03834_100_213_fpocket_1	1617
P07992_PF03834_100_213_fpocket_3	918
P07996_PF02412_846_882_fpocket_1	632
P07996_PF02412_919_950_fpocket_1	273
P07996_PF05735_972_1169_fpocket_1	206
P08034_PF00029_2_213_fpocket_12	445
P08048_PF13909_572_597_fpocket_1	358
P08118_PF05825_21_114_fpocket_1	108
P08118_PF05825_21_114_fpocket_3	404
P08133_PF00191_97_161_fpocket_1	488
P08138_PF00020_109_146_fpocket_2	57
P08138_PF00531_345_417_fpocket_4	1493
P08183_PF00005_1053_1204_fpocket_16	647
P08183_PF00005_410_559_fpocket_10	84
P08183_PF00664_52_343_fpocket_4	1383
P08195_PF00128_234_331_fpocket_1	44
P08195_PF16028_155_225_fpocket_1	844
P08236_PF00703_226_327_fpocket_2	1291
P08236_PF00703_226_327_fpocket_7	462
P08236_PF02836_329_630_fpocket_3	1858
P08236_PF02837_39_224_fpocket_3	821
P08236_PF02837_39_224_fpocket_6	462
P08237_PF00365_18_323_fpocket_12	1022
P08237_PF00365_403_686_fpocket_8	392
P08238_PF00183_191_702_fpocket_10	463
P08240_PF00448_419_636_fpocket_1	1342
P08240_PF00448_419_636_fpocket_6	463
P08240_PF04086_28_294_fpocket_19	113
P08243_PF00733_235_382_fpocket_1	226
P08243_PF00733_235_382_fpocket_17	1755
P08243_PF00733_383_537_fpocket_11	27
P08243_PF13537_48_165_fpocket_2	1564
P08243_PF13537_48_165_fpocket_5	283
P08253_PF00040_349_390_fpocket_1	58
P08253_PF00413_118_219_fpocket_3	530
P08253_PF01471_70_97_fpocket_1	1668
P08254_PF01471_33_87_fpocket_1	1228
P08263_PF02798_6_77_fpocket_2	127
P08294_PF00080_78_210_fpocket_1	793
P08311_PF00089_21_238_fpocket_5	1852
P08319_PF08240_34_167_fpocket_11	906
P08397_PF01379_21_232_fpocket_11	121
P08397_PF03900_245_317_fpocket_4	1279
P08473_PF05649_79_483_fpocket_1	1738
P08476_PF00019_321_425_fpocket_1	369
P08514_PF08441_481_631_fpocket_5	286
P08514_PF20805_633_773_fpocket_2	1151
P08514_PF20806_779_987_fpocket_5	748
P08519_PF00051_1168_1245_fpocket_3	184
P08519_PF00051_142_219_fpocket_1	634
P08519_PF00051_1502_1579_fpocket_1	1472
P08519_PF00051_370_447_fpocket_2	947
P08519_PF00051_712_789_fpocket_2	1430
P08519_PF00051_940_1017_fpocket_1	952
P08519_PF00089_1820_2033_fpocket_9	1083
P08559_PF00676_67_361_fpocket_17	845
P08567_PF00169_6_101_fpocket_2	70
P08572_PF01413_1491_1594_fpocket_1	820
P08572_PF01413_1599_1710_fpocket_3	407
P08572_PF01413_1599_1710_fpocket_4	1410
P08574_PF02167_96_312_fpocket_1	312
P08574_PF02167_96_312_fpocket_12	574
P08575_PF12567_237_295_fpocket_1	398
P08581_PF01437_520_561_fpocket_3	744
P08581_PF01833_563_654_fpocket_1	920
P08581_PF01833_657_728_fpocket_2	332
P08603_PF00084_1109_1163_fpocket_3	1302
P08620_PF00167_82_203_fpocket_1	1327
P08621_PF12220_3_94_fpocket_1	876
P08621_PF12220_3_94_fpocket_2	20
P08637_PF13895_117_188_fpocket_1	314
P08651_PF03165_70_170_fpocket_7	1825
P08651_PF10524_9_47_fpocket_1	228
P08697_PF00079_85_436_fpocket_26	114
P08700_PF02059_20_137_fpocket_2	1407
P08708_PF00833_1_121_fpocket_1	1044
P08708_PF00833_1_121_fpocket_2	1220
P08709_PF14670_151_187_fpocket_1	720
P08758_PF00191_20_84_fpocket_2	1469
P08758_PF00191_91_156_fpocket_2	819
P08833_PF00086_177_251_fpocket_4	322
P08842_PF00884_27_413_fpocket_1	1272
P08842_PF00884_27_413_fpocket_22	572
P08842_PF14707_437_572_fpocket_4	876
P08865_PF00318_113_181_fpocket_4	205
P08865_PF00318_113_181_fpocket_6	494
P08865_PF00318_19_111_fpocket_4	984
P08865_PF00318_19_111_fpocket_5	269
P08910_PF00561_127_382_fpocket_6	999
P08F94_PF01833_1019_1102_fpocket_1	1827
P09001_PF00297_115_278_fpocket_14	1382
P09001_PF00297_115_278_fpocket_15	1577
P09001_PF00297_279_340_fpocket_1	605
P09001_PF00297_3_116_fpocket_1	1040
P09016_PF00046_155_211_fpocket_2	1604
P09093_PF00089_30_263_fpocket_2	153
P09093_PF00089_30_263_fpocket_4	159
P09110_PF00108_38_290_fpocket_1	785
P09110_PF02803_299_420_fpocket_2	436
P09110_PF02803_299_420_fpocket_3	30
P09131_PF24690_64_172_fpocket_5	1402
P09132_PF01922_17_114_fpocket_2	1602
P09132_PF01922_17_114_fpocket_6	497
P09172_PF03351_58_170_fpocket_6	500
P09172_PF03712_361_516_fpocket_1	64
P09172_PF03712_361_516_fpocket_8	941
P09210_PF00043_100_192_fpocket_1	1770
P09210_PF02798_6_77_fpocket_1	1445
P09211_PF02798_6_74_fpocket_3	1495
P09211_PF14497_98_196_fpocket_1	369
P09228_PF00031_32_127_fpocket_1	505
P09238_PF01471_33_86_fpocket_1	814
P09429_PF09011_6_78_fpocket_1	1844
P09466_PF00061_34_173_fpocket_2	1161
P09471_PF00503_14_343_fpocket_3	1160
P09486_PF10591_153_289_fpocket_1	976
P09488_PF00043_105_191_fpocket_1	444
P09496_PF01086_26_246_fpocket_9	755
P09497_PF01086_4_226_fpocket_17	62
P09525_PF00191_249_314_fpocket_5	106
P09525_PF00191_90_155_fpocket_3	895
P09529_PF00688_70_277_fpocket_12	1272
P09543_PF05881_186_420_fpocket_1	362
P09543_PF05881_186_420_fpocket_14	151
P09544_PF00110_44_349_fpocket_6	974
P09601_PF01126_12_216_fpocket_7	325
P09603_PF05337_41_180_fpocket_1	455
P09622_PF02852_389_497_fpocket_3	617
P09622_PF02852_389_497_fpocket_4	331
P09668_PF00112_117_332_fpocket_11	42
P09669_PF02937_6_74_fpocket_2	422
P09669_PF02937_6_74_fpocket_3	581
P09683_PF00123_27_55_fpocket_1	74
P09693_PF16680_39_110_fpocket_1	75
P09758_PF18635_34_72_fpocket_2	1799
P09758_PF21283_151_262_fpocket_1	168
P09758_PF21283_151_262_fpocket_8	1151
P09848_PF00232_1375_1840_fpocket_28	280
P09848_PF00232_82_207_fpocket_1	1294
P09871_PF00431_19_127_fpocket_6	1682
P09874_PF00533_387_461_fpocket_4	181
P09874_PF00645_116_199_fpocket_2	589
P09874_PF00645_12_88_fpocket_1	984
P09874_PF00645_12_88_fpocket_2	1409
P09874_PF05406_554_630_fpocket_3	802
P09874_PF08063_291_331_fpocket_1	1606
P09874_PF21728_231_290_fpocket_1	674
P09874_PF21728_231_290_fpocket_3	579
P09884_PF00136_775_1227_fpocket_9	83
P09884_PF03104_475_710_fpocket_2	280
P09884_PF03104_475_710_fpocket_7	853
P09917_PF00305_222_658_fpocket_32	938
P09917_PF01477_4_112_fpocket_1	147
P09919_PF16647_51_202_fpocket_3	262
P09936_PF01088_5_205_fpocket_1	101
P09958_PF00082_144_427_fpocket_3	1226
P09958_PF00082_144_427_fpocket_4	908
P09958_PF01483_484_569_fpocket_3	585
P09958_PF16470_33_107_fpocket_1	251
P09958_PF16470_33_107_fpocket_2	251
P09960_PF17900_20_202_fpocket_1	1184
P09972_PF00274_15_364_fpocket_1	424
P0C091_PF03160_2008_2125_fpocket_2	486
P0C091_PF16184_1070_1186_fpocket_8	665
P0C091_PF16184_1307_1419_fpocket_2	1104
P0C091_PF16184_1682_1758_fpocket_2	353
P0C0E4_PF00071_16_174_fpocket_10	1411
P0C0L4_PF01759_1616_1724_fpocket_2	410
P0C0L4_PF01835_141_233_fpocket_3	294
P0C0L4_PF07703_477_610_fpocket_3	1501
P0C0L4_PF17791_235_321_fpocket_2	1014
P0C0L4_PF21145_23_134_fpocket_6	872
P0C0L4_PF22661_1320_1386_fpocket_6	141
P0C0L5_PF00207_781_869_fpocket_2	246
P0C0L5_PF01759_1616_1724_fpocket_3	343
P0C0L5_PF07677_1481_1570_fpocket_5	688
P0C0L5_PF17789_370_454_fpocket_2	167
P0C0L5_PF17789_370_454_fpocket_3	110
P0C0L5_PF21145_23_134_fpocket_5	1105
P0C0L5_PF21145_23_134_fpocket_8	1514
P0C1S8_PF00069_214_482_fpocket_22	331
P0C1Z6_PF24245_79_124_fpocket_1	534
P0C1Z6_PF24245_79_124_fpocket_3	1341
P0C2L3_PF15069_1_166_fpocket_13	1024
P0C2S0_PF11057_7_81_fpocket_2	494
P0C2W1_PF12937_38_84_fpocket_4	940
P0C645_PF13853_36_307_fpocket_4	1060
P0C672_PF00335_10_238_fpocket_17	256
P0C6T2_PF10215_1_33_fpocket_1	363
P0C7A2_PF15722_78_122_fpocket_2	98
P0C7H9_PF00443_81_372_fpocket_7	1691
P0C7M7_PF13193_486_566_fpocket_1	200
P0C7M8_PF00059_119_210_fpocket_5	343
P0C7N4_PF15194_241_346_fpocket_1	1097
P0C7P0_PF09360_55_75_fpocket_1	824
P0C7P0_PF09360_90_114_fpocket_1	1259
P0C7P3_PF17057_83_204_fpocket_3	138
P0C7P3_PF21026_400_535_fpocket_2	840
P0C7P3_PF21026_400_535_fpocket_8	1581
P0C7P4_PF00355_211_269_fpocket_1	1481
P0C7P4_PF02921_89_154_fpocket_1	1689
P0C7P4_PF02921_89_154_fpocket_6	297
P0C7Q5_PF00892_191_324_fpocket_1	1197
P0C7Q5_PF00892_191_324_fpocket_2	1756
P0C7Q6_PF00892_42_173_fpocket_12	143
P0C7T5_PF08517_469_580_fpocket_1	120
P0C7U0_PF22986_317_398_fpocket_6	1435
P0C7U3_PF01529_122_272_fpocket_1	617
P0C7V4_PF15288_41_82_fpocket_1	1153
P0C7V6_PF12090_75_217_fpocket_1	144
P0C7W0_PF15248_39_112_fpocket_2	635
P0C7W8_PF15288_41_82_fpocket_3	1254
P0C7X3_PF00134_71_169_fpocket_2	95
P0C860_PF05712_3_338_fpocket_23	1863
P0C866_PF14648_72_273_fpocket_13	1768
P0C869_PF00168_11_113_fpocket_3	552
P0C869_PF01735_297_503_fpocket_1	1612
P0C869_PF18695_151_244_fpocket_1	1338
P0C870_PF13621_39_297_fpocket_3	1397
P0CAP2_PF15328_27_241_fpocket_8	879
P0CB38_PF00076_12_82_fpocket_2	9
P0CB48_PF00505_107_174_fpocket_2	142
P0CF75_PF06407_18_366_fpocket_13	766
P0CF75_PF06407_18_366_fpocket_2	113
P0CG08_PF12430_277_446_fpocket_2	726
P0CG08_PF12537_142_207_fpocket_1	1303
P0CG08_PF12537_142_207_fpocket_2	615
P0CG13_PF09696_51_113_fpocket_4	1534
P0CG30_PF00043_127_198_fpocket_4	1055
P0CG30_PF02798_16_74_fpocket_3	163
P0CG34_PF01290_3_40_fpocket_1	682
P0CG38_PF00022_703_1075_fpocket_15	1151
P0CG47_PF00240_3_74_fpocket_2	1338
P0CG48_PF00240_3_74_fpocket_2	905
P0CG48_PF00240_459_530_fpocket_2	660
P0CG48_PF00240_535_606_fpocket_1	598
P0CI01_PF11357_351_398_fpocket_2	1306
P0CI26_PF00643_89_129_fpocket_2	1679
P0CJ77_PF15040_1_24_fpocket_1	1472
P0CJ77_PF15040_1_24_fpocket_2	1333
P0CJ78_PF13912_252_276_fpocket_1	57
P0CV98_PF00956_120_244_fpocket_7	313
P0CW19_PF00412_72_114_fpocket_3	701
P0CW23_PF10470_12_46_fpocket_1	18
P0CW23_PF10470_12_46_fpocket_2	641
P0CW24_PF14893_158_319_fpocket_1	368
P0CW27_PF14988_72_259_fpocket_6	148
P0CW27_PF14988_72_259_fpocket_7	70
P0DI82_PF04628_9_136_fpocket_12	123
P0DI82_PF04628_9_136_fpocket_3	617
P0DJ07_PF09803_1_67_fpocket_4	1330
P0DJ93_PF15938_1_52_fpocket_1	799
P0DJ93_PF15938_1_52_fpocket_2	560
P0DJD1_PF00638_1041_1161_fpocket_6	502
P0DJD1_PF01465_1698_1740_fpocket_1	486
P0DJD1_PF01465_1698_1740_fpocket_2	334
P0DJD3_PF00076_10_79_fpocket_2	1711
P0DJD9_PF00026_75_387_fpocket_2	842
P0DJI8_PF00277_23_122_fpocket_1	463
P0DJI8_PF00277_23_122_fpocket_4	970
P0DJI9_PF00277_23_122_fpocket_2	1118
P0DJR0_PF04548_10_210_fpocket_14	1030
P0DKL9_PF14949_36_137_fpocket_1	1181
P0DKL9_PF14949_36_137_fpocket_9	1028
P0DKX4_PF15831_8_63_fpocket_1	397
P0DML2_PF00103_9_215_fpocket_10	273
P0DML2_PF00103_9_215_fpocket_4	687
P0DMS8_PF00001_29_282_fpocket_12	1855
P0DMU7_PF15300_121_183_fpocket_3	90
P0DMV2_PF15300_121_183_fpocket_1	1545
P0DN80_PF13853_31_304_fpocket_15	16
P0DN86_PF00007_27_130_fpocket_6	994
P0DN87_PF00007_27_130_fpocket_4	1572
P0DP01_PF07686_32_116_fpocket_4	43
P0DP04_PF07686_28_116_fpocket_6	1783
P0DP23_PF13499_12_73_fpocket_1	307
P0DP23_PF13499_12_73_fpocket_2	670
P0DP23_PF13499_83_147_fpocket_1	682
P0DP23_PF13499_83_147_fpocket_2	911
P0DP42_PF25452_20_172_fpocket_5	919
P0DP58_PF00087_21_92_fpocket_1	1646
P0DP58_PF00087_21_92_fpocket_2	269
P0DP74_PF00711_30_61_fpocket_1	805
P0DP91_PF13843_609_967_fpocket_10	50
P0DP91_PF13843_609_967_fpocket_4	445
P0DPB6_PF13656_39_112_fpocket_2	2
P0DPD6_PF01431_607_810_fpocket_1	531
P0DPD6_PF05649_162_548_fpocket_14	1097
P0DPD8_PF05649_234_620_fpocket_4	94
P0DPH7_PF03953_263_392_fpocket_8	1291
P0DPK4_PF00008_129_158_fpocket_1	1791
P0DSN7_PF07686_28_109_fpocket_4	446
P0DTA3_PF11357_109_217_fpocket_9	132
P0DTA3_PF11357_215_261_fpocket_5	228
P0DTE0_PF05296_1_297_fpocket_29	311
P0DTE4_PF00201_21_239_fpocket_10	990
P0DTE4_PF00201_332_524_fpocket_12	84
P0DTE4_PF00201_332_524_fpocket_5	16
P0DTE7_PF00128_84_217_fpocket_2	950
P0DTE7_PF02806_423_507_fpocket_1	1390
P0DTU4_PF07654_147_238_fpocket_4	1047
P0DUD3_PF11357_109_217_fpocket_5	266
P0DUD3_PF11357_215_261_fpocket_2	585
P10071_PF23561_515_544_fpocket_1	827
P10071_PF23561_515_544_fpocket_2	1349
P10082_PF00159_30_65_fpocket_3	1656
P10109_PF00111_73_156_fpocket_1	795
P10109_PF00111_73_156_fpocket_2	190
P10155_PF25045_370_534_fpocket_13	928
P10176_PF02285_26_67_fpocket_1	865
P10242_PF00249_144_187_fpocket_1	67
P10242_PF00249_92_138_fpocket_1	708
P10243_PF13921_142_194_fpocket_1	268
P10243_PF13921_38_97_fpocket_1	5
P10243_PF13921_38_97_fpocket_4	949
P10244_PF13921_34_93_fpocket_2	363
P10244_PF13921_86_143_fpocket_6	1409
P10253_PF00088_82_130_fpocket_2	1504
P10253_PF01055_361_712_fpocket_3	102
P10253_PF13802_175_318_fpocket_5	1301
P10253_PF21365_720_824_fpocket_1	1606
P10266_PF00078_76_245_fpocket_7	532
P10266_PF00665_645_739_fpocket_2	1110
P10266_PF02022_592_629_fpocket_1	912
P10266_PF06817_252_317_fpocket_4	114
P10275_PF00105_558_626_fpocket_2	1646
P10412_PF00538_38_108_fpocket_1	201
P10415_PF02180_8_32_fpocket_1	136
P10515_PF00198_420_647_fpocket_19	74
P10515_PF00364_220_293_fpocket_2	1663
P10515_PF02817_355_389_fpocket_1	1808
P10523_PF02752_203_363_fpocket_6	1119
P10588_PF00104_197_376_fpocket_8	1436
P10600_PF00019_314_411_fpocket_2	187
P10600_PF00688_25_228_fpocket_10	1184
P10606_PF01215_13_123_fpocket_4	57
P10619_PF00450_39_476_fpocket_8	48
P10620_PF01124_17_149_fpocket_4	341
P10643_PF00090_34_79_fpocket_2	108
P10643_PF18434_791_838_fpocket_1	1726
P10643_PF21330_705_757_fpocket_1	293
P10643_PF21330_705_757_fpocket_2	1179
P10644_PF00027_156_236_fpocket_3	67
P10644_PF02197_25_62_fpocket_1	918
P10645_PF01271_25_89_fpocket_1	18
P10645_PF01271_87_457_fpocket_24	148
P10646_PF00014_124_176_fpocket_1	94
P10696_PF00245_52_487_fpocket_15	1053
P10720_PF00048_43_100_fpocket_2	1412
P10720_PF00048_43_100_fpocket_6	1740
P10745_PF03572_438_616_fpocket_7	662
P10745_PF03572_743_918_fpocket_1	1257
P10745_PF11918_309_436_fpocket_3	338
P10745_PF11918_921_1039_fpocket_2	345
P10746_PF02602_19_252_fpocket_5	736
P10747_PF15910_26_125_fpocket_1	371
P10747_PF15910_26_125_fpocket_3	1288
P10767_PF00167_84_205_fpocket_3	668
P10768_PF00756_23_274_fpocket_1	226
P10768_PF00756_23_274_fpocket_3	166
P10826_PF00104_227_399_fpocket_1	650
P10827_PF00104_215_376_fpocket_11	1115
P10911_PF00621_499_673_fpocket_11	241
P10914_PF00605_7_112_fpocket_2	834
P10915_PF00193_160_253_fpocket_1	537
P10915_PF00193_160_253_fpocket_3	312
P10915_PF00193_267_350_fpocket_1	423
P11021_PF00012_30_635_fpocket_28	341
P11047_PF24973_724_766_fpocket_1	1858
P11117_PF00328_33_329_fpocket_8	243
P11137_PF00418_1723_1754_fpocket_1	1058
P11137_PF00418_1723_1754_fpocket_2	867
P11166_PF00083_19_466_fpocket_6	1725
P11168_PF00083_14_499_fpocket_25	1470
P11171_PF00373_292_401_fpocket_9	334
P11171_PF09379_214_276_fpocket_2	141
P11171_PF09380_406_492_fpocket_1	523
P11172_PF00215_252_466_fpocket_1	467
P11172_PF00215_252_466_fpocket_6	187
P11177_PF02779_33_206_fpocket_1	1264
P11182_PF00364_66_138_fpocket_1	660
P11215_PF08441_614_768_fpocket_2	1103
P11215_PF08441_614_768_fpocket_3	1738
P11215_PF21520_922_1101_fpocket_5	1177
P11216_PF00343_114_828_fpocket_39	1336
P11216_PF00343_114_828_fpocket_42	561
P11217_PF00343_115_828_fpocket_39	463
P11245_PF00797_20_279_fpocket_15	1607
P11245_PF00797_20_279_fpocket_7	1355
P11274_PF19057_703_775_fpocket_5	115
P11277_PF00307_174_278_fpocket_10	940
P11277_PF00435_1690_1793_fpocket_6	1839
P11277_PF00435_1797_1900_fpocket_3	596
P11277_PF00435_744_846_fpocket_11	682
P11277_PF00435_744_846_fpocket_2	219
P11279_PF01299_30_178_fpocket_4	260
P11308_PF02198_116_197_fpocket_1	1341
P11310_PF02770_157_255_fpocket_1	948
P11387_PF01028_432_664_fpocket_2	1309
P11387_PF01028_432_664_fpocket_6	425
P11387_PF02919_215_429_fpocket_1	694
P11387_PF02919_215_429_fpocket_7	592
P11387_PF14370_695_765_fpocket_3	197
P11387_PF14370_695_765_fpocket_5	97
P11388_PF00204_266_426_fpocket_2	711
P11388_PF01751_456_558_fpocket_8	744
P11388_PF02518_80_176_fpocket_10	857
P11388_PF16898_573_711_fpocket_3	1201
P11388_PF16898_573_711_fpocket_8	1400
P11413_PF00479_35_210_fpocket_4	1260
P11413_PF02781_212_503_fpocket_12	78
P11441_PF17840_96_142_fpocket_1	703
P11441_PF17840_96_142_fpocket_2	877
P11465_PF07686_41_130_fpocket_2	543
P11465_PF13927_148_221_fpocket_6	492
P11474_PF00105_78_146_fpocket_1	267
P11488_PF00503_10_339_fpocket_3	120
P11498_PF00289_37_145_fpocket_8	1082
P11498_PF00364_1111_1177_fpocket_1	197
P11498_PF00682_698_806_fpocket_1	494
P11498_PF00682_698_806_fpocket_2	693
P11498_PF02436_861_1061_fpocket_10	1002
P11498_PF02785_375_483_fpocket_7	357
P11498_PF02786_151_358_fpocket_2	347
P11532_PF00435_2000_2097_fpocket_2	705
P11532_PF00435_2690_2800_fpocket_4	142
P11532_PF09068_3089_3207_fpocket_1	1850
P11532_PF09069_3211_3302_fpocket_3	414
P11532_PF09069_3211_3302_fpocket_4	359
P11586_PF02882_146_293_fpocket_5	570
P11597_PF01273_36_208_fpocket_7	1140
P11597_PF02886_245_478_fpocket_19	830
P11678_PF03098_145_689_fpocket_4	767
P11686_PF04089_98_196_fpocket_2	1145
P11717_PF00878_127_265_fpocket_2	1145
P11717_PF00878_1323_1462_fpocket_3	636
P11717_PF00878_1758_1894_fpocket_8	543
P11717_PF00878_2240_2279_fpocket_1	1144
P11717_PF00878_281_420_fpocket_6	1805
P11717_PF00878_885_1023_fpocket_2	599
P11844_PF00030_3_82_fpocket_1	792
P11844_PF00030_3_82_fpocket_2	472
P11908_PF13793_4_120_fpocket_3	1261
P11908_PF13793_4_120_fpocket_4	1714
P11908_PF14572_203_313_fpocket_1	559
P11926_PF00278_40_387_fpocket_1	1025
P11926_PF02784_45_281_fpocket_12	1018
P11940_PF00658_549_614_fpocket_1	1645
P11940_PF00658_549_614_fpocket_3	1269
P12004_PF00705_1_124_fpocket_3	1215
P12004_PF00705_1_124_fpocket_6	74
P12004_PF02747_127_254_fpocket_2	72
P12004_PF02747_127_254_fpocket_5	996
P12074_PF02046_29_100_fpocket_2	1017
P12081_PF03129_410_500_fpocket_3	1153
P12081_PF03129_410_500_fpocket_5	905
P12081_PF13393_61_389_fpocket_1	116
P12107_PF02210_152_221_fpocket_1	329
P12110_PF00092_833_1006_fpocket_2	1061
P12111_PF00092_1029_1199_fpocket_3	499
P12111_PF00092_1233_1402_fpocket_4	200
P12111_PF00092_445_610_fpocket_5	921
P12111_PF00092_837_1004_fpocket_5	352
P12259_PF00754_1922_2058_fpocket_8	910
P12259_PF07732_1643_1717_fpocket_4	143
P12268_PF00478_29_504_fpocket_1	1326
P12268_PF00478_29_504_fpocket_12	63
P12270_PF25481_171_249_fpocket_1	1173
P12270_PF25481_171_249_fpocket_4	463
P12271_PF00650_143_291_fpocket_7	1557
P12272_PF01279_35_128_fpocket_1	652
P12273_PF05326_4_126_fpocket_1	1491
P12273_PF05326_4_126_fpocket_7	387
P12277_PF00217_154_366_fpocket_23	315
P12277_PF02807_24_94_fpocket_1	1563
P12314_PF00047_200_270_fpocket_3	1424
P12524_PF00010_282_333_fpocket_4	744
P12532_PF00217_186_399_fpocket_3	986
P12643_PF00019_295_395_fpocket_1	463
P12694_PF00676_106_405_fpocket_1	264
P12724_PF00074_33_157_fpocket_5	543
P12757_PF02437_127_234_fpocket_1	800
P12757_PF02437_127_234_fpocket_2	312
P12757_PF08782_261_355_fpocket_1	211
P12757_PF08782_261_355_fpocket_2	200
P12814_PF00307_145_250_fpocket_4	97
P12814_PF00435_394_498_fpocket_4	78
P12814_PF00435_394_498_fpocket_5	807
P12814_PF00435_632_732_fpocket_1	593
P12821_PF01401_41_623_fpocket_22	135
P12821_PF01401_644_1221_fpocket_30	4
P12821_PF01401_644_1221_fpocket_31	135
P12838_PF00879_1_51_fpocket_1	427
P12882_PF02736_33_77_fpocket_1	677
P12955_PF00557_195_459_fpocket_8	1222
P12955_PF05195_23_138_fpocket_1	715
P12955_PF05195_23_138_fpocket_5	755
P12956_PF02735_265_459_fpocket_15	989
P12956_PF02735_265_459_fpocket_7	1129
P12956_PF03730_472_556_fpocket_1	1743
P13010_PF02735_253_453_fpocket_1	574
P13010_PF03730_477_568_fpocket_1	255
P13010_PF08785_593_705_fpocket_2	0
P13010_PF08785_593_705_fpocket_4	1353
P13051_PF03167_141_301_fpocket_7	268
P13056_PF00104_380_573_fpocket_1	486
P13056_PF00105_112_180_fpocket_3	924
P13073_PF02936_31_168_fpocket_2	173
P13073_PF02936_31_168_fpocket_3	1216
P13196_PF09029_2_137_fpocket_5	1072
P13232_PF01415_26_177_fpocket_1	1296
P13236_PF00048_33_87_fpocket_1	14
P13284_PF03227_63_164_fpocket_2	183
P13284_PF03227_63_164_fpocket_6	343
P13385_PF09443_115_149_fpocket_1	212
P13473_PF01299_218_358_fpocket_2	1793
P13498_PF05038_2_192_fpocket_3	70
P13535_PF00063_91_769_fpocket_46	1087
P13535_PF02736_35_79_fpocket_1	75
P13584_PF00067_47_497_fpocket_1	1510
P13591_PF00041_510_603_fpocket_5	1442
P13591_PF07679_21_114_fpocket_1	151
P13611_PF00059_3188_3291_fpocket_1	1524
P13611_PF00193_252_346_fpocket_1	1595
P13611_PF00193_252_346_fpocket_3	1125
P13611_PF07686_29_147_fpocket_2	957
P13612_PF08441_463_620_fpocket_6	1434
P13612_PF20806_776_947_fpocket_1	583
P13612_PF20806_776_947_fpocket_5	216
P13631_PF00104_228_398_fpocket_4	86
P13637_PF00122_154_264_fpocket_1	266
P13637_PF00689_789_998_fpocket_13	1162
P13637_PF00690_33_101_fpocket_4	388
P13637_PF13246_408_587_fpocket_1	23
P13637_PF13246_408_587_fpocket_5	918
P13639_PF00009_18_229_fpocket_3	930
P13639_PF00679_739_826_fpocket_2	338
P13639_PF00679_739_826_fpocket_3	1702
P13639_PF03144_411_484_fpocket_2	1389
P13639_PF03764_622_737_fpocket_2	367
P13639_PF03764_622_737_fpocket_3	276
P13639_PF14492_503_564_fpocket_2	1161
P13639_PF14492_503_564_fpocket_3	1281
P13667_PF00085_179_279_fpocket_3	1586
P13667_PF00085_64_165_fpocket_1	1495
P13667_PF13848_312_502_fpocket_11	1695
P13674_PF08336_24_155_fpocket_2	894
P13674_PF08336_24_155_fpocket_3	230
P13674_PF13640_415_518_fpocket_2	645
P13688_PF07686_39_140_fpocket_3	1576
P13693_PF00838_1_168_fpocket_2	95
P13693_PF00838_1_168_fpocket_7	848
P13716_PF00490_10_326_fpocket_2	17
P13726_PF09294_138_243_fpocket_1	1689
P13747_PF00129_22_200_fpocket_5	409
P13762_PF00969_42_115_fpocket_1	1474
P13797_PF00307_399_505_fpocket_5	645
P13798_PF00326_523_731_fpocket_8	1142
P13798_PF19283_46_458_fpocket_15	467
P13798_PF19283_46_458_fpocket_5	760
P13804_PF00766_211_291_fpocket_1	61
P13804_PF00766_211_291_fpocket_3	701
P13804_PF01012_22_187_fpocket_2	958
P13807_PF05693_31_662_fpocket_2	1076
P13807_PF05693_31_662_fpocket_46	381
P13861_PF00027_158_243_fpocket_2	609
P13861_PF00027_280_371_fpocket_5	773
P13866_PF00474_58_492_fpocket_5	975
P13928_PF00191_181_246_fpocket_4	1021
P13928_PF00191_97_162_fpocket_1	1617
P13929_PF03952_4_134_fpocket_1	1658
P13929_PF03952_4_134_fpocket_7	1457
P13942_PF01410_1620_1734_fpocket_5	348
P13942_PF02210_108_207_fpocket_5	123
P13984_PF02270_176_240_fpocket_2	40
P13984_PF17683_16_113_fpocket_1	249
P13987_PF25152_28_95_fpocket_1	1780
P13987_PF25152_28_95_fpocket_5	631
P13994_PF04502_9_395_fpocket_1	209
P13994_PF04502_9_395_fpocket_12	457
P13995_PF00763_40_155_fpocket_2	243
P14151_PF00059_47_156_fpocket_6	1353
P14174_PF01187_2_115_fpocket_6	581
P14210_PF00024_42_123_fpocket_1	626
P14222_PF00168_416_497_fpocket_1	208
P14222_PF01823_152_367_fpocket_3	1826
P14222_PF01823_152_367_fpocket_4	487
P14314_PF12999_10_163_fpocket_1	1230
P14314_PF12999_10_163_fpocket_3	998
P14314_PF13015_375_512_fpocket_10	116
P14314_PF13015_375_512_fpocket_3	869
P14316_PF00605_7_112_fpocket_1	1822
P14324_PF00348_110_374_fpocket_18	1216
P14324_PF00348_110_374_fpocket_7	927
P14373_PF00622_370_479_fpocket_1	995
P14373_PF15227_16_56_fpocket_1	507
P14384_PF00246_28_302_fpocket_3	65
P14406_PF02238_26_73_fpocket_2	722
P14410_PF13802_141_303_fpocket_16	354
P14410_PF21365_710_797_fpocket_5	969
P14415_PF00287_7_283_fpocket_17	1382
P14415_PF00287_7_283_fpocket_2	121
P14543_PF06119_73_267_fpocket_8	1230
P14543_PF07474_429_621_fpocket_1	978
P14543_PF07474_429_621_fpocket_8	576
P14598_PF00018_162_207_fpocket_3	523
P14618_PF00224_43_375_fpocket_15	378
P14621_PF00708_11_97_fpocket_4	348
P14625_PF00183_257_773_fpocket_1	1542
P14625_PF00183_257_773_fpocket_11	546
P14652_PF00046_144_200_fpocket_4	546
P14678_PF01423_9_81_fpocket_3	1395
P14735_PF00675_74_212_fpocket_3	55
P14735_PF05193_238_416_fpocket_13	1184
P14735_PF16187_422_702_fpocket_21	1645
P14735_PF16187_422_702_fpocket_22	1382
P14778_PF01582_387_549_fpocket_13	32
P14778_PF18452_40_108_fpocket_1	88
P14778_PF18452_40_108_fpocket_6	360
P14780_PF00413_115_214_fpocket_2	365
P14784_PF18707_32_123_fpocket_1	700
P14784_PF18707_32_123_fpocket_2	1319
P14784_PF25788_141_231_fpocket_2	1362
P14854_PF02297_20_83_fpocket_2	659
P14854_PF02297_20_83_fpocket_3	92
P14859_PF00157_284_354_fpocket_1	888
P14866_PF13893_357_480_fpocket_9	2
P14866_PF22976_493_586_fpocket_6	1335
P14867_PF02932_257_341_fpocket_6	810
P14868_PF00152_175_495_fpocket_18	388
P14868_PF01336_60_145_fpocket_2	1577
P14902_PF01231_13_397_fpocket_24	265
P14920_PF01266_2_329_fpocket_14	1694
P14921_PF00178_336_415_fpocket_1	606
P14921_PF02198_54_135_fpocket_3	60
P14927_PF02271_10_106_fpocket_1	533
P14927_PF02271_10_106_fpocket_5	1847
P15018_PF01291_43_202_fpocket_4	518
P15018_PF01291_43_202_fpocket_8	328
P15036_PF02198_88_169_fpocket_1	1726
P15056_PF02196_157_225_fpocket_1	263
P15086_PF00246_125_403_fpocket_10	876
P15086_PF02244_28_104_fpocket_1	251
P15086_PF02244_28_104_fpocket_3	638
P15088_PF02244_27_103_fpocket_5	251
P15104_PF00120_114_356_fpocket_1	471
P15104_PF00120_114_356_fpocket_4	106
P15104_PF03951_29_103_fpocket_1	509
P15104_PF03951_29_103_fpocket_3	701
P15121_PF00248_16_289_fpocket_7	69
P15144_PF01433_316_543_fpocket_2	1688
P15144_PF11838_619_945_fpocket_2	1404
P15172_PF12232_191_259_fpocket_2	1677
P15173_PF00010_82_133_fpocket_1	1178
P15259_PF00300_148_212_fpocket_3	918
P15259_PF00300_148_212_fpocket_4	221
P15259_PF00300_6_125_fpocket_3	40
P15260_PF01108_21_112_fpocket_2	830
P15260_PF20634_263_317_fpocket_2	44
P15289_PF00884_21_346_fpocket_9	625
P15291_PF13733_130_262_fpocket_6	630
P15311_PF00769_511_586_fpocket_5	280
P15313_PF00006_167_393_fpocket_7	1053
P15313_PF22919_399_498_fpocket_1	538
P15328_PF03024_36_211_fpocket_1	930
P15328_PF03024_36_211_fpocket_5	53
P15374_PF01088_6_214_fpocket_17	937
P15382_PF02060_1_126_fpocket_4	3
P15428_PF00106_6_198_fpocket_13	1304
P15498_PF00169_404_503_fpocket_4	400
P15509_PF09240_123_215_fpocket_1	1251
P15509_PF18611_35_112_fpocket_5	1017
P15509_PF18611_35_112_fpocket_6	24
P15559_PF02525_5_210_fpocket_7	294
P15586_PF00884_47_384_fpocket_2	477
P15812_PF16497_30_204_fpocket_1	48
P15813_PF16497_1_198_fpocket_1	1741
P15813_PF16497_1_198_fpocket_4	313
P15863_PF00292_100_222_fpocket_1	566
P15880_PF00333_102_166_fpocket_1	723
P15880_PF00333_102_166_fpocket_2	31
P15880_PF03719_186_258_fpocket_1	283
P15880_PF03719_186_258_fpocket_2	257
P15882_PF00620_282_430_fpocket_8	1782
P15918_PF10426_354_383_fpocket_1	1179
P15918_PF12560_12_291_fpocket_9	75
P15918_PF12940_390_460_fpocket_1	24
P15918_PF12940_390_460_fpocket_4	847
P15918_PF26024_462_520_fpocket_1	1611
P15918_PF26024_462_520_fpocket_2	914
P15918_PF26025_521_594_fpocket_1	589
P15918_PF26025_521_594_fpocket_5	113
P15918_PF26100_596_726_fpocket_1	1082
P15918_PF26100_596_726_fpocket_13	1112
P15918_PF26101_728_790_fpocket_1	110
P15918_PF26101_728_790_fpocket_5	369
P15918_PF26104_792_954_fpocket_1	287
P15918_PF26104_792_954_fpocket_10	190
P15918_PF26105_962_1015_fpocket_5	78
P15923_PF00010_550_603_fpocket_3	1511
P15924_PF17902_447_513_fpocket_1	1825
P15924_PF21019_379_446_fpocket_3	323
P15927_PF08784_166_262_fpocket_1	11
P15954_PF02935_7_62_fpocket_1	116
P15954_PF02935_7_62_fpocket_4	70
P16035_PF00965_25_203_fpocket_1	1354
P16050_PF00305_210_643_fpocket_9	835
P16050_PF01477_4_102_fpocket_6	1810
P16066_PF00211_867_1052_fpocket_4	648
P16070_PF00193_32_119_fpocket_2	1602
P16083_PF02525_4_212_fpocket_1	1471
P16083_PF02525_4_212_fpocket_8	1514
P16104_PF16211_92_123_fpocket_1	523
P16112_PF00193_478_572_fpocket_1	227
P16112_PF00193_580_674_fpocket_3	1680
P16118_PF00300_254_437_fpocket_3	936
P16118_PF00300_254_437_fpocket_4	1275
P16118_PF01591_31_251_fpocket_1	883
P16144_PF00362_127_369_fpocket_15	216
P16144_PF00362_127_369_fpocket_2	1803
P16144_PF07965_625_709_fpocket_1	1707
P16144_PF17205_28_73_fpocket_1	496
P16152_PF00106_7_146_fpocket_1	1803
P16157_PF00531_1405_1484_fpocket_2	1807
P16219_PF02771_36_147_fpocket_1	46
P16220_PF02173_99_139_fpocket_1	606
P16233_PF00151_17_352_fpocket_3	1018
P16233_PF00151_17_352_fpocket_6	1030
P16233_PF01477_357_457_fpocket_2	1608
P16278_PF01301_40_356_fpocket_14	1014
P16278_PF21317_403_515_fpocket_2	48
P16278_PF21467_549_610_fpocket_2	163
P16284_PF13895_327_404_fpocket_2	867
P16284_PF17736_414_485_fpocket_3	1000
P16389_PF00520_163_420_fpocket_21	183
P16403_PF00538_38_108_fpocket_2	639
P16403_PF00538_38_108_fpocket_3	993
P16422_PF18635_27_65_fpocket_1	1495
P16422_PF21283_141_253_fpocket_1	1162
P16422_PF21283_141_253_fpocket_7	735
P16435_PF00175_530_640_fpocket_1	436
P16435_PF00667_274_493_fpocket_1	635
P16442_PF03414_41_353_fpocket_1	1849
P16442_PF03414_41_353_fpocket_16	1849
P16444_PF01244_26_351_fpocket_1	1412
P16444_PF01244_26_351_fpocket_9	770
P16452_PF00927_477_579_fpocket_1	267
P16452_PF00927_588_684_fpocket_1	137
P16452_PF00927_588_684_fpocket_5	1053
P16452_PF01841_247_349_fpocket_3	1064
P16455_PF01035_96_173_fpocket_1	955
P16455_PF01035_96_173_fpocket_5	76
P16455_PF02870_7_82_fpocket_1	1145
P16455_PF02870_7_82_fpocket_3	340
P16471_PF09067_25_120_fpocket_4	1125
P16471_PF09067_25_120_fpocket_5	142
P16499_PF01590_254_430_fpocket_3	225
P16562_PF08562_189_243_fpocket_1	27
P16562_PF08562_189_243_fpocket_2	1187
P16581_PF00059_30_139_fpocket_1	1123
P16581_PF00084_304_362_fpocket_2	619
P16591_PF00611_11_85_fpocket_3	1374
P16615_PF00689_783_986_fpocket_16	1689
P16615_PF00690_5_72_fpocket_1	1825
P16615_PF08282_685_742_fpocket_1	569
P16671_PF01130_14_462_fpocket_29	666
P16871_PF18447_32_127_fpocket_1	585
P16885_PF16457_56_129_fpocket_1	880
P16885_PF23329_135_209_fpocket_3	1633
P16885_PF23329_135_209_fpocket_7	389
P16930_PF09298_15_118_fpocket_5	331
P16930_PF09298_15_118_fpocket_7	47
P16949_PF00836_5_138_fpocket_1	887
P17014_PF01352_7_48_fpocket_2	523
P17028_PF02023_48_136_fpocket_2	338
P17035_PF01352_8_48_fpocket_1	428
P17038_PF01352_3_44_fpocket_1	30
P17040_PF02023_47_134_fpocket_2	49
P17050_PF16499_25_308_fpocket_4	1350
P17066_PF00012_8_613_fpocket_1	1075
P17066_PF00012_8_613_fpocket_2	1750
P17152_PF14972_28_187_fpocket_10	1485
P17152_PF14972_28_187_fpocket_6	464
P17174_PF00155_32_405_fpocket_14	1400
P17213_PF02886_249_486_fpocket_20	354
P17252_PF00069_340_583_fpocket_5	260
P17252_PF00130_102_153_fpocket_1	741
P17252_PF00130_102_153_fpocket_2	919
P17302_PF03508_283_361_fpocket_1	892
P17405_PF00149_202_462_fpocket_6	391
P17405_PF19272_492_600_fpocket_5	140
P17480_PF09011_299_357_fpocket_3	178
P17480_PF14887_479_563_fpocket_1	672
P17483_PF00046_163_219_fpocket_3	1246
P17516_PF00248_19_300_fpocket_14	274
P17540_PF02807_59_128_fpocket_1	662
P17568_PF05676_40_102_fpocket_1	210
P17568_PF05676_40_102_fpocket_4	268
P17600_PF02078_113_212_fpocket_1	170
P17600_PF02078_113_212_fpocket_6	865
P17600_PF02750_214_416_fpocket_2	948
P17643_PF00264_184_416_fpocket_17	1380
P17655_PF00648_46_342_fpocket_4	270
P17655_PF01067_362_502_fpocket_7	404
P17658_PF02214_44_131_fpocket_3	619
P17707_PF01536_5_325_fpocket_3	979
P17707_PF01536_5_325_fpocket_8	975
P17735_PF00155_72_434_fpocket_1	1391
P17752_PF00351_106_435_fpocket_2	235
P17752_PF01842_19_70_fpocket_1	265
P17752_PF01842_19_70_fpocket_2	60
P17787_PF02931_29_234_fpocket_3	210
P17787_PF02932_241_478_fpocket_11	151
P17812_PF00117_311_538_fpocket_4	979
P17812_PF06418_2_272_fpocket_18	1497
P17812_PF06418_2_272_fpocket_6	1602
P17813_PF26060_45_197_fpocket_12	414
P17844_PF00270_118_288_fpocket_14	559
P17844_PF00270_118_288_fpocket_3	1286
P17858_PF00365_18_323_fpocket_11	1634
P17858_PF00365_18_323_fpocket_4	1765
P17858_PF00365_402_685_fpocket_3	1236
P17858_PF00365_402_685_fpocket_7	1151
P17900_PF02221_33_189_fpocket_6	713
P17927_PF00084_1004_1061_fpocket_1	161
P17936_PF00219_40_94_fpocket_2	384
P17948_PF17988_753_787_fpocket_3	534
P17948_PF21339_143_224_fpocket_3	1054
P17948_PF22854_26_137_fpocket_5	768
P17980_PF16450_112_165_fpocket_2	762
P18054_PF00305_211_644_fpocket_9	1292
P18074_PF06733_72_256_fpocket_3	982
P18074_PF06777_271_413_fpocket_14	527
P18077_PF01247_5_104_fpocket_1	1764
P18077_PF01247_5_104_fpocket_3	1341
P18084_PF00362_134_382_fpocket_4	865
P18084_PF08725_743_781_fpocket_1	1539
P18084_PF23105_510_549_fpocket_1	677
P18089_PF00001_29_426_fpocket_22	481
P18124_PF00327_90_140_fpocket_3	517
P18124_PF08079_14_85_fpocket_1	78
P18124_PF08079_14_85_fpocket_7	1062
P18206_PF01044_373_915_fpocket_27	533
P18206_PF01044_3_385_fpocket_19	919
P18405_PF02544_111_259_fpocket_5	508
P18428_PF01273_38_206_fpocket_6	534
P18440_PF00797_20_280_fpocket_1	1033
P18505_PF02932_250_469_fpocket_2	56
P18564_PF00362_129_375_fpocket_8	1547
P18564_PF07974_544_574_fpocket_2	598
P18621_PF00237_18_151_fpocket_5	762
P18669_PF00300_6_128_fpocket_3	583
P18858_PF01068_542_746_fpocket_1	1678
P18858_PF01068_542_746_fpocket_2	1244
P18858_PF04675_288_464_fpocket_1	1067
P18858_PF04675_288_464_fpocket_2	966
P18858_PF04679_771_882_fpocket_1	1484
P18858_PF04679_771_882_fpocket_3	1768
P18859_PF05511_1_97_fpocket_1	877
P18887_PF00533_317_389_fpocket_1	199
P18887_PF01834_1_149_fpocket_6	1509
P19022_PF08758_32_120_fpocket_4	1480
P19086_PF00503_14_344_fpocket_1	590
P19099_PF00067_42_491_fpocket_31	1438
P19174_PF23583_243_313_fpocket_2	1519
P19235_PF09067_37_140_fpocket_7	172
P19320_PF05790_133_221_fpocket_2	1437
P19320_PF05790_133_221_fpocket_9	714
P19367_PF00349_22_219_fpocket_7	555
P19388_PF01191_137_209_fpocket_2	415
P19388_PF01191_137_209_fpocket_8	636
P19388_PF03871_4_94_fpocket_4	104
P19388_PF03871_4_94_fpocket_6	418
P19404_PF01257_63_209_fpocket_1	798
P19404_PF01257_63_209_fpocket_5	1541
P19429_PF00992_46_177_fpocket_4	695
P19447_PF04851_315_471_fpocket_4	517
P19447_PF13625_76_201_fpocket_3	126
P19447_PF13625_76_201_fpocket_5	340
P19525_PF00035_13_75_fpocket_1	671
P19526_PF01531_38_353_fpocket_2	1077
P19532_PF00010_347_400_fpocket_3	20
P19532_PF15951_113_266_fpocket_1	645
P19623_PF01564_76_260_fpocket_1	836
P19784_PF00069_40_325_fpocket_15	661
P19793_PF00105_134_202_fpocket_1	1673
P19801_PF01179_301_708_fpocket_1	405
P19801_PF01179_301_708_fpocket_4	623
P19801_PF02727_39_125_fpocket_5	1703
P19801_PF02728_141_241_fpocket_2	814
P19823_PF00092_310_491_fpocket_3	1711
P19823_PF06668_735_921_fpocket_12	1343
P19838_PF16179_251_352_fpocket_1	139
P19838_PF16179_251_352_fpocket_2	1175
P19878_PF00564_351_428_fpocket_1	492
P19883_PF07648_192_239_fpocket_1	1469
P19883_PF21333_30_92_fpocket_1	532
P19883_PF21333_30_92_fpocket_2	1191
P19961_PF00128_84_217_fpocket_6	953
P19961_PF02806_423_507_fpocket_3	573
P19971_PF00591_110_340_fpocket_1	416
P19971_PF00591_110_340_fpocket_5	508
P19971_PF02885_38_99_fpocket_2	90
P19971_PF02885_38_99_fpocket_5	196
P19971_PF07831_390_446_fpocket_1	1688
P19971_PF07831_390_446_fpocket_4	570
P20020_PF00690_52_121_fpocket_2	280
P20020_PF08282_772_841_fpocket_1	363
P20020_PF08282_772_841_fpocket_2	715
P20023_PF00084_23_82_fpocket_1	808
P20036_PF00993_35_114_fpocket_1	422
P20036_PF00993_35_114_fpocket_5	802
P20042_PF01873_197_307_fpocket_1	1530
P20061_PF14478_355_432_fpocket_1	55
P20061_PF14478_355_432_fpocket_6	840
P20132_PF00291_8_303_fpocket_5	1303
P20132_PF00291_8_303_fpocket_8	822
P20138_PF07686_24_138_fpocket_2	338
P20151_PF00089_25_253_fpocket_5	791
P20155_PF00050_36_84_fpocket_1	273
P20226_PF00352_163_244_fpocket_4	1561
P20226_PF00352_252_334_fpocket_1	98
P20248_PF02984_309_426_fpocket_1	906
P20265_PF00157_266_336_fpocket_1	518
P20273_PF13927_245_313_fpocket_2	880
P20292_PF01124_12_127_fpocket_4	56
P20340_PF00071_15_173_fpocket_4	1507
P20585_PF01624_230_341_fpocket_3	667
P20585_PF05192_540_838_fpocket_10	1540
P20585_PF05192_540_838_fpocket_6	466
P20591_PF00350_73_248_fpocket_7	62
P20591_PF02212_571_660_fpocket_1	904
P20591_PF02212_571_660_fpocket_2	151
P20592_PF01031_307_593_fpocket_1	209
P20592_PF01031_307_593_fpocket_22	1843
P20592_PF02212_621_709_fpocket_1	20
P20592_PF02212_621_709_fpocket_4	1633
P20594_PF00211_852_1037_fpocket_3	1352
P20594_PF07714_540_783_fpocket_2	612
P20618_PF00227_34_226_fpocket_10	265
P20645_PF02157_24_277_fpocket_8	442
P20648_PF00689_810_1019_fpocket_6	894
P20674_PF02284_46_146_fpocket_3	898
P20674_PF02284_46_146_fpocket_5	58
P20700_PF00932_436_543_fpocket_1	585
P20700_PF00932_436_543_fpocket_2	714
P20701_PF08441_612_757_fpocket_6	1290
P20702_PF00092_151_328_fpocket_5	682
P20702_PF20805_771_917_fpocket_5	1449
P20702_PF21520_921_1101_fpocket_5	15
P20742_PF01835_128_220_fpocket_3	1046
P20742_PF01835_128_220_fpocket_5	137
P20742_PF07677_1381_1469_fpocket_4	557
P20742_PF07703_455_603_fpocket_3	917
P20742_PF07703_455_603_fpocket_6	822
P20742_PF17789_346_439_fpocket_5	449
P20783_PF00243_144_254_fpocket_4	1080
P20800_PF00322_45_73_fpocket_1	992
P20807_PF01067_435_574_fpocket_1	578
P20807_PF01067_435_574_fpocket_9	919
P20807_PF21875_729_796_fpocket_4	65
P20809_PF07400_28_198_fpocket_5	1023
P20810_PF00748_511_633_fpocket_1	873
P20823_PF04814_8_168_fpocket_11	1534
P20827_PF00812_17_147_fpocket_1	1243
P20839_PF00478_29_504_fpocket_24	849
P20908_PF01410_1608_1836_fpocket_2	1020
P20930_PF01023_4_48_fpocket_1	985
P20933_PF01112_9_326_fpocket_4	624
P20941_PF02114_1_244_fpocket_20	489
P20963_PF11628_28_58_fpocket_1	1330
P21108_PF13793_4_120_fpocket_9	1121
P21108_PF14572_204_313_fpocket_4	334
P21128_PF01033_88_126_fpocket_3	246
P21128_PF09412_140_406_fpocket_7	448
P21128_PF09412_140_406_fpocket_9	137
P21217_PF00852_187_359_fpocket_9	470
P21217_PF17039_62_170_fpocket_5	314
P21246_PF05196_34_95_fpocket_1	616
P21281_PF22919_405_504_fpocket_3	778
P21283_PF03223_4_370_fpocket_12	972
P21333_PF00630_1544_1633_fpocket_3	1715
P21333_PF00630_577_659_fpocket_4	475
P21333_PF00630_670_760_fpocket_6	176
P21359_PF21877_1737_1831_fpocket_3	331
P21359_PF21877_1737_1831_fpocket_4	322
P21397_PF01593_23_460_fpocket_1	1126
P21397_PF01593_23_460_fpocket_2	957
P21399_PF00330_63_564_fpocket_26	275
P21399_PF00330_63_564_fpocket_8	120
P21439_PF00664_712_985_fpocket_6	228
P21506_PF13465_364_388_fpocket_1	565
P21549_PF00266_44_376_fpocket_6	1837
P21579_PF00168_288_393_fpocket_9	281
P21589_PF00149_29_244_fpocket_11	12
P21589_PF02872_341_512_fpocket_1	830
P21589_PF02872_341_512_fpocket_4	1766
P21675_PF12157_586_1048_fpocket_3	253
P21675_PF12157_586_1048_fpocket_5	171
P21695_PF07479_194_339_fpocket_1	1801
P21695_PF07479_194_339_fpocket_2	1649
P21709_PF00536_914_975_fpocket_2	1161
P21709_PF14575_548_621_fpocket_11	1633
P21731_PF00001_42_308_fpocket_4	1083
P21741_PF01091_81_142_fpocket_3	107
P21754_PF00100_167_301_fpocket_6	1670
P21754_PF23344_46_143_fpocket_1	1135
P21796_PF01459_4_276_fpocket_2	267
P21817_PF02026_2735_2825_fpocket_1	995
P21817_PF02026_2735_2825_fpocket_3	374
P21817_PF02026_850_939_fpocket_3	81
P21817_PF06459_4383_4671_fpocket_11	1083
P21860_PF00757_182_332_fpocket_1	1021
P21860_PF00757_182_332_fpocket_2	956
P21860_PF14843_499_629_fpocket_8	29
P21912_PF13085_41_147_fpocket_1	1264
P21912_PF13085_41_147_fpocket_10	910
P21912_PF13534_185_258_fpocket_1	468
P21926_PF00335_10_220_fpocket_16	125
P21941_PF00092_275_443_fpocket_4	888
P21953_PF02779_70_245_fpocket_5	880
P21953_PF02780_262_380_fpocket_1	114
P21953_PF02780_262_380_fpocket_9	1129
P21964_PF01596_77_225_fpocket_4	1408
P21964_PF01596_77_225_fpocket_5	1181
P21980_PF00868_9_121_fpocket_6	947
P21980_PF00927_473_571_fpocket_4	884
P21980_PF00927_587_684_fpocket_5	571
P22001_PF00520_237_490_fpocket_8	1329
P22033_PF01642_63_575_fpocket_4	380
P22033_PF01642_63_575_fpocket_9	751
P22033_PF02310_616_728_fpocket_5	447
P22061_PF01135_9_221_fpocket_2	1109
P22083_PF00852_351_527_fpocket_7	312
P22083_PF17039_189_331_fpocket_5	1358
P22087_PF01269_88_314_fpocket_2	1132
P22087_PF01269_88_314_fpocket_9	292
P22090_PF00900_95_169_fpocket_4	214
P22090_PF08071_3_39_fpocket_1	1606
P22102_PF00551_809_988_fpocket_1	438
P22102_PF00551_809_988_fpocket_12	226
P22102_PF00586_488_593_fpocket_4	1224
P22102_PF01071_105_298_fpocket_10	346
P22102_PF02769_607_776_fpocket_2	535
P22102_PF02769_607_776_fpocket_8	183
P22102_PF02843_334_424_fpocket_1	392
P22102_PF02843_334_424_fpocket_3	332
P22102_PF02844_4_104_fpocket_10	109
P22102_PF02844_4_104_fpocket_5	1490
P22105_PF00041_3171_3239_fpocket_3	598
P22105_PF00041_3171_3239_fpocket_6	470
P22105_PF25024_190_414_fpocket_1	107
P22105_PF25024_190_414_fpocket_5	300
P22105_PF25024_407_631_fpocket_18	1790
P22105_PF25024_407_631_fpocket_8	521
P22234_PF00731_267_404_fpocket_1	730
P22234_PF00731_267_404_fpocket_2	1551
P22234_PF01259_12_238_fpocket_1	68
P22234_PF01259_12_238_fpocket_10	313
P22301_PF00726_6_174_fpocket_13	791
P22301_PF00726_6_174_fpocket_14	256
P22304_PF00884_38_415_fpocket_7	613
P22307_PF02036_437_538_fpocket_1	584
P22307_PF22691_278_394_fpocket_1	39
P22307_PF22691_278_394_fpocket_8	40
P22309_PF00201_28_524_fpocket_13	1741
P22310_PF00201_29_525_fpocket_3	1292
P22314_PF00899_451_946_fpocket_28	301
P22314_PF00899_55_418_fpocket_20	1459
P22314_PF09358_955_1053_fpocket_3	1714
P22314_PF10585_638_884_fpocket_5	33
P22314_PF16190_227_296_fpocket_2	241
P22314_PF16191_297_366_fpocket_5	51
P22392_PF00334_5_138_fpocket_2	1119
P22413_PF01033_147_187_fpocket_1	90
P22413_PF01223_673_862_fpocket_1	521
P22413_PF01223_673_862_fpocket_5	1040
P22413_PF01663_212_538_fpocket_5	1648
P22460_PF02214_122_212_fpocket_6	864
P22570_PF13450_43_98_fpocket_2	566
P22607_PF21165_373_397_fpocket_2	962
P22670_PF25340_608_896_fpocket_1	1614
P22670_PF25340_608_896_fpocket_17	1718
P22674_PF00134_108_228_fpocket_6	397
P22681_PF00627_858_892_fpocket_1	142
P22681_PF02262_51_175_fpocket_1	1433
P22681_PF02762_264_349_fpocket_3	390
P22681_PF02762_264_349_fpocket_4	211
P22692_PF00086_174_249_fpocket_1	876
P22735_PF00927_691_787_fpocket_3	1497
P22735_PF01841_374_460_fpocket_3	1836
P22749_PF03489_105_138_fpocket_3	397
P22760_PF07859_107_265_fpocket_2	48
P22830_PF00762_68_388_fpocket_20	36
P22894_PF00413_107_262_fpocket_1	101
P22894_PF00413_107_262_fpocket_2	454
P22897_PF00059_1114_1214_fpocket_6	1044
P22897_PF00059_1253_1357_fpocket_2	155
P22897_PF00059_237_342_fpocket_2	1055
P22897_PF00059_523_626_fpocket_5	826
P22914_PF00030_7_86_fpocket_4	1109
P22914_PF00030_95_176_fpocket_2	1206
P23025_PF05181_135_186_fpocket_1	1829
P23025_PF05181_135_186_fpocket_3	157
P23109_PF19326_113_744_fpocket_1	1304
P23141_PF00135_23_547_fpocket_1	662
P23142_PF22914_594_700_fpocket_4	794
P23193_PF07500_136_248_fpocket_3	96
P23229_PF08441_503_663_fpocket_6	229
P23229_PF20806_836_1042_fpocket_4	58
P23246_PF08075_444_495_fpocket_2	674
P23258_PF00091_4_214_fpocket_15	688
P23276_PF05649_99_480_fpocket_1	1029
P23280_PF00194_31_278_fpocket_9	846
P23284_PF00160_48_203_fpocket_1	312
P23352_PF00095_130_175_fpocket_2	970
P23368_PF00390_89_270_fpocket_13	48
P23368_PF00390_89_270_fpocket_6	1070
P23368_PF03949_280_534_fpocket_12	456
P23368_PF03949_280_534_fpocket_16	1600
P23378_PF01212_586_729_fpocket_1	741
P23378_PF01212_586_729_fpocket_3	1039
P23378_PF02347_65_488_fpocket_26	1447
P23378_PF21478_829_950_fpocket_1	143
P23378_PF21478_829_950_fpocket_5	641
P23396_PF00189_106_188_fpocket_1	53
P23396_PF00189_106_188_fpocket_5	1060
P23396_PF07650_20_93_fpocket_3	1335
P23396_PF07650_20_93_fpocket_4	1637
P23415_PF02931_43_248_fpocket_1	1362
P23434_PF01597_51_170_fpocket_2	266
P23434_PF01597_51_170_fpocket_3	593
P23458_PF07714_876_1147_fpocket_13	727
P23458_PF18377_147_277_fpocket_10	747
P23458_PF18379_38_128_fpocket_5	444
P23458_PF21990_438_546_fpocket_3	82
P23458_PF21990_438_546_fpocket_7	458
P23467_PF00041_292_364_fpocket_2	1442
P23467_PF18861_1473_1609_fpocket_11	1476
P23468_PF00102_1380_1611_fpocket_2	1279
P23468_PF00102_1669_1902_fpocket_5	1356
P23468_PF13927_235_304_fpocket_3	30
P23469_PF00102_159_393_fpocket_1	147
P23471_PF00194_45_299_fpocket_19	803
P23497_PF00505_769_837_fpocket_3	1319
P23497_PF01342_599_675_fpocket_3	344
P23497_PF03172_51_147_fpocket_5	732
P23508_PF10506_402_465_fpocket_2	982
P23508_PF10506_732_798_fpocket_1	421
P23515_PF01462_25_53_fpocket_5	1130
P23526_PF05221_141_431_fpocket_17	1124
P23528_PF00241_5_146_fpocket_1	1053
P23528_PF00241_5_146_fpocket_5	234
P23560_PF00243_134_244_fpocket_7	377
P23634_PF00689_868_1046_fpocket_13	1763
P23677_PF03770_245_455_fpocket_4	31
P23743_PF14513_6_90_fpocket_1	1617
P23759_PF00292_34_161_fpocket_4	1472
P23763_PF00957_33_113_fpocket_5	861
P23769_PF00320_349_382_fpocket_1	170
P23771_PF00320_263_296_fpocket_1	764
P23786_PF00755_52_642_fpocket_18	627
P23921_PF00317_142_212_fpocket_1	273
P23921_PF00317_142_212_fpocket_3	1633
P23921_PF03477_1_89_fpocket_1	1451
P23921_PF03477_1_89_fpocket_4	1837
P23942_PF00335_19_281_fpocket_10	4
P23945_PF01462_18_45_fpocket_2	1599
P23975_PF00209_56_579_fpocket_24	387
P24001_PF15225_114_210_fpocket_1	606
P24043_PF00054_2368_2507_fpocket_4	1294
P24043_PF00054_2793_2920_fpocket_6	1572
P24043_PF00054_2793_2920_fpocket_9	525
P24043_PF02210_2968_3093_fpocket_3	32
P24043_PF24973_757_800_fpocket_1	1436
P24298_PF00155_85_483_fpocket_1	577
P24310_PF02238_24_72_fpocket_3	136
P24311_PF05392_1_79_fpocket_2	1089
P24311_PF05392_1_79_fpocket_3	1601
P24347_PF00413_104_258_fpocket_8	1480
P24386_PF00996_7_66_fpocket_1	616
P24386_PF22603_452_580_fpocket_1	811
P24386_PF22603_452_580_fpocket_2	1416
P24387_PF05428_53_177_fpocket_1	430
P24387_PF05428_53_177_fpocket_3	116
P24394_PF09238_28_121_fpocket_1	290
P24394_PF09238_28_121_fpocket_4	328
P24462_PF00067_39_492_fpocket_4	625
P24468_PF00104_199_386_fpocket_1	147
P24468_PF00104_199_386_fpocket_2	1156
P24522_PF01248_21_116_fpocket_3	1768
P24522_PF01248_21_116_fpocket_9	520
P24534_PF00736_142_225_fpocket_1	1735
P24534_PF00736_142_225_fpocket_2	432
P24539_PF05405_83_244_fpocket_1	1191
P24539_PF05405_83_244_fpocket_2	1447
P24557_PF00067_46_297_fpocket_27	911
P24557_PF00067_46_297_fpocket_3	598
P24593_PF00219_27_80_fpocket_1	1217
P24593_PF00219_27_80_fpocket_2	1003
P24666_PF01451_9_154_fpocket_1	1198
P24666_PF01451_9_154_fpocket_2	925
P24752_PF00108_42_298_fpocket_2	497
P24821_PF00041_624_705_fpocket_4	790
P24821_PF00041_624_705_fpocket_6	114
P24844_PF13499_100_162_fpocket_1	33
P24863_PF00134_36_149_fpocket_7	533
P24863_PF16899_154_234_fpocket_1	945
P24863_PF16899_154_234_fpocket_3	1089
P24864_PF00134_115_242_fpocket_4	1785
P24903_PF00067_31_488_fpocket_42	1664
P24928_PF00623_356_521_fpocket_1	867
P24928_PF04983_525_691_fpocket_6	90
P24928_PF04983_525_691_fpocket_7	55
P24928_PF04992_896_1079_fpocket_1	686
P24928_PF04992_896_1079_fpocket_9	200
P24928_PF04997_16_354_fpocket_22	1020
P24928_PF04997_16_354_fpocket_9	1736
P24928_PF05000_718_823_fpocket_4	1720
P25067_PF00386_576_700_fpocket_1	325
P25067_PF00386_576_700_fpocket_2	571
P25089_PF00001_43_302_fpocket_5	1330
P25092_PF07714_507_745_fpocket_5	669
P25205_PF00493_282_505_fpocket_13	401
P25205_PF14551_16_103_fpocket_6	27
P25205_PF17855_567_650_fpocket_4	500
P25311_PF00129_26_201_fpocket_4	1018
P25325_PF00581_28_137_fpocket_1	405
P25325_PF00581_28_137_fpocket_4	155
P25391_PF00052_568_707_fpocket_3	1333
P25391_PF00053_1090_1147_fpocket_3	1640
P25391_PF00054_2743_2872_fpocket_6	381
P25391_PF00055_23_268_fpocket_1	215
P25398_PF01248_17_110_fpocket_1	1625
P25398_PF01248_17_110_fpocket_2	1832
P25445_PF00531_231_313_fpocket_2	591
P25685_PF00226_4_65_fpocket_1	1785
P25685_PF00226_4_65_fpocket_2	1183
P25705_PF00306_422_547_fpocket_1	418
P25705_PF00306_422_547_fpocket_5	309
P25705_PF02874_69_135_fpocket_1	1020
P25705_PF02874_69_135_fpocket_4	831
P25774_PF08246_28_87_fpocket_1	1286
P25786_PF00227_29_215_fpocket_1	381
P25788_PF00227_31_217_fpocket_2	493
P25788_PF00227_31_217_fpocket_7	1224
P25940_PF01410_1514_1743_fpocket_2	343
P25940_PF01410_1514_1743_fpocket_9	629
P25942_PF00020_62_103_fpocket_1	596
P26006_PF08441_462_614_fpocket_1	153
P26010_PF00362_147_393_fpocket_7	1051
P26010_PF17205_44_92_fpocket_3	62
P26012_PF23105_507_547_fpocket_1	1001
P26022_PF00354_183_374_fpocket_2	106
P26038_PF00373_90_206_fpocket_2	724
P26045_PF00102_670_899_fpocket_8	155
P26045_PF09380_227_312_fpocket_9	1545
P26232_PF01044_18_811_fpocket_20	473
P26358_PF00145_1140_1593_fpocket_27	1736
P26358_PF12047_400_533_fpocket_2	1434
P26358_PF12047_400_533_fpocket_5	1552
P26373_PF01294_8_187_fpocket_14	1438
P26373_PF01294_8_187_fpocket_6	1751
P26374_PF00996_7_70_fpocket_1	199
P26374_PF00996_7_70_fpocket_2	1101
P26374_PF22603_454_582_fpocket_2	1595
P26374_PF22603_454_582_fpocket_5	497
P26436_PF00021_188_264_fpocket_4	761
P26439_PF01073_6_287_fpocket_16	354
P26440_PF00441_273_420_fpocket_3	984
P26440_PF02770_164_261_fpocket_4	562
P26440_PF02771_46_160_fpocket_4	853
P26572_PF03071_12_444_fpocket_6	747
P26583_PF00505_95_163_fpocket_4	649
P26599_PF11835_178_258_fpocket_1	676
P26599_PF11835_178_258_fpocket_2	962
P26599_PF13893_338_459_fpocket_4	1169
P26599_PF13893_338_459_fpocket_7	297
P26599_PF22976_474_544_fpocket_3	736
P26639_PF02824_83_143_fpocket_2	210
P26639_PF07973_250_298_fpocket_3	581
P26640_PF08264_984_1132_fpocket_13	155
P26641_PF00647_275_381_fpocket_1	1414
P26641_PF00647_275_381_fpocket_5	929
P26678_PF04272_1_52_fpocket_1	1078
P26717_PF00059_135_228_fpocket_2	273
P26842_PF00020_65_104_fpocket_1	1103
P26927_PF00051_110_186_fpocket_2	1342
P26951_PF09240_109_205_fpocket_2	1585
P26951_PF18611_27_97_fpocket_1	38
P26998_PF00030_25_106_fpocket_2	1858
P27037_PF01064_55_113_fpocket_1	1728
P27037_PF01064_55_113_fpocket_2	203
P27105_PF01145_55_227_fpocket_3	234
P27105_PF01145_55_227_fpocket_7	428
P27144_PF05191_126_161_fpocket_1	1803
P27338_PF01593_14_451_fpocket_31	125
P27448_PF02149_710_753_fpocket_1	731
P27449_PF00137_17_76_fpocket_2	1839
P27469_PF15103_1_103_fpocket_7	710
P27482_PF00036_121_147_fpocket_2	1424
P27482_PF00036_12_40_fpocket_1	335
P27482_PF00036_48_75_fpocket_3	823
P27540_PF00010_91_143_fpocket_1	542
P27540_PF14598_362_465_fpocket_1	1406
P27540_PF14598_362_465_fpocket_2	287
P27544_PF03798_98_303_fpocket_1	468
P27694_PF01336_197_278_fpocket_2	556
P27694_PF04057_5_104_fpocket_1	124
P27694_PF08646_461_606_fpocket_1	1200
P27694_PF08646_461_606_fpocket_4	420
P27694_PF16900_305_402_fpocket_2	931
P27694_PF16900_305_402_fpocket_5	1788
P27708_PF00117_180_355_fpocket_1	106
P27708_PF00988_4_137_fpocket_12	233
P27708_PF00988_4_137_fpocket_13	286
P27708_PF01979_1464_1522_fpocket_1	1026
P27708_PF02142_1327_1427_fpocket_6	1184
P27708_PF02729_1924_2065_fpocket_2	306
P27708_PF02729_1924_2065_fpocket_7	368
P27708_PF02787_801_877_fpocket_3	16
P27708_PF25596_394_510_fpocket_2	1411
P27708_PF25596_394_510_fpocket_4	399
P27797_PF00262_23_257_fpocket_11	355
P27797_PF00262_23_257_fpocket_12	1508
P27797_PF00262_259_332_fpocket_1	221
P27797_PF00262_259_332_fpocket_2	342
P27815_PF18100_178_293_fpocket_4	924
P27824_PF00262_71_440_fpocket_5	1293
P27824_PF00262_71_440_fpocket_8	398
P27918_PF00090_261_312_fpocket_3	1539
P27918_PF22195_379_467_fpocket_3	596
P27930_PF00047_245_339_fpocket_1	39
P27987_PF03770_726_936_fpocket_1	266
P28039_PF00657_257_542_fpocket_3	1474
P28039_PF00657_257_542_fpocket_9	1238
P28039_PF20825_40_170_fpocket_10	649
P28066_PF00227_32_220_fpocket_10	855
P28066_PF00227_32_220_fpocket_4	286
P28067_PF00993_41_116_fpocket_3	739
P28069_PF00157_129_198_fpocket_1	299
P28072_PF00227_31_212_fpocket_15	1377
P28161_PF00043_104_191_fpocket_4	950
P28288_PF06472_70_338_fpocket_21	297
P28289_PF03250_3_143_fpocket_9	1806
P28300_PF01186_213_412_fpocket_1	1191
P28325_PF00031_32_128_fpocket_4	300
P28330_PF00441_278_426_fpocket_3	320
P28330_PF02771_54_165_fpocket_13	332
P28331_PF00384_301_628_fpocket_13	0
P28331_PF09326_658_710_fpocket_1	1785
P28331_PF10588_113_152_fpocket_1	366
P28331_PF13510_31_106_fpocket_1	1412
P28331_PF13510_31_106_fpocket_2	35
P28331_PF22117_166_232_fpocket_1	245
P28331_PF22117_166_232_fpocket_3	75
P28335_PF00001_70_368_fpocket_21	1084
P28340_PF03104_243_477_fpocket_8	1011
P28347_PF01285_32_98_fpocket_1	1338
P28347_PF17725_215_423_fpocket_1	883
P28370_PF09110_746_844_fpocket_1	631
P28370_PF09111_901_1014_fpocket_2	997
P28370_PF09111_901_1014_fpocket_7	663
P28472_PF02931_39_242_fpocket_3	1825
P28476_PF02931_62_260_fpocket_8	1331
P28562_PF00782_181_311_fpocket_7	166
P28562_PF00782_181_311_fpocket_8	166
P28715_PF00867_780_861_fpocket_3	1695
P28749_PF01857_787_943_fpocket_5	703
P28749_PF01858_385_578_fpocket_1	946
P28749_PF01858_385_578_fpocket_6	748
P28799_PF00396_220_261_fpocket_2	468
P28799_PF00396_295_336_fpocket_2	539
P28799_PF00396_377_417_fpocket_1	821
P28827_PF00629_27_182_fpocket_4	358
P28838_PF00883_197_508_fpocket_1	444
P28838_PF00883_197_508_fpocket_3	1309
P28838_PF02789_37_169_fpocket_1	1478
P28838_PF02789_37_169_fpocket_4	715
P28906_PF06365_187_385_fpocket_6	859
P29017_PF07654_214_287_fpocket_2	1723
P29017_PF16497_1_197_fpocket_11	646
P29033_PF00029_2_214_fpocket_14	469
P29033_PF00029_2_214_fpocket_3	1526
P29074_PF08736_324_365_fpocket_2	358
P29083_PF02002_16_123_fpocket_1	132
P29083_PF02002_16_123_fpocket_6	221
P29083_PF08271_127_175_fpocket_3	1384
P29084_PF18121_146_204_fpocket_1	741
P29084_PF18121_146_204_fpocket_3	581
P29120_PF01483_504_591_fpocket_4	479
P29122_PF01483_539_629_fpocket_1	653
P29122_PF01483_539_629_fpocket_4	1254
P29122_PF14843_694_809_fpocket_2	1417
P29122_PF16470_73_149_fpocket_3	1500
P29144_PF00082_35_500_fpocket_25	1068
P29144_PF12580_777_963_fpocket_1	7
P29144_PF12580_777_963_fpocket_2	1648
P29144_PF21223_522_634_fpocket_2	1461
P29144_PF21223_522_634_fpocket_3	234
P29144_PF21316_654_741_fpocket_1	969
P29144_PF21316_654_741_fpocket_4	392
P29279_PF00007_254_344_fpocket_1	184
P29279_PF00093_103_166_fpocket_3	305
P29279_PF19035_199_242_fpocket_1	515
P29317_PF00041_331_420_fpocket_6	300
P29317_PF01404_30_201_fpocket_5	874
P29322_PF00536_934_992_fpocket_1	648
P29322_PF01404_33_204_fpocket_1	11
P29322_PF25599_205_262_fpocket_1	641
P29323_PF25599_198_256_fpocket_1	327
P29350_PF00102_270_513_fpocket_1	613
P29371_PF00001_102_356_fpocket_3	470
P29372_PF02245_89_283_fpocket_14	1225
P29372_PF02245_89_283_fpocket_2	1462
P29374_PF01388_311_397_fpocket_1	716
P29374_PF08169_170_262_fpocket_4	90
P29374_PF08169_170_262_fpocket_7	461
P29374_PF11717_576_628_fpocket_1	711
P29374_PF11717_576_628_fpocket_3	1308
P29375_PF00628_1164_1215_fpocket_3	380
P29375_PF02373_470_586_fpocket_8	723
P29375_PF02375_20_53_fpocket_2	1134
P29375_PF02928_676_728_fpocket_2	1283
P29375_PF08429_741_1072_fpocket_34	335
P29375_PF08429_741_1072_fpocket_9	269
P29401_PF00456_17_269_fpocket_3	1275
P29401_PF00456_17_269_fpocket_7	970
P29401_PF02779_314_476_fpocket_1	167
P29401_PF02779_314_476_fpocket_3	1443
P29401_PF02780_493_612_fpocket_5	1090
P29460_PF10420_126_216_fpocket_1	1180
P29460_PF10420_126_216_fpocket_2	1668
P29466_PF00619_4_88_fpocket_2	1062
P29466_PF00656_162_399_fpocket_20	1158
P29475_PF00258_762_935_fpocket_1	934
P29475_PF02898_357_717_fpocket_3	5
P29536_PF03250_13_85_fpocket_5	710
P29590_PF22586_128_161_fpocket_1	210
P29590_PF25244_777_852_fpocket_1	1578
P29597_PF07714_590_866_fpocket_18	1069
P29597_PF17887_285_432_fpocket_1	801
P29597_PF18377_142_266_fpocket_1	788
P29597_PF18379_28_124_fpocket_3	1723
P29622_PF00079_54_424_fpocket_1	967
P29692_PF00736_198_281_fpocket_4	533
P29728_PF01909_373_438_fpocket_1	817
P29728_PF01909_373_438_fpocket_4	1244
P29728_PF10421_154_337_fpocket_2	305
P29728_PF10421_497_684_fpocket_7	1265
P29973_PF00027_494_583_fpocket_3	1090
P29973_PF00520_162_402_fpocket_1	1575
P29973_PF00520_162_402_fpocket_7	674
P30039_PF02567_9_284_fpocket_16	354
P30039_PF02567_9_284_fpocket_7	1233
P30040_PF07749_156_251_fpocket_1	1159
P30040_PF07912_33_155_fpocket_6	1291
P30041_PF10417_166_204_fpocket_1	868
P30043_PF13460_10_191_fpocket_2	101
P30043_PF13460_10_191_fpocket_8	101
P30044_PF08534_57_200_fpocket_1	724
P30044_PF08534_57_200_fpocket_2	902
P30046_PF01187_2_116_fpocket_2	303
P30046_PF01187_2_116_fpocket_3	1582
P30047_PF06399_2_84_fpocket_1	252
P30047_PF06399_2_84_fpocket_3	327
P30048_PF00578_65_197_fpocket_8	500
P30048_PF10417_218_253_fpocket_1	88
P30049_PF02823_38_119_fpocket_2	1852
P30049_PF02823_38_119_fpocket_3	1795
P30049_PF21335_125_166_fpocket_1	1057
P30084_PF00378_43_290_fpocket_5	1347
P30086_PF01161_48_157_fpocket_4	1018
P30086_PF01161_48_157_fpocket_9	65
P30101_PF00085_27_130_fpocket_4	278
P30101_PF13848_160_355_fpocket_21	478
P30273_PF11628_21_50_fpocket_1	1161
P30279_PF00134_26_151_fpocket_7	24
P30281_PF00134_27_152_fpocket_1	947
P30281_PF02984_157_255_fpocket_2	341
P30281_PF02984_157_255_fpocket_3	1847
P30301_PF00230_3_219_fpocket_11	837
P30301_PF00230_3_219_fpocket_3	1020
P30304_PF00581_376_473_fpocket_4	1293
P30304_PF00581_376_473_fpocket_9	14
P30307_PF00581_323_419_fpocket_1	539
P30405_PF00160_50_204_fpocket_8	1292
P30511_PF07654_216_287_fpocket_1	1039
P30511_PF07654_216_287_fpocket_3	853
P30519_PF01126_32_236_fpocket_1	1340
P30519_PF01126_32_236_fpocket_8	1473
P30520_PF00709_32_453_fpocket_1	1614
P30520_PF00709_32_453_fpocket_31	156
P30531_PF00209_44_558_fpocket_15	1243
P30532_PF02932_378_447_fpocket_5	412
P30542_PF00001_26_288_fpocket_17	34
P30566_PF00206_98_308_fpocket_17	608
P30566_PF10397_378_460_fpocket_2	776
P30566_PF10397_378_460_fpocket_4	1695
P30613_PF00224_86_418_fpocket_1	1684
P30613_PF00224_86_418_fpocket_16	1522
P30613_PF02887_454_571_fpocket_1	765
P30613_PF02887_454_571_fpocket_4	1813
P30622_PF01302_214_278_fpocket_2	912
P30622_PF01302_60_124_fpocket_1	516
P30622_PF16641_1376_1393_fpocket_1	299
P30679_PF00503_23_362_fpocket_17	1710
P30711_PF00043_120_200_fpocket_1	20
P30711_PF13417_5_79_fpocket_1	102
P30793_PF01227_73_249_fpocket_10	979
P30793_PF01227_73_249_fpocket_5	630
P30825_PF13520_32_438_fpocket_23	649
P30876_PF00562_707_1080_fpocket_6	657
P30876_PF04560_1082_1172_fpocket_4	1748
P30876_PF04561_201_394_fpocket_14	824
P30876_PF04561_201_394_fpocket_18	215
P30876_PF04563_38_441_fpocket_16	920
P30876_PF04566_567_629_fpocket_5	1561
P30876_PF04567_653_700_fpocket_1	1092
P30968_PF00001_73_323_fpocket_1	1433
P30989_PF00001_80_364_fpocket_19	1207
P31025_PF00061_32_168_fpocket_11	1626
P31040_PF00890_63_457_fpocket_1	1126
P31040_PF00890_63_457_fpocket_15	1606
P31040_PF02910_513_664_fpocket_1	587
P31040_PF02910_513_664_fpocket_5	137
P31150_PF00996_1_435_fpocket_1	45
P31150_PF00996_1_435_fpocket_3	1311
P31153_PF00438_18_115_fpocket_2	1560
P31153_PF02772_129_250_fpocket_5	276
P31153_PF02773_252_388_fpocket_2	890
P31153_PF02773_252_388_fpocket_8	1197
P31213_PF02544_106_254_fpocket_1	383
P31269_PF00046_207_263_fpocket_5	1327
P31321_PF00027_274_359_fpocket_2	585
P31323_PF02197_8_44_fpocket_1	275
P31323_PF02197_8_44_fpocket_2	1390
P31327_PF00117_222_395_fpocket_2	561
P31327_PF00988_48_183_fpocket_5	279
P31327_PF02786_1088_1290_fpocket_8	463
P31327_PF02786_546_749_fpocket_1	638
P31327_PF02786_546_749_fpocket_2	1662
P31327_PF02787_841_920_fpocket_2	985
P31327_PF02787_841_920_fpocket_3	247
P31327_PF25596_423_542_fpocket_6	122
P31327_PF25596_973_1084_fpocket_1	107
P31327_PF25596_973_1084_fpocket_2	1533
P31350_PF00268_79_346_fpocket_8	272
P31415_PF01216_12_396_fpocket_1	403
P31415_PF01216_12_396_fpocket_19	147
P31483_PF00076_108_178_fpocket_3	1024
P31513_PF00743_3_531_fpocket_29	1023
P31644_PF02931_50_257_fpocket_1	1189
P31644_PF02932_264_445_fpocket_3	446
P31645_PF00209_79_598_fpocket_33	1705
P31785_PF21605_154_247_fpocket_1	254
P31785_PF21605_154_247_fpocket_5	1067
P31785_PF22012_60_146_fpocket_4	802
P31930_PF00675_58_204_fpocket_3	503
P31930_PF00675_58_204_fpocket_5	1459
P31930_PF05193_210_395_fpocket_12	306
P31930_PF05193_210_395_fpocket_7	1382
P31937_PF03446_42_200_fpocket_7	1519
P31937_PF14833_203_329_fpocket_1	1567
P31939_PF01808_135_461_fpocket_1	1551
P31939_PF01808_135_461_fpocket_17	160
P31939_PF02142_16_130_fpocket_6	1599
P31943_PF00076_114_181_fpocket_1	39
P31948_PF17830_130_184_fpocket_2	484
P31948_PF17830_483_536_fpocket_1	1837
P31948_PF17830_483_536_fpocket_2	959
P31994_PF13895_137_214_fpocket_2	1479
P31997_PF07686_42_140_fpocket_2	78
P32004_PF13927_34_118_fpocket_6	872
P32019_PF21310_672_779_fpocket_1	1774
P32119_PF00578_8_140_fpocket_1	1697
P32119_PF10417_161_196_fpocket_3	261
P32121_PF00339_20_174_fpocket_1	444
P32121_PF02752_195_348_fpocket_5	172
P32189_PF00370_13_272_fpocket_15	1671
P32246_PF00001_51_301_fpocket_5	1047
P32302_PF00001_68_322_fpocket_1	134
P32320_PF00383_15_116_fpocket_3	1018
P32321_PF00383_14_128_fpocket_1	1018
P32322_PF03807_3_98_fpocket_1	9
P32322_PF14748_164_268_fpocket_7	992
P32418_PF01699_800_962_fpocket_13	178
P32418_PF01699_800_962_fpocket_2	221
P32418_PF01699_81_250_fpocket_15	1525
P32418_PF03160_404_535_fpocket_1	465
P32418_PF03160_404_535_fpocket_3	572
P32455_PF02841_284_580_fpocket_2	638
P32455_PF02841_284_580_fpocket_26	1171
P32754_PF00903_181_301_fpocket_2	1194
P32754_PF00903_19_123_fpocket_1	1062
P32780_PF08567_17_97_fpocket_2	1529
P32780_PF08567_17_97_fpocket_4	303
P32856_PF00804_26_180_fpocket_3	113
P32881_PF00143_26_185_fpocket_11	676
P32927_PF21460_28_116_fpocket_1	1037
P32927_PF21460_28_116_fpocket_2	312
P32929_PF01053_19_395_fpocket_1	59
P32929_PF01053_19_395_fpocket_4	350
P32942_PF03921_31_119_fpocket_1	244
P32942_PF03921_31_119_fpocket_2	1728
P32969_PF00347_12_85_fpocket_1	1160
P32969_PF00347_99_178_fpocket_1	345
P32969_PF00347_99_178_fpocket_2	1722
P33032_PF00001_53_295_fpocket_14	1084
P33076_PF05729_414_584_fpocket_3	1353
P33240_PF14304_533_573_fpocket_1	1091
P33240_PF14304_533_573_fpocket_2	196
P33316_PF00692_122_250_fpocket_4	208
P33402_PF07700_151_270_fpocket_1	1502
P33402_PF07701_317_506_fpocket_2	567
P33527_PF00664_326_596_fpocket_12	686
P33527_PF00664_976_1242_fpocket_13	1138
P33552_PF01111_6_72_fpocket_3	930
P33681_PF07686_38_130_fpocket_2	759
P33763_PF01023_5_42_fpocket_2	151
P33764_PF01023_5_47_fpocket_3	171
P33778_PF00125_20_101_fpocket_8	388
P33991_PF21128_793_861_fpocket_6	432
P33992_PF00493_319_540_fpocket_17	365
P33992_PF14551_32_129_fpocket_3	900
P33992_PF21933_674_732_fpocket_2	1481
P33993_PF14551_10_139_fpocket_6	1198
P33993_PF17207_149_278_fpocket_4	478
P33993_PF17207_149_278_fpocket_9	478
P33993_PF17855_558_640_fpocket_4	287
P33993_PF24901_677_719_fpocket_2	684
P33993_PF24901_677_719_fpocket_3	234
P34059_PF14707_380_508_fpocket_2	607
P34096_PF00074_33_146_fpocket_1	244
P34096_PF00074_33_146_fpocket_2	1018
P34130_PF00243_90_207_fpocket_4	220
P34741_PF01034_138_199_fpocket_1	262
P34810_PF01299_156_302_fpocket_1	609
P34810_PF01299_156_302_fpocket_4	167
P34820_PF00019_301_401_fpocket_4	14
P34820_PF00688_33_251_fpocket_12	1201
P34896_PF00464_26_425_fpocket_3	874
P34897_PF00464_49_448_fpocket_1	985
P34897_PF00464_49_448_fpocket_10	979
P34903_PF02931_68_275_fpocket_1	283
P34903_PF02932_282_475_fpocket_4	950
P34913_PF00702_4_197_fpocket_3	888
P34925_PF07714_330_596_fpocket_9	744
P34932_PF00012_3_606_fpocket_32	590
P34932_PF00012_598_686_fpocket_1	924
P34932_PF00012_598_686_fpocket_2	3
P34947_PF00069_187_448_fpocket_1	507
P34947_PF00615_53_170_fpocket_1	855
P34947_PF00615_53_170_fpocket_6	918
P34949_PF01238_337_381_fpocket_1	1382
P34949_PF01238_337_381_fpocket_2	354
P34949_PF20511_6_154_fpocket_8	1185
P34949_PF20511_6_154_fpocket_9	561
P34949_PF20512_170_257_fpocket_1	1815
P34949_PF20512_170_257_fpocket_2	565
P34998_PF02793_42_104_fpocket_2	196
P35080_PF00235_3_140_fpocket_4	785
P35225_PF03487_16_144_fpocket_1	457
P35225_PF03487_16_144_fpocket_4	1075
P35226_PF16207_162_226_fpocket_2	454
P35228_PF00667_726_947_fpocket_17	431
P35228_PF02898_137_497_fpocket_1	1510
P35240_PF00373_106_222_fpocket_4	1244
P35240_PF00769_519_595_fpocket_1	376
P35241_PF00769_508_583_fpocket_1	297
P35244_PF08661_5_113_fpocket_1	694
P35247_PF00059_272_375_fpocket_3	1277
P35249_PF00004_74_201_fpocket_9	29
P35249_PF21960_210_249_fpocket_2	348
P35249_PF21960_210_249_fpocket_4	493
P35250_PF08542_258_343_fpocket_2	1646
P35251_PF08519_915_1068_fpocket_2	1412
P35251_PF08519_915_1068_fpocket_6	1550
P35251_PF25361_777_835_fpocket_1	682
P35251_PF25361_777_835_fpocket_2	1110
P35268_PF01776_16_125_fpocket_2	43
P35268_PF01776_16_125_fpocket_3	1837
P35318_PF00214_1_150_fpocket_7	877
P35325_PF14820_2_69_fpocket_2	1179
P35354_PF03098_207_513_fpocket_10	229
P35354_PF03098_207_513_fpocket_16	1863
P35442_PF02412_847_884_fpocket_1	18
P35442_PF02412_847_884_fpocket_2	1060
P35442_PF02412_921_952_fpocket_2	1581
P35475_PF01229_30_525_fpocket_30	1275
P35475_PF01229_30_525_fpocket_32	719
P35475_PF21200_552_640_fpocket_1	333
P35475_PF21200_552_640_fpocket_4	1291
P35498_PF00520_1217_1492_fpocket_2	617
P35498_PF00520_127_432_fpocket_8	1158
P35503_PF00201_29_525_fpocket_18	112
P35504_PF00201_29_525_fpocket_17	1007
P35523_PF00654_172_571_fpocket_28	1815
P35555_PF00683_966_1008_fpocket_1	225
P35555_PF07645_1606_1646_fpocket_1	261
P35555_PF07645_2127_2162_fpocket_1	1409
P35555_PF07645_2206_2245_fpocket_3	153
P35555_PF07645_2291_2331_fpocket_1	1260
P35556_PF00683_2111_2155_fpocket_4	650
P35558_PF17297_29_256_fpocket_13	340
P35558_PF17297_29_256_fpocket_6	109
P35568_PF00169_21_112_fpocket_5	624
P35568_PF02174_167_260_fpocket_1	589
P35573_PF14699_31_115_fpocket_2	920
P35573_PF14699_31_115_fpocket_5	1479
P35573_PF14701_121_551_fpocket_2	1131
P35573_PF14701_121_551_fpocket_3	903
P35573_PF14702_697_974_fpocket_23	445
P35575_PF01569_59_199_fpocket_2	790
P35580_PF00063_87_771_fpocket_1	1817
P35590_PF00041_646_733_fpocket_3	1642
P35609_PF00307_39_142_fpocket_5	988
P35609_PF00435_282_390_fpocket_2	841
P35609_PF08726_824_890_fpocket_1	970
P35609_PF08726_824_890_fpocket_2	661
P35610_PF03062_171_520_fpocket_31	463
P35612_PF00596_136_317_fpocket_11	971
P35625_PF00965_22_194_fpocket_3	613
P35670_PF00403_61_112_fpocket_2	1145
P35749_PF02736_32_76_fpocket_2	29
P35813_PF00481_23_284_fpocket_6	1116
P35813_PF07830_285_363_fpocket_1	350
P35913_PF00233_556_799_fpocket_19	620
P35913_PF00233_556_799_fpocket_4	463
P35913_PF01590_252_428_fpocket_12	562
P35913_PF01590_72_209_fpocket_8	1631
P35914_PF00682_32_306_fpocket_1	429
P35914_PF00682_32_306_fpocket_17	1396
P35916_PF21339_145_223_fpocket_1	1704
P35968_PF17988_759_793_fpocket_1	1786
P35968_PF21339_134_217_fpocket_6	1130
P35968_PF22854_21_130_fpocket_1	147
P35968_PF22971_432_548_fpocket_1	997
P35968_PF22971_432_548_fpocket_8	234
P36021_PF07690_140_440_fpocket_25	352
P36268_PF01019_56_564_fpocket_1	996
P36383_PF00029_2_254_fpocket_5	1248
P36404_PF00025_4_175_fpocket_8	756
P36406_PF00025_399_564_fpocket_4	991
P36542_PF00231_27_297_fpocket_1	630
P36542_PF00231_27_297_fpocket_8	12
P36543_PF01991_18_216_fpocket_1	1289
P36544_PF02931_27_230_fpocket_6	537
P36551_PF01218_151_452_fpocket_3	762
P36575_PF02752_192_352_fpocket_3	1469
P36578_PF00573_23_262_fpocket_4	1171
P36578_PF00573_23_262_fpocket_9	1842
P36578_PF14374_275_348_fpocket_1	1246
P36578_PF14374_275_348_fpocket_3	1334
P36776_PF00004_519_656_fpocket_5	188
P36776_PF02190_124_368_fpocket_1	733
P36776_PF05362_737_947_fpocket_6	11
P36776_PF22667_682_733_fpocket_3	230
P36871_PF02878_15_157_fpocket_5	651
P36871_PF24947_422_559_fpocket_1	469
P36871_PF24947_422_559_fpocket_3	849
P36873_PF16891_9_56_fpocket_1	335
P36894_PF01064_59_132_fpocket_1	300
P36894_PF01064_59_132_fpocket_7	40
P36894_PF07714_234_520_fpocket_11	732
P36915_PF01926_363_417_fpocket_2	1710
P36941_PF00020_170_210_fpocket_1	1072
P36941_PF00020_47_80_fpocket_2	844
P36954_PF01096_84_124_fpocket_2	15
P36954_PF02150_14_50_fpocket_1	1200
P36954_PF02150_14_50_fpocket_2	682
P36955_PF00079_57_415_fpocket_8	54
P36956_PF00010_324_374_fpocket_1	812
P36956_PF00010_324_374_fpocket_6	266
P36957_PF00364_72_143_fpocket_1	1166
P36957_PF00364_72_143_fpocket_3	142
P36959_PF00478_10_339_fpocket_10	266
P36959_PF00478_10_339_fpocket_16	708
P37059_PF00106_83_277_fpocket_11	755
P37088_PF00858_62_571_fpocket_1	131
P37108_PF02290_4_94_fpocket_9	1255
P37173_PF08917_49_157_fpocket_3	1838
P37198_PF05064_324_429_fpocket_2	1130
P37198_PF05064_324_429_fpocket_8	788
P37235_PF13499_98_172_fpocket_1	630
P37268_PF00494_48_319_fpocket_15	54
P37275_PF05605_170_222_fpocket_2	217
P37287_PF00534_221_363_fpocket_4	503
P37287_PF00534_221_363_fpocket_8	407
P37287_PF08288_72_161_fpocket_1	339
P37288_PF00001_68_348_fpocket_6	1110
P37837_PF00923_24_325_fpocket_1	1064
P37837_PF00923_24_325_fpocket_11	128
P37840_PF01387_1_130_fpocket_2	1161
P37840_PF01387_1_130_fpocket_3	150
P38117_PF01012_29_211_fpocket_10	803
P38117_PF01012_29_211_fpocket_11	875
P38398_PF00097_24_64_fpocket_1	215
P38398_PF00533_1645_1723_fpocket_1	276
P38432_PF15862_7_137_fpocket_1	164
P38432_PF15862_7_137_fpocket_4	1236
P38432_PF23086_458_550_fpocket_6	1161
P38435_PF05090_56_315_fpocket_2	1502
P38435_PF05090_56_315_fpocket_7	1065
P38435_PF22777_361_506_fpocket_10	554
P38435_PF22777_361_506_fpocket_6	1154
P38484_PF09294_140_236_fpocket_1	573
P38484_PF09294_140_236_fpocket_2	961
P38571_PF00561_80_380_fpocket_2	1467
P38606_PF00006_230_455_fpocket_1	975
P38606_PF02874_22_83_fpocket_3	111
P38606_PF16886_124_212_fpocket_1	522
P38606_PF16886_124_212_fpocket_6	237
P38919_PF00270_63_225_fpocket_4	502
P38935_PF01424_731_784_fpocket_1	1097
P38935_PF01428_897_935_fpocket_1	399
P38935_PF01428_897_935_fpocket_2	709
P38935_PF13087_419_614_fpocket_6	745
P38935_PF21138_10_139_fpocket_1	1454
P38936_PF02234_21_68_fpocket_2	65
P39019_PF01090_5_139_fpocket_1	1196
P39019_PF01090_5_139_fpocket_6	405
P39023_PF00297_1_375_fpocket_1	902
P39023_PF00297_1_375_fpocket_7	522
P39060_PF06482_1581_1750_fpocket_2	299
P39060_PF06482_1581_1750_fpocket_5	1422
P39060_PF20010_1445_1493_fpocket_1	1104
P39086_PF00060_576_846_fpocket_6	1819
P39086_PF01094_54_397_fpocket_2	1104
P39210_PF04117_109_170_fpocket_3	1327
P39210_PF04117_109_170_fpocket_4	1711
P39656_PF03345_46_299_fpocket_20	945
P39656_PF03345_46_299_fpocket_3	618
P39656_PF23358_313_450_fpocket_1	634
P39877_PF00068_22_130_fpocket_3	446
P39880_PF02376_940_1009_fpocket_7	1659
P39880_PF02376_940_1009_fpocket_9	816
P39900_PF00413_109_263_fpocket_11	101
P40123_PF08603_322_474_fpocket_1	1182
P40123_PF08603_322_474_fpocket_5	461
P40123_PF21938_49_207_fpocket_8	3
P40123_PF21938_49_207_fpocket_9	1697
P40126_PF00264_180_408_fpocket_2	607
P40126_PF00264_180_408_fpocket_5	508
P40145_PF00211_406_588_fpocket_2	1116
P40189_PF06328_27_120_fpocket_2	720
P40189_PF25552_125_209_fpocket_3	132
P40225_PF00758_26_166_fpocket_1	759
P40225_PF00758_26_166_fpocket_14	1393
P40238_PF09067_25_128_fpocket_1	369
P40238_PF09067_25_128_fpocket_4	935
P40337_PF01847_63_144_fpocket_1	1066
P40337_PF01847_63_144_fpocket_4	1056
P40337_PF17211_156_204_fpocket_1	1020
P40337_PF17211_156_204_fpocket_2	812
P40394_PF08240_46_174_fpocket_1	270
P40425_PF03792_52_243_fpocket_1	272
P40426_PF05920_254_292_fpocket_1	668
P40429_PF00572_6_110_fpocket_2	261
P40616_PF00025_5_176_fpocket_8	1471
P40692_PF01119_216_334_fpocket_3	614
P40692_PF16413_502_756_fpocket_1	662
P40692_PF16413_502_756_fpocket_3	1814
P40763_PF01017_145_313_fpocket_13	499
P40763_PF02864_326_464_fpocket_11	833
P40763_PF02865_2_119_fpocket_1	39
P40763_PF21354_488_565_fpocket_1	1756
P40818_PF00581_184_305_fpocket_7	407
P40818_PF08969_8_115_fpocket_4	536
P40855_PF04614_76_299_fpocket_15	1013
P40879_PF00916_73_475_fpocket_28	273
P40879_PF01740_526_716_fpocket_1	562
P40925_PF00056_6_152_fpocket_5	1354
P40926_PF00056_26_168_fpocket_1	29
P40926_PF02866_170_334_fpocket_1	6
P40933_PF02372_33_160_fpocket_1	0
P40937_PF08542_242_328_fpocket_1	993
P40937_PF08542_242_328_fpocket_2	1218
P40938_PF13177_20_185_fpocket_1	455
P40938_PF13177_20_185_fpocket_2	929
P40938_PF22534_251_340_fpocket_3	72
P40938_PF22534_251_340_fpocket_7	1179
P40939_PF00725_676_755_fpocket_1	802
P40939_PF00725_676_755_fpocket_6	201
P40939_PF02737_364_541_fpocket_1	506
P40967_PF20433_515_566_fpocket_2	433
P40967_PF26141_42_210_fpocket_10	782
P41002_PF00134_290_405_fpocket_4	743
P41002_PF02984_410_528_fpocket_6	183
P41091_PF00009_41_244_fpocket_7	613
P41091_PF03144_276_358_fpocket_2	130
P41091_PF09173_369_459_fpocket_1	244
P41091_PF09173_369_459_fpocket_3	1380
P41180_PF00003_606_856_fpocket_3	486
P41181_PF00230_3_219_fpocket_3	778
P41214_PF17832_2_90_fpocket_2	241
P41214_PF26291_385_467_fpocket_1	1084
P41214_PF26291_385_467_fpocket_2	60
P41214_PF26292_93_175_fpocket_1	1475
P41214_PF26292_93_175_fpocket_5	103
P41218_PF02760_208_374_fpocket_1	594
P41220_PF00615_84_198_fpocket_2	1484
P41223_PF01125_1_143_fpocket_5	1366
P41225_PF00505_139_207_fpocket_1	1468
P41226_PF00899_15_381_fpocket_17	1282
P41226_PF00899_415_889_fpocket_33	484
P41226_PF09358_914_1007_fpocket_2	54
P41226_PF16190_188_257_fpocket_4	1310
P41226_PF16191_259_326_fpocket_1	183
P41226_PF16191_259_326_fpocket_2	1097
P41229_PF08429_772_1100_fpocket_26	335
P41236_PF04979_45_173_fpocket_6	14
P41238_PF05240_109_185_fpocket_1	839
P41247_PF01734_6_174_fpocket_7	193
P41250_PF00458_67_114_fpocket_2	1143
P41250_PF00587_295_369_fpocket_3	422
P41252_PF08264_693_849_fpocket_4	1175
P41252_PF19302_868_1036_fpocket_1	1184
P41252_PF19302_868_1036_fpocket_7	1070
P41252_PF23567_1169_1259_fpocket_2	766
P41252_PF23567_1169_1259_fpocket_4	95
P41271_PF03045_31_122_fpocket_2	582
P41271_PF03045_31_122_fpocket_3	542
P41273_PF00229_107_240_fpocket_2	90
P41440_PF01770_24_433_fpocket_8	1578
P41567_PF01253_28_101_fpocket_10	1608
P41567_PF01253_28_101_fpocket_7	178
P41587_PF00002_125_371_fpocket_7	1683
P41594_PF07562_507_558_fpocket_1	865
P41597_PF00001_59_305_fpocket_3	740
P41743_PF00433_546_584_fpocket_1	44
P41743_PF00564_26_107_fpocket_2	1765
P41970_PF00178_6_85_fpocket_1	876
P42126_PF00378_54_298_fpocket_18	1456
P42127_PF05039_92_132_fpocket_1	572
P42166_PF08198_2_49_fpocket_1	1579
P42166_PF11560_461_693_fpocket_1	705
P42166_PF11560_461_693_fpocket_8	1209
P42167_PF03020_111_150_fpocket_1	645
P42167_PF03020_111_150_fpocket_2	641
P42167_PF08198_2_49_fpocket_1	421
P42224_PF01017_144_308_fpocket_15	491
P42224_PF21354_481_558_fpocket_3	1629
P42226_PF01017_182_242_fpocket_4	142
P42226_PF02864_277_413_fpocket_2	1242
P42229_PF01017_146_324_fpocket_1	452
P42229_PF02865_3_123_fpocket_3	1569
P42229_PF02865_3_123_fpocket_4	2
P42261_PF01094_38_373_fpocket_11	1451
P42261_PF10613_408_522_fpocket_5	72
P42262_PF00060_544_824_fpocket_1	883
P42262_PF00060_544_824_fpocket_19	1430
P42262_PF10613_414_529_fpocket_1	881
P42263_PF01094_47_390_fpocket_4	608
P42263_PF10613_424_538_fpocket_2	374
P42285_PF13234_646_841_fpocket_2	348
P42285_PF13234_646_841_fpocket_5	1176
P42285_PF21408_582_645_fpocket_3	692
P42330_PF00248_19_300_fpocket_5	312
P42336_PF00792_351_483_fpocket_5	719
P42336_PF00794_174_291_fpocket_12	145
P42336_PF02192_32_107_fpocket_3	961
P42338_PF00794_181_287_fpocket_5	1362
P42338_PF02192_42_116_fpocket_3	1312
P42345_PF02260_2519_2549_fpocket_2	1364
P42345_PF08771_2015_2113_fpocket_1	1079
P42345_PF08771_2015_2113_fpocket_5	886
P42356_PF19274_378_1514_fpocket_113	286
P42357_PF00221_121_584_fpocket_11	167
P42568_PF03366_28_107_fpocket_3	1619
P42568_PF17793_503_563_fpocket_2	649
P42568_PF17793_503_563_fpocket_6	649
P42575_PF00619_37_118_fpocket_2	489
P42575_PF00656_199_444_fpocket_5	19
P42677_PF01667_28_82_fpocket_3	541
P42677_PF01667_28_82_fpocket_4	212
P42679_PF00018_64_99_fpocket_2	676
P42684_PF08919_1083_1182_fpocket_1	78
P42684_PF08919_1083_1182_fpocket_5	1795
P42694_PF13086_642_764_fpocket_13	542
P42694_PF13086_759_833_fpocket_1	1184
P42694_PF13086_759_833_fpocket_5	1184
P42702_PF00041_435_522_fpocket_2	331
P42702_PF17971_131_244_fpocket_1	8
P42702_PF18207_51_129_fpocket_2	378
P42702_PF21177_254_330_fpocket_2	160
P42702_PF25552_332_429_fpocket_6	878
P42766_PF00831_8_63_fpocket_1	1244
P42766_PF00831_8_63_fpocket_3	965
P42768_PF00568_36_144_fpocket_5	1498
P42768_PF00568_36_144_fpocket_6	86
P42785_PF05577_55_475_fpocket_2	973
P42892_PF01431_566_769_fpocket_2	1610
P42892_PF05649_121_507_fpocket_3	216
P42898_PF21895_344_644_fpocket_1	1648
P43007_PF00375_44_476_fpocket_10	118
P43007_PF00375_44_476_fpocket_22	1175
P43026_PF00688_166_329_fpocket_13	24
P43080_PF00036_56_81_fpocket_1	149
P43116_PF00001_65_314_fpocket_11	319
P43121_PF13927_258_321_fpocket_4	699
P43146_PF00041_430_519_fpocket_3	749
P43155_PF00755_38_609_fpocket_32	224
P43166_PF00194_14_262_fpocket_2	674
P43166_PF00194_14_262_fpocket_4	212
P43220_PF02793_60_128_fpocket_2	87
P43235_PF00112_116_327_fpocket_6	1526
P43235_PF08246_26_85_fpocket_3	1516
P43246_PF00488_666_852_fpocket_2	678
P43246_PF05188_156_289_fpocket_1	883
P43246_PF05190_474_568_fpocket_3	1601
P43246_PF05190_474_568_fpocket_6	1625
P43250_PF00615_53_170_fpocket_5	150
P43251_PF19018_394_543_fpocket_3	738
P43268_PF04621_7_339_fpocket_1	254
P43304_PF01266_71_441_fpocket_15	131
P43304_PF16901_462_587_fpocket_1	352
P43304_PF16901_462_587_fpocket_2	1052
P43307_PF03896_80_260_fpocket_6	1091
P43307_PF03896_80_260_fpocket_9	368
P43308_PF05753_7_179_fpocket_4	114
P43308_PF05753_7_179_fpocket_5	607
P43351_PF04098_36_178_fpocket_2	155
P43351_PF04098_36_178_fpocket_4	493
P43354_PF00104_398_578_fpocket_14	1682
P43360_PF01454_198_281_fpocket_1	2
P43361_PF01454_119_284_fpocket_12	1235
P43362_PF01454_115_281_fpocket_4	183
P43364_PF01454_230_396_fpocket_2	1641
P43365_PF01454_198_281_fpocket_6	298
P43405_PF00017_168_244_fpocket_4	508
P43490_PF04095_188_465_fpocket_3	1133
P43490_PF04095_188_465_fpocket_5	1297
P43490_PF18127_10_116_fpocket_11	769
P43490_PF18127_10_116_fpocket_3	1718
P43627_PF00047_136_210_fpocket_4	641
P43630_PF00047_35_107_fpocket_1	1783
P43631_PF00047_136_210_fpocket_6	893
P43652_PF00273_222_394_fpocket_9	1287
P43694_PF00320_217_249_fpocket_1	847
P43897_PF00889_117_268_fpocket_11	1290
P43897_PF00889_117_268_fpocket_8	1388
P43897_PF25025_44_92_fpocket_2	1808
P45378_PF00992_73_208_fpocket_9	238
P45379_PF00992_234_290_fpocket_3	298
P45381_PF04952_219_299_fpocket_1	932
P45381_PF04952_219_299_fpocket_2	1316
P45381_PF24827_11_206_fpocket_7	904
P45844_PF00005_101_245_fpocket_7	1050
P45844_PF01061_403_612_fpocket_3	1472
P45844_PF19055_274_332_fpocket_1	1072
P45844_PF19055_274_332_fpocket_2	791
P45954_PF00441_280_428_fpocket_2	309
P45954_PF02770_173_268_fpocket_3	1018
P45954_PF02771_58_169_fpocket_2	203
P45973_PF01393_123_174_fpocket_2	962
P45974_PF00627_724_759_fpocket_1	1128
P45974_PF17807_16_79_fpocket_1	983
P45974_PF17807_16_79_fpocket_3	1140
P46020_PF19292_1044_1139_fpocket_1	1203
P46020_PF19292_1044_1139_fpocket_2	105
P46059_PF00854_554_637_fpocket_2	1693
P46059_PF00854_81_469_fpocket_12	360
P46060_PF07834_410_584_fpocket_4	231
P46063_PF16124_421_479_fpocket_1	546
P46063_PF16124_421_479_fpocket_4	1145
P46100_PF26143_2316_2416_fpocket_1	1251
P46100_PF26143_2316_2416_fpocket_2	549
P46109_PF07653_239_293_fpocket_2	10
P46199_PF00009_182_341_fpocket_2	585
P46199_PF11987_508_606_fpocket_6	412
P46199_PF22042_354_433_fpocket_2	312
P46199_PF22042_354_433_fpocket_3	467
P46379_PF12057_277_391_fpocket_1	1836
P46379_PF12057_277_391_fpocket_9	1529
P46379_PF20960_1059_1111_fpocket_1	29
P46379_PF20960_1059_1111_fpocket_2	334
P46459_PF02359_6_84_fpocket_1	916
P46459_PF02359_6_84_fpocket_4	343
P46459_PF02933_111_159_fpocket_1	1373
P46459_PF02933_111_159_fpocket_2	671
P46459_PF21964_669_736_fpocket_1	1209
P46459_PF21964_669_736_fpocket_5	963
P46527_PF02234_31_79_fpocket_5	367
P46531_PF00066_1527_1561_fpocket_1	1280
P46597_PF00891_117_327_fpocket_8	1101
P46597_PF08100_14_95_fpocket_1	654
P46663_PF00001_54_312_fpocket_8	838
P46721_PF03137_21_597_fpocket_49	1465
P46734_PF00069_66_325_fpocket_12	498
P46736_PF18110_228_308_fpocket_1	294
P46736_PF18110_228_308_fpocket_2	147
P46776_PF00828_72_145_fpocket_1	624
P46776_PF00828_72_145_fpocket_2	1422
P46777_PF14204_236_289_fpocket_1	717
P46777_PF17144_14_176_fpocket_1	1336
P46777_PF17144_14_176_fpocket_11	442
P46778_PF01157_1_101_fpocket_1	137
P46778_PF01157_1_101_fpocket_3	6
P46779_PF01778_5_120_fpocket_1	994
P46781_PF00163_11_107_fpocket_1	1032
P46781_PF00163_11_107_fpocket_2	786
P46781_PF01479_108_151_fpocket_1	1494
P46781_PF01479_108_151_fpocket_2	768
P46782_PF00177_46_204_fpocket_1	781
P46821_PF23415_39_235_fpocket_1	937
P46821_PF23415_39_235_fpocket_11	943
P46926_PF01182_17_232_fpocket_12	806
P46926_PF01182_17_232_fpocket_5	806
P46937_PF00397_173_202_fpocket_2	1146
P46939_PF00307_152_254_fpocket_1	1331
P46939_PF00307_32_134_fpocket_4	1120
P46939_PF00435_1977_2079_fpocket_3	221
P46939_PF00569_3065_3108_fpocket_2	852
P46939_PF09068_2846_2964_fpocket_1	1850
P46939_PF09069_2968_3059_fpocket_2	1020
P46939_PF09069_2968_3059_fpocket_4	1032
P46940_PF00616_1025_1237_fpocket_9	343
P46940_PF03836_1452_1580_fpocket_1	1626
P46952_PF06052_2_149_fpocket_1	1150
P46952_PF06052_2_149_fpocket_3	233
P46976_PF01501_7_116_fpocket_4	319
P46977_PF02516_17_417_fpocket_27	706
P46977_PF22627_512_580_fpocket_1	352
P46977_PF22627_512_580_fpocket_2	338
P47224_PF04421_16_122_fpocket_5	1808
P47712_PF01735_190_674_fpocket_22	491
P47736_PF02145_211_390_fpocket_17	1649
P47755_PF01267_18_282_fpocket_20	3
P47756_PF01115_6_240_fpocket_12	483
P47756_PF01115_6_240_fpocket_2	179
P47813_PF01176_32_93_fpocket_1	796
P47869_PF02932_257_341_fpocket_1	271
P47871_PF02793_56_122_fpocket_3	401
P47872_PF00002_140_384_fpocket_2	1285
P47874_PF06554_11_151_fpocket_2	487
P47897_PF00749_263_562_fpocket_16	314
P47897_PF03950_565_665_fpocket_1	456
P47897_PF04557_165_254_fpocket_3	1663
P47897_PF04558_7_162_fpocket_1	534
P47897_PF20974_677_752_fpocket_1	1420
P47897_PF20974_677_752_fpocket_3	141
P47972_PF00354_232_416_fpocket_6	90
P47985_PF02921_80_145_fpocket_3	1479
P47989_PF00111_8_77_fpocket_6	583
P47989_PF01315_588_694_fpocket_2	166
P47989_PF01315_588_694_fpocket_3	910
P47989_PF01799_87_160_fpocket_2	1363
P47989_PF01799_87_160_fpocket_5	953
P47989_PF02738_705_947_fpocket_3	807
P47989_PF03450_420_523_fpocket_6	1808
P47989_PF03450_420_523_fpocket_7	812
P47992_PF00048_32_82_fpocket_1	563
P48023_PF00229_160_281_fpocket_1	561
P48039_PF00001_44_295_fpocket_1	416
P48047_PF00213_37_209_fpocket_17	644
P48047_PF00213_37_209_fpocket_2	677
P48048_PF17655_192_363_fpocket_5	54
P48050_PF01007_22_178_fpocket_6	1616
P48050_PF17655_185_357_fpocket_1	1553
P48051_PF01007_57_196_fpocket_4	1756
P48052_PF02244_29_102_fpocket_4	631
P48059_PF00412_10_66_fpocket_4	1437
P48059_PF00412_71_125_fpocket_2	219
P48065_PF00209_36_560_fpocket_10	444
P48066_PF00209_50_575_fpocket_1	1336
P48146_PF00001_62_316_fpocket_5	147
P48147_PF00326_484_705_fpocket_6	97
P48163_PF00390_79_260_fpocket_3	1749
P48200_PF00330_212_639_fpocket_2	1379
P48200_PF00330_70_131_fpocket_1	540
P48200_PF00330_70_131_fpocket_2	867
P48200_PF00694_768_894_fpocket_7	267
P48200_PF00694_768_894_fpocket_8	379
P48201_PF00137_76_138_fpocket_1	860
P48230_PF05805_1_191_fpocket_9	581
P48357_PF06328_330_427_fpocket_3	1189
P48357_PF18589_431_532_fpocket_1	398
P48357_PF18589_431_532_fpocket_4	42
P48380_PF02257_183_257_fpocket_2	756
P48380_PF25340_353_644_fpocket_17	276
P48382_PF02257_91_167_fpocket_5	1225
P48382_PF18326_28_86_fpocket_1	221
P48382_PF18326_28_86_fpocket_2	445
P48436_PF00505_105_173_fpocket_3	32
P48443_PF00105_138_206_fpocket_4	112
P48444_PF00928_266_501_fpocket_16	313
P48444_PF00928_266_501_fpocket_9	95
P48444_PF01217_9_130_fpocket_1	282
P48444_PF01217_9_130_fpocket_8	379
P48448_PF00171_17_345_fpocket_5	139
P48454_PF00149_80_279_fpocket_1	729
P48506_PF03074_236_608_fpocket_10	1621
P48507_PF00248_76_212_fpocket_4	9
P48509_PF00335_16_246_fpocket_18	314
P48544_PF17655_200_371_fpocket_19	1391
P48547_PF00520_190_444_fpocket_16	1471
P48547_PF02214_10_104_fpocket_1	1
P48547_PF02214_10_104_fpocket_4	1410
P48551_PF01108_11_118_fpocket_4	1464
P48551_PF09294_133_229_fpocket_1	1713
P48553_PF23604_791_884_fpocket_2	1005
P48553_PF23604_791_884_fpocket_7	449
P48637_PF03199_205_302_fpocket_1	1552
P48637_PF03199_205_302_fpocket_2	15
P48637_PF03917_13_472_fpocket_2	24
P48643_PF00118_44_533_fpocket_19	47
P48651_PF03034_96_372_fpocket_13	1512
P48664_PF00375_60_521_fpocket_16	488
P48664_PF00375_60_521_fpocket_32	1789
P48723_PF00012_33_317_fpocket_20	1214
P48723_PF00012_358_450_fpocket_1	520
P48723_PF00012_358_450_fpocket_2	446
P48728_PF01571_38_293_fpocket_10	1667
P48730_PF00069_9_226_fpocket_12	218
P48735_PF00180_45_437_fpocket_17	86
P48736_PF00454_828_1043_fpocket_5	61
P48736_PF00794_204_310_fpocket_2	1626
P48736_PF00794_204_310_fpocket_3	1571
P48736_PF19710_1_192_fpocket_1	1528
P48736_PF19710_1_192_fpocket_2	1313
P48739_PF02121_2_252_fpocket_18	1276
P48741_PF00012_8_347_fpocket_25	901
P48745_PF00007_262_347_fpocket_3	1499
P48745_PF00093_110_173_fpocket_2	1837
P48745_PF00093_110_173_fpocket_4	1135
P48751_PF00955_681_852_fpocket_12	262
P48751_PF00955_886_1212_fpocket_26	646
P48764_PF00999_62_462_fpocket_17	387
P48775_PF03301_27_372_fpocket_24	1329
P48788_PF00992_15_145_fpocket_9	1471
P48960_PF07645_64_114_fpocket_1	342
P49005_PF04042_196_411_fpocket_1	1033
P49005_PF18018_49_176_fpocket_11	841
P49069_PF14963_23_292_fpocket_26	27
P49069_PF14963_23_292_fpocket_7	70
P49190_PF02793_62_126_fpocket_1	1591
P49190_PF02793_62_126_fpocket_2	1117
P49207_PF01199_1_96_fpocket_5	1842
P49207_PF01199_1_96_fpocket_9	1764
P49223_PF00014_35_87_fpocket_1	309
P49247_PF06026_127_301_fpocket_1	11
P49247_PF06026_127_301_fpocket_3	541
P49257_PF03388_45_268_fpocket_13	1265
P49279_PF01566_78_462_fpocket_1	541
P49279_PF01566_78_462_fpocket_6	110
P49281_PF01566_90_473_fpocket_30	1444
P49327_PF00109_1_237_fpocket_13	1395
P49327_PF00698_493_809_fpocket_1	1815
P49327_PF00698_493_809_fpocket_17	1825
P49327_PF02801_243_360_fpocket_1	516
P49327_PF02801_243_360_fpocket_4	507
P49327_PF08242_1244_1342_fpocket_8	127
P49327_PF08659_1886_2064_fpocket_10	1107
P49327_PF08659_1886_2064_fpocket_2	1192
P49327_PF16197_362_472_fpocket_2	126
P49327_PF21089_870_947_fpocket_2	1491
P49327_PF21149_1421_1519_fpocket_3	952
P49327_PF21149_1421_1519_fpocket_4	1133
P49366_PF01916_45_353_fpocket_3	33
P49366_PF01916_45_353_fpocket_9	817
P49406_PF01245_106_193_fpocket_2	813
P49406_PF01245_106_193_fpocket_4	348
P49407_PF02752_193_355_fpocket_10	367
P49411_PF00009_58_251_fpocket_8	1028
P49411_PF03143_348_442_fpocket_4	1586
P49418_PF03114_14_232_fpocket_18	816
P49441_PF00459_82_377_fpocket_9	341
P49447_PF03188_53_185_fpocket_1	1650
P49447_PF03188_53_185_fpocket_2	568
P49448_PF00208_263_451_fpocket_1	225
P49448_PF00208_263_451_fpocket_8	1515
P49448_PF02812_114_241_fpocket_1	1490
P49448_PF02812_114_241_fpocket_4	536
P49458_PF05486_5_73_fpocket_10	79
P49458_PF05486_5_73_fpocket_6	49
P49459_PF00179_8_143_fpocket_1	937
P49585_PF01467_80_208_fpocket_1	879
P49588_PF01411_9_596_fpocket_3	973
P49588_PF02272_855_959_fpocket_5	128
P49588_PF02272_855_959_fpocket_8	243
P49589_PF01406_44_452_fpocket_18	215
P49590_PF13393_62_390_fpocket_8	31
P49591_PF00587_259_444_fpocket_1	983
P49591_PF02403_2_76_fpocket_1	592
P49619_PF00609_578_752_fpocket_10	614
P49638_PF00650_99_247_fpocket_5	1825
P49641_PF01074_167_497_fpocket_12	950
P49641_PF07748_765_970_fpocket_1	132
P49641_PF09261_502_605_fpocket_2	88
P49641_PF09261_502_605_fpocket_8	1380
P49642_PF01896_108_335_fpocket_2	863
P49642_PF01896_108_335_fpocket_7	568
P49643_PF04104_279_448_fpocket_1	1456
P49643_PF04104_279_448_fpocket_11	136
P49643_PF26466_31_239_fpocket_14	1362
P49675_PF01852_77_280_fpocket_18	155
P49720_PF00227_7_190_fpocket_1	90
P49720_PF00227_7_190_fpocket_7	1832
P49721_PF00227_5_183_fpocket_2	1703
P49736_PF14551_197_286_fpocket_5	1125
P49736_PF14551_197_286_fpocket_8	115
P49736_PF17207_294_420_fpocket_1	347
P49736_PF17855_718_802_fpocket_1	932
P49736_PF17855_718_802_fpocket_4	1801
P49746_PF02412_610_647_fpocket_1	931
P49747_PF02412_360_395_fpocket_1	740
P49747_PF05735_546_743_fpocket_1	849
P49747_PF11598_33_73_fpocket_2	1202
P49748_PF02771_103_209_fpocket_2	147
P49748_PF21343_527_647_fpocket_11	66
P49748_PF21343_527_647_fpocket_5	160
P49750_PF13671_1836_1971_fpocket_7	741
P49750_PF26583_395_513_fpocket_4	430
P49750_PF26583_395_513_fpocket_8	596
P49753_PF04775_78_202_fpocket_3	509
P49753_PF08840_266_473_fpocket_10	1740
P49753_PF08840_266_473_fpocket_14	1830
P49754_PF23555_789_840_fpocket_3	743
P49755_PF01105_31_213_fpocket_4	171
P49755_PF01105_31_213_fpocket_7	644
P49756_PF01480_771_836_fpocket_1	10
P49757_PF06311_258_338_fpocket_3	1534
P49758_PF00615_336_450_fpocket_7	183
P49758_PF18148_116_217_fpocket_1	302
P49765_PF00341_47_124_fpocket_1	1845
P49767_PF00341_131_211_fpocket_1	571
P49768_PF01080_76_457_fpocket_47	1435
P49771_PF02947_29_159_fpocket_1	23
P49771_PF02947_29_159_fpocket_2	1175
P49773_PF01230_24_120_fpocket_5	291
P49788_PF06907_54_273_fpocket_2	892
P49789_PF01230_11_104_fpocket_7	410
P49790_PF00641_723_751_fpocket_1	1395
P49802_PF00610_40_110_fpocket_2	1130
P49802_PF18148_113_214_fpocket_2	910
P49810_PF01080_352_438_fpocket_2	455
P49810_PF01080_352_438_fpocket_3	1442
P49810_PF01080_82_306_fpocket_20	1508
P49815_PF03542_556_903_fpocket_1	1686
P49815_PF03542_556_903_fpocket_20	70
P49815_PF11864_54_469_fpocket_8	1021
P49821_PF01512_80_249_fpocket_1	804
P49821_PF10589_366_448_fpocket_1	450
P49821_PF10589_366_448_fpocket_4	1818
P49821_PF22461_274_356_fpocket_1	971
P49821_PF22461_274_356_fpocket_4	1401
P49841_PF00069_56_340_fpocket_21	274
P49842_PF10494_53_251_fpocket_14	1598
P49848_PF02969_12_76_fpocket_5	209
P49902_PF05761_35_488_fpocket_4	376
P49903_PF00586_69_174_fpocket_3	84
P49903_PF00586_69_174_fpocket_6	585
P49903_PF02769_193_366_fpocket_6	270
P49903_PF02769_193_366_fpocket_8	235
P49910_PF00096_402_422_fpocket_2	740
P49913_PF00666_31_130_fpocket_1	1520
P49914_PF01812_10_198_fpocket_10	1283
P49915_PF00117_29_209_fpocket_8	1141
P49915_PF00958_599_692_fpocket_3	1759
P49915_PF00958_599_692_fpocket_4	941
P49915_PF02540_225_300_fpocket_3	1098
P49915_PF02540_225_300_fpocket_4	28
P49916_PF00645_96_181_fpocket_3	1466
P49916_PF01068_483_677_fpocket_10	293
P49916_PF04675_264_433_fpocket_1	435
P49916_PF04675_264_433_fpocket_3	1824
P49916_PF04679_705_814_fpocket_2	930
P49916_PF16759_934_1003_fpocket_1	452
P49917_PF00533_656_730_fpocket_3	1353
P49917_PF00533_825_898_fpocket_2	1038
P49917_PF04675_15_208_fpocket_17	409
P49917_PF04679_476_588_fpocket_8	1381
P49917_PF11411_750_783_fpocket_1	469
P49917_PF11411_750_783_fpocket_2	230
P49918_PF02234_32_82_fpocket_3	88
P49961_PF01150_41_470_fpocket_11	849
P50135_PF13489_32_216_fpocket_10	315
P50135_PF13489_32_216_fpocket_8	1773
P50151_PF00631_8_67_fpocket_2	145
P50213_PF00180_33_358_fpocket_2	938
P50225_PF00685_38_287_fpocket_1	883
P50226_PF00685_38_287_fpocket_8	515
P50281_PF00413_118_284_fpocket_3	818
P50336_PF01593_12_471_fpocket_19	723
P50416_PF00755_174_756_fpocket_19	1840
P50443_PF00916_109_518_fpocket_20	1213
P50443_PF01740_569_714_fpocket_2	278
P50453_PF00079_7_376_fpocket_18	1803
P50454_PF00079_48_409_fpocket_15	117
P50479_PF15936_150_221_fpocket_4	642
P50502_PF17830_315_361_fpocket_1	1052
P50502_PF18253_2_43_fpocket_1	649
P50548_PF00178_28_106_fpocket_1	233
P50548_PF00178_28_106_fpocket_7	104
P50549_PF00178_336_415_fpocket_2	362
P50552_PF00568_4_109_fpocket_1	246
P50553_PF00010_121_171_fpocket_1	104
P50570_PF00350_34_207_fpocket_4	594
P50570_PF01031_215_501_fpocket_6	35
P50570_PF02212_650_738_fpocket_4	970
P50607_PF01167_257_501_fpocket_17	789
P50747_PF03099_472_603_fpocket_1	866
P50747_PF03099_472_603_fpocket_4	1055
P50749_PF00788_178_263_fpocket_1	947
P50749_PF00788_178_263_fpocket_6	951
P50749_PF16517_277_316_fpocket_2	725
P50851_PF13385_214_376_fpocket_3	147
P50851_PF14844_2084_2180_fpocket_5	1290
P50876_PF22191_182_217_fpocket_1	152
P50876_PF22191_182_217_fpocket_2	894
P50895_PF08205_151_248_fpocket_4	350
P50897_PF02089_34_289_fpocket_8	1749
P50914_PF01929_47_120_fpocket_1	480
P50914_PF01929_47_120_fpocket_4	1197
P50993_PF00690_42_109_fpocket_1	293
P50993_PF13246_416_594_fpocket_1	1127
P50993_PF13246_416_594_fpocket_3	1383
P50995_PF00191_278_341_fpocket_4	809
P51003_PF04926_366_434_fpocket_5	1552
P51003_PF04926_426_506_fpocket_5	1096
P51003_PF04928_219_363_fpocket_7	331
P51003_PF20750_21_214_fpocket_5	1411
P51114_PF05641_62_116_fpocket_1	1442
P51114_PF17904_123_207_fpocket_3	839
P51116_PF00013_295_362_fpocket_2	514
P51116_PF18336_14_62_fpocket_1	1317
P51151_PF00071_9_173_fpocket_2	222
P51160_PF01590_77_223_fpocket_3	452
P51161_PF14651_1_128_fpocket_8	654
P51164_PF00287_7_285_fpocket_7	571
P51170_PF00858_32_551_fpocket_39	1834
P51178_PF00387_492_606_fpocket_2	112
P51178_PF00388_298_441_fpocket_2	1367
P51397_PF15228_12_101_fpocket_2	572
P51398_PF10236_99_393_fpocket_15	234
P51398_PF10236_99_393_fpocket_2	830
P51451_PF00018_64_110_fpocket_2	344
P51511_PF00413_138_304_fpocket_2	301
P51511_PF11857_606_669_fpocket_3	329
P51512_PF01471_43_96_fpocket_3	1103
P51530_PF08696_74_281_fpocket_1	1525
P51530_PF13087_805_1016_fpocket_9	812
P51531_PF07529_438_507_fpocket_2	14
P51531_PF07529_438_507_fpocket_5	322
P51531_PF07533_589_632_fpocket_2	322
P51531_PF08880_173_207_fpocket_2	779
P51531_PF14619_1259_1326_fpocket_1	915
P51532_PF00271_1081_1194_fpocket_3	732
P51532_PF07533_611_654_fpocket_2	1677
P51553_PF00180_56_379_fpocket_12	54
P51553_PF00180_56_379_fpocket_2	799
P51570_PF00288_108_194_fpocket_3	898
P51570_PF08544_292_372_fpocket_2	1501
P51570_PF08544_292_372_fpocket_5	1748
P51570_PF10509_19_67_fpocket_1	1294
P51570_PF10509_19_67_fpocket_2	289
P51571_PF05404_12_172_fpocket_1	1524
P51572_PF05529_1_135_fpocket_5	331
P51575_PF00864_14_369_fpocket_4	1020
P51580_PF05724_25_245_fpocket_10	282
P51580_PF05724_25_245_fpocket_8	635
P51587_PF00634_1005_1033_fpocket_2	103
P51587_PF09103_2670_2795_fpocket_5	1348
P51587_PF09103_2670_2795_fpocket_7	1305
P51587_PF09104_3052_3185_fpocket_1	1654
P51587_PF09104_3052_3185_fpocket_2	768
P51587_PF09121_2831_2872_fpocket_4	169
P51587_PF09121_2831_2872_fpocket_6	1279
P51587_PF09169_2482_2667_fpocket_5	1739
P51587_PF09169_2482_2667_fpocket_7	791
P51587_PF21318_2969_3035_fpocket_2	1674
P51587_PF21318_2969_3035_fpocket_6	1720
P51636_PF01146_38_159_fpocket_5	1349
P51636_PF01146_38_159_fpocket_6	145
P51659_PF00106_10_196_fpocket_11	143
P51659_PF01575_484_600_fpocket_4	530
P51665_PF01398_5_118_fpocket_13	646
P51665_PF13012_166_277_fpocket_3	334
P51665_PF13012_166_277_fpocket_7	360
P51679_PF00001_56_304_fpocket_3	1005
P51687_PF00174_219_395_fpocket_12	1760
P51687_PF00174_219_395_fpocket_9	162
P51687_PF03404_419_543_fpocket_1	22
P51688_PF00884_23_327_fpocket_4	1464
P51688_PF16347_419_472_fpocket_1	1711
P51688_PF16347_419_472_fpocket_4	1553
P51689_PF00884_41_426_fpocket_16	445
P51689_PF14707_451_585_fpocket_2	781
P51689_PF14707_451_585_fpocket_7	1105
P51692_PF01017_146_324_fpocket_7	90
P51692_PF02864_336_469_fpocket_2	1299
P51692_PF02864_336_469_fpocket_3	454
P51692_PF21354_492_574_fpocket_2	1083
P51693_PF12925_286_467_fpocket_20	608
P51693_PF12925_286_467_fpocket_6	1002
P51784_PF14533_490_603_fpocket_4	1198
P51784_PF14836_207_284_fpocket_1	391
P51787_PF00520_124_358_fpocket_5	280
P51787_PF03520_505_617_fpocket_2	483
P51788_PF00654_146_546_fpocket_18	21
P51793_PF00571_699_746_fpocket_2	1267
P51793_PF00571_699_746_fpocket_3	1718
P51793_PF00654_164_564_fpocket_3	96
P51795_PF00571_756_803_fpocket_5	494
P51797_PF00571_601_639_fpocket_1	442
P51800_PF00571_547_603_fpocket_4	1677
P51800_PF00654_106_513_fpocket_11	488
P51800_PF00654_106_513_fpocket_13	1685
P51801_PF00654_106_513_fpocket_14	576
P51805_PF01437_637_680_fpocket_3	644
P51805_PF08337_1293_1841_fpocket_31	266
P51805_PF18020_691_784_fpocket_2	167
P51805_PF20170_1463_1575_fpocket_3	40
P51809_PF00957_125_205_fpocket_1	290
P51809_PF13774_29_107_fpocket_2	579
P51811_PF09815_6_375_fpocket_3	1081
P51811_PF09815_6_375_fpocket_33	1576
P51812_PF00433_351_387_fpocket_1	1144
P51813_PF00017_296_377_fpocket_3	566
P51814_PF00096_677_699_fpocket_1	1324
P51816_PF18876_1056_1310_fpocket_1	622
P51816_PF18876_1056_1310_fpocket_14	1782
P51825_PF18876_949_1209_fpocket_2	984
P51828_PF00211_271_432_fpocket_8	1413
P51828_PF16214_21_249_fpocket_16	109
P51841_PF00211_876_1061_fpocket_2	528
P51841_PF07701_824_869_fpocket_3	27
P51843_PF00104_254_449_fpocket_5	1420
P51854_PF00456_88_239_fpocket_2	1531
P51854_PF02779_288_451_fpocket_11	409
P51854_PF02780_465_586_fpocket_6	1764
P51854_PF02780_465_586_fpocket_7	944
P51857_PF00248_21_303_fpocket_12	597
P51858_PF00855_13_92_fpocket_1	571
P51911_PF00307_29_132_fpocket_1	211
P51946_PF16899_162_260_fpocket_2	1802
P51948_PF17121_3_50_fpocket_2	1141
P51956_PF00069_4_253_fpocket_2	1292
P51965_PF00179_51_187_fpocket_8	632
P51993_PF00852_186_351_fpocket_2	1786
P52179_PF07679_1579_1663_fpocket_3	1586
P52209_PF00393_180_469_fpocket_3	573
P52209_PF00393_180_469_fpocket_5	573
P52333_PF07714_521_777_fpocket_5	594
P52333_PF07714_823_1094_fpocket_2	1446
P52333_PF18377_126_245_fpocket_10	846
P52333_PF18379_39_114_fpocket_1	141
P52429_PF00781_220_329_fpocket_1	1218
P52434_PF03870_7_147_fpocket_2	3
P52434_PF03870_7_147_fpocket_3	648
P52435_PF13656_31_103_fpocket_5	15
P52565_PF02115_13_201_fpocket_5	482
P52566_PF02115_11_198_fpocket_3	365
P52569_PF13520_34_436_fpocket_1	1825
P52569_PF13906_556_606_fpocket_2	76
P52594_PF01412_15_127_fpocket_3	1293
P52630_PF01017_146_308_fpocket_5	1292
P52630_PF02865_2_122_fpocket_1	94
P52630_PF02865_2_122_fpocket_10	182
P52630_PF21354_482_557_fpocket_1	1274
P52655_PF03153_268_376_fpocket_1	1772
P52655_PF03153_268_376_fpocket_2	1789
P52657_PF02268_3_48_fpocket_1	1280
P52657_PF02268_3_48_fpocket_2	542
P52657_PF02751_59_100_fpocket_1	1629
P52657_PF02751_59_100_fpocket_2	83
P52701_PF00488_1130_1323_fpocket_21	77
P52701_PF01624_407_524_fpocket_5	1616
P52701_PF01624_407_524_fpocket_8	1020
P52701_PF05188_538_695_fpocket_2	947
P52701_PF05188_538_695_fpocket_3	647
P52701_PF05190_932_1024_fpocket_7	194
P52701_PF05192_739_1064_fpocket_8	1604
P52735_PF00017_673_747_fpocket_7	1057
P52746_PF13912_1285_1311_fpocket_2	49
P52746_PF23611_1200_1224_fpocket_1	1633
P52746_PF23611_1452_1477_fpocket_1	540
P52746_PF23611_1480_1505_fpocket_1	1560
P52746_PF23612_1228_1254_fpocket_3	298
P52756_PF00076_100_163_fpocket_2	611
P52756_PF17780_458_508_fpocket_1	81
P52756_PF17780_458_508_fpocket_4	1222
P52757_PF00620_291_439_fpocket_4	314
P52758_PF01042_12_128_fpocket_1	1408
P52758_PF01042_12_128_fpocket_2	221
P52788_PF01564_176_364_fpocket_9	218
P52788_PF17284_123_172_fpocket_1	1241
P52788_PF17950_21_117_fpocket_7	141
P52788_PF17950_21_117_fpocket_9	146
P52789_PF00349_22_219_fpocket_8	1283
P52789_PF03727_225_459_fpocket_1	741
P52789_PF03727_225_459_fpocket_2	16
P52790_PF00349_483_673_fpocket_8	1070
P52790_PF03727_239_472_fpocket_14	820
P52798_PF00812_25_151_fpocket_2	1071
P52798_PF00812_25_151_fpocket_4	1468
P52815_PF00542_130_197_fpocket_1	231
P52815_PF00542_130_197_fpocket_2	904
P52823_PF03298_7_205_fpocket_17	299
P52824_PF00130_61_109_fpocket_3	799
P52824_PF00609_742_893_fpocket_9	962
P52824_PF24099_497_575_fpocket_5	764
P52848_PF00685_605_858_fpocket_23	251
P52848_PF12062_311_515_fpocket_16	1301
P52848_PF25119_81_301_fpocket_3	492
P52849_PF00685_604_853_fpocket_3	456
P52849_PF12062_310_514_fpocket_13	294
P52849_PF25119_83_300_fpocket_2	599
P52849_PF25119_83_300_fpocket_8	1414
P52888_PF01432_227_675_fpocket_2	1325
P52907_PF01267_18_282_fpocket_7	599
P52948_PF04096_739_885_fpocket_1	1458
P52948_PF12110_1332_1623_fpocket_32	320
P52948_PF21240_170_208_fpocket_1	452
P53004_PF09166_133_243_fpocket_1	97
P53004_PF09166_133_243_fpocket_3	148
P53350_PF00659_419_476_fpocket_5	356
P53350_PF00659_517_580_fpocket_1	592
P53367_PF06456_123_348_fpocket_12	469
P53367_PF06456_123_348_fpocket_18	441
P53370_PF00293_142_259_fpocket_3	1051
P53370_PF18290_46_129_fpocket_2	1492
P53370_PF18290_46_129_fpocket_4	613
P53396_PF00285_888_1081_fpocket_3	640
P53396_PF00549_660_784_fpocket_7	1841
P53396_PF02629_495_600_fpocket_4	1731
P53396_PF02629_495_600_fpocket_6	756
P53396_PF16114_244_420_fpocket_1	672
P53396_PF16114_244_420_fpocket_5	65
P53396_PF24948_2_233_fpocket_1	304
P53396_PF24948_2_233_fpocket_16	351
P53582_PF00557_137_365_fpocket_1	448
P53582_PF15801_9_54_fpocket_1	1464
P53597_PF00549_199_324_fpocket_7	381
P53597_PF02629_53_146_fpocket_2	161
P53602_PF18376_197_382_fpocket_2	1513
P53602_PF18376_197_382_fpocket_3	733
P53602_PF22700_14_183_fpocket_2	250
P53618_PF07718_667_806_fpocket_2	950
P53618_PF14806_813_944_fpocket_2	617
P53634_PF00112_231_457_fpocket_4	762
P53634_PF08773_25_141_fpocket_1	1507
P53634_PF08773_25_141_fpocket_4	1017
P53672_PF00030_107_195_fpocket_2	549
P53673_PF00030_107_194_fpocket_1	335
P53677_PF00928_165_418_fpocket_2	1196
P53677_PF01217_1_127_fpocket_5	784
P53680_PF01217_1_141_fpocket_8	1034
P53708_PF08441_483_639_fpocket_1	1715
P53708_PF08441_483_639_fpocket_11	652
P53708_PF20805_641_781_fpocket_4	1519
P53708_PF20806_787_1001_fpocket_4	586
P53794_PF00474_39_477_fpocket_2	324
P53803_PF03604_17_48_fpocket_1	217
P53803_PF03604_17_48_fpocket_2	220
P53804_PF19179_622_737_fpocket_4	434
P53804_PF24905_1843_1902_fpocket_1	298
P53805_PF04847_76_245_fpocket_1	414
P53814_PF12510_1_41_fpocket_1	121
P53814_PF12510_74_122_fpocket_1	742
P53985_PF07690_332_459_fpocket_1	1675
P53990_PF03398_13_176_fpocket_1	931
P53990_PF03398_13_176_fpocket_2	1140
P53992_PF04811_499_743_fpocket_3	54
P53992_PF04811_499_743_fpocket_6	34
P53999_PF02229_64_115_fpocket_1	154
P53999_PF02229_64_115_fpocket_2	262
P54098_PF18136_121_414_fpocket_5	1217
P54105_PF03517_35_157_fpocket_2	1590
P54108_PF08562_191_245_fpocket_1	1300
P54132_PF00570_1217_1281_fpocket_2	265
P54132_PF08072_372_412_fpocket_1	325
P54132_PF09382_1072_1195_fpocket_6	1200
P54136_PF00750_174_520_fpocket_18	59
P54136_PF00750_174_520_fpocket_23	760
P54136_PF03485_79_166_fpocket_3	958
P54136_PF03485_79_166_fpocket_5	397
P54136_PF05746_534_660_fpocket_2	81
P54136_PF05746_534_660_fpocket_4	1697
P54219_PF07690_137_431_fpocket_18	647
P54252_PF02099_9_166_fpocket_1	24
P54252_PF02099_9_166_fpocket_8	1410
P54253_PF08517_574_686_fpocket_2	1419
P54277_PF01119_211_334_fpocket_7	1737
P54277_PF01119_211_334_fpocket_9	331
P54278_PF01119_265_359_fpocket_1	1314
P54278_PF08676_679_822_fpocket_2	1413
P54284_PF00625_176_354_fpocket_2	343
P54284_PF00625_176_354_fpocket_5	1594
P54315_PF00151_18_353_fpocket_9	562
P54317_PF00151_18_354_fpocket_4	21
P54368_PF02100_136_216_fpocket_2	151
P54368_PF02100_136_216_fpocket_3	308
P54577_PF01588_370_465_fpocket_1	1732
P54577_PF01588_370_465_fpocket_2	902
P54578_PF00443_105_480_fpocket_30	480
P54619_PF00571_203_249_fpocket_2	1531
P54619_PF00571_276_323_fpocket_1	193
P54646_PF16579_401_480_fpocket_4	177
P54646_PF16579_401_480_fpocket_8	198
P54646_PF21147_288_333_fpocket_2	913
P54707_PF00689_814_1024_fpocket_13	1288
P54707_PF08282_725_773_fpocket_1	185
P54707_PF08282_725_773_fpocket_2	869
P54709_PF00287_6_273_fpocket_15	767
P54725_PF00240_5_78_fpocket_2	97
P54725_PF00627_321_355_fpocket_2	942
P54727_PF00240_3_76_fpocket_4	606
P54727_PF00627_190_225_fpocket_2	1267
P54727_PF09280_276_331_fpocket_1	664
P54727_PF09280_276_331_fpocket_2	95
P54753_PF01404_40_212_fpocket_1	351
P54753_PF07714_633_892_fpocket_16	33
P54756_PF00536_966_1027_fpocket_3	1289
P54756_PF07714_675_932_fpocket_27	604
P54756_PF25599_234_291_fpocket_1	573
P54756_PF25599_234_291_fpocket_2	199
P54760_PF00536_908_969_fpocket_2	627
P54760_PF07699_261_299_fpocket_1	62
P54764_PF14575_550_618_fpocket_3	105
P54764_PF25599_205_262_fpocket_2	1669
P54764_PF25599_205_262_fpocket_3	1805
P54792_PF00595_252_335_fpocket_3	1422
P54802_PF05089_130_465_fpocket_32	1030
P54802_PF05089_130_465_fpocket_6	1030
P54802_PF12971_30_116_fpocket_2	1511
P54802_PF12971_30_116_fpocket_5	83
P54802_PF12972_474_733_fpocket_1	1094
P54803_PF02057_55_349_fpocket_1	1342
P54803_PF02057_55_349_fpocket_3	534
P54803_PF17387_357_472_fpocket_1	777
P54803_PF17387_357_472_fpocket_5	1561
P54803_PF21708_509_683_fpocket_1	48
P54803_PF21708_509_683_fpocket_6	1148
P54819_PF05191_142_177_fpocket_1	293
P54849_PF00822_1_151_fpocket_3	1175
P54855_PF00201_24_527_fpocket_10	530
P54868_PF01154_50_223_fpocket_10	1690
P54868_PF08540_225_506_fpocket_2	687
P54886_PF00171_363_625_fpocket_12	1584
P54922_PF03747_6_324_fpocket_1	381
P55008_PF21008_8_147_fpocket_2	1451
P55008_PF21008_8_147_fpocket_5	366
P55010_PF01873_8_127_fpocket_1	1280
P55011_PF03522_801_1212_fpocket_27	50
P55017_PF00324_141_646_fpocket_1	1285
P55017_PF00324_141_646_fpocket_2	626
P55017_PF03522_655_790_fpocket_14	1730
P55017_PF03522_816_1020_fpocket_13	964
P55036_PF13519_6_114_fpocket_1	150
P55039_PF16897_185_289_fpocket_1	127
P55055_PF00105_86_155_fpocket_2	990
P55058_PF01273_30_198_fpocket_4	1206
P55061_PF01027_24_225_fpocket_2	1589
P55064_PF00230_5_221_fpocket_5	1472
P55072_PF02359_25_106_fpocket_1	7
P55072_PF02359_25_106_fpocket_4	555
P55072_PF02933_126_190_fpocket_2	1264
P55075_PF00167_70_193_fpocket_5	735
P55081_PF06991_191_399_fpocket_7	857
P55083_PF00147_39_253_fpocket_6	226
P55084_PF00108_54_324_fpocket_8	876
P55089_PF00473_85_122_fpocket_2	1722
P55103_PF00019_247_351_fpocket_1	145
P55145_PF20145_29_125_fpocket_3	322
P55157_PF19444_592_884_fpocket_4	1018
P55160_PF09735_7_1122_fpocket_3	1255
P55198_PF13832_64_180_fpocket_1	1017
P55199_PF07303_513_614_fpocket_6	461
P55201_PF13832_329_447_fpocket_3	1068
P55209_PF00956_76_345_fpocket_2	732
P55209_PF00956_76_345_fpocket_8	1166
P55210_PF00656_68_300_fpocket_11	1639
P55211_PF00619_6_90_fpocket_3	211
P55211_PF00656_161_412_fpocket_3	791
P55259_PF00100_347_478_fpocket_4	1179
P55259_PF23283_95_178_fpocket_1	773
P55263_PF00294_45_356_fpocket_9	1567
P55265_PF00035_504_567_fpocket_2	508
P55265_PF02295_135_200_fpocket_3	1500
P55265_PF02295_295_358_fpocket_1	606
P55268_PF00053_410_467_fpocket_2	1089
P55268_PF21199_565_774_fpocket_1	746
P55268_PF21199_565_774_fpocket_16	1239
P55283_PF00028_398_498_fpocket_2	215
P55285_PF00028_492_589_fpocket_5	1000
P55290_PF08758_27_109_fpocket_1	1084
P55317_PF00250_170_255_fpocket_4	1231
P55327_PF04201_71_178_fpocket_5	554
P55345_PF05175_130_210_fpocket_2	97
P55345_PF22528_244_415_fpocket_1	857
P55345_PF22528_244_415_fpocket_7	497
P55347_PF16493_51_157_fpocket_2	1276
P55347_PF16493_51_157_fpocket_3	1848
P55769_PF01248_21_111_fpocket_2	269
P55769_PF01248_21_111_fpocket_4	566
P55774_PF00048_30_85_fpocket_2	548
P55786_PF11838_578_891_fpocket_1	931
P55786_PF17900_60_245_fpocket_4	971
P55789_PF04777_104_196_fpocket_6	1601
P55809_PF01144_303_500_fpocket_3	463
P55809_PF01144_303_500_fpocket_5	382
P55809_PF01144_46_271_fpocket_12	1638
P55809_PF01144_46_271_fpocket_2	861
P55822_PF04908_64_161_fpocket_7	136
P55854_PF11976_17_85_fpocket_1	792
P55899_PF00129_28_197_fpocket_2	1283
P56134_PF10206_14_89_fpocket_1	151
P56159_PF02351_154_233_fpocket_1	109
P56180_PF22785_298_355_fpocket_2	1205
P56180_PF22785_298_355_fpocket_3	666
P56181_PF15880_67_101_fpocket_1	23
P56182_PF05997_10_327_fpocket_3	1833
P56192_PF00043_111_180_fpocket_3	284
P56192_PF09334_266_657_fpocket_23	1613
P56192_PF18485_1_74_fpocket_1	1608
P56192_PF19303_674_821_fpocket_2	1438
P56192_PF19303_674_821_fpocket_8	872
P56199_PF20805_808_944_fpocket_2	1821
P56202_PF00112_128_358_fpocket_9	1409
P56211_PF04667_26_101_fpocket_1	240
P56277_PF08991_6_59_fpocket_1	474
P56277_PF08991_6_59_fpocket_2	548
P56279_PF01840_11_112_fpocket_1	1232
P56279_PF01840_11_112_fpocket_2	712
P56282_PF04042_287_489_fpocket_2	242
P56282_PF04042_287_489_fpocket_4	1407
P56282_PF12213_3_74_fpocket_1	142
P56282_PF12213_3_74_fpocket_7	12
P56373_PF00864_8_360_fpocket_1	431
P56373_PF00864_8_360_fpocket_5	752
P56378_PF08039_1_57_fpocket_1	121
P56378_PF08039_1_57_fpocket_2	1736
P56381_PF04627_3_50_fpocket_1	523
P56381_PF04627_3_50_fpocket_2	523
P56385_PF05680_3_65_fpocket_1	1177
P56385_PF05680_3_65_fpocket_2	142
P56470_PF00337_18_149_fpocket_2	170
P56470_PF00337_193_323_fpocket_3	241
P56537_PF01912_4_204_fpocket_4	451
P56539_PF01146_16_146_fpocket_2	157
P56539_PF01146_16_146_fpocket_7	149
P56545_PF00389_44_358_fpocket_1	1336
P56556_PF13233_32_81_fpocket_3	307
P56589_PF04882_8_98_fpocket_1	490
P56589_PF04882_8_98_fpocket_4	619
P56597_PF00334_13_145_fpocket_5	1803
P56693_PF12444_13_93_fpocket_2	44
P56696_PF00520_99_328_fpocket_16	1736
P56696_PF03520_464_646_fpocket_3	817
P56704_PF00110_45_352_fpocket_2	133
P56730_PF00530_174_270_fpocket_4	1611
P56750_PF00822_6_181_fpocket_3	1571
P56817_PF00026_75_416_fpocket_17	1824
P56851_PF00074_31_130_fpocket_3	328
P56851_PF00074_31_130_fpocket_5	861
P56880_PF00822_5_181_fpocket_2	1455
P56915_PF00046_161_217_fpocket_3	151
P56962_PF26585_11_110_fpocket_2	387
P56962_PF26585_11_110_fpocket_9	46
P57052_PF00076_12_80_fpocket_2	155
P57054_PF08510_36_148_fpocket_4	151
P57054_PF08510_36_148_fpocket_5	1195
P57057_PF07690_98_451_fpocket_4	1235
P57058_PF00069_66_320_fpocket_12	1395
P57059_PF23312_307_344_fpocket_1	1490
P57059_PF23312_307_344_fpocket_2	1060
P57073_PF00505_102_170_fpocket_5	259
P57073_PF12444_18_89_fpocket_3	321
P57076_PF11069_189_285_fpocket_2	1088
P57088_PF03661_12_245_fpocket_12	36
P57088_PF03661_12_245_fpocket_2	1339
P57723_PF00013_103_167_fpocket_1	278
P57723_PF00013_19_79_fpocket_1	78
P57738_PF15128_17_103_fpocket_5	1061
P57739_PF00822_5_181_fpocket_2	1260
P57740_PF04121_210_908_fpocket_53	139
P57764_PF04598_4_242_fpocket_1	190
P57771_PF00615_56_171_fpocket_2	918
P57772_PF21208_317_448_fpocket_1	1113
P57772_PF21208_317_448_fpocket_8	1209
P57775_PF12937_28_72_fpocket_1	770
P58004_PF04636_44_479_fpocket_21	58
P58062_PF00050_32_85_fpocket_1	423
P58215_PF00530_52_145_fpocket_3	22
P58215_PF01186_530_727_fpocket_5	277
P58294_PF06607_1_97_fpocket_1	1415
P58294_PF06607_1_97_fpocket_2	1127
P58397_PF01421_246_456_fpocket_13	317
P58397_PF19030_1317_1365_fpocket_1	27
P58401_PF02210_123_271_fpocket_1	750
P58418_PF25807_6_203_fpocket_14	812
P58418_PF25807_6_203_fpocket_3	1084
P58499_PF15711_107_195_fpocket_3	312
P58505_PF15248_234_296_fpocket_1	67
P58505_PF15248_234_296_fpocket_3	1410
P58511_PF14981_5_52_fpocket_1	67
P58511_PF14981_5_52_fpocket_3	422
P58557_PF02130_33_148_fpocket_2	1571
P58557_PF02130_33_148_fpocket_8	594
P58743_PF00916_81_475_fpocket_18	534
P58872_PF01694_209_359_fpocket_10	723
P58872_PF01694_209_359_fpocket_9	397
P59025_PF13695_88_197_fpocket_3	1061
P59047_PF02758_64_140_fpocket_1	287
P59047_PF05729_280_443_fpocket_5	446
P59510_PF00090_560_610_fpocket_3	1241
P59533_PF05296_14_314_fpocket_7	643
P59537_PF05296_1_297_fpocket_5	1621
P59538_PF05296_1_297_fpocket_21	1740
P59541_PF05296_1_297_fpocket_12	1216
P59542_PF05296_1_297_fpocket_4	1079
P59544_PF05296_1_297_fpocket_21	257
P59665_PF00323_66_94_fpocket_1	721
P59780_PF01217_1_147_fpocket_2	390
P59780_PF01217_1_147_fpocket_5	541
P59826_PF02886_265_466_fpocket_1	1016
P59827_PF01273_212_340_fpocket_2	1240
P59910_PF01556_141_299_fpocket_3	1046
P59923_PF02023_51_138_fpocket_1	143
P59998_PF05856_1_166_fpocket_3	1087
P59998_PF05856_1_166_fpocket_5	802
P60002_PF05129_2_80_fpocket_3	230
P60006_PF15243_2_92_fpocket_4	1161
P60008_PF00538_114_169_fpocket_2	1303
P60059_PF00584_13_65_fpocket_1	1693
P60059_PF00584_13_65_fpocket_2	461
P60174_PF00121_8_247_fpocket_1	509
P60174_PF00121_8_247_fpocket_6	617
P60201_PF01275_5_273_fpocket_2	881
P60228_PF21357_399_419_fpocket_1	1808
P60228_PF21357_399_419_fpocket_2	1759
P60321_PF05741_63_115_fpocket_3	1401
P60323_PF05741_58_110_fpocket_3	1693
P60509_PF00429_262_406_fpocket_1	902
P60520_PF02991_13_116_fpocket_11	1823
P60568_PF00715_7_150_fpocket_2	914
P60602_PF10247_14_79_fpocket_2	923
P60602_PF10247_14_79_fpocket_4	427
P60606_PF11057_9_82_fpocket_5	335
P60763_PF00071_5_176_fpocket_5	303
P60842_PF00270_57_222_fpocket_3	1085
P60842_PF00271_259_367_fpocket_5	260
P60852_PF00100_402_543_fpocket_10	273
P60852_PF22821_43_136_fpocket_6	508
P60852_PF22821_43_136_fpocket_9	509
P60852_PF23344_280_379_fpocket_2	1853
P60866_PF00338_21_115_fpocket_2	1051
P60866_PF00338_21_115_fpocket_8	1374
P60880_PF00835_91_142_fpocket_1	150
P60891_PF14572_203_313_fpocket_3	581
P60900_PF10584_9_31_fpocket_1	437
P60983_PF00241_8_138_fpocket_2	1564
P60983_PF00241_8_138_fpocket_3	30
P61009_PF04573_1_172_fpocket_1	229
P61009_PF04573_1_172_fpocket_4	152
P61011_PF00448_102_296_fpocket_6	446
P61011_PF02881_6_83_fpocket_2	144
P61011_PF02978_326_431_fpocket_6	1158
P61020_PF00071_22_181_fpocket_2	584
P61024_PF01111_6_72_fpocket_1	582
P61024_PF01111_6_72_fpocket_2	1095
P61129_PF22623_328_364_fpocket_2	580
P61158_PF00022_268_409_fpocket_5	981
P61158_PF00022_268_409_fpocket_6	1825
P61165_PF05251_7_79_fpocket_2	596
P61165_PF05251_7_79_fpocket_3	608
P61201_PF01399_331_411_fpocket_2	97
P61201_PF01399_331_411_fpocket_4	1086
P61201_PF25983_419_441_fpocket_1	1123
P61218_PF01192_51_104_fpocket_1	619
P61218_PF01192_51_104_fpocket_4	149
P61221_PF00037_49_70_fpocket_1	299
P61224_PF00071_5_166_fpocket_3	139
P61236_PF03226_21_112_fpocket_1	231
P61236_PF03226_21_112_fpocket_2	0
P61247_PF01015_17_221_fpocket_1	1441
P61247_PF01015_17_221_fpocket_13	762
P61254_PF00467_51_83_fpocket_1	898
P61266_PF00804_26_180_fpocket_3	1047
P61289_PF02251_10_69_fpocket_1	1122
P61289_PF02251_10_69_fpocket_3	1598
P61289_PF02252_109_251_fpocket_4	79
P61289_PF02252_109_251_fpocket_6	1613
P61313_PF00827_2_190_fpocket_1	133
P61313_PF00827_2_190_fpocket_5	664
P61326_PF02792_5_146_fpocket_1	9
P61328_PF00167_74_198_fpocket_5	1484
P61353_PF01777_52_136_fpocket_10	477
P61353_PF01777_52_136_fpocket_2	227
P61457_PF01329_7_99_fpocket_2	1803
P61457_PF01329_7_99_fpocket_5	770
P61513_PF01780_4_88_fpocket_1	1106
P61513_PF01780_4_88_fpocket_4	1838
P61565_PF15695_19_104_fpocket_4	157
P61574_PF15695_19_105_fpocket_1	459
P61574_PF15695_19_105_fpocket_7	539
P61576_PF15695_19_105_fpocket_5	186
P61586_PF00071_7_178_fpocket_6	1465
P61601_PF13499_98_172_fpocket_1	596
P61604_PF00166_9_100_fpocket_1	281
P61604_PF00166_9_100_fpocket_2	82
P61626_PF00062_19_146_fpocket_1	1352
P61626_PF00062_19_146_fpocket_2	1810
P61647_PF00777_141_387_fpocket_11	38
P61803_PF02109_7_113_fpocket_2	1084
P61916_PF02221_22_147_fpocket_3	255
P61925_PF02827_2_69_fpocket_3	12
P61927_PF01907_2_54_fpocket_1	1810
P61952_PF00631_11_72_fpocket_4	1853
P61956_PF11976_18_86_fpocket_2	627
P61960_PF03671_3_77_fpocket_1	375
P61960_PF03671_3_77_fpocket_3	1505
P61978_PF00013_45_104_fpocket_2	1702
P62079_PF00335_15_258_fpocket_1	899
P62081_PF01251_7_189_fpocket_13	1577
P62081_PF01251_7_189_fpocket_2	98
P62136_PF16891_9_56_fpocket_4	1373
P62140_PF16891_8_55_fpocket_1	392
P62166_PF00036_68_90_fpocket_1	922
P62191_PF17862_377_421_fpocket_2	1361
P62195_PF16450_73_128_fpocket_1	533
P62195_PF16450_73_128_fpocket_3	1161
P62241_PF01201_5_190_fpocket_2	870
P62241_PF01201_5_190_fpocket_5	1369
P62244_PF00410_6_128_fpocket_1	218
P62244_PF00410_6_128_fpocket_11	1626
P62249_PF00380_14_146_fpocket_3	779
P62263_PF00411_29_147_fpocket_1	372
P62263_PF00411_29_147_fpocket_6	1263
P62266_PF00164_36_142_fpocket_1	1687
P62266_PF00164_36_142_fpocket_6	157
P62269_PF00416_14_142_fpocket_1	1471
P62269_PF00416_14_142_fpocket_8	566
P62273_PF00253_9_54_fpocket_1	1218
P62273_PF00253_9_54_fpocket_2	95
P62277_PF00312_74_146_fpocket_3	1155
P62277_PF00312_74_146_fpocket_4	5
P62277_PF08069_1_60_fpocket_1	1800
P62277_PF08069_1_60_fpocket_4	445
P62280_PF00366_75_144_fpocket_2	580
P62308_PF01423_8_71_fpocket_3	122
P62312_PF01423_10_74_fpocket_2	305
P62312_PF01423_10_74_fpocket_6	1282
P62314_PF01423_5_69_fpocket_3	1274
P62324_PF07742_11_125_fpocket_3	958
P62330_PF00025_2_172_fpocket_1	1425
P62330_PF00025_2_172_fpocket_3	825
P62333_PF16450_57_112_fpocket_2	1262
P62333_PF16450_57_112_fpocket_3	1419
P62333_PF17862_326_369_fpocket_2	836
P62380_PF00352_99_178_fpocket_1	1520
P62424_PF01248_131_212_fpocket_2	166
P62487_PF03876_10_64_fpocket_2	1128
P62495_PF03463_18_140_fpocket_1	879
P62495_PF03464_145_277_fpocket_5	725
P62495_PF03465_280_417_fpocket_1	928
P62633_PF00098_97_113_fpocket_1	142
P62683_PF14787_578_613_fpocket_1	1432
P62683_PF19317_435_512_fpocket_2	1152
P62684_PF00607_307_434_fpocket_2	440
P62685_PF00607_307_434_fpocket_1	1195
P62685_PF02337_12_93_fpocket_2	943
P62685_PF02337_12_93_fpocket_7	1385
P62701_PF00900_95_169_fpocket_4	1146
P62701_PF08071_3_39_fpocket_2	1384
P62701_PF08071_3_39_fpocket_3	291
P62701_PF16121_212_259_fpocket_4	53
P62736_PF00022_6_377_fpocket_8	1285
P62750_PF00276_76_135_fpocket_1	1438
P62750_PF03939_17_67_fpocket_1	1418
P62753_PF01092_1_126_fpocket_1	694
P62753_PF01092_1_126_fpocket_2	1177
P62760_PF13499_98_175_fpocket_7	703
P62805_PF15511_44_96_fpocket_1	21
P62805_PF15511_44_96_fpocket_4	1517
P62829_PF00238_21_139_fpocket_1	554
P62829_PF00238_21_139_fpocket_4	621
P62837_PF00179_5_141_fpocket_2	387
P62841_PF00203_43_128_fpocket_2	217
P62847_PF01282_5_95_fpocket_1	23
P62847_PF01282_5_95_fpocket_2	690
P62851_PF03297_13_112_fpocket_1	1820
P62854_PF01283_1_104_fpocket_3	436
P62857_PF01200_7_68_fpocket_3	159
P62857_PF01200_7_68_fpocket_5	1138
P62861_PF00240_4_71_fpocket_1	616
P62875_PF01194_2_59_fpocket_1	825
P62875_PF01194_2_59_fpocket_3	37
P62877_PF12678_40_98_fpocket_1	424
P62888_PF01248_13_105_fpocket_1	182
P62891_PF00832_9_49_fpocket_2	1036
P62899_PF01198_19_100_fpocket_1	775
P62899_PF01198_19_100_fpocket_6	319
P62906_PF00687_24_211_fpocket_17	388
P62906_PF00687_24_211_fpocket_19	53
P62910_PF01655_17_124_fpocket_3	1100
P62910_PF01655_17_124_fpocket_4	1163
P62913_PF00281_10_63_fpocket_2	1503
P62913_PF00281_10_63_fpocket_3	1301
P62913_PF00673_67_165_fpocket_10	672
P62913_PF00673_67_165_fpocket_11	525
P62917_PF00181_2_90_fpocket_2	1667
P62917_PF00181_2_90_fpocket_3	1455
P62917_PF03947_98_224_fpocket_4	1503
P62917_PF03947_98_224_fpocket_5	1691
P62945_PF05162_1_25_fpocket_2	709
P62955_PF13903_18_195_fpocket_3	1025
P62979_PF01599_102_147_fpocket_1	26
P62979_PF01599_102_147_fpocket_2	335
P62987_PF00240_3_74_fpocket_1	185
P62987_PF01020_78_127_fpocket_1	32
P62987_PF01020_78_127_fpocket_2	1229
P63027_PF00957_31_111_fpocket_5	1194
P63096_PF00503_14_343_fpocket_1	883
P63119_PF01585_112_154_fpocket_2	790
P63121_PF00077_7_104_fpocket_3	1203
P63124_PF01585_112_154_fpocket_2	1395
P63125_PF01585_112_154_fpocket_1	682
P63126_PF00607_307_434_fpocket_2	5
P63128_PF00607_307_434_fpocket_5	778
P63128_PF00692_668_756_fpocket_1	1711
P63128_PF00692_668_756_fpocket_2	1858
P63130_PF00607_307_434_fpocket_4	1130
P63131_PF00077_7_104_fpocket_7	306
P63131_PF01585_112_154_fpocket_1	1395
P63132_PF00075_465_591_fpocket_2	465
P63132_PF00078_76_248_fpocket_3	1275
P63133_PF00665_645_739_fpocket_1	1680
P63136_PF00075_462_586_fpocket_3	1146
P63136_PF00078_76_245_fpocket_1	838
P63136_PF00552_813_853_fpocket_1	144
P63136_PF00552_813_853_fpocket_2	844
P63136_PF02022_590_627_fpocket_2	649
P63136_PF06817_252_317_fpocket_1	17
P63145_PF00098_544_560_fpocket_1	1460
P63145_PF19317_435_512_fpocket_4	617
P63146_PF00179_8_143_fpocket_9	242
P63165_PF11976_22_91_fpocket_5	1259
P63167_PF01221_5_88_fpocket_1	97
P63167_PF01221_5_88_fpocket_2	739
P63173_PF01781_2_69_fpocket_2	155
P63173_PF01781_2_69_fpocket_3	1162
P63208_PF01466_113_160_fpocket_2	885
P63208_PF01466_113_160_fpocket_3	113
P63208_PF03931_2_67_fpocket_2	395
P63208_PF03931_2_67_fpocket_4	1803
P63220_PF01249_1_79_fpocket_1	402
P63252_PF01007_48_186_fpocket_2	309
P63272_PF06093_13_90_fpocket_1	273
P63279_PF00179_8_151_fpocket_8	190
P63316_PF13833_32_84_fpocket_5	649
P67775_PF00149_51_244_fpocket_6	339
P67812_PF00717_37_127_fpocket_1	1039
P67812_PF00717_37_127_fpocket_4	1109
P67870_PF01214_8_191_fpocket_10	1726
P67870_PF01214_8_191_fpocket_2	1351
P68032_PF00022_5_377_fpocket_6	179
P68104_PF00009_5_237_fpocket_2	991
P68104_PF03144_260_325_fpocket_2	1687
P68363_PF00091_3_213_fpocket_1	995
P68371_PF03953_261_382_fpocket_1	237
P68402_PF13472_44_203_fpocket_13	1192
P68402_PF13472_44_203_fpocket_3	405
P69849_PF17802_874_955_fpocket_1	510
P69849_PF17802_874_955_fpocket_2	814
P69849_PF22898_40_124_fpocket_7	972
P69849_PF22902_799_873_fpocket_2	290
P69849_PF22904_126_215_fpocket_2	1260
P69849_PF22904_504_581_fpocket_1	36
P69849_PF23194_409_498_fpocket_5	1072
P69892_PF00042_27_142_fpocket_1	36
P69905_PF00042_27_137_fpocket_2	36
P78312_PF15914_1208_1264_fpocket_2	741
P78325_PF00200_417_489_fpocket_1	128
P78329_PF00067_52_504_fpocket_30	141
P78345_PF01248_105_186_fpocket_1	220
P78346_PF01876_17_224_fpocket_18	1086
P78346_PF01876_17_224_fpocket_5	192
P78347_PF02946_361_435_fpocket_4	1319
P78347_PF02946_361_435_fpocket_5	1143
P78347_PF02946_868_941_fpocket_1	171
P78347_PF02946_868_941_fpocket_5	327
P78348_PF00858_21_456_fpocket_29	609
P78352_PF00625_534_710_fpocket_2	1149
P78358_PF09341_90_162_fpocket_1	1839
P78363_PF12698_1604_1895_fpocket_22	329
P78381_PF04142_32_339_fpocket_1	1297
P78382_PF04142_11_314_fpocket_10	47
P78382_PF04142_11_314_fpocket_11	247
P78383_PF08449_16_311_fpocket_1	106
P78396_PF02984_342_459_fpocket_1	434
P78396_PF02984_342_459_fpocket_4	515
P78410_PF22705_146_232_fpocket_2	1442
P78417_PF13409_31_95_fpocket_2	716
P78417_PF14497_140_218_fpocket_3	860
P78417_PF14497_140_218_fpocket_5	1187
P78504_PF00008_786_815_fpocket_1	1011
P78504_PF01414_187_231_fpocket_1	493
P78504_PF25024_433_682_fpocket_9	43
P78508_PF17655_179_340_fpocket_6	97
P78509_PF21471_1094_1219_fpocket_1	392
P78509_PF21471_1094_1219_fpocket_6	193
P78509_PF21471_1831_1946_fpocket_1	620
P78509_PF21471_2187_2314_fpocket_1	1027
P78509_PF21471_226_350_fpocket_1	814
P78509_PF21471_226_350_fpocket_2	312
P78509_PF21471_2536_2661_fpocket_2	167
P78509_PF21471_2719_2853_fpocket_2	862
P78509_PF21471_3103_3228_fpocket_5	1061
P78509_PF21471_435_556_fpocket_2	2
P78509_PF21471_731_861_fpocket_1	1450
P78509_PF21471_888_1030_fpocket_2	253
P78509_PF21471_888_1030_fpocket_4	258
P78527_PF00454_3749_4014_fpocket_8	1326
P78536_PF13574_246_461_fpocket_17	123
P78536_PF16698_581_642_fpocket_1	529
P78536_PF16698_581_642_fpocket_2	158
P78537_PF06320_33_145_fpocket_3	142
P78539_PF02494_175_257_fpocket_4	151
P78539_PF02494_175_257_fpocket_5	865
P78539_PF13778_333_451_fpocket_4	1723
P78539_PF13778_333_451_fpocket_5	175
P78540_PF00491_25_321_fpocket_1	1233
P78543_PF07742_9_123_fpocket_1	381
P78549_PF00730_127_263_fpocket_11	653
P78552_PF18001_32_125_fpocket_1	968
P78556_PF00048_31_88_fpocket_3	401
P78559_PF25281_18_300_fpocket_1	908
P78559_PF25281_18_300_fpocket_4	1852
P78560_PF00531_118_188_fpocket_2	18
P78562_PF01431_538_741_fpocket_19	228
P78562_PF01431_538_741_fpocket_2	319
P78562_PF05649_76_479_fpocket_20	396
P78563_PF02137_370_731_fpocket_7	886
P79483_PF00969_42_115_fpocket_1	1356
P80098_PF00048_33_90_fpocket_3	1561
P80108_PF00882_28_212_fpocket_18	263
P80108_PF00882_28_212_fpocket_5	405
P80217_PF07292_81_170_fpocket_2	1783
P80217_PF07292_81_170_fpocket_3	163
P80303_PF25434_22_163_fpocket_8	662
P80404_PF00202_67_496_fpocket_11	2
P80404_PF00202_67_496_fpocket_22	1720
P81133_PF00989_81_142_fpocket_1	314
P81133_PF08447_243_329_fpocket_3	791
P81133_PF23171_2_55_fpocket_3	183
P81408_PF04103_36_196_fpocket_2	1118
P81408_PF04103_36_196_fpocket_6	1008
P81534_PF00711_29_64_fpocket_2	421
P82251_PF13520_30_439_fpocket_23	1229
P82279_PF02210_743_860_fpocket_9	141
P82650_PF10245_68_309_fpocket_2	239
P82650_PF10245_68_309_fpocket_6	697
P82663_PF05047_44_94_fpocket_2	1317
P82664_PF00338_80_173_fpocket_1	368
P82673_PF10213_147_235_fpocket_3	663
P82673_PF10213_147_235_fpocket_7	1498
P82675_PF00333_218_283_fpocket_1	218
P82675_PF00333_218_283_fpocket_3	1125
P82675_PF03719_297_365_fpocket_3	1531
P82675_PF21251_88_207_fpocket_13	717
P82675_PF21251_88_207_fpocket_6	93
P82912_PF00411_85_192_fpocket_4	1099
P82914_PF00312_108_187_fpocket_1	1482
P82914_PF00312_108_187_fpocket_2	263
P82921_PF01165_11_64_fpocket_1	1180
P82930_PF16053_61_186_fpocket_2	385
P82930_PF16053_61_186_fpocket_5	1794
P82932_PF01250_3_95_fpocket_3	62
P82932_PF01250_3_95_fpocket_4	338
P82933_PF00380_274_396_fpocket_2	852
P82933_PF00380_274_396_fpocket_4	149
P82987_PF19030_343_401_fpocket_1	1398
P82987_PF19236_155_227_fpocket_2	749
P83105_PF00219_40_94_fpocket_2	1651
P83105_PF13180_403_470_fpocket_3	570
P83110_PF00219_25_76_fpocket_2	1134
P83110_PF13180_357_447_fpocket_1	1273
P83110_PF13180_357_447_fpocket_4	893
P83111_PF00144_117_524_fpocket_2	48
P83111_PF00144_117_524_fpocket_32	839
P83731_PF01246_1_66_fpocket_3	294
P83876_PF02966_4_136_fpocket_13	241
P83876_PF02966_4_136_fpocket_2	263
P83916_PF01393_119_170_fpocket_2	560
P84022_PF03166_231_401_fpocket_8	318
P84074_PF13499_98_172_fpocket_1	1663
P84090_PF01133_2_99_fpocket_4	764
P84095_PF00071_5_177_fpocket_7	1448
P84098_PF01280_3_55_fpocket_1	155
P84098_PF01280_3_55_fpocket_2	395
P84098_PF25476_57_145_fpocket_1	281
P84098_PF25476_57_145_fpocket_2	1234
P84157_PF25473_142_203_fpocket_1	1181
P84243_PF00125_44_131_fpocket_5	1494
P84550_PF02437_69_167_fpocket_1	97
P85037_PF00498_123_192_fpocket_1	611
P85299_PF08539_39_139_fpocket_2	667
P86397_PF01575_42_146_fpocket_1	1681
P86397_PF01575_42_146_fpocket_2	750
P86790_PF19033_372_470_fpocket_1	106
P86791_PF19031_25_150_fpocket_5	463
P86791_PF19031_25_150_fpocket_8	553
P86791_PF19033_372_470_fpocket_1	1762
P86791_PF19033_372_470_fpocket_4	766
P98066_PF00431_135_244_fpocket_3	1363
P98073_PF15494_696_774_fpocket_3	1477
P98088_PF00094_81_218_fpocket_2	563
P98088_PF00094_81_218_fpocket_3	222
P98088_PF01826_704_761_fpocket_2	582
P98088_PF08742_1094_1162_fpocket_2	199
P98088_PF08742_5147_5208_fpocket_1	44
P98088_PF08742_630_694_fpocket_2	443
P98088_PF13330_1957_2043_fpocket_3	740
P98088_PF13330_2122_2213_fpocket_1	1074
P98088_PF13330_3526_3617_fpocket_2	159
P98088_PF13330_3526_3617_fpocket_6	292
P98088_PF13330_3959_4050_fpocket_1	87
P98095_PF22914_1085_1180_fpocket_4	773
P98095_PF22914_1085_1180_fpocket_5	972
P98160_PF00008_3848_3879_fpocket_1	682
P98160_PF00052_990_1124_fpocket_3	1410
P98160_PF00053_1529_1551_fpocket_1	290
P98160_PF00054_3959_4088_fpocket_1	440
P98160_PF00054_3959_4088_fpocket_10	146
P98160_PF13927_2630_2700_fpocket_2	1054
P98160_PF13927_405_483_fpocket_2	1345
P98161_PF00801_1550_1628_fpocket_2	78
P98161_PF00801_1634_1713_fpocket_5	1795
P98161_PF00801_1721_1798_fpocket_1	1233
P98161_PF00801_1805_1882_fpocket_5	1275
P98161_PF00801_1889_1967_fpocket_2	314
P98161_PF00801_274_352_fpocket_2	1095
P98161_PF00801_950_1013_fpocket_2	590
P98161_PF01477_3120_3223_fpocket_3	593
P98161_PF02010_2171_2614_fpocket_23	1217
P98164_PF24468_2343_2384_fpocket_1	596
P98170_PF00653_268_330_fpocket_1	1586
P98170_PF00653_29_93_fpocket_4	1008
P98170_PF13920_446_489_fpocket_1	1252
P98172_PF00812_29_164_fpocket_2	22
P98172_PF00812_29_164_fpocket_7	913
P98173_PF15711_103_190_fpocket_1	75
P98174_PF01363_729_789_fpocket_1	134
P98175_PF00641_215_241_fpocket_1	682
P98196_PF16209_42_96_fpocket_3	937
P98196_PF16212_851_1103_fpocket_17	1646
P98196_PF16212_851_1103_fpocket_7	1668
P98198_PF13246_484_673_fpocket_6	387
P99999_PF00034_4_101_fpocket_1	883
Q00013_PF00595_72_148_fpocket_4	1407
Q00013_PF00625_281_452_fpocket_6	1294
Q00059_PF09011_154_219_fpocket_2	438
Q00169_PF02121_3_251_fpocket_16	1282
Q00169_PF02121_3_251_fpocket_18	341
Q00266_PF00438_18_115_fpocket_1	396
Q00266_PF02772_130_250_fpocket_5	205
Q00266_PF02772_130_250_fpocket_7	295
Q00341_PF00013_438_498_fpocket_4	1786
Q00403_PF00382_112_200_fpocket_1	1414
Q00403_PF00382_206_293_fpocket_2	462
Q00587_PF14957_115_215_fpocket_3	1780
Q00597_PF02106_1_554_fpocket_1	222
Q00604_PF00007_47_132_fpocket_1	143
Q00604_PF00007_47_132_fpocket_3	377
Q00613_PF06546_247_529_fpocket_4	165
Q00653_PF00554_40_220_fpocket_13	1300
Q00653_PF16179_229_327_fpocket_4	681
Q00688_PF18410_6_77_fpocket_6	111
Q00722_PF00168_683_777_fpocket_2	42
Q00722_PF00387_546_659_fpocket_1	386
Q00722_PF22631_148_216_fpocket_3	1394
Q00765_PF03134_67_144_fpocket_2	106
Q00796_PF08240_31_145_fpocket_2	350
Q00839_PF13671_499_643_fpocket_9	689
Q00889_PF13895_334_412_fpocket_3	783
Q008S8_PF00621_570_751_fpocket_8	1291
Q008S8_PF14252_291_459_fpocket_4	568
Q00975_PF16905_1728_1781_fpocket_3	885
Q00978_PF10401_218_381_fpocket_4	33
Q00987_PF13920_436_484_fpocket_2	280
Q01082_PF00307_55_158_fpocket_5	1574
Q01082_PF00435_1914_2014_fpocket_1	29
Q01082_PF00435_1914_2014_fpocket_2	480
Q01082_PF00435_303_411_fpocket_7	157
Q01085_PF00076_207_271_fpocket_3	1779
Q01094_PF02319_129_192_fpocket_2	995
Q01094_PF16421_206_299_fpocket_1	1251
Q01094_PF16421_206_299_fpocket_2	441
Q01151_PF07686_22_127_fpocket_7	375
Q01201_PF00554_127_295_fpocket_7	110
Q01415_PF08544_357_429_fpocket_1	979
Q01415_PF10509_25_73_fpocket_1	372
Q01415_PF10509_25_73_fpocket_2	121
Q01453_PF00822_1_153_fpocket_5	744
Q01459_PF00704_113_356_fpocket_14	814
Q01469_PF00061_9_133_fpocket_2	1205
Q01484_PF00791_1049_1100_fpocket_3	736
Q01484_PF00791_1161_1238_fpocket_2	7
Q01484_PF00791_1161_1238_fpocket_7	469
Q01518_PF08603_319_472_fpocket_2	191
Q01523_PF00323_65_93_fpocket_1	81
Q01524_PF00879_1_58_fpocket_2	67
Q01538_PF08474_616_790_fpocket_1	867
Q01543_PF00178_282_360_fpocket_5	287
Q01581_PF08540_187_469_fpocket_13	238
Q01581_PF08540_187_469_fpocket_2	1315
Q01658_PF00808_12_75_fpocket_1	737
Q01664_PF00010_49_99_fpocket_2	1337
Q01668_PF08763_1547_1621_fpocket_1	1354
Q01668_PF16905_1484_1537_fpocket_1	208
Q01740_PF00743_2_531_fpocket_6	1126
Q01780_PF00570_506_572_fpocket_2	169
Q01780_PF00570_506_572_fpocket_3	1749
Q01780_PF01612_289_455_fpocket_8	1411
Q01780_PF08066_44_133_fpocket_5	62
Q01780_PF08066_44_133_fpocket_7	1119
Q01813_PF00365_27_332_fpocket_7	813
Q01814_PF00689_903_1081_fpocket_12	784
Q01814_PF13246_535_712_fpocket_5	397
Q01826_PF02376_371_445_fpocket_3	1175
Q01831_PF03835_501_625_fpocket_2	91
Q01831_PF03835_501_625_fpocket_3	57
Q01831_PF10403_632_681_fpocket_1	53
Q01831_PF10403_632_681_fpocket_3	909
Q01831_PF10404_685_744_fpocket_1	210
Q01831_PF10405_751_823_fpocket_1	766
Q01831_PF10405_751_823_fpocket_3	1718
Q01851_PF00157_264_337_fpocket_3	547
Q01954_PF12874_358_377_fpocket_1	1576
Q01968_PF16726_18_117_fpocket_3	688
Q01968_PF16726_18_117_fpocket_6	735
Q01968_PF21310_567_675_fpocket_1	1378
Q01968_PF21310_567_675_fpocket_6	1373
Q01970_PF00388_319_469_fpocket_1	749
Q01970_PF08703_944_1200_fpocket_1	1723
Q01970_PF22631_153_221_fpocket_2	823
Q01973_PF01392_170_288_fpocket_2	1084
Q01974_PF07714_474_746_fpocket_14	1039
Q02040_PF25015_80_295_fpocket_22	315
Q02080_PF00319_10_57_fpocket_2	1734
Q02083_PF15508_32_91_fpocket_1	682
Q02094_PF00909_15_402_fpocket_4	102
Q02094_PF00909_15_402_fpocket_9	1296
Q02127_PF01180_77_377_fpocket_1	239
Q02153_PF07700_2_166_fpocket_8	1397
Q02156_PF00433_689_730_fpocket_1	596
Q02218_PF00676_257_581_fpocket_6	618
Q02218_PF02779_650_864_fpocket_5	336
Q02218_PF02779_650_864_fpocket_6	1246
Q02218_PF16078_48_86_fpocket_1	995
Q02223_PF09257_8_45_fpocket_1	4
Q02241_PF16540_803_904_fpocket_10	1679
Q02388_PF00041_872_948_fpocket_2	1643
Q02388_PF00092_1054_1224_fpocket_3	72
Q02388_PF00092_38_206_fpocket_3	1230
Q02413_PF00028_163_260_fpocket_1	233
Q02509_PF00068_306_410_fpocket_5	850
Q02539_PF00538_41_111_fpocket_2	1138
Q02543_PF01775_7_130_fpocket_1	885
Q02543_PF01775_7_130_fpocket_8	1001
Q02556_PF00605_9_113_fpocket_1	269
Q02556_PF10401_203_381_fpocket_7	1302
Q02575_PF00010_77_127_fpocket_2	323
Q02643_PF02793_53_113_fpocket_2	985
Q02763_PF10430_24_118_fpocket_6	97
Q02790_PF00254_162_250_fpocket_1	75
Q02790_PF00254_44_134_fpocket_7	1718
Q02809_PF25238_534_630_fpocket_8	1091
Q02809_PF25342_25_267_fpocket_15	457
Q02817_PF00094_37_185_fpocket_1	1240
Q02817_PF00094_4591_4748_fpocket_10	1195
Q02817_PF00094_4591_4748_fpocket_8	413
Q02817_PF13330_1305_1388_fpocket_2	211
Q02817_PF13330_1788_1875_fpocket_2	1729
Q02817_PF23244_359_382_fpocket_1	220
Q02817_PF23244_359_382_fpocket_2	44
Q02817_PF23244_828_853_fpocket_1	644
Q02833_PF00788_8_87_fpocket_3	1842
Q02846_PF00211_872_1057_fpocket_2	1236
Q02846_PF01094_73_394_fpocket_7	617
Q02846_PF07701_820_865_fpocket_1	971
Q02878_PF01159_181_288_fpocket_6	1357
Q02878_PF01159_181_288_fpocket_9	1633
Q02878_PF03868_36_95_fpocket_1	1239
Q02880_PF00521_734_1189_fpocket_14	51
Q02880_PF00521_734_1189_fpocket_2	1331
Q02880_PF02518_101_197_fpocket_8	282
Q02880_PF16898_594_732_fpocket_7	1372
Q02962_PF00292_16_140_fpocket_2	200
Q02985_PF00084_153_203_fpocket_1	9
Q02985_PF00084_210_264_fpocket_1	1123
Q03001_PF00307_152_255_fpocket_7	873
Q03001_PF00307_36_138_fpocket_1	1289
Q03001_PF00435_4849_4952_fpocket_4	325
Q03001_PF00435_5395_5497_fpocket_1	79
Q03001_PF13499_7200_7261_fpocket_4	1395
Q03001_PF17902_876_942_fpocket_2	130
Q03001_PF18373_977_1054_fpocket_1	47
Q03001_PF18373_977_1054_fpocket_5	112
Q03001_PF21019_808_875_fpocket_2	1274
Q03001_PF21097_1061_1176_fpocket_4	1424
Q03013_PF02798_3_82_fpocket_1	220
Q03013_PF02798_3_82_fpocket_2	1485
Q03052_PF00046_340_396_fpocket_1	637
Q03060_PF02173_102_140_fpocket_1	1168
Q03111_PF03366_28_107_fpocket_4	797
Q03135_PF01146_43_174_fpocket_4	489
Q03154_PF01546_76_395_fpocket_1	1538
Q03154_PF07687_189_298_fpocket_1	144
Q03154_PF07687_189_298_fpocket_12	1589
Q03164_PF02008_1148_1194_fpocket_1	1226
Q03164_PF05964_2019_2074_fpocket_4	1677
Q03167_PF26060_45_212_fpocket_2	1015
Q03167_PF26060_45_212_fpocket_7	580
Q03181_PF00105_73_139_fpocket_5	494
Q03188_PF11699_856_940_fpocket_1	533
Q03188_PF11699_856_940_fpocket_4	290
Q03252_PF00932_467_577_fpocket_1	252
Q03393_PF01242_14_145_fpocket_5	143
Q03393_PF01242_14_145_fpocket_7	630
Q03395_PF00335_20_284_fpocket_1	132
Q03395_PF00335_20_284_fpocket_3	1854
Q03403_PF00088_31_72_fpocket_1	953
Q03405_PF00021_21_100_fpocket_1	212
Q03426_PF00288_122_212_fpocket_1	1081
Q03468_PF00176_510_811_fpocket_3	876
Q03468_PF25875_1426_1492_fpocket_1	392
Q03468_PF25875_1426_1492_fpocket_3	625
Q03518_PF00664_189_458_fpocket_21	1047
Q03591_PF00084_92_140_fpocket_3	1260
Q04323_PF22562_6_50_fpocket_1	1349
Q04446_PF00128_224_296_fpocket_2	1651
Q04446_PF02806_603_696_fpocket_2	721
Q04446_PF02806_603_696_fpocket_7	1635
Q04446_PF02922_76_161_fpocket_1	1696
Q04446_PF02922_76_161_fpocket_2	1430
Q04609_PF02225_171_259_fpocket_2	1106
Q04609_PF04389_357_481_fpocket_1	1072
Q04656_PF00122_833_921_fpocket_2	260
Q04656_PF00403_175_234_fpocket_3	1535
Q04656_PF00403_280_337_fpocket_1	1349
Q04656_PF00403_280_337_fpocket_3	771
Q04656_PF00403_493_551_fpocket_5	925
Q04656_PF00702_1038_1312_fpocket_3	275
Q04671_PF03600_342_775_fpocket_16	967
Q04671_PF03600_342_775_fpocket_9	1413
Q04721_PF07684_1618_1671_fpocket_1	354
Q04721_PF07684_1618_1671_fpocket_2	1066
Q04724_PF03920_18_133_fpocket_10	253
Q04725_PF03920_17_127_fpocket_4	982
Q04726_PF03920_18_133_fpocket_4	14
Q04759_PF21494_4_113_fpocket_11	370
Q04760_PF00903_32_174_fpocket_4	1587
Q04771_PF01064_33_102_fpocket_5	732
Q04837_PF00436_30_140_fpocket_5	1589
Q04844_PF02931_26_240_fpocket_13	283
Q04864_PF00554_10_178_fpocket_1	438
Q04864_PF16179_187_282_fpocket_4	1271
Q04900_PF05283_60_197_fpocket_7	213
Q04912_PF01437_527_568_fpocket_2	1281
Q04912_PF01833_684_766_fpocket_2	962
Q04941_PF01284_20_131_fpocket_4	1713
Q05048_PF16699_8_60_fpocket_2	1577
Q05048_PF16699_8_60_fpocket_3	1832
Q05084_PF06456_22_249_fpocket_13	1444
Q05084_PF06456_22_249_fpocket_14	741
Q05086_PF16558_29_83_fpocket_2	617
Q05086_PF16558_29_83_fpocket_3	91
Q05193_PF00350_34_207_fpocket_1	1208
Q05193_PF01031_215_501_fpocket_20	579
Q05329_PF00282_138_508_fpocket_1	22
Q05397_PF00373_136_248_fpocket_3	1111
Q05397_PF03623_914_1045_fpocket_2	1140
Q05397_PF03623_914_1045_fpocket_7	1189
Q05397_PF18038_35_130_fpocket_4	1772
Q05397_PF18038_35_130_fpocket_6	1015
Q05397_PF21477_260_357_fpocket_1	1253
Q05469_PF06350_308_615_fpocket_7	160
Q05469_PF07859_962_1027_fpocket_5	1140
Q05513_PF00130_131_182_fpocket_4	1099
Q05586_PF00060_560_824_fpocket_24	185
Q05586_PF01094_42_357_fpocket_20	1187
Q05639_PF22594_339_439_fpocket_1	940
Q05639_PF22594_339_439_fpocket_2	78
Q05655_PF21494_4_112_fpocket_2	741
Q05923_PF00581_18_136_fpocket_8	277
Q05940_PF07690_127_423_fpocket_2	256
Q05940_PF07690_127_423_fpocket_6	451
Q05940_PF07690_301_478_fpocket_5	226
Q05996_PF23740_268_360_fpocket_4	764
Q05BQ5_PF02820_289_352_fpocket_1	1281
Q05DH4_PF19314_850_941_fpocket_8	617
Q06033_PF06668_685_871_fpocket_16	84
Q06033_PF06668_685_871_fpocket_9	1519
Q06124_PF00017_112_197_fpocket_1	536
Q06124_PF00017_112_197_fpocket_5	1281
Q06190_PF17958_796_885_fpocket_1	1335
Q06190_PF17958_796_885_fpocket_2	866
Q06190_PF21161_731_790_fpocket_1	1613
Q06190_PF21161_731_790_fpocket_6	695
Q06203_PF13522_86_209_fpocket_5	482
Q06210_PF01380_551_681_fpocket_1	534
Q06210_PF13522_88_189_fpocket_2	337
Q06265_PF01138_32_163_fpocket_1	1418
Q06265_PF01138_32_163_fpocket_3	1633
Q06265_PF03725_189_254_fpocket_3	1154
Q06278_PF00111_10_77_fpocket_5	1770
Q06278_PF00941_241_418_fpocket_10	1705
Q06278_PF00941_241_418_fpocket_2	118
Q06278_PF01315_594_700_fpocket_5	682
Q06278_PF02738_718_955_fpocket_12	1082
Q06278_PF02738_718_955_fpocket_3	497
Q06278_PF03450_427_530_fpocket_6	78
Q06278_PF20256_980_1245_fpocket_20	965
Q06278_PF20256_980_1245_fpocket_6	1487
Q06323_PF02252_104_245_fpocket_2	1062
Q06330_PF09271_48_178_fpocket_3	617
Q06413_PF00319_10_57_fpocket_1	617
Q06413_PF00319_10_57_fpocket_2	788
Q06416_PF00157_143_212_fpocket_1	874
Q06416_PF00157_143_212_fpocket_3	285
Q06455_PF08788_337_403_fpocket_3	275
Q06546_PF11620_37_119_fpocket_2	1640
Q06587_PF16207_282_400_fpocket_1	1382
Q06609_PF08423_95_337_fpocket_2	1029
Q06732_PF01352_11_52_fpocket_3	894
Q06787_PF05641_63_117_fpocket_3	30
Q06787_PF17904_123_207_fpocket_3	1159
Q06787_PF17904_123_207_fpocket_4	804
Q06787_PF18336_4_52_fpocket_2	294
Q07001_PF02931_25_246_fpocket_16	238
Q07020_PF17135_2_188_fpocket_1	1528
Q07020_PF17135_2_188_fpocket_2	145
Q07075_PF11838_616_933_fpocket_29	66
Q07108_PF00059_103_196_fpocket_6	476
Q07157_PF00595_23_106_fpocket_2	1475
Q07326_PF06699_23_203_fpocket_10	605
Q07326_PF06699_23_203_fpocket_11	868
Q07343_PF18100_166_281_fpocket_2	1167
Q07352_PF00642_115_140_fpocket_1	299
Q07352_PF00642_153_178_fpocket_2	299
Q07507_PF14704_43_191_fpocket_1	595
Q07507_PF14704_43_191_fpocket_2	29
Q07617_PF13877_802_894_fpocket_1	1534
Q07654_PF00088_32_72_fpocket_2	1174
Q07666_PF16274_102_153_fpocket_1	921
Q07666_PF22675_166_232_fpocket_2	86
Q07817_PF00452_90_188_fpocket_1	1015
Q07817_PF02180_1_26_fpocket_2	993
Q07837_PF00128_125_562_fpocket_27	880
Q07837_PF00128_125_562_fpocket_4	1792
Q07864_PF22634_975_1152_fpocket_10	585
Q07864_PF22634_975_1152_fpocket_2	1763
Q07864_PF22912_2216_2271_fpocket_2	91
Q07864_PF22912_2216_2271_fpocket_4	592
Q07864_PF23250_2141_2213_fpocket_1	638
Q07864_PF23250_2141_2213_fpocket_3	1108
Q07889_PF00618_601_717_fpocket_3	1187
Q07889_PF00621_213_384_fpocket_10	1052
Q07889_PF22697_443_541_fpocket_6	1224
Q07890_PF00617_781_960_fpocket_10	422
Q07890_PF00618_599_715_fpocket_4	631
Q07960_PF13716_82_215_fpocket_3	269
Q08043_PF00435_289_397_fpocket_3	34
Q08043_PF08726_831_897_fpocket_1	1191
Q08116_PF00615_85_199_fpocket_4	1317
Q08117_PF03920_18_131_fpocket_2	1658
Q08117_PF03920_18_131_fpocket_3	915
Q08188_PF00868_7_117_fpocket_2	46
Q08188_PF00927_595_692_fpocket_2	438
Q08188_PF01841_269_355_fpocket_1	1379
Q08209_PF00149_84_283_fpocket_2	56
Q08209_PF00149_84_283_fpocket_4	1800
Q08211_PF00035_181_250_fpocket_2	1234
Q08211_PF07717_993_1073_fpocket_6	559
Q08211_PF21010_861_917_fpocket_3	80
Q08257_PF13602_193_327_fpocket_2	795
Q08334_PF09294_111_213_fpocket_1	466
Q08345_PF21114_190_366_fpocket_3	147
Q08345_PF21114_190_366_fpocket_4	112
Q08357_PF01384_24_637_fpocket_3	1420
Q08357_PF01384_24_637_fpocket_39	860
Q08380_PF07707_261_358_fpocket_6	576
Q08426_PF00725_478_582_fpocket_5	220
Q08426_PF00725_478_582_fpocket_7	1037
Q08431_PF00008_27_65_fpocket_1	269
Q08462_PF16214_32_261_fpocket_18	1576
Q08477_PF00067_52_504_fpocket_2	239
Q08499_PF00233_461_700_fpocket_20	781
Q08499_PF18100_223_339_fpocket_1	937
Q08499_PF18100_223_339_fpocket_7	995
Q08623_PF13419_12_194_fpocket_1	48
Q08623_PF13419_12_194_fpocket_5	1818
Q08629_PF07648_135_180_fpocket_1	1000
Q08722_PF04549_144_292_fpocket_2	411
Q08722_PF04549_144_292_fpocket_5	1413
Q08722_PF08204_8_142_fpocket_1	6
Q08945_PF00505_547_615_fpocket_1	1633
Q08945_PF03531_106_170_fpocket_3	583
Q08945_PF03531_106_170_fpocket_4	1356
Q08945_PF08512_339_427_fpocket_4	286
Q08945_PF17292_6_97_fpocket_2	654
Q08945_PF21103_197_326_fpocket_1	152
Q08999_PF01857_835_1018_fpocket_10	868
Q08999_PF01857_835_1018_fpocket_14	287
Q08999_PF01858_417_609_fpocket_14	1333
Q08999_PF11934_105_239_fpocket_1	18
Q08AD1_PF08683_1350_1468_fpocket_4	263
Q08AD1_PF11971_237_315_fpocket_4	301
Q08AD1_PF11971_237_315_fpocket_5	256
Q08AD1_PF25532_16_150_fpocket_11	992
Q08AD1_PF25532_16_150_fpocket_7	78
Q08AE8_PF16474_40_236_fpocket_3	688
Q08AF3_PF04326_191_305_fpocket_4	841
Q08AF3_PF21026_384_519_fpocket_1	851
Q08AG7_PF12554_22_68_fpocket_2	489
Q08AG7_PF12554_22_68_fpocket_3	821
Q08AH1_PF00501_72_419_fpocket_13	1051
Q08AH3_PF13193_477_557_fpocket_4	742
Q08AI6_PF01490_1_361_fpocket_18	138
Q08AM6_PF11916_542_720_fpocket_1	1047
Q08AM6_PF11916_542_720_fpocket_7	1207
Q08ET2_PF08205_192_220_fpocket_1	1265
Q08ET2_PF08205_192_220_fpocket_2	315
Q08J23_PF01189_170_341_fpocket_2	1804
Q08J23_PF01189_170_341_fpocket_5	573
Q08J23_PF25376_520_616_fpocket_2	42
Q08J23_PF25376_520_616_fpocket_6	580
Q08J23_PF25378_618_703_fpocket_2	1183
Q08J23_PF25378_618_703_fpocket_3	1387
Q09327_PF04724_201_354_fpocket_1	613
Q09327_PF04724_201_354_fpocket_8	454
Q09428_PF00664_304_590_fpocket_8	1512
Q09470_PF00520_167_418_fpocket_6	46
Q09472_PF02135_1735_1806_fpocket_2	588
Q09472_PF08214_1306_1611_fpocket_9	107
Q09472_PF23570_1240_1278_fpocket_1	189
Q09472_PF23570_1240_1278_fpocket_2	552
Q0D2J5_PF13912_313_334_fpocket_1	581
Q0GE19_PF13593_10_323_fpocket_1	1770
Q0GE19_PF13593_10_323_fpocket_19	144
Q0JRZ9_PF10291_543_808_fpocket_2	783
Q0P5N6_PF00025_21_191_fpocket_13	542
Q0P651_PF09752_16_414_fpocket_2	96
Q0P6D2_PF12260_187_384_fpocket_12	1652
Q0P6H9_PF00149_59_259_fpocket_13	1034
Q0P6H9_PF24384_309_411_fpocket_1	873
Q0P6H9_PF24384_309_411_fpocket_3	1670
Q0P6H9_PF24394_433_599_fpocket_11	1328
Q0P6H9_PF24394_433_599_fpocket_8	697
Q0PNE2_PF09807_2_251_fpocket_7	174
Q0PNE2_PF09807_2_251_fpocket_9	1279
Q0VAF6_PF15138_22_133_fpocket_1	1067
Q0VAK6_PF03250_16_122_fpocket_3	1789
Q0VDD8_PF12777_2258_2488_fpocket_8	1277
Q0VDD8_PF12777_2258_2488_fpocket_9	671
Q0VDD8_PF12780_2007_2243_fpocket_4	126
Q0VDD8_PF12781_2582_2686_fpocket_11	775
Q0VDD8_PF12781_2582_2686_fpocket_4	107
Q0VDE8_PF15202_1_78_fpocket_2	1161
Q0VDG4_PF03577_90_243_fpocket_4	1160
Q0VG99_PF00010_82_135_fpocket_1	1225
Q10469_PF05060_92_440_fpocket_20	5
Q10471_PF00535_139_318_fpocket_7	638
Q10471_PF00652_451_563_fpocket_4	1610
Q10472_PF00652_431_548_fpocket_2	126
Q10567_PF02883_721_826_fpocket_1	1789
Q10567_PF02883_721_826_fpocket_2	113
Q10567_PF09066_836_947_fpocket_2	1854
Q10567_PF09066_836_947_fpocket_4	1767
Q10588_PF02267_41_280_fpocket_1	71
Q10588_PF02267_41_280_fpocket_11	600
Q10589_PF16716_49_136_fpocket_2	565
Q10589_PF16716_49_136_fpocket_4	1539
Q10713_PF00675_77_227_fpocket_1	637
Q10713_PF00675_77_227_fpocket_7	564
Q10713_PF05193_232_431_fpocket_11	589
Q10981_PF01531_21_334_fpocket_12	839
Q11128_PF17039_75_183_fpocket_1	1704
Q11130_PF17039_46_154_fpocket_3	103
Q12756_PF12423_805_852_fpocket_3	1279
Q12756_PF12473_1149_1296_fpocket_7	1513
Q12765_PF03577_88_230_fpocket_2	1
Q12768_PF10266_23_1103_fpocket_27	194
Q12768_PF10266_23_1103_fpocket_83	422
Q12769_PF23345_596_826_fpocket_13	143
Q12770_PF24006_81_277_fpocket_15	647
Q12788_PF08625_654_788_fpocket_1	422
Q12789_PF04182_174_249_fpocket_1	312
Q12789_PF04182_174_249_fpocket_3	1291
Q12789_PF23704_1_70_fpocket_2	32
Q12789_PF23704_1_70_fpocket_5	434
Q12789_PF24101_609_717_fpocket_8	335
Q12791_PF03493_546_633_fpocket_3	854
Q12791_PF21014_1056_1176_fpocket_1	1853
Q12791_PF21014_1056_1176_fpocket_6	542
Q12792_PF00241_180_313_fpocket_1	1517
Q12792_PF00241_6_135_fpocket_2	1571
Q12797_PF05118_591_745_fpocket_2	517
Q12800_PF04516_53_258_fpocket_14	787
Q12800_PF25416_426_502_fpocket_3	1737
Q12805_PF22914_391_489_fpocket_6	1158
Q12809_PF13426_37_129_fpocket_3	958
Q12824_PF04855_180_373_fpocket_14	1434
Q12824_PF21459_13_104_fpocket_5	1090
Q12829_PF07525_189_223_fpocket_1	29
Q12836_PF00100_312_455_fpocket_1	270
Q12836_PF22821_34_129_fpocket_13	665
Q12836_PF23344_189_288_fpocket_5	1635
Q12837_PF00157_255_327_fpocket_2	553
Q12841_PF07648_54_98_fpocket_1	285
Q12841_PF23564_113_232_fpocket_3	733
Q12846_PF05739_236_287_fpocket_1	145
Q12851_PF00069_16_272_fpocket_8	1218
Q12857_PF03165_69_170_fpocket_2	969
Q12857_PF03165_69_170_fpocket_7	1095
Q12864_PF00028_131_235_fpocket_4	82
Q12872_PF01805_210_255_fpocket_3	1430
Q12872_PF01805_459_502_fpocket_2	469
Q12872_PF09750_35_155_fpocket_4	314
Q12873_PF00628_459_500_fpocket_1	1291
Q12874_PF11931_382_501_fpocket_1	1259
Q12874_PF11931_382_501_fpocket_2	368
Q12874_PF12108_74_100_fpocket_2	23
Q12874_PF16837_129_178_fpocket_2	777
Q12879_PF10613_440_539_fpocket_2	101
Q12882_PF01180_534_838_fpocket_9	1218
Q12882_PF07992_189_494_fpocket_10	1657
Q12882_PF14691_57_166_fpocket_3	1217
Q12882_PF14691_57_166_fpocket_4	732
Q12882_PF14697_946_1004_fpocket_2	313
Q12882_PF14697_946_1004_fpocket_3	202
Q12884_PF00326_555_757_fpocket_1	1016
Q12884_PF00326_555_757_fpocket_14	164
Q12887_PF01040_169_416_fpocket_1	572
Q12887_PF01040_169_416_fpocket_2	1846
Q12888_PF09038_1483_1604_fpocket_1	19
Q12888_PF09038_1483_1604_fpocket_3	573
Q12889_PF00704_23_360_fpocket_14	179
Q12891_PF01630_29_361_fpocket_14	1379
Q12891_PF01630_29_361_fpocket_5	1803
Q12893_PF08551_49_151_fpocket_1	1521
Q12893_PF08551_49_151_fpocket_5	445
Q12894_PF04836_386_439_fpocket_2	187
Q12905_PF07528_22_216_fpocket_11	607
Q12905_PF07528_22_216_fpocket_3	353
Q12905_PF20965_220_351_fpocket_2	323
Q12906_PF00035_527_588_fpocket_2	333
Q12906_PF07528_11_221_fpocket_9	855
Q12906_PF20965_225_356_fpocket_3	48
Q12907_PF03388_53_277_fpocket_6	833
Q12912_PF05781_24_555_fpocket_16	1279
Q12912_PF05781_24_555_fpocket_24	897
Q12913_PF18861_835_964_fpocket_1	1740
Q12913_PF18861_835_964_fpocket_9	1044
Q12923_PF00102_2237_2465_fpocket_4	1667
Q12923_PF00102_2237_2465_fpocket_5	97
Q12923_PF09380_788_875_fpocket_1	555
Q12929_PF08416_64_194_fpocket_7	372
Q12929_PF18016_719_778_fpocket_1	1353
Q12933_PF00097_34_72_fpocket_2	1047
Q12933_PF02176_178_235_fpocket_4	1249
Q12933_PF21355_376_493_fpocket_2	1248
Q12933_PF21355_376_493_fpocket_4	947
Q12955_PF17809_1308_1437_fpocket_2	1024
Q12959_PF00018_587_643_fpocket_3	42
Q12959_PF00595_320_402_fpocket_2	117
Q12959_PF09058_6_63_fpocket_1	134
Q12959_PF09058_6_63_fpocket_2	1330
Q12962_PF03540_116_217_fpocket_2	1239
Q12965_PF06017_732_925_fpocket_7	640
Q12968_PF16179_602_699_fpocket_4	205
Q12972_PF00498_49_118_fpocket_3	1027
Q12974_PF00102_25_142_fpocket_3	308
Q12979_PF00621_98_282_fpocket_12	317
Q12980_PF03666_64_102_fpocket_1	1576
Q12980_PF03666_64_102_fpocket_2	234
Q12980_PF24064_491_552_fpocket_4	1823
Q12981_PF03908_134_224_fpocket_1	770
Q12982_PF12496_50_163_fpocket_3	18
Q12982_PF13716_166_296_fpocket_11	531
Q12986_PF01422_721_739_fpocket_2	883
Q13002_PF10613_432_545_fpocket_4	815
Q13003_PF00060_563_832_fpocket_3	883
Q13003_PF10613_435_547_fpocket_6	881
Q13009_PF02196_767_839_fpocket_1	1018
Q13009_PF18385_572_669_fpocket_1	147
Q13009_PF18385_572_669_fpocket_2	1773
Q13017_PF00620_1275_1421_fpocket_1	748
Q13017_PF16512_260_338_fpocket_5	199
Q13017_PF16512_260_338_fpocket_6	507
Q13017_PF23083_429_483_fpocket_1	130
Q13018_PF24562_37_160_fpocket_6	72
Q13018_PF24562_37_160_fpocket_7	739
Q13033_PF08232_64_193_fpocket_15	861
Q13043_PF00069_31_281_fpocket_11	1637
Q13043_PF11629_433_480_fpocket_2	1492
Q13043_PF11629_433_480_fpocket_3	887
Q13057_PF01121_359_533_fpocket_7	104
Q13061_PF05279_46_75_fpocket_2	159
Q13061_PF05279_46_75_fpocket_3	233
Q13066_PF05831_1_113_fpocket_4	194
Q13075_PF00653_162_227_fpocket_2	183
Q13075_PF22524_689_740_fpocket_3	16
Q13077_PF21355_289_409_fpocket_2	1386
Q13077_PF21355_289_409_fpocket_4	1001
Q13084_PF00830_83_136_fpocket_1	1398
Q13084_PF00830_83_136_fpocket_2	511
Q13085_PF00289_118_237_fpocket_4	497
Q13085_PF01039_1669_2222_fpocket_29	1655
Q13085_PF01039_1669_2222_fpocket_4	341
Q13085_PF02785_508_614_fpocket_1	541
Q13085_PF02785_508_614_fpocket_4	266
Q13085_PF02786_288_471_fpocket_14	702
Q13087_PF13848_179_365_fpocket_1	1672
Q13098_PF01399_346_427_fpocket_4	320
Q13098_PF21151_431_458_fpocket_1	770
Q13103_PF07448_73_136_fpocket_3	243
Q13105_PF13894_418_440_fpocket_2	992
Q13107_PF06337_32_122_fpocket_5	1236
Q13107_PF14836_140_226_fpocket_3	1593
Q13111_PF12253_558_629_fpocket_1	578
Q13114_PF02176_136_192_fpocket_1	797
Q13114_PF02176_192_251_fpocket_1	75
Q13114_PF21355_438_557_fpocket_1	608
Q13114_PF21355_438_557_fpocket_4	275
Q13114_PF21363_53_92_fpocket_1	425
Q13126_PF01048_11_255_fpocket_8	687
Q13131_PF16579_406_480_fpocket_4	1686
Q13136_PF07647_1048_1108_fpocket_1	1786
Q13137_PF17751_23_125_fpocket_4	82
Q13148_PF18694_4_76_fpocket_3	223
Q13155_PF18569_118_208_fpocket_6	1015
Q13162_PF00578_82_213_fpocket_1	1484
Q13162_PF00578_82_213_fpocket_3	933
Q13163_PF00564_19_95_fpocket_3	1589
Q13177_PF00786_73_130_fpocket_1	680
Q13183_PF00939_7_565_fpocket_3	1586
Q13185_PF01393_123_174_fpocket_3	83
Q13188_PF11629_437_484_fpocket_2	1698
Q13190_PF11416_53_72_fpocket_1	1479
Q13191_PF02262_42_167_fpocket_1	1455
Q13191_PF02262_42_167_fpocket_2	338
Q13191_PF02761_171_254_fpocket_1	761
Q13191_PF02761_171_254_fpocket_4	334
Q13201_PF00386_1102_1225_fpocket_1	214
Q13202_PF00782_168_298_fpocket_6	1068
Q13206_PF00271_299_409_fpocket_8	904
Q13219_PF13385_105_268_fpocket_9	1012
Q13224_PF01094_108_316_fpocket_1	118
Q13224_PF01094_108_316_fpocket_16	13
Q13227_PF15991_5_292_fpocket_10	494
Q13232_PF00334_22_155_fpocket_3	357
Q13233_PF04434_338_364_fpocket_1	13
Q13237_PF00027_187_268_fpocket_3	1677
Q13239_PF00017_84_160_fpocket_1	1736
Q13241_PF00059_78_176_fpocket_2	1229
Q13247_PF00076_112_177_fpocket_3	740
Q13253_PF05806_12_232_fpocket_3	270
Q13257_PF02301_16_191_fpocket_14	1005
Q13258_PF00001_59_323_fpocket_16	49
Q13263_PF00628_628_669_fpocket_1	1060
Q13283_PF02136_11_133_fpocket_1	592
Q13285_PF00105_12_79_fpocket_1	82
Q13286_PF02487_40_437_fpocket_1	871
Q13287_PF07292_105_192_fpocket_7	1783
Q13287_PF07292_203_291_fpocket_7	141
Q13291_PF06214_1_125_fpocket_1	1783
Q13304_PF00001_76_325_fpocket_1	28
Q13308_PF13927_595_668_fpocket_1	513
Q13310_PF00658_558_623_fpocket_2	412
Q13315_PF11640_11_164_fpocket_1	1273
Q13315_PF11640_11_164_fpocket_5	1225
Q13319_PF03261_173_330_fpocket_14	741
Q13319_PF03261_173_330_fpocket_2	33
Q13322_PF08947_425_470_fpocket_2	1724
Q13322_PF21989_168_249_fpocket_4	860
Q13323_PF12201_1_159_fpocket_2	222
Q13326_PF04790_25_278_fpocket_18	1184
Q13326_PF04790_25_278_fpocket_20	141
Q13330_PF01448_167_219_fpocket_3	290
Q13330_PF17226_464_541_fpocket_3	433
Q13336_PF03253_59_353_fpocket_5	995
Q13342_PF01342_584_660_fpocket_4	158
Q13349_PF08441_616_766_fpocket_10	96
Q13349_PF21520_918_1095_fpocket_8	639
Q13352_PF06729_25_161_fpocket_1	250
Q13360_PF13912_452_474_fpocket_1	142
Q13363_PF00389_38_352_fpocket_18	801
Q13363_PF02826_135_317_fpocket_1	850
Q13363_PF02826_135_317_fpocket_11	195
Q13368_PF02828_69_120_fpocket_2	1281
Q13387_PF00640_683_813_fpocket_3	445
Q13387_PF14604_611_659_fpocket_5	888
Q13393_PF00169_222_327_fpocket_2	34
Q13393_PF13091_892_937_fpocket_1	1128
Q13393_PF13091_892_937_fpocket_2	242
Q13394_PF03281_62_241_fpocket_13	604
Q13394_PF20266_246_343_fpocket_2	222
Q13395_PF00588_1464_1605_fpocket_1	1399
Q13395_PF00588_1464_1605_fpocket_5	301
Q13395_PF25050_278_363_fpocket_7	499
Q13401_PF13589_109_164_fpocket_1	599
Q13402_PF00784_1155_1251_fpocket_3	314
Q13402_PF02174_2115_2201_fpocket_2	432
Q13402_PF21998_1561_1604_fpocket_1	833
Q13402_PF21998_1561_1604_fpocket_2	14
Q13404_PF00179_38_135_fpocket_4	1663
Q13405_PF05046_82_166_fpocket_1	805
Q13405_PF05046_82_166_fpocket_2	109
Q13410_PF00622_357_465_fpocket_1	447
Q13415_PF00004_530_672_fpocket_1	606
Q13415_PF01426_45_168_fpocket_1	1065
Q13415_PF09079_766_857_fpocket_3	1629
Q13415_PF09079_766_857_fpocket_4	182
Q13415_PF17872_698_734_fpocket_1	1044
Q13415_PF17872_698_734_fpocket_2	759
Q13416_PF04084_287_447_fpocket_1	1407
Q13416_PF04084_287_447_fpocket_3	1758
Q13416_PF24882_504_563_fpocket_2	720
Q13416_PF24882_504_563_fpocket_6	888
Q13423_PF01262_203_435_fpocket_7	696
Q13423_PF02233_621_1078_fpocket_36	332
Q13423_PF05222_60_199_fpocket_6	797
Q13423_PF12769_502_587_fpocket_1	148
Q13423_PF12769_502_587_fpocket_3	114
Q13424_PF18012_210_266_fpocket_1	1402
Q13424_PF23012_407_503_fpocket_1	811
Q13424_PF23012_407_503_fpocket_2	152
Q13425_PF18012_240_297_fpocket_3	479
Q13425_PF23012_442_538_fpocket_9	1522
Q13426_PF06632_17_113_fpocket_1	141
Q13433_PF02535_324_509_fpocket_2	40
Q13433_PF02535_524_742_fpocket_2	779
Q13435_PF04037_471_596_fpocket_11	876
Q13435_PF04037_471_596_fpocket_12	173
Q13435_PF04046_605_654_fpocket_1	543
Q13438_PF07915_110_181_fpocket_1	615
Q13442_PF10252_85_162_fpocket_1	35
Q13443_PF01421_212_406_fpocket_5	342
Q13443_PF08516_501_615_fpocket_1	172
Q13444_PF00200_430_503_fpocket_3	1560
Q13451_PF00254_160_248_fpocket_1	1821
Q13451_PF00254_160_248_fpocket_2	1134
Q13454_PF04756_54_342_fpocket_1	1395
Q13459_PF00063_149_676_fpocket_1	66
Q13459_PF00063_149_676_fpocket_19	141
Q13464_PF25346_1121_1202_fpocket_6	123
Q13467_PF01392_33_138_fpocket_1	59
Q13467_PF01392_33_138_fpocket_6	1328
Q13469_PF00554_410_570_fpocket_14	1117
Q13469_PF00554_410_570_fpocket_3	177
Q13470_PF07714_119_374_fpocket_10	417
Q13470_PF22931_10_65_fpocket_1	230
Q13470_PF22931_10_65_fpocket_2	473
Q13472_PF01131_196_603_fpocket_14	1808
Q13472_PF01131_196_603_fpocket_15	1026
Q13472_PF01396_656_693_fpocket_2	1431
Q13472_PF01396_656_693_fpocket_3	1536
Q13472_PF01751_36_181_fpocket_7	366
Q13472_PF06839_896_939_fpocket_1	922
Q13474_PF00569_605_645_fpocket_1	212
Q13474_PF09068_386_504_fpocket_4	599
Q13474_PF09069_508_599_fpocket_2	199
Q13477_PF09085_113_224_fpocket_3	427
Q13485_PF03165_37_137_fpocket_5	474
Q13488_PF01496_28_825_fpocket_78	1438
Q13489_PF00619_446_527_fpocket_3	170
Q13489_PF00653_258_322_fpocket_5	917
Q13489_PF00653_32_97_fpocket_2	918
Q13489_PF00653_32_97_fpocket_3	1234
Q13489_PF13920_554_597_fpocket_2	644
Q13489_PF21290_374_426_fpocket_1	1821
Q13490_PF21290_388_440_fpocket_2	203
Q13491_PF01275_24_258_fpocket_9	608
Q13496_PF02893_38_143_fpocket_1	97
Q13501_PF00564_41_101_fpocket_1	274
Q13501_PF00564_41_101_fpocket_3	446
Q13501_PF16577_379_440_fpocket_1	1832
Q13505_PF10568_172_293_fpocket_4	561
Q13505_PF10568_172_293_fpocket_8	462
Q13505_PF17171_323_386_fpocket_2	1629
Q13505_PF17171_323_386_fpocket_4	1433
Q13506_PF04904_6_83_fpocket_4	299
Q13506_PF04905_191_317_fpocket_1	1296
Q13507_PF08344_267_329_fpocket_3	518
Q13510_PF02275_143_384_fpocket_1	38
Q13510_PF02275_143_384_fpocket_13	106
Q13510_PF15508_45_107_fpocket_1	717
Q13516_PF00010_110_162_fpocket_3	782
Q13520_PF00230_23_231_fpocket_5	573
Q13522_PF05395_5_152_fpocket_2	1436
Q13526_PF00639_59_162_fpocket_1	1683
Q13526_PF00639_59_162_fpocket_3	1121
Q13535_PF00454_2324_2566_fpocket_16	1235
Q13535_PF02260_2613_2644_fpocket_1	1373
Q13535_PF02260_2613_2644_fpocket_2	1280
Q13535_PF08064_1122_1222_fpocket_1	1086
Q13542_PF05456_7_120_fpocket_3	1277
Q13546_PF00531_585_666_fpocket_1	628
Q13555_PF08332_426_553_fpocket_6	498
Q13557_PF00069_14_272_fpocket_6	674
Q13563_PF08016_464_687_fpocket_2	1827
Q13563_PF20519_269_463_fpocket_1	1194
Q13563_PF20519_269_463_fpocket_6	1806
Q13564_PF00899_13_530_fpocket_2	1238
Q13569_PF03167_129_289_fpocket_1	455
Q13572_PF05770_119_317_fpocket_1	1126
Q13572_PF17927_9_100_fpocket_2	969
Q13572_PF17927_9_100_fpocket_5	1123
Q13573_PF02731_175_335_fpocket_2	497
Q13573_PF02731_175_335_fpocket_5	1360
Q13574_PF00609_446_603_fpocket_12	174
Q13574_PF00609_446_603_fpocket_3	301
Q13574_PF00781_295_410_fpocket_2	233
Q13574_PF00781_295_410_fpocket_5	405
Q13574_PF23578_642_751_fpocket_1	450
Q13576_PF00307_45_155_fpocket_6	1347
Q13576_PF00616_938_1150_fpocket_1	41
Q13576_PF03836_1367_1498_fpocket_1	596
Q13576_PF03836_1367_1498_fpocket_5	1626
Q13586_PF16533_341_441_fpocket_3	376
Q13586_PF25578_47_125_fpocket_2	380
Q13586_PF25578_47_125_fpocket_3	46
Q13591_PF01437_486_533_fpocket_2	335
Q13601_PF17903_58_138_fpocket_2	1015
Q13601_PF17903_58_138_fpocket_5	761
Q13601_PF21800_140_230_fpocket_5	924
Q13601_PF21800_140_230_fpocket_6	80
Q13609_PF03372_24_274_fpocket_1	266
Q13615_PF06602_156_524_fpocket_12	312
Q13616_PF10557_706_766_fpocket_8	550
Q13616_PF26557_539_658_fpocket_4	1783
Q13619_PF10557_691_751_fpocket_2	454
Q13620_PF10557_845_905_fpocket_7	1590
Q13620_PF26557_681_814_fpocket_1	1247
Q13621_PF00324_182_685_fpocket_19	907
Q13621_PF03522_694_1099_fpocket_35	478
Q13625_PF21801_3_82_fpocket_2	65
Q13627_PF00069_159_479_fpocket_20	405
Q13630_PF01370_10_245_fpocket_5	159
Q13634_PF00028_388_479_fpocket_6	307
Q13642_PF25076_6_33_fpocket_2	453
Q13643_PF25076_6_33_fpocket_1	1224
Q13671_PF02204_493_591_fpocket_7	1729
Q13671_PF23268_366_447_fpocket_5	1281
Q13683_PF08441_515_679_fpocket_3	1235
Q13683_PF20805_681_845_fpocket_10	433
Q13686_PF13532_101_344_fpocket_6	331
Q13698_PF00520_51_344_fpocket_1	1106
Q13698_PF16905_1401_1454_fpocket_1	291
Q13705_PF01064_53_111_fpocket_2	571
Q13724_PF16923_94_244_fpocket_4	331
Q13724_PF16923_94_244_fpocket_9	1513
Q13733_PF13246_428_603_fpocket_1	1550
Q13740_PF08205_137_230_fpocket_3	1262
Q13753_PF00052_250_380_fpocket_1	544
Q13753_PF00052_250_380_fpocket_2	926
Q13753_PF00053_517_570_fpocket_1	641
Q13753_PF00053_517_570_fpocket_2	1686
Q13753_PF00053_84_128_fpocket_2	699
Q13761_PF00853_56_183_fpocket_1	1696
Q13761_PF00853_56_183_fpocket_5	651
Q13769_PF09766_97_452_fpocket_18	805
Q13769_PF09766_97_452_fpocket_2	1677
Q13772_PF12489_38_143_fpocket_8	151
Q13772_PF12489_38_143_fpocket_9	13
Q13794_PF15150_1_54_fpocket_1	228
Q13796_PF00595_28_104_fpocket_5	299
Q13796_PF08687_1318_1610_fpocket_25	1707
Q13797_PF08441_459_618_fpocket_1	867
Q13813_PF00435_150_251_fpocket_7	796
Q13822_PF01033_101_141_fpocket_1	341
Q13822_PF01033_58_96_fpocket_1	906
Q13823_PF08153_43_174_fpocket_1	918
Q13823_PF08153_43_174_fpocket_6	1015
Q13825_PF00378_84_338_fpocket_1	1424
Q13867_PF03051_6_451_fpocket_1	300
Q13868_PF14382_26_63_fpocket_3	498
Q13868_PF15985_169_209_fpocket_1	1679
Q13868_PF21266_75_146_fpocket_1	302
Q13884_PF00595_115_191_fpocket_3	74
Q13884_PF18012_239_295_fpocket_1	149
Q13884_PF23012_438_536_fpocket_5	1072
Q13888_PF04056_64_255_fpocket_1	123
Q13888_PF04056_64_255_fpocket_14	1710
Q13889_PF03850_9_286_fpocket_15	338
Q13895_PF05291_143_429_fpocket_1	1172
Q13901_PF04000_18_96_fpocket_6	459
Q13938_PF13499_182_253_fpocket_4	614
Q13939_PF07707_133_234_fpocket_3	220
Q13948_PF08172_424_640_fpocket_2	14
Q13948_PF25398_3_110_fpocket_2	256
Q13950_PF00853_103_230_fpocket_8	392
Q13951_PF02312_1_166_fpocket_1	1423
Q13952_PF00125_28_105_fpocket_5	887
Q14031_PF01413_1469_1572_fpocket_2	48
Q14061_PF05051_19_63_fpocket_1	1847
Q14106_PF07742_1_113_fpocket_1	1767
Q14106_PF07742_1_113_fpocket_2	1767
Q14108_PF01130_12_456_fpocket_5	881
Q14112_PF06119_74_272_fpocket_1	131
Q14112_PF06119_74_272_fpocket_5	499
Q14112_PF07474_527_712_fpocket_5	108
Q14112_PF07474_527_712_fpocket_8	1229
Q14112_PF12662_784_804_fpocket_1	701
Q14114_PF14670_340_374_fpocket_2	1637
Q14117_PF01979_58_447_fpocket_11	1081
Q14118_PF05345_62_140_fpocket_5	1624
Q14118_PF05345_62_140_fpocket_6	561
Q14118_PF05454_607_895_fpocket_1	900
Q14118_PF18424_182_304_fpocket_1	360
Q14118_PF18424_182_304_fpocket_5	153
Q14123_PF00233_227_454_fpocket_14	66
Q14129_PF07324_2_193_fpocket_3	1285
Q14137_PF08145_144_402_fpocket_13	601
Q14139_PF10408_330_971_fpocket_9	910
Q14145_PF07707_184_284_fpocket_12	823
Q14146_PF10441_1322_1516_fpocket_8	194
Q14146_PF10441_1322_1516_fpocket_9	679
Q14147_PF00271_378_496_fpocket_4	445
Q14147_PF24485_1118_1142_fpocket_1	137
Q14147_PF24485_1118_1142_fpocket_2	136
Q14149_PF07496_409_451_fpocket_1	1062
Q14149_PF17942_249_382_fpocket_12	1477
Q14152_PF01399_416_494_fpocket_2	995
Q14155_PF07653_189_241_fpocket_3	96
Q14159_PF14950_11_369_fpocket_17	1041
Q14159_PF14951_521_905_fpocket_1	1237
Q14159_PF14951_521_905_fpocket_32	698
Q14161_PF08518_266_294_fpocket_1	699
Q14161_PF08518_330_358_fpocket_1	1122
Q14161_PF12205_641_753_fpocket_1	130
Q14161_PF12205_641_753_fpocket_2	646
Q14164_PF18396_308_392_fpocket_2	626
Q14164_PF18396_308_392_fpocket_3	1167
Q14165_PF11721_48_208_fpocket_1	1359
Q14165_PF11721_48_208_fpocket_2	106
Q14166_PF25556_90_263_fpocket_1	320
Q14166_PF25556_90_263_fpocket_3	1320
Q14181_PF04042_342_549_fpocket_1	1126
Q14181_PF08418_6_72_fpocket_3	639
Q14181_PF22062_217_322_fpocket_1	446
Q14181_PF22062_217_322_fpocket_2	134
Q14185_PF16172_73_416_fpocket_6	381
Q14185_PF20422_1388_1468_fpocket_2	657
Q14188_PF08781_215_352_fpocket_9	378
Q14190_PF23171_2_57_fpocket_1	894
Q14190_PF23171_2_57_fpocket_4	1718
Q14191_PF00270_551_711_fpocket_6	1689
Q14191_PF00271_762_859_fpocket_8	198
Q14191_PF00570_1156_1216_fpocket_2	515
Q14191_PF00570_1156_1216_fpocket_3	1755
Q14191_PF01612_59_228_fpocket_5	600
Q14191_PF01612_59_228_fpocket_7	908
Q14191_PF09382_955_1053_fpocket_3	1252
Q14191_PF09382_955_1053_fpocket_4	148
Q14191_PF14493_1258_1352_fpocket_2	156
Q14191_PF14493_1258_1352_fpocket_3	1236
Q14194_PF01979_64_453_fpocket_2	938
Q14195_PF01979_64_453_fpocket_13	701
Q14197_PF00472_69_201_fpocket_1	540
Q14201_PF07742_1_113_fpocket_1	1355
Q14202_PF06467_587_623_fpocket_1	498
Q14202_PF06467_714_751_fpocket_2	1045
Q14202_PF12012_1185_1353_fpocket_2	0
Q14203_PF01302_29_93_fpocket_1	154
Q14203_PF12455_527_805_fpocket_1	1250
Q14203_PF12455_527_805_fpocket_20	121
Q14204_PF03028_4037_4144_fpocket_5	879
Q14204_PF08385_242_832_fpocket_4	351
Q14204_PF08385_242_832_fpocket_51	443
Q14204_PF08393_1322_1719_fpocket_3	1203
Q14204_PF12775_2561_2737_fpocket_2	16
Q14204_PF12777_3201_3532_fpocket_3	894
Q14204_PF12777_3201_3532_fpocket_6	480
Q14204_PF17852_2424_2549_fpocket_12	821
Q14204_PF18198_4177_4327_fpocket_8	342
Q14204_PF22597_2751_2843_fpocket_1	1073
Q14204_PF22597_2751_2843_fpocket_3	247
Q14206_PF04847_21_190_fpocket_3	62
Q14206_PF04847_21_190_fpocket_9	1041
Q14209_PF16421_211_304_fpocket_7	44
Q14210_PF00021_20_94_fpocket_3	1345
Q14232_PF01008_16_293_fpocket_8	573
Q14241_PF06881_566_663_fpocket_4	739
Q14241_PF06881_566_663_fpocket_5	1071
Q14241_PF08711_28_76_fpocket_1	680
Q14241_PF08711_28_76_fpocket_3	1805
Q14249_PF01223_61_281_fpocket_9	753
Q14254_PF01145_6_187_fpocket_6	1021
Q14258_PF00622_512_623_fpocket_4	1224
Q14289_PF03623_870_1000_fpocket_6	306
Q14289_PF18038_39_137_fpocket_3	787
Q14289_PF21477_267_361_fpocket_1	1047
Q14296_PF08368_355_444_fpocket_5	761
Q14296_PF08373_483_536_fpocket_1	199
Q14296_PF08373_483_536_fpocket_2	659
Q14315_PF00630_1797_1850_fpocket_1	375
Q14315_PF00630_1797_1850_fpocket_2	413
Q14315_PF00630_1958_2030_fpocket_2	165
Q14315_PF00630_2238_2303_fpocket_1	1285
Q14315_PF00630_762_858_fpocket_4	1137
Q14324_PF00041_640_728_fpocket_1	1354
Q14331_PF06229_68_256_fpocket_19	1184
Q14376_PF16363_6_332_fpocket_2	1336
Q14392_PF01462_21_48_fpocket_4	377
Q14397_PF20741_502_601_fpocket_2	51
Q14397_PF20741_502_601_fpocket_6	6
Q14397_PF22198_307_496_fpocket_12	350
Q14397_PF22198_307_496_fpocket_2	436
Q14397_PF22645_85_195_fpocket_1	202
Q14397_PF22645_85_195_fpocket_5	493
Q14409_PF02782_276_466_fpocket_2	1
Q14410_PF00370_16_266_fpocket_1	989
Q14410_PF00370_16_266_fpocket_13	765
Q14410_PF02782_276_466_fpocket_1	884
Q14410_PF02782_276_466_fpocket_2	1039
Q14416_PF07562_496_546_fpocket_1	197
Q14442_PF10181_89_158_fpocket_1	1797
Q14442_PF10181_89_158_fpocket_2	197
Q14444_PF18293_132_247_fpocket_1	264
Q14444_PF18293_132_247_fpocket_6	1610
Q14449_PF21989_106_191_fpocket_6	346
Q14451_PF21989_100_185_fpocket_5	317
Q14457_PF04111_264_445_fpocket_3	161
Q14493_PF15247_130_199_fpocket_1	808
Q14493_PF15247_130_199_fpocket_4	1697
Q14511_PF08824_404_559_fpocket_1	1055
Q14512_PF06473_8_231_fpocket_1	209
Q14512_PF06473_8_231_fpocket_13	77
Q14515_PF09289_433_454_fpocket_1	603
Q14515_PF10591_513_650_fpocket_6	909
Q14527_PF08797_61_153_fpocket_2	267
Q14527_PF08797_61_153_fpocket_6	1646
Q14534_PF08491_277_548_fpocket_1	1079
Q14534_PF08491_277_548_fpocket_13	176
Q14541_PF00104_125_312_fpocket_10	61
Q14542_PF01733_131_454_fpocket_18	283
Q14542_PF01733_131_454_fpocket_22	1693
Q14558_PF13793_16_126_fpocket_8	801
Q14558_PF14572_167_350_fpocket_5	87
Q14562_PF21010_986_1045_fpocket_2	45
Q14565_PF08423_94_338_fpocket_1	90
Q14565_PF08423_94_338_fpocket_2	168
Q14565_PF14520_25_79_fpocket_1	213
Q14565_PF14520_25_79_fpocket_3	397
Q14566_PF00493_334_556_fpocket_10	460
Q14566_PF14551_27_115_fpocket_6	240
Q14566_PF14551_27_115_fpocket_9	133
Q14566_PF17855_571_656_fpocket_9	245
Q14566_PF18263_713_817_fpocket_6	549
Q14571_PF00520_2265_2551_fpocket_1	247
Q14571_PF08709_5_227_fpocket_2	925
Q14573_PF08709_3_229_fpocket_10	800
Q14573_PF08709_3_229_fpocket_5	16
Q14574_PF08758_35_112_fpocket_5	547
Q14576_PF00076_286_355_fpocket_2	1183
Q14593_PF01352_36_77_fpocket_1	1836
Q14596_PF16158_379_478_fpocket_1	633
Q14596_PF24932_919_954_fpocket_1	596
Q14623_PF01079_191_396_fpocket_1	1217
Q14623_PF01085_28_189_fpocket_2	212
Q14624_PF08487_35_146_fpocket_6	1017
Q14627_PF09240_142_235_fpocket_2	1349
Q14643_PF00520_2363_2608_fpocket_1	1339
Q14643_PF08709_5_229_fpocket_5	59
Q14651_PF00307_518_623_fpocket_1	596
Q14653_PF10401_202_379_fpocket_9	417
Q14656_PF15100_9_245_fpocket_2	1321
Q14656_PF15100_9_245_fpocket_7	1507
Q14657_PF09341_63_135_fpocket_4	445
Q14669_PF00632_1637_1992_fpocket_1	370
Q14674_PF03568_1722_2069_fpocket_19	124
Q14674_PF03568_1722_2069_fpocket_20	192
Q14676_PF00498_55_123_fpocket_2	1159
Q14676_PF16589_1995_2075_fpocket_1	363
Q14676_PF16589_1995_2075_fpocket_2	143
Q14676_PF16770_1883_1968_fpocket_1	662
Q14676_PF16770_1883_1968_fpocket_4	663
Q14680_PF02149_608_651_fpocket_1	1047
Q14680_PF21594_282_324_fpocket_1	397
Q14681_PF02214_74_163_fpocket_6	342
Q14683_PF02463_3_1208_fpocket_87	1396
Q14684_PF05997_9_251_fpocket_2	314
Q14684_PF05997_9_251_fpocket_4	838
Q14686_PF13820_47_190_fpocket_3	371
Q14686_PF13820_47_190_fpocket_4	1262
Q14687_PF12540_732_873_fpocket_1	233
Q14689_PF23024_1460_1562_fpocket_1	329
Q14689_PF23024_1460_1562_fpocket_3	1190
Q14690_PF00575_1035_1096_fpocket_1	786
Q14690_PF00575_451_521_fpocket_2	847
Q14690_PF23459_1146_1221_fpocket_1	922
Q14690_PF23459_1227_1297_fpocket_3	588
Q14690_PF23459_1227_1297_fpocket_4	587
Q14690_PF23459_278_345_fpocket_1	1416
Q14690_PF23459_727_797_fpocket_1	800
Q14690_PF23459_843_910_fpocket_3	1487
Q14690_PF23459_922_994_fpocket_5	671
Q14691_PF05916_42_128_fpocket_7	1503
Q14691_PF05916_42_128_fpocket_8	161
Q14691_PF24997_144_195_fpocket_1	1277
Q14691_PF24997_144_195_fpocket_3	647
Q14692_PF04950_817_1105_fpocket_12	841
Q14692_PF04950_817_1105_fpocket_8	1557
Q14692_PF08142_243_316_fpocket_1	838
Q14693_PF04571_1_107_fpocket_9	646
Q14693_PF08235_626_851_fpocket_9	79
Q14697_PF01055_387_714_fpocket_2	59
Q14697_PF13802_89_324_fpocket_7	1383
Q14697_PF21365_722_810_fpocket_1	96
Q14697_PF21365_722_810_fpocket_4	34
Q14703_PF00082_209_464_fpocket_1	467
Q14703_PF23001_51_130_fpocket_3	427
Q14703_PF23001_51_130_fpocket_5	1031
Q14703_PF23090_617_880_fpocket_2	1350
Q14703_PF23094_485_616_fpocket_1	1554
Q14703_PF23094_485_616_fpocket_3	1776
Q14714_PF04103_55_210_fpocket_5	41
Q14714_PF04103_55_210_fpocket_7	708
Q14721_PF00520_189_423_fpocket_12	1028
Q14722_PF00248_104_407_fpocket_13	914
Q14739_PF01222_200_615_fpocket_30	1796
Q14739_PF09465_1_55_fpocket_1	114
Q14739_PF09465_1_55_fpocket_3	1095
Q14764_PF01505_113_154_fpocket_4	594
Q14764_PF01505_220_262_fpocket_1	497
Q14764_PF01505_220_262_fpocket_2	420
Q14764_PF11978_519_647_fpocket_7	921
Q14764_PF17794_273_320_fpocket_1	845
Q14764_PF17794_50_109_fpocket_1	644
Q14764_PF17794_50_109_fpocket_3	134
Q14764_PF17795_457_518_fpocket_2	188
Q14764_PF17795_457_518_fpocket_3	567
Q14764_PF17796_379_437_fpocket_2	603
Q14764_PF17796_379_437_fpocket_3	16
Q14765_PF01017_144_308_fpocket_7	480
Q14765_PF01017_144_308_fpocket_9	1663
Q14766_PF00683_688_729_fpocket_1	835
Q14766_PF00683_688_729_fpocket_2	93
Q14766_PF07645_1120_1159_fpocket_1	972
Q14767_PF00683_681_724_fpocket_3	93
Q14773_PF03921_48_135_fpocket_6	914
Q14781_PF00385_13_61_fpocket_4	721
Q14790_PF01335_3_84_fpocket_2	656
Q14790_PF01335_3_84_fpocket_3	303
Q147U7_PF15080_19_214_fpocket_3	1718
Q147U7_PF15080_19_214_fpocket_7	580
Q14807_PF00225_49_368_fpocket_15	1314
Q14807_PF12836_596_646_fpocket_2	1673
Q14831_PF00003_584_844_fpocket_5	33
Q14831_PF07562_518_569_fpocket_3	469
Q14832_PF00003_571_822_fpocket_12	1344
Q14832_PF00003_571_822_fpocket_14	1718
Q14832_PF07562_504_555_fpocket_3	1123
Q14833_PF07562_516_566_fpocket_3	687
Q14839_PF06461_1383_1520_fpocket_2	1127
Q14839_PF08073_164_217_fpocket_1	169
Q14839_PF08074_1726_1871_fpocket_1	20
Q14847_PF00412_5_59_fpocket_1	12
Q14849_PF01852_240_443_fpocket_14	767
Q14849_PF10457_47_213_fpocket_2	29
Q14849_PF10457_47_213_fpocket_9	452
Q14894_PF02423_4_313_fpocket_11	1326
Q14894_PF02423_4_313_fpocket_12	1399
Q14896_PF07679_548_616_fpocket_5	815
Q14914_PF00107_153_284_fpocket_8	492
Q14914_PF16884_5_105_fpocket_1	1111
Q14914_PF16884_5_105_fpocket_7	1346
Q14919_PF00808_10_74_fpocket_2	589
Q14934_PF00554_419_578_fpocket_5	946
Q14934_PF16179_588_685_fpocket_3	497
Q14934_PF16179_588_685_fpocket_6	1352
Q14938_PF03165_69_169_fpocket_6	974
Q14938_PF10524_8_46_fpocket_2	1546
Q14956_PF18911_276_317_fpocket_1	175
Q14956_PF18911_276_317_fpocket_2	541
Q14956_PF20433_415_465_fpocket_1	144
Q14956_PF20433_415_465_fpocket_2	571
Q14956_PF26141_52_233_fpocket_2	1048
Q14956_PF26141_52_233_fpocket_3	1070
Q14957_PF01094_102_254_fpocket_1	590
Q14957_PF10613_454_537_fpocket_7	776
Q14978_PF05022_624_696_fpocket_1	16
Q14978_PF05022_624_696_fpocket_2	1771
Q14997_PF11919_1757_1843_fpocket_1	1620
Q14999_PF11515_360_433_fpocket_1	511
Q14999_PF26557_1393_1509_fpocket_10	618
Q149M9_PF25469_567_673_fpocket_4	57
Q14C86_PF02204_1374_1475_fpocket_3	121
Q14C86_PF02204_1374_1475_fpocket_5	1427
Q14C86_PF18151_1263_1326_fpocket_1	1550
Q14C86_PF18151_1263_1326_fpocket_3	201
Q14C87_PF15705_49_111_fpocket_3	758
Q14C87_PF16070_427_524_fpocket_5	221
Q14C87_PF23039_281_425_fpocket_3	233
Q14C87_PF23481_128_266_fpocket_5	402
Q14C87_PF23486_527_663_fpocket_9	97
Q14CB8_PF00620_125_279_fpocket_3	94
Q14CM0_PF21477_436_519_fpocket_2	1631
Q14CS0_PF00789_255_329_fpocket_3	690
Q14CW9_PF08209_80_112_fpocket_1	513
Q14CW9_PF08313_207_237_fpocket_3	806
Q14CX5_PF13347_23_201_fpocket_1	624
Q14CX5_PF13347_23_201_fpocket_3	457
Q14CZ0_PF15251_25_273_fpocket_1	837
Q14CZ7_PF08368_490_580_fpocket_3	1372
Q14CZ7_PF08373_594_650_fpocket_1	240
Q14CZ7_PF08373_594_650_fpocket_4	97
Q14DG7_PF15706_873_952_fpocket_1	121
Q14DG7_PF16070_420_517_fpocket_3	1148
Q14DG7_PF16070_420_517_fpocket_5	1285
Q14DG7_PF23039_273_417_fpocket_6	191
Q15005_PF06703_55_216_fpocket_12	275
Q15007_PF17098_68_222_fpocket_4	607
Q15008_PF01399_278_357_fpocket_4	85
Q15012_PF03821_162_231_fpocket_2	717
Q15013_PF06581_10_274_fpocket_17	98
Q15014_PF05712_101_277_fpocket_11	578
Q15014_PF05712_101_277_fpocket_8	1223
Q15018_PF21125_4_167_fpocket_4	603
Q15019_PF00735_34_312_fpocket_11	1803
Q15022_PF09733_553_672_fpocket_1	692
Q15022_PF09733_553_672_fpocket_2	274
Q15022_PF23320_427_494_fpocket_6	981
Q15022_PF23320_427_494_fpocket_7	1457
Q15024_PF01138_32_166_fpocket_9	1442
Q15024_PF03725_196_261_fpocket_4	505
Q15027_PF16746_5_238_fpocket_13	1150
Q15029_PF14492_586_648_fpocket_1	1258
Q15029_PF14492_586_648_fpocket_3	1744
Q15029_PF16004_4_110_fpocket_5	1231
Q15031_PF00133_444_600_fpocket_8	812
Q15031_PF00133_638_678_fpocket_1	1513
Q15031_PF00133_638_678_fpocket_2	182
Q15031_PF08264_727_852_fpocket_2	508
Q15031_PF13603_271_330_fpocket_1	82
Q15031_PF13603_271_330_fpocket_2	954
Q15032_PF12752_251_301_fpocket_2	130
Q15036_PF18116_270_384_fpocket_2	182
Q15036_PF21273_117_206_fpocket_7	151
Q15041_PF24456_26_182_fpocket_11	368
Q15041_PF24456_26_182_fpocket_4	600
Q15042_PF13890_615_768_fpocket_11	162
Q15042_PF13890_615_768_fpocket_9	734
Q15042_PF19533_780_981_fpocket_10	153
Q15042_PF19533_780_981_fpocket_2	1706
Q15043_PF02535_152_482_fpocket_3	400
Q15046_PF00152_222_573_fpocket_11	879
Q15047_PF00856_1189_1266_fpocket_6	391
Q15047_PF01429_595_668_fpocket_1	1617
Q15047_PF18300_193_250_fpocket_1	772
Q15047_PF18358_348_397_fpocket_1	181
Q15047_PF18359_258_308_fpocket_1	940
Q15047_PF18359_258_308_fpocket_2	0
Q15050_PF04939_32_193_fpocket_2	442
Q15050_PF04939_32_193_fpocket_9	1698
Q15054_PF09507_19_466_fpocket_14	728
Q15056_PF00076_45_112_fpocket_1	844
Q15057_PF00169_268_360_fpocket_8	300
Q15057_PF01412_401_515_fpocket_4	234
Q15058_PF23313_1262_1401_fpocket_5	1097
Q15059_PF00439_46_127_fpocket_3	232
Q15059_PF17035_571_635_fpocket_3	493
Q15061_PF04003_473_575_fpocket_2	982
Q15061_PF04003_473_575_fpocket_4	565
Q15063_PF02469_110_231_fpocket_1	1084
Q15063_PF02469_246_367_fpocket_1	338
Q15063_PF02469_508_630_fpocket_2	1319
Q15067_PF01756_480_653_fpocket_13	1387
Q15067_PF01756_480_653_fpocket_7	1021
Q15067_PF02770_136_244_fpocket_3	205
Q15067_PF22924_275_436_fpocket_17	646
Q15070_PF02096_140_330_fpocket_14	3
Q15070_PF02096_140_330_fpocket_19	106
Q15075_PF01363_1348_1410_fpocket_1	1294
Q15077_PF00001_44_300_fpocket_7	1586
Q15078_PF03261_136_293_fpocket_1	1662
Q15084_PF00085_27_126_fpocket_1	1175
Q15084_PF24541_275_393_fpocket_1	247
Q15084_PF24541_275_393_fpocket_8	374
Q15102_PF13472_43_201_fpocket_4	708
Q15111_PF09279_310_391_fpocket_2	1786
Q15118_PF02518_270_390_fpocket_7	1295
Q15119_PF10436_30_192_fpocket_2	835
Q15120_PF10436_26_188_fpocket_8	197
Q15124_PF02878_23_162_fpocket_5	602
Q15124_PF02879_200_305_fpocket_2	415
Q15124_PF02880_313_425_fpocket_4	1264
Q15124_PF24947_427_564_fpocket_5	548
Q15125_PF05241_96_206_fpocket_1	1278
Q15125_PF05241_96_206_fpocket_5	1278
Q15126_PF04275_14_123_fpocket_2	696
Q15126_PF04275_14_123_fpocket_4	86
Q15139_PF00130_271_320_fpocket_4	460
Q15139_PF00169_423_497_fpocket_3	1768
Q15147_PF00168_703_795_fpocket_7	135
Q15147_PF08703_917_1172_fpocket_6	791
Q15147_PF17787_12_140_fpocket_3	1104
Q15147_PF22631_147_217_fpocket_5	619
Q15149_PF03501_7_99_fpocket_1	1646
Q15149_PF17902_930_996_fpocket_3	429
Q15149_PF18373_1031_1108_fpocket_3	710
Q15149_PF21019_862_929_fpocket_3	367
Q15149_PF21020_527_626_fpocket_3	1363
Q15149_PF21020_527_626_fpocket_4	334
Q15149_PF21097_1115_1230_fpocket_1	1799
Q15149_PF21097_1115_1230_fpocket_7	285
Q15154_PF15717_1372_1998_fpocket_29	1471
Q15155_PF17802_874_955_fpocket_3	805
Q15155_PF22902_799_873_fpocket_3	590
Q15155_PF22904_126_215_fpocket_2	969
Q15155_PF23141_592_664_fpocket_2	1096
Q15155_PF23192_1054_1147_fpocket_1	1784
Q15155_PF23192_1054_1147_fpocket_2	893
Q15155_PF23193_226_325_fpocket_3	561
Q15181_PF00719_46_228_fpocket_1	132
Q15181_PF00719_46_228_fpocket_5	609
Q15195_PF00024_25_96_fpocket_4	143
Q15198_PF21339_182_260_fpocket_1	1361
Q15256_PF26155_113_211_fpocket_1	1504
Q15257_PF03095_26_351_fpocket_1	1142
Q15269_PF04003_770_874_fpocket_2	446
Q15269_PF04003_770_874_fpocket_5	574
Q15274_PF01729_114_284_fpocket_1	1590
Q15274_PF01729_114_284_fpocket_4	1344
Q15274_PF02749_41_112_fpocket_1	326
Q15274_PF02749_41_112_fpocket_2	125
Q15283_PF00168_39_140_fpocket_1	1363
Q15303_PF00757_186_335_fpocket_3	69
Q15303_PF14843_502_633_fpocket_1	1856
Q15306_PF00605_23_128_fpocket_4	862
Q15306_PF00605_23_128_fpocket_7	6
Q15306_PF10401_249_418_fpocket_8	1467
Q15311_PF00620_210_351_fpocket_9	422
Q15311_PF20924_398_445_fpocket_1	199
Q15311_PF20924_398_445_fpocket_2	284
Q15319_PF00157_184_256_fpocket_1	850
Q15326_PF21524_19_67_fpocket_1	1312
Q15326_PF24324_563_598_fpocket_1	1484
Q15326_PF24324_563_598_fpocket_2	1842
Q15329_PF16421_133_230_fpocket_2	488
Q15363_PF01105_23_196_fpocket_15	1606
Q15366_PF00013_99_162_fpocket_1	1078
Q15375_PF01404_34_205_fpocket_6	739
Q15375_PF07647_920_985_fpocket_1	563
Q15375_PF07647_920_985_fpocket_2	802
Q15386_PF00632_779_1083_fpocket_13	1003
Q15388_PF02064_10_123_fpocket_5	1372
Q15389_PF25443_162_264_fpocket_1	924
Q15389_PF25443_162_264_fpocket_4	563
Q15392_PF01565_111_203_fpocket_4	951
Q15398_PF03359_427_599_fpocket_6	790
Q15406_PF00104_287_453_fpocket_12	447
Q15413_PF00622_1328_1459_fpocket_3	570
Q15413_PF02026_2598_2688_fpocket_1	1806
Q15413_PF02026_849_938_fpocket_1	802
Q15413_PF02026_963_1052_fpocket_4	1708
Q15413_PF06459_4234_4504_fpocket_1	772
Q15413_PF06459_4234_4504_fpocket_6	671
Q15413_PF08709_11_210_fpocket_7	1190
Q15424_PF02037_31_66_fpocket_2	488
Q15427_PF00076_102_172_fpocket_1	1354
Q15428_PF16835_112_206_fpocket_7	378
Q15428_PF16835_112_206_fpocket_9	391
Q15436_PF04810_58_98_fpocket_4	373
Q15436_PF04811_126_390_fpocket_16	1101
Q15436_PF04815_518_616_fpocket_3	60
Q15436_PF08033_401_504_fpocket_7	808
Q15437_PF00626_634_720_fpocket_7	786
Q15437_PF04810_58_98_fpocket_2	814
Q15437_PF04815_520_618_fpocket_1	306
Q15437_PF04815_520_618_fpocket_2	419
Q15459_PF00240_722_788_fpocket_2	141
Q15459_PF01805_50_101_fpocket_1	573
Q15459_PF12230_233_472_fpocket_9	1065
Q15468_PF15253_33_375_fpocket_1	73
Q15468_PF15253_33_375_fpocket_2	3
Q15477_PF08148_1072_1240_fpocket_2	1147
Q15477_PF08148_1072_1240_fpocket_7	1682
Q15477_PF17911_79_200_fpocket_3	1723
Q15477_PF21408_763_829_fpocket_1	1279
Q15477_PF21408_763_829_fpocket_3	9
Q15485_PF00147_102_312_fpocket_3	557
Q15485_PF00147_102_312_fpocket_5	676
Q15506_PF02197_14_51_fpocket_1	136
Q15526_PF02104_68_283_fpocket_1	979
Q15527_PF05477_6_245_fpocket_1	446
Q15527_PF05477_6_245_fpocket_6	1520
Q15528_PF06179_20_124_fpocket_1	36
Q15528_PF06179_20_124_fpocket_2	606
Q15532_PF05030_14_73_fpocket_1	917
Q15542_PF04494_209_337_fpocket_13	935
Q15543_PF02269_31_119_fpocket_1	1045
Q15543_PF02269_31_119_fpocket_4	1566
Q15545_PF04658_12_176_fpocket_1	1233
Q15545_PF04658_12_176_fpocket_2	1585
Q15546_PF03006_29_220_fpocket_1	100
Q15554_PF00249_489_536_fpocket_1	1534
Q15555_PF03271_261_299_fpocket_1	876
Q15560_PF01096_259_297_fpocket_1	1146
Q15561_PF17725_222_431_fpocket_4	1433
Q15572_PF20642_555_764_fpocket_20	1328
Q15582_PF02469_124_236_fpocket_4	557
Q15582_PF02469_252_373_fpocket_2	1091
Q15583_PF05920_182_221_fpocket_2	925
Q15596_PF14598_268_378_fpocket_1	385
Q155Q3_PF00778_601_676_fpocket_1	190
Q15628_PF09034_51_161_fpocket_4	584
Q15628_PF09034_51_161_fpocket_6	583
Q15629_PF03798_118_316_fpocket_3	881
Q15631_PF01997_19_216_fpocket_1	1627
Q15631_PF01997_19_216_fpocket_12	1295
Q15642_PF25610_388_474_fpocket_1	334
Q15642_PF25610_388_474_fpocket_10	781
Q15645_PF23242_323_421_fpocket_2	1329
Q15645_PF23242_323_421_fpocket_3	56
Q15645_PF23563_17_105_fpocket_4	1389
Q15645_PF23563_17_105_fpocket_6	542
Q15646_PF00240_436_505_fpocket_4	347
Q15646_PF10421_168_350_fpocket_8	926
Q15648_PF10744_60_426_fpocket_3	23
Q15648_PF10744_60_426_fpocket_7	316
Q15649_PF04438_9_36_fpocket_1	377
Q15649_PF04438_9_36_fpocket_2	1479
Q15649_PF21373_90_147_fpocket_1	1494
Q15650_PF04266_437_528_fpocket_1	310
Q15650_PF04266_437_528_fpocket_3	951
Q15650_PF06221_169_214_fpocket_1	1606
Q15650_PF23135_12_72_fpocket_1	1284
Q15650_PF23135_12_72_fpocket_3	1246
Q15651_PF01101_2_95_fpocket_1	1215
Q15651_PF01101_2_95_fpocket_5	415
Q15652_PF02373_2383_2481_fpocket_12	370
Q15652_PF02373_2383_2481_fpocket_5	1406
Q15652_PF22987_181_255_fpocket_3	1406
Q15661_PF00089_31_267_fpocket_13	864
Q15691_PF03271_210_248_fpocket_3	1607
Q15700_PF00625_680_856_fpocket_1	390
Q15723_PF00178_210_289_fpocket_5	1731
Q15735_PF17751_741_839_fpocket_1	1628
Q15735_PF17751_741_839_fpocket_3	961
Q15738_PF01073_42_292_fpocket_14	880
Q15742_PF04904_37_113_fpocket_1	320
Q15742_PF04904_37_113_fpocket_5	1365
Q15742_PF04905_237_364_fpocket_8	571
Q15746_PF07679_514_600_fpocket_2	29
Q15751_PF00622_2074_2187_fpocket_5	169
Q15751_PF00632_4560_4839_fpocket_1	1535
Q15758_PF00375_54_483_fpocket_15	674
Q15760_PF00001_82_330_fpocket_12	1721
Q15762_PF07686_142_240_fpocket_6	1198
Q15771_PF00071_11_168_fpocket_1	88
Q15772_PF07679_1065_1153_fpocket_6	622
Q15788_PF08815_924_973_fpocket_4	209
Q15788_PF08815_924_973_fpocket_6	935
Q15788_PF23172_1_77_fpocket_3	257
Q15796_PF03166_273_443_fpocket_3	271
Q15797_PF03166_269_441_fpocket_1	901
Q15800_PF04116_144_274_fpocket_1	1129
Q15811_PF00018_1008_1052_fpocket_3	421
Q15811_PF00168_1596_1691_fpocket_1	1349
Q15811_PF00621_1242_1421_fpocket_7	327
Q15811_PF16652_1440_1593_fpocket_12	587
Q15811_PF16652_1440_1593_fpocket_7	1396
Q15813_PF01302_10_75_fpocket_2	115
Q15813_PF14560_456_524_fpocket_5	141
Q15814_PF16752_27_135_fpocket_11	620
Q15818_PF00354_232_420_fpocket_1	77
Q15825_PF02932_247_483_fpocket_14	1295
Q15825_PF02932_247_483_fpocket_9	1447
Q15833_PF00995_29_579_fpocket_17	151
Q15833_PF00995_29_579_fpocket_2	240
Q15834_PF10226_8_193_fpocket_8	1857
Q15842_PF01007_37_183_fpocket_8	1131
Q15842_PF17655_191_361_fpocket_17	1194
Q15842_PF17655_191_361_fpocket_18	427
Q15849_PF03253_581_875_fpocket_2	49
Q15849_PF03253_581_875_fpocket_7	239
Q15858_PF00520_744_975_fpocket_1	545
Q15904_PF05827_265_405_fpocket_7	410
Q15904_PF20520_420_458_fpocket_1	1410
Q15906_PF05764_7_216_fpocket_2	32
Q15906_PF05764_7_216_fpocket_5	121
Q15906_PF08265_291_319_fpocket_1	1506
Q15910_PF11616_39_68_fpocket_1	1732
Q15910_PF18118_158_249_fpocket_6	305
Q15910_PF18264_559_590_fpocket_1	380
Q15910_PF18264_559_590_fpocket_3	1521
Q15910_PF21358_257_309_fpocket_1	1790
Q15910_PF21358_257_309_fpocket_4	0
Q16082_PF00011_70_162_fpocket_1	151
Q16134_PF01946_68_116_fpocket_1	1392
Q16134_PF05187_512_615_fpocket_1	306
Q16134_PF05187_512_615_fpocket_4	273
Q16134_PF21162_271_366_fpocket_3	1624
Q16134_PF21162_271_366_fpocket_5	415
Q16186_PF04683_23_121_fpocket_4	1391
Q16186_PF04683_23_121_fpocket_5	97
Q16206_PF23267_410_504_fpocket_3	287
Q16222_PF01704_46_451_fpocket_28	616
Q16254_PF16421_100_196_fpocket_3	687
Q16270_PF00219_32_87_fpocket_1	143
Q16270_PF07648_111_156_fpocket_2	1226
Q16280_PF00027_473_561_fpocket_1	446
Q16280_PF00520_140_381_fpocket_14	1525
Q16281_PF00520_169_409_fpocket_6	929
Q16342_PF04194_238_339_fpocket_1	1415
Q16348_PF00854_602_666_fpocket_2	1021
Q16394_PF09258_480_729_fpocket_21	738
Q16445_PF02932_247_340_fpocket_6	422
Q16478_PF10613_415_527_fpocket_1	312
Q16512_PF02185_39_98_fpocket_3	1292
Q16513_PF00433_937_979_fpocket_1	1693
Q16514_PF03847_59_126_fpocket_2	542
Q16514_PF03847_59_126_fpocket_5	103
Q16515_PF00858_20_453_fpocket_30	1161
Q16526_PF00875_5_158_fpocket_3	402
Q16526_PF03441_288_486_fpocket_3	1727
Q16533_PF09808_7_191_fpocket_14	151
Q16540_PF00276_38_107_fpocket_1	1402
Q16543_PF03234_1_109_fpocket_7	3
Q16543_PF08564_292_355_fpocket_2	425
Q16543_PF08565_167_269_fpocket_3	811
Q16548_PF00452_37_140_fpocket_4	310
Q16549_PF00082_178_451_fpocket_1	303
Q16555_PF01979_64_453_fpocket_1	838
Q16557_PF13927_148_221_fpocket_6	929
Q16558_PF03185_8_190_fpocket_8	1571
Q16563_PF01284_29_231_fpocket_13	121
Q16568_PF06373_48_116_fpocket_1	214
Q16581_PF00001_40_179_fpocket_1	907
Q16585_PF04790_54_302_fpocket_13	1184
Q16586_PF05510_29_122_fpocket_7	255
Q16586_PF20989_133_251_fpocket_2	548
Q16589_PF00134_23_153_fpocket_7	1835
Q16595_PF01491_90_197_fpocket_1	194
Q16595_PF01491_90_197_fpocket_3	173
Q16609_PF00051_28_105_fpocket_2	1018
Q16611_PF00452_78_177_fpocket_7	1062
Q16613_PF00583_49_173_fpocket_14	86
Q16620_PF07679_306_374_fpocket_2	178
Q16623_PF00804_28_180_fpocket_5	99
Q16625_PF07303_420_519_fpocket_7	1835
Q16643_PF00241_10_133_fpocket_2	222
Q16654_PF10436_34_195_fpocket_2	1241
Q16656_PF10491_75_282_fpocket_1	690
Q16658_PF06268_143_256_fpocket_1	99
Q16658_PF06268_143_256_fpocket_2	45
Q16658_PF06268_268_377_fpocket_5	915
Q16658_PF06268_392_493_fpocket_2	1331
Q16661_PF02058_26_111_fpocket_1	679
Q16665_PF08447_254_339_fpocket_5	163
Q16665_PF23171_1_80_fpocket_1	13
Q16665_PF23171_1_80_fpocket_2	196
Q16666_PF02758_10_80_fpocket_2	566
Q16666_PF02758_10_80_fpocket_3	566
Q16667_PF05706_1_168_fpocket_10	1586
Q16667_PF05706_1_168_fpocket_9	65
Q16674_PF07653_48_110_fpocket_1	359
Q16678_PF00067_51_519_fpocket_6	476
Q16696_PF00067_34_490_fpocket_2	1378
Q16696_PF00067_34_490_fpocket_24	1378
Q16706_PF01074_167_497_fpocket_14	998
Q16706_PF09261_502_603_fpocket_4	1543
Q16706_PF21260_683_720_fpocket_1	1031
Q16706_PF21260_683_720_fpocket_2	1454
Q16718_PF04716_13_79_fpocket_1	196
Q16718_PF04716_13_79_fpocket_4	614
Q16719_PF22580_357_454_fpocket_1	1136
Q16719_PF22580_357_454_fpocket_2	220
Q16740_PF00574_68_246_fpocket_1	541
Q16740_PF00574_68_246_fpocket_3	397
Q16760_PF00130_236_288_fpocket_2	1635
Q16762_PF00581_165_280_fpocket_2	466
Q16762_PF00581_165_280_fpocket_4	1218
Q16762_PF00581_44_136_fpocket_1	1577
Q16769_PF04389_122_352_fpocket_12	953
Q16772_PF02798_6_77_fpocket_5	261
Q16773_PF00155_29_409_fpocket_19	993
Q16775_PF16123_222_303_fpocket_3	312
Q16778_PF00125_20_101_fpocket_3	1161
Q16787_PF00053_1266_1314_fpocket_3	792
Q16787_PF00053_684_722_fpocket_2	322
Q16787_PF00055_48_297_fpocket_1	280
Q16787_PF02210_2436_2564_fpocket_3	75
Q16787_PF02210_2627_2742_fpocket_5	771
Q16790_PF00194_148_390_fpocket_1	509
Q16795_PF01370_57_260_fpocket_13	573
Q16798_PF03949_305_557_fpocket_1	1380
Q16798_PF03949_305_557_fpocket_7	969
Q16799_PF02453_591_751_fpocket_7	272
Q16816_PF00069_20_288_fpocket_5	1754
Q16819_PF22486_435_592_fpocket_2	1704
Q16819_PF22486_435_592_fpocket_5	1188
Q16820_PF00629_265_428_fpocket_6	331
Q16820_PF22486_429_585_fpocket_1	1777
Q16820_PF22486_429_585_fpocket_5	168
Q16821_PF03370_123_229_fpocket_4	240
Q16822_PF00821_278_636_fpocket_1	1618
Q16822_PF00821_278_636_fpocket_8	638
Q16825_PF00373_108_221_fpocket_9	305
Q16829_PF00782_252_383_fpocket_8	600
Q16832_PF00754_46_182_fpocket_3	424
Q16832_PF21114_190_366_fpocket_2	1362
Q16836_PF00725_216_313_fpocket_4	1175
Q16836_PF02737_29_214_fpocket_3	1
Q16836_PF02737_29_214_fpocket_4	445
Q16849_PF11548_469_557_fpocket_1	331
Q16849_PF11548_469_557_fpocket_2	1260
Q16849_PF14948_60_159_fpocket_5	1433
Q16850_PF00067_71_498_fpocket_29	1102
Q16851_PF01704_56_473_fpocket_25	398
Q16853_PF01179_316_716_fpocket_10	918
Q16853_PF01179_316_716_fpocket_16	278
Q16853_PF02727_66_152_fpocket_8	1560
Q16864_PF01990_8_108_fpocket_3	522
Q16873_PF01124_9_123_fpocket_1	567
Q16875_PF00300_249_432_fpocket_3	244
Q16877_PF00300_252_434_fpocket_4	667
Q16878_PF05995_1_170_fpocket_1	1285
Q16878_PF05995_1_170_fpocket_4	1225
Q16880_PF00201_30_503_fpocket_6	1237
Q17R31_PF01026_9_265_fpocket_1	372
Q17R31_PF01026_9_265_fpocket_2	1007
Q17RB0_PF16297_3_113_fpocket_4	802
Q17RB0_PF16297_3_113_fpocket_8	159
Q17RB8_PF02190_568_765_fpocket_11	846
Q17RB8_PF13923_478_516_fpocket_1	345
Q17RP2_PF03184_207_372_fpocket_6	245
Q17RP2_PF04218_7_54_fpocket_1	1619
Q17RP2_PF04218_7_54_fpocket_2	904
Q17RR3_PF00151_18_352_fpocket_12	195
Q17RS7_PF00867_125_208_fpocket_8	1345
Q17RS7_PF18704_398_458_fpocket_6	1343
Q17RW2_PF01410_1514_1590_fpocket_2	1629
Q17RW2_PF01410_1514_1590_fpocket_3	1117
Q17RW2_PF01410_1600_1713_fpocket_1	44
Q17RY6_PF00087_42_122_fpocket_7	614
Q18PE1_PF02174_123_196_fpocket_1	929
Q1A5X7_PF15871_37_152_fpocket_1	1471
Q1EHB4_PF00474_41_445_fpocket_10	591
Q1HG43_PF10204_10_286_fpocket_7	68
Q1HG44_PF10204_10_285_fpocket_3	564
Q1KMD3_PF00622_312_416_fpocket_1	1606
Q1L6U9_PF05825_48_115_fpocket_1	1407
Q1MSJ5_PF24578_1007_1060_fpocket_2	1385
Q1RMZ1_PF11968_226_320_fpocket_1	802
Q1RMZ1_PF11968_226_320_fpocket_3	1362
Q1W4C9_PF00050_48_93_fpocket_1	1306
Q1W4C9_PF00050_48_93_fpocket_2	1539
Q1XH10_PF02437_12_96_fpocket_1	748
Q1ZYL8_PF15005_17_157_fpocket_7	212
Q1ZZU3_PF07061_160_234_fpocket_1	23
Q1ZZU3_PF07061_160_234_fpocket_3	928
Q24JP5_PF15705_49_111_fpocket_1	1055
Q24JP5_PF15706_820_903_fpocket_1	108
Q24JP5_PF23039_247_396_fpocket_1	1001
Q24JP5_PF23481_124_203_fpocket_3	1026
Q24JP5_PF23487_635_750_fpocket_4	754
Q27J81_PF02181_556_920_fpocket_1	1176
Q29980_PF00129_25_198_fpocket_9	553
Q2HXU8_PF08391_38_157_fpocket_10	547
Q2I0M5_PF15913_35_135_fpocket_4	439
Q2I0M5_PF15913_35_135_fpocket_9	548
Q2KHR2_PF02257_106_182_fpocket_1	223
Q2KHR2_PF02257_106_182_fpocket_4	1534
Q2KHR2_PF18326_44_100_fpocket_2	508
Q2KHT3_PF09758_51_198_fpocket_2	445
Q2KHT3_PF09758_51_198_fpocket_3	1612
Q2M1Z3_PF00620_35_182_fpocket_2	1825
Q2M296_PF01812_10_207_fpocket_1	567
Q2M296_PF01812_10_207_fpocket_2	621
Q2M2D7_PF00566_106_182_fpocket_2	480
Q2M2H8_PF13802_167_283_fpocket_2	1198
Q2M2H8_PF21365_1584_1671_fpocket_3	1054
Q2M2H8_PF21365_683_769_fpocket_2	40
Q2M385_PF01823_126_341_fpocket_12	999
Q2M389_PF14744_605_948_fpocket_20	504
Q2M389_PF14744_605_948_fpocket_8	1306
Q2M389_PF14745_32_603_fpocket_43	512
Q2M389_PF14745_32_603_fpocket_44	551
Q2M389_PF14746_966_1135_fpocket_17	165
Q2M3M2_PF00474_67_496_fpocket_1	1079
Q2M3R5_PF00892_70_201_fpocket_5	348
Q2M3T9_PF01630_41_373_fpocket_13	164
Q2M3V2_PF25877_14_86_fpocket_1	23
Q2MKA7_PF15913_42_142_fpocket_2	1782
Q2MV58_PF07773_204_368_fpocket_3	147
Q2MV58_PF07773_378_560_fpocket_2	491
Q2NKQ1_PF02759_44_187_fpocket_11	1145
Q2NKQ1_PF12068_255_391_fpocket_4	815
Q2NL67_PF00644_456_526_fpocket_4	1509
Q2NL82_PF04950_488_775_fpocket_12	331
Q2NL82_PF04950_488_775_fpocket_4	408
Q2NL82_PF08142_240_308_fpocket_3	525
Q2NL82_PF08142_240_308_fpocket_6	875
Q2NL82_PF22298_85_237_fpocket_1	1796
Q2NL82_PF22298_85_237_fpocket_7	44
Q2PPJ7_PF20412_535_657_fpocket_10	484
Q2Q1W2_PF00630_484_577_fpocket_1	463
Q2Q1W2_PF00643_276_312_fpocket_1	582
Q2QD12_PF00834_6_200_fpocket_1	590
Q2QD12_PF00834_6_200_fpocket_9	1807
Q2QL34_PF04117_106_165_fpocket_4	105
Q2TAA2_PF00657_18_211_fpocket_5	1242
Q2TAA5_PF00534_301_468_fpocket_2	530
Q2TAA5_PF15924_63_269_fpocket_10	458
Q2TAA5_PF15924_63_269_fpocket_3	1243
Q2TAA8_PF15739_52_161_fpocket_3	1705
Q2TAA8_PF15739_52_161_fpocket_4	325
Q2TAK8_PF20884_409_488_fpocket_1	524
Q2TAL6_PF23331_278_320_fpocket_3	389
Q2TAL6_PF23333_153_192_fpocket_1	351
Q2TAL6_PF23333_153_192_fpocket_3	769
Q2TAL8_PF12012_600_758_fpocket_1	1582
Q2TAL8_PF12012_600_758_fpocket_2	48
Q2TAL8_PF25561_473_587_fpocket_2	1810
Q2TAL8_PF25561_473_587_fpocket_3	1201
Q2TAY7_PF17814_6_36_fpocket_1	284
Q2TB10_PF16622_355_383_fpocket_1	427
Q2TB10_PF25445_71_92_fpocket_2	1516
Q2TB90_PF00349_22_219_fpocket_5	1581
Q2TB90_PF03727_226_459_fpocket_7	1242
Q2TB90_PF03727_672_906_fpocket_3	1451
Q2TBA0_PF00651_23_127_fpocket_4	770
Q2TBC4_PF06297_29_71_fpocket_2	142
Q2TBE0_PF04677_664_786_fpocket_6	103
Q2TBF2_PF01822_130_209_fpocket_4	101
Q2TBF2_PF01822_233_313_fpocket_3	561
Q2TV78_PF00024_31_107_fpocket_5	481
Q2UY09_PF00092_48_225_fpocket_2	189
Q2VIQ3_PF25764_501_678_fpocket_1	567
Q2VIR3_PF03144_276_358_fpocket_3	1023
Q2VIR3_PF09173_369_459_fpocket_4	356
Q2VPB7_PF21589_690_759_fpocket_2	1089
Q2VPB7_PF21589_690_759_fpocket_4	537
Q2VPB7_PF21590_781_873_fpocket_1	17
Q2VPB7_PF21590_781_873_fpocket_2	645
Q2WEN9_PF13895_242_300_fpocket_1	1400
Q2WGJ8_PF15158_47_209_fpocket_1	310
Q2WGJ8_PF15158_47_209_fpocket_12	1021
Q2WGJ9_PF00168_1358_1448_fpocket_1	994
Q2WGJ9_PF08150_712_784_fpocket_1	429
Q2WGJ9_PF16165_1762_1853_fpocket_7	271
Q2Y0W8_PF00955_450_1009_fpocket_37	1730
Q2Y0W8_PF07565_114_403_fpocket_1	551
Q2Y0W8_PF07565_114_403_fpocket_24	1016
Q2YD98_PF09740_498_602_fpocket_4	1852
Q30154_PF00969_43_115_fpocket_1	558
Q30154_PF00969_43_115_fpocket_2	44
Q30154_PF07654_128_208_fpocket_2	1218
Q30KP8_PF17333_25_75_fpocket_1	528
Q30KP8_PF17333_25_75_fpocket_2	1164
Q30KQ1_PF13841_30_59_fpocket_2	673
Q30KQ8_PF13841_53_83_fpocket_1	387
Q32M45_PF04547_339_920_fpocket_1	1707
Q32M45_PF04547_339_920_fpocket_9	409
Q32M84_PF21059_380_484_fpocket_1	835
Q32M84_PF21059_380_484_fpocket_7	610
Q32M84_PF23998_81_202_fpocket_10	854
Q32MH5_PF13889_1018_1075_fpocket_5	315
Q32MH5_PF13915_878_935_fpocket_3	844
Q32MZ4_PF09738_23_316_fpocket_15	363
Q32P51_PF00076_16_81_fpocket_1	1234
Q32ZL2_PF01569_124_274_fpocket_6	817
Q330K2_PF00494_65_311_fpocket_13	979
Q330K2_PF00494_65_311_fpocket_6	979
Q33E94_PF02257_60_135_fpocket_3	1656
Q38SD2_PF16095_844_995_fpocket_3	1354
Q38SD2_PF16095_844_995_fpocket_8	91
Q3B726_PF03876_55_110_fpocket_2	299
Q3B726_PF17875_125_286_fpocket_4	138
Q3B7J2_PF01408_7_109_fpocket_2	613
Q3B7J2_PF01408_7_109_fpocket_3	460
Q3B7J2_PF22725_130_260_fpocket_5	88
Q3B7J2_PF22725_130_260_fpocket_8	915
Q3B820_PF10595_235_576_fpocket_12	1839
Q3B8N2_PF00337_16_147_fpocket_3	219
Q3B8N2_PF00337_227_355_fpocket_1	1541
Q3B8N2_PF00337_227_355_fpocket_7	58
Q3B8N5_PF05044_439_591_fpocket_1	168
Q3B8N5_PF05044_439_591_fpocket_6	1356
Q3C1V1_PF17669_8_193_fpocket_1	127
Q3I5F7_PF04775_16_140_fpocket_4	142
Q3I5F7_PF04775_16_140_fpocket_6	57
Q3KNS1_PF02460_392_540_fpocket_3	154
Q3KNS1_PF02460_392_540_fpocket_5	1603
Q3KNT7_PF01189_33_155_fpocket_2	922
Q3KNV8_PF13923_17_55_fpocket_2	255
Q3KNW5_PF01758_39_212_fpocket_13	398
Q3KNW5_PF01758_39_212_fpocket_14	665
Q3KP66_PF11819_87_216_fpocket_2	1629
Q3KP66_PF11819_87_216_fpocket_4	1665
Q3KQV9_PF01704_99_439_fpocket_1	1352
Q3KQV9_PF01704_99_439_fpocket_13	1288
Q3KR37_PF02893_96_203_fpocket_4	1109
Q3KRA6_PF10209_8_126_fpocket_8	75
Q3KRA9_PF13532_74_224_fpocket_2	252
Q3L8U1_PF00176_863_1149_fpocket_13	1755
Q3L8U1_PF00385_774_826_fpocket_2	180
Q3L8U1_PF07533_2482_2520_fpocket_1	243
Q3LXA3_PF02733_20_334_fpocket_10	92
Q3LXA3_PF02733_20_334_fpocket_2	98
Q3LXA3_PF02734_398_570_fpocket_11	1220
Q3LXA3_PF02734_398_570_fpocket_7	1114
Q3MHD2_PF09793_81_165_fpocket_1	1012
Q3MHD2_PF21166_7_65_fpocket_1	266
Q3MHD2_PF21166_7_65_fpocket_3	607
Q3MII6_PF00566_232_431_fpocket_1	1203
Q3MII6_PF00566_232_431_fpocket_2	310
Q3MIN7_PF00617_250_453_fpocket_20	595
Q3MIR4_PF03381_53_342_fpocket_3	493
Q3MIT2_PF21237_109_283_fpocket_4	1730
Q3MIT2_PF21237_109_283_fpocket_6	1712
Q3MIT2_PF21238_289_520_fpocket_13	495
Q3MIT2_PF21238_289_520_fpocket_2	1287
Q3MUY2_PF15159_7_70_fpocket_3	1648
Q3MUY2_PF15159_7_70_fpocket_4	414
Q3SXP7_PF13908_30_78_fpocket_1	969
Q3SY69_PF00171_452_919_fpocket_5	1464
Q3SY69_PF00550_347_401_fpocket_2	814
Q3SY69_PF02911_227_328_fpocket_2	1115
Q3SYB3_PF00250_108_192_fpocket_1	1082
Q3SYC2_PF03982_41_333_fpocket_21	1220
Q3SYG4_PF14728_437_527_fpocket_1	545
Q3SYG4_PF14728_437_527_fpocket_2	664
Q3SYG4_PF23337_530_637_fpocket_4	1561
Q3SYG4_PF23338_639_742_fpocket_1	1204
Q3SYG4_PF23338_639_742_fpocket_5	306
Q3SYG4_PF23339_744_819_fpocket_1	1189
Q3SYG4_PF23339_744_819_fpocket_3	756
Q3T8J9_PF21227_2156_2204_fpocket_2	1171
Q3T906_PF06464_700_813_fpocket_3	70
Q3T906_PF11380_322_428_fpocket_1	101
Q3T906_PF17101_73_100_fpocket_2	1730
Q3T906_PF17102_955_1003_fpocket_2	1709
Q3T906_PF17102_955_1003_fpocket_4	296
Q3T906_PF17103_1138_1194_fpocket_1	931
Q3T906_PF17103_1138_1194_fpocket_3	654
Q3T906_PF18440_218_305_fpocket_1	1713
Q3V6T2_PF19047_17_162_fpocket_3	1379
Q3YBR2_PF05964_183_241_fpocket_2	632
Q3YBR2_PF05965_244_323_fpocket_7	1742
Q3ZAQ7_PF09446_26_88_fpocket_4	288
Q3ZCN5_PF00094_483_635_fpocket_4	186
Q3ZCN5_PF08742_677_742_fpocket_1	555
Q3ZCN5_PF25961_85_114_fpocket_1	263
Q3ZCN5_PF25962_1372_1427_fpocket_1	537
Q3ZCT8_PF07707_133_234_fpocket_7	628
Q3ZCU0_PF17906_9_53_fpocket_1	1215
Q3ZCU0_PF17906_9_53_fpocket_2	485
Q3ZCW2_PF00337_39_171_fpocket_4	363
Q3ZCW2_PF00337_39_171_fpocket_6	1258
Q3ZLR7_PF12090_75_217_fpocket_8	600
Q401N2_PF02931_52_197_fpocket_3	1290
Q460N3_PF00644_504_676_fpocket_8	1274
Q460N3_PF01661_111_221_fpocket_1	1066
Q460N5_PF01661_1043_1146_fpocket_5	704
Q460N5_PF22005_1529_1600_fpocket_4	1594
Q460N5_PF23084_314_394_fpocket_2	1424
Q460N5_PF23222_9_88_fpocket_1	1194
Q460N5_PF23245_146_225_fpocket_2	16
Q460N5_PF23249_471_531_fpocket_1	1280
Q460N5_PF23249_471_531_fpocket_2	47
Q460N5_PF23251_534_598_fpocket_1	326
Q460N5_PF23251_534_598_fpocket_2	191
Q460N5_PF23252_600_669_fpocket_2	884
Q460N5_PF23254_1454_1519_fpocket_1	1254
Q494V2_PF13863_151_269_fpocket_6	1548
Q495C1_PF14634_7_46_fpocket_2	700
Q495M3_PF01490_53_462_fpocket_13	1013
Q495M3_PF01490_53_462_fpocket_23	1328
Q495N2_PF01490_42_450_fpocket_24	1153
Q495T6_PF05649_111_511_fpocket_28	1193
Q495W5_PF00852_213_356_fpocket_2	912
Q495Y8_PF11357_194_303_fpocket_7	682
Q496H8_PF15056_42_116_fpocket_3	977
Q496J9_PF00083_186_367_fpocket_5	422
Q496Y0_PF02190_556_747_fpocket_1	409
Q496Y0_PF13923_466_504_fpocket_2	1656
Q49A17_PF00652_454_582_fpocket_1	767
Q49A26_PF03446_269_428_fpocket_2	70
Q49A26_PF03446_269_428_fpocket_5	562
Q49A26_PF14833_431_551_fpocket_1	1145
Q49AH0_PF10208_136_178_fpocket_1	1402
Q49AH0_PF10208_136_178_fpocket_3	221
Q49AH0_PF20145_36_132_fpocket_1	627
Q49AH0_PF20145_36_132_fpocket_2	1262
Q49AJ0_PF05057_1137_1330_fpocket_10	512
Q49AJ0_PF12394_111_172_fpocket_2	18
Q49AM1_PF02536_58_359_fpocket_17	1564
Q49AM1_PF02536_58_359_fpocket_9	1418
Q49AN0_PF00875_24_175_fpocket_1	1102
Q49AN0_PF03441_307_505_fpocket_10	226
Q49AR2_PF12640_19_257_fpocket_23	1184
Q49AS3_PF14914_20_93_fpocket_4	1337
Q49B96_PF06747_30_64_fpocket_1	1821
Q49B96_PF06747_30_64_fpocket_3	1787
Q49MI3_PF00781_252_334_fpocket_8	670
Q49MI3_PF19280_346_555_fpocket_1	927
Q49MI3_PF19280_346_555_fpocket_11	868
Q49MI3_PF25382_49_154_fpocket_1	1503
Q49MI3_PF25382_49_154_fpocket_2	151
Q4AC94_PF25339_26_169_fpocket_8	113
Q4AE62_PF12038_2_167_fpocket_1	322
Q4AE62_PF12038_2_167_fpocket_2	311
Q4G0A6_PF13898_416_752_fpocket_2	1223
Q4G0A6_PF13898_416_752_fpocket_3	66
Q4G0A6_PF26038_6_79_fpocket_1	524
Q4G0A6_PF26038_6_79_fpocket_4	1839
Q4G0F5_PF03643_6_281_fpocket_20	1390
Q4G0J3_PF08777_454_552_fpocket_6	129
Q4G0N4_PF01513_131_212_fpocket_2	371
Q4G0P3_PF15780_514_613_fpocket_10	525
Q4G0P3_PF15780_514_613_fpocket_2	718
Q4G0P3_PF17213_2038_2236_fpocket_13	338
Q4G0P3_PF22544_198_291_fpocket_5	702
Q4G0P3_PF22544_198_291_fpocket_6	771
Q4G0P3_PF22544_4309_4409_fpocket_2	1146
Q4G0P3_PF22544_4309_4409_fpocket_4	1349
Q4G0P3_PF22544_4527_4623_fpocket_1	614
Q4G0X4_PF19329_107_260_fpocket_2	1594
Q4G0Z9_PF26063_6_105_fpocket_1	32
Q4G0Z9_PF26063_6_105_fpocket_5	204
Q4G148_PF01501_175_342_fpocket_2	349
Q4G163_PF00646_508_538_fpocket_2	151
Q4G176_PF13193_488_563_fpocket_3	687
Q4KMG9_PF14979_34_163_fpocket_5	710
Q4KMQ2_PF04547_287_870_fpocket_10	863
Q4KMQ2_PF16178_61_284_fpocket_1	177
Q4KMQ2_PF16178_61_284_fpocket_5	1450
Q4KMZ8_PF05640_1_206_fpocket_3	837
Q4KWH8_PF00388_301_445_fpocket_1	1449
Q4KWH8_PF09279_207_292_fpocket_3	404
Q4KWH8_PF16457_16_127_fpocket_6	456
Q4L235_PF00550_558_610_fpocket_5	495
Q4LDE5_PF00084_1690_1743_fpocket_2	1279
Q4LDE5_PF00084_1690_1743_fpocket_5	1527
Q4LDE5_PF00084_3416_3468_fpocket_1	1104
Q4LDE5_PF00092_84_256_fpocket_8	1215
Q4LDE5_PF02494_560_642_fpocket_4	43
Q4LDE5_PF07699_1005_1052_fpocket_3	327
Q4LDE5_PF07699_310_360_fpocket_1	974
Q4LDE5_PF07699_310_360_fpocket_2	135
Q4LE39_PF01388_308_394_fpocket_7	90
Q4LE39_PF08169_170_262_fpocket_1	567
Q4U2R6_PF10244_39_126_fpocket_2	1228
Q4U2R6_PF10244_39_126_fpocket_9	67
Q4U2R8_PF00083_136_512_fpocket_30	138
Q4V339_PF07683_274_374_fpocket_2	21
Q4V9L6_PF15724_25_277_fpocket_3	287
Q4V9L6_PF15724_25_277_fpocket_8	494
Q4VC05_PF04714_4_51_fpocket_1	1062
Q4VC12_PF20179_243_422_fpocket_7	179
Q4VC12_PF20179_243_422_fpocket_9	561
Q4VC31_PF09774_10_135_fpocket_6	160
Q4VC31_PF09774_10_135_fpocket_9	1460
Q4VC44_PF04500_116_174_fpocket_4	842
Q4VC44_PF04500_421_479_fpocket_3	324
Q4VC44_PF04500_509_567_fpocket_5	23
Q4VC44_PF04500_600_658_fpocket_1	635
Q4VNC0_PF00690_164_213_fpocket_1	134
Q4VNC0_PF12409_17_142_fpocket_5	151
Q4VNC0_PF13246_595_700_fpocket_2	1362
Q4VNC1_PF12409_16_141_fpocket_1	322
Q4VX76_PF00168_322_428_fpocket_9	141
Q4VX76_PF02318_9_123_fpocket_7	1789
Q4VXA5_PF16005_83_167_fpocket_2	229
Q4VXA5_PF16005_83_167_fpocket_5	508
Q4VXU2_PF00658_540_605_fpocket_2	168
Q4W5P6_PF21976_1_63_fpocket_1	49
Q4W5P6_PF21976_1_63_fpocket_3	95
Q4ZG55_PF20267_1787_1949_fpocket_1	124
Q4ZG55_PF20691_1545_1772_fpocket_4	16
Q4ZG55_PF20691_1545_1772_fpocket_6	596
Q4ZG55_PF20692_658_1377_fpocket_3	1081
Q4ZHG4_PF21731_1767_1891_fpocket_4	237
Q4ZHG4_PF21731_1767_1891_fpocket_5	572
Q4ZIN3_PF09746_35_402_fpocket_27	733
Q502W6_PF13768_509_658_fpocket_9	271
Q502W7_PF13863_112_230_fpocket_2	574
Q502W7_PF13863_112_230_fpocket_3	140
Q504Q3_PF00929_975_1147_fpocket_2	689
Q504Q3_PF13423_517_898_fpocket_31	1066
Q504U0_PF15725_5_87_fpocket_1	970
Q504Y0_PF18292_63_222_fpocket_6	688
Q504Y0_PF21116_230_346_fpocket_12	178
Q504Y2_PF12260_211_369_fpocket_5	443
Q504Y2_PF12260_211_369_fpocket_7	1213
Q504Y3_PF00855_99_183_fpocket_3	1046
Q504Y3_PF07496_30_76_fpocket_2	1232
Q52LC2_PF05827_25_128_fpocket_4	1008
Q52LD8_PF15250_1_439_fpocket_11	1214
Q52LJ0_PF10239_35_330_fpocket_18	732
Q52LW3_PF22699_205_471_fpocket_19	1755
Q52M93_PF00096_438_460_fpocket_3	1260
Q53EP0_PF00041_574_663_fpocket_2	1120
Q53EQ6_PF03184_273_357_fpocket_6	824
Q53EQ6_PF04218_58_100_fpocket_1	117
Q53ET0_PF12884_18_72_fpocket_1	581
Q53ET0_PF12884_18_72_fpocket_4	596
Q53EZ4_PF12180_171_204_fpocket_1	1718
Q53EZ4_PF12180_171_204_fpocket_2	157
Q53F19_PF10309_124_176_fpocket_1	916
Q53F19_PF10309_124_176_fpocket_2	1374
Q53F39_PF00149_71_306_fpocket_18	1617
Q53FA7_PF00107_152_277_fpocket_9	503
Q53FA7_PF08240_26_111_fpocket_1	1130
Q53FT3_PF05603_6_128_fpocket_1	838
Q53FT3_PF05603_6_128_fpocket_2	573
Q53FT3_PF21057_136_196_fpocket_1	1853
Q53GD3_PF04515_314_675_fpocket_32	265
Q53GG5_PF00595_8_80_fpocket_5	1846
Q53GL7_PF00644_829_952_fpocket_7	1489
Q53GL7_PF23085_13_82_fpocket_1	1805
Q53GL7_PF23085_13_82_fpocket_4	1415
Q53GL7_PF23085_182_251_fpocket_2	319
Q53GQ0_PF00106_52_242_fpocket_3	251
Q53GS9_PF00443_225_551_fpocket_1	152
Q53H12_PF19712_206_419_fpocket_14	1797
Q53H47_PF01359_501_577_fpocket_2	1342
Q53H47_PF01359_501_577_fpocket_4	298
Q53H47_PF05033_47_131_fpocket_5	331
Q53H47_PF17906_348_397_fpocket_2	67
Q53H54_PF02475_200_341_fpocket_3	53
Q53H54_PF02475_200_341_fpocket_9	53
Q53H54_PF25132_22_98_fpocket_1	907
Q53H54_PF25133_121_196_fpocket_3	555
Q53H54_PF25133_121_196_fpocket_5	1484
Q53H76_PF00151_17_336_fpocket_3	670
Q53H82_PF00753_29_199_fpocket_9	1401
Q53H82_PF17778_237_284_fpocket_1	1635
Q53H96_PF03807_10_104_fpocket_2	1543
Q53H96_PF14748_167_271_fpocket_4	903
Q53HC5_PF00651_55_157_fpocket_1	1389
Q53HC5_PF00651_55_157_fpocket_2	1463
Q53HI1_PF05216_34_254_fpocket_5	1212
Q53HI1_PF05216_34_254_fpocket_9	250
Q53HL2_PF10444_20_75_fpocket_2	1311
Q53HL2_PF10444_20_75_fpocket_3	758
Q53HL2_PF10512_163_274_fpocket_2	618
Q53HL2_PF10512_163_274_fpocket_5	152
Q53HV7_PF03167_76_249_fpocket_2	68
Q53LP3_PF25877_15_89_fpocket_2	103
Q53R41_PF08368_661_743_fpocket_3	532
Q53R41_PF08373_780_837_fpocket_1	998
Q53R41_PF08373_780_837_fpocket_3	1724
Q53RD9_PF00008_140_170_fpocket_1	1377
Q53RD9_PF00084_95_134_fpocket_1	993
Q53RT3_PF13975_199_290_fpocket_6	707
Q53RY4_PF12304_19_203_fpocket_1	1426
Q53S33_PF01722_58_105_fpocket_1	1705
Q53SF7_PF09469_136_227_fpocket_3	1123
Q53T94_PF11781_7_39_fpocket_2	197
Q53T94_PF20644_204_253_fpocket_3	703
Q53T94_PF20644_204_253_fpocket_4	824
Q53T94_PF20645_270_460_fpocket_1	331
Q53T94_PF20645_270_460_fpocket_12	573
Q53TQ3_PF13891_18_78_fpocket_3	1283
Q53TS8_PF15729_100_242_fpocket_2	1854
Q567U6_PF21673_22_128_fpocket_5	372
Q567V2_PF04117_122_183_fpocket_4	125
Q569G3_PF15730_28_176_fpocket_3	1097
Q56A73_PF02513_201_246_fpocket_2	415
Q56A73_PF02513_41_90_fpocket_2	1051
Q56NI9_PF13878_374_413_fpocket_1	1204
Q56NI9_PF13878_374_413_fpocket_2	225
Q56NI9_PF13880_529_597_fpocket_4	720
Q56P03_PF10238_138_283_fpocket_2	700
Q56P42_PF02758_11_85_fpocket_1	667
Q587J7_PF00567_908_999_fpocket_4	44
Q587J8_PF16005_29_114_fpocket_1	1409
Q587J8_PF16005_29_114_fpocket_3	14
Q58A45_PF18101_742_879_fpocket_2	1221
Q58A45_PF18101_742_879_fpocket_5	1279
Q58DX5_PF04389_431_595_fpocket_7	545
Q58EX2_PF07679_497_586_fpocket_1	1349
Q58EX7_PF22697_921_1024_fpocket_6	151
Q58FF7_PF00183_239_346_fpocket_2	960
Q58FF7_PF00183_344_575_fpocket_18	1279
Q58FF7_PF00183_344_575_fpocket_5	640
Q58FF8_PF00183_113_246_fpocket_4	1362
Q58FF8_PF00183_242_381_fpocket_13	1453
Q58FF8_PF00183_242_381_fpocket_4	1855
Q58FG1_PF00183_289_402_fpocket_10	236
Q58FG1_PF00183_96_206_fpocket_3	672
Q58FG1_PF13589_18_99_fpocket_5	561
Q58HT5_PF03982_35_327_fpocket_14	292
Q5BJD5_PF09335_129_248_fpocket_5	80
Q5BJH2_PF20479_47_164_fpocket_16	846
Q5BJH7_PF03878_75_309_fpocket_2	779
Q5BKT4_PF04922_32_427_fpocket_24	118
Q5BKT4_PF04922_32_427_fpocket_35	350
Q5BKX5_PF21646_123_242_fpocket_5	378
Q5BKX5_PF21646_123_242_fpocket_6	146
Q5BKX8_PF15237_27_264_fpocket_1	1383
Q5BLP8_PF15161_35_93_fpocket_1	992
Q5BLP8_PF15161_35_93_fpocket_3	1780
Q5BN46_PF14892_5_106_fpocket_4	1083
Q5D0E6_PF05746_403_542_fpocket_9	217
Q5D1E8_PF11977_135_289_fpocket_3	302
Q5DID0_PF23344_993_1083_fpocket_4	595
Q5DJT8_PF15300_121_183_fpocket_3	316
Q5EBL4_PF09744_26_88_fpocket_1	1671
Q5EBL4_PF09744_26_88_fpocket_6	90
Q5EBL4_PF11461_295_357_fpocket_2	915
Q5EBM0_PF02223_257_436_fpocket_1	650
Q5EBM0_PF02223_257_436_fpocket_8	1681
Q5EE01_PF15510_1_88_fpocket_4	170
Q5EE01_PF15510_1_88_fpocket_6	442
Q5F1R6_PF12171_314_339_fpocket_1	427
Q5F1R6_PF21884_107_218_fpocket_7	942
Q5FVE4_PF00501_57_476_fpocket_9	633
Q5FWF4_PF00176_41_303_fpocket_5	839
Q5FWF4_PF01844_1011_1050_fpocket_1	1759
Q5FWF5_PF13880_763_831_fpocket_5	218
Q5FYA8_PF00884_7_389_fpocket_10	1072
Q5FYA8_PF00884_7_389_fpocket_16	53
Q5FYA8_PF14707_418_551_fpocket_1	843
Q5FYB0_PF00884_76_388_fpocket_1	733
Q5FYB1_PF00884_47_359_fpocket_9	851
Q5GAN4_PF00074_26_135_fpocket_4	295
Q5GAN6_PF00074_111_210_fpocket_2	1335
Q5GFL6_PF00092_51_212_fpocket_3	1471
Q5GH70_PF09815_10_345_fpocket_10	313
Q5GH72_PF09815_58_441_fpocket_15	851
Q5GH76_PF09815_113_515_fpocket_6	303
Q5GJ75_PF05527_110_290_fpocket_4	1097
Q5H8A4_PF19316_649_966_fpocket_15	1337
Q5H8A4_PF19316_649_966_fpocket_4	728
Q5H8C1_PF16184_1651_1728_fpocket_3	372
Q5H8C1_PF16184_1651_1728_fpocket_6	99
Q5H8C1_PF16184_414_514_fpocket_2	1848
Q5H8C1_PF16184_414_514_fpocket_3	278
Q5H8C1_PF19309_27_262_fpocket_21	525
Q5H8C1_PF19309_27_262_fpocket_24	1722
Q5H9I0_PF08781_195_333_fpocket_10	1543
Q5H9I0_PF08781_195_333_fpocket_3	295
Q5H9J9_PF05794_57_486_fpocket_1	267
Q5H9K5_PF12874_57_80_fpocket_1	1062
Q5H9M0_PF20886_542_682_fpocket_1	1842
Q5H9M0_PF20887_5_99_fpocket_5	1591
Q5H9U9_PF00270_747_903_fpocket_1	368
Q5H9U9_PF26076_1342_1424_fpocket_2	511
Q5H9U9_PF26076_1342_1424_fpocket_3	1084
Q5H9U9_PF26167_588_691_fpocket_7	104
Q5HY92_PF00004_522_651_fpocket_8	160
Q5HYA8_PF09773_168_995_fpocket_50	1175
Q5HYA8_PF09773_168_995_fpocket_56	97
Q5HYC2_PF00439_137_183_fpocket_2	1694
Q5HYC2_PF23450_303_444_fpocket_1	1156
Q5HYC2_PF23450_303_444_fpocket_3	1052
Q5HYI7_PF17171_173_236_fpocket_2	1183
Q5HYI8_PF08477_8_115_fpocket_3	936
Q5HYJ1_PF21696_60_136_fpocket_1	330
Q5HYJ1_PF21696_60_136_fpocket_2	193
Q5HYK3_PF01209_62_326_fpocket_1	881
Q5HYK7_PF14604_737_785_fpocket_3	868
Q5HYK9_PF00096_471_493_fpocket_2	1677
Q5HYM0_PF11977_190_345_fpocket_4	95
Q5HYM0_PF18561_795_830_fpocket_1	92
Q5HYN5_PF15300_121_183_fpocket_3	1469
Q5HYR2_PF15791_74_191_fpocket_3	1389
Q5HYW3_PF16297_153_228_fpocket_3	1365
Q5HYW3_PF16297_153_228_fpocket_5	997
Q5I0X4_PF17733_18_62_fpocket_1	606
Q5IJ48_PF12661_1103_1124_fpocket_1	1290
Q5JNZ5_PF01283_1_104_fpocket_2	308
Q5JPE7_PF17802_874_955_fpocket_2	816
Q5JPE7_PF22898_40_124_fpocket_1	472
Q5JPE7_PF22898_40_124_fpocket_2	535
Q5JPE7_PF22902_799_873_fpocket_3	184
Q5JPE7_PF22904_126_215_fpocket_1	953
Q5JPE7_PF22904_126_215_fpocket_3	167
Q5JPE7_PF22904_504_581_fpocket_5	23
Q5JPE7_PF23141_592_664_fpocket_1	75
Q5JPE7_PF23192_1054_1147_fpocket_1	907
Q5JPE7_PF23192_1054_1147_fpocket_2	1535
Q5JPE7_PF23193_226_325_fpocket_1	1184
Q5JPE7_PF23660_746_798_fpocket_1	84
Q5JPH6_PF00749_37_351_fpocket_4	1653
Q5JPH6_PF19269_392_520_fpocket_3	654
Q5JPI3_PF15008_9_277_fpocket_25	448
Q5JPI9_PF13847_81_213_fpocket_7	405
Q5JQC4_PF15623_1_278_fpocket_21	1191
Q5JQC9_PF05716_757_854_fpocket_1	1642
Q5JR12_PF00481_221_308_fpocket_1	1699
Q5JR12_PF00481_370_457_fpocket_6	965
Q5JR98_PF03645_124_215_fpocket_2	864
Q5JRX3_PF00675_96_177_fpocket_4	552
Q5JRX3_PF08367_504_752_fpocket_14	508
Q5JRX3_PF08367_504_752_fpocket_20	141
Q5JRX3_PF22516_856_1001_fpocket_1	412
Q5JRX3_PF22516_856_1001_fpocket_3	141
Q5JS13_PF00617_53_219_fpocket_2	501
Q5JS54_PF16093_26_97_fpocket_3	1440
Q5JS54_PF16093_26_97_fpocket_5	987
Q5JSJ4_PF13519_4_131_fpocket_3	452
Q5JSJ4_PF15300_777_838_fpocket_1	173
Q5JSP0_PF00621_161_339_fpocket_13	547
Q5JSQ8_PF16005_10_95_fpocket_4	1106
Q5JSS6_PF15163_11_86_fpocket_1	562
Q5JSS6_PF15163_11_86_fpocket_3	754
Q5JST6_PF06565_317_360_fpocket_2	1255
Q5JST6_PF06565_317_360_fpocket_5	152
Q5JST6_PF06565_419_530_fpocket_4	692
Q5JST6_PF06565_69_174_fpocket_1	1603
Q5JT82_PF00096_313_337_fpocket_1	1389
Q5JTB6_PF15205_23_96_fpocket_1	945
Q5JTJ3_PF02297_48_103_fpocket_2	195
Q5JTY5_PF02492_43_229_fpocket_13	1591
Q5JU69_PF06309_35_160_fpocket_7	989
Q5JU69_PF21376_266_320_fpocket_1	536
Q5JU69_PF21376_266_320_fpocket_2	1792
Q5JU85_PF01369_754_940_fpocket_14	1596
Q5JU85_PF01369_754_940_fpocket_4	1065
Q5JU85_PF16453_961_1098_fpocket_10	511
Q5JUK3_PF03493_485_579_fpocket_1	444
Q5JUK3_PF03493_485_579_fpocket_3	123
Q5JUK3_PF07885_260_327_fpocket_1	582
Q5JUK3_PF22614_351_470_fpocket_11	653
Q5JUK3_PF22614_780_900_fpocket_1	759
Q5JUK3_PF22614_780_900_fpocket_5	1595
Q5JUR7_PF20408_32_209_fpocket_11	372
Q5JUR7_PF20408_32_209_fpocket_2	106
Q5JV73_PF21477_379_461_fpocket_1	351
Q5JVF3_PF01399_298_388_fpocket_3	876
Q5JVL4_PF06565_232_351_fpocket_1	1391
Q5JVL4_PF06565_410_512_fpocket_1	1511
Q5JVL4_PF06565_87_190_fpocket_2	1373
Q5JVL4_PF06565_87_190_fpocket_5	1252
Q5JVX7_PF15078_1_115_fpocket_2	162
Q5JWF8_PF00022_2_239_fpocket_11	401
Q5JXA9_PF07686_43_149_fpocket_4	629
Q5JXB2_PF00179_7_144_fpocket_7	1333
Q5JXM2_PF13383_163_299_fpocket_4	1617
Q5K4E3_PF00089_326_453_fpocket_6	25
Q5K4L6_PF13193_559_635_fpocket_2	1718
Q5M9Q1_PF06047_295_393_fpocket_1	484
Q5M9Q1_PF06047_295_393_fpocket_4	455
Q5MIZ7_PF22972_5_101_fpocket_3	552
Q5MJ07_PF07458_1_72_fpocket_5	962
Q5MJ08_PF07458_1_89_fpocket_1	904
Q5MJ09_PF07458_1_95_fpocket_5	206
Q5MJ68_PF11357_38_168_fpocket_1	536
Q5MJ70_PF11357_69_199_fpocket_3	1189
Q5MY95_PF01150_37_455_fpocket_19	1490
Q5NDL2_PF04577_339_442_fpocket_6	1702
Q5NDL2_PF04577_339_442_fpocket_8	1009
Q5PRF9_PF00536_300_357_fpocket_4	142
Q5PSV4_PF08598_62_182_fpocket_1	1482
Q5PT55_PF01758_149_325_fpocket_10	1525
Q5PT55_PF24690_33_125_fpocket_3	1056
Q5PT55_PF24690_33_125_fpocket_5	709
Q5QJE6_PF08698_638_731_fpocket_2	870
Q5QJE6_PF08698_638_731_fpocket_5	619
Q5QJU3_PF05875_13_261_fpocket_17	1657
Q5R3F8_PF22986_297_380_fpocket_1	1786
Q5R3K3_PF14798_1_245_fpocket_1	530
Q5RHP9_PF15257_299_411_fpocket_12	123
Q5RHP9_PF15257_299_411_fpocket_9	380
Q5RIA9_PF07683_274_374_fpocket_5	1275
Q5S007_PF25497_1689_1858_fpocket_15	534
Q5S007_PF25497_1689_1858_fpocket_6	137
Q5SNT2_PF09779_46_171_fpocket_8	443
Q5SNT2_PF09779_46_171_fpocket_9	1200
Q5SNT2_PF10476_191_388_fpocket_5	702
Q5SQH8_PF10184_150_274_fpocket_5	525
Q5SQI0_PF05301_9_190_fpocket_1	883
Q5SQS8_PF17658_1_335_fpocket_5	342
Q5SRE5_PF21094_488_525_fpocket_1	285
Q5SRE7_PF05721_12_259_fpocket_1	1491
Q5SRE7_PF05721_12_259_fpocket_13	50
Q5SRI9_PF16317_98_448_fpocket_4	1165
Q5SRI9_PF16317_98_448_fpocket_7	3
Q5SRR4_PF00021_59_142_fpocket_2	542
Q5SSJ5_PF00538_266_328_fpocket_3	322
Q5SSJ5_PF00538_343_411_fpocket_6	230
Q5ST30_PF00133_113_730_fpocket_12	33
Q5ST30_PF00133_113_730_fpocket_9	495
Q5SVQ8_PF00651_82_175_fpocket_2	279
Q5SVZ6_PF05699_1032_1118_fpocket_6	674
Q5SVZ6_PF14291_553_727_fpocket_1	1786
Q5SWH9_PF11911_94_231_fpocket_2	246
Q5SWH9_PF11911_94_231_fpocket_6	609
Q5SWX8_PF14778_28_388_fpocket_34	1796
Q5SXM1_PF13912_237_259_fpocket_1	1305
Q5SXM2_PF13921_297_357_fpocket_1	953
Q5SXM2_PF13921_404_464_fpocket_1	136
Q5SXM8_PF05180_70_135_fpocket_2	337
Q5SXM8_PF05180_70_135_fpocket_5	569
Q5SY16_PF24419_125_247_fpocket_5	1376
Q5SY16_PF25467_544_646_fpocket_3	1374
Q5SY16_PF25467_544_646_fpocket_9	372
Q5SY80_PF22841_8_96_fpocket_2	62
Q5SY80_PF22841_8_96_fpocket_3	474
Q5SY80_PF22843_101_186_fpocket_3	214
Q5SY80_PF22849_587_697_fpocket_1	178
Q5SY80_PF22849_587_697_fpocket_2	1513
Q5SY80_PF22850_724_926_fpocket_2	121
Q5SY80_PF22850_724_926_fpocket_9	1463
Q5SYC1_PF00650_105_251_fpocket_1	635
Q5SZD4_PF06021_1_189_fpocket_2	1431
Q5SZK8_PF03160_1879_1987_fpocket_2	440
Q5SZK8_PF03160_1879_1987_fpocket_4	1184
Q5SZK8_PF03160_2244_2357_fpocket_3	501
Q5SZK8_PF16184_1304_1414_fpocket_1	1753
Q5SZK8_PF16184_1534_1630_fpocket_1	163
Q5SZK8_PF16184_832_932_fpocket_3	338
Q5SZL2_PF24555_606_681_fpocket_1	502
Q5SZL2_PF24555_606_681_fpocket_4	782
Q5T013_PF01261_25_265_fpocket_1	465
Q5T013_PF01261_25_265_fpocket_2	1302
Q5T0L3_PF17734_1_225_fpocket_3	1234
Q5T0N5_PF00611_10_87_fpocket_1	1795
Q5T0N5_PF25610_393_478_fpocket_1	344
Q5T0W9_PF07894_13_281_fpocket_28	18
Q5T124_PF00789_397_470_fpocket_5	550
Q5T124_PF08059_235_306_fpocket_4	617
Q5T160_PF00750_123_449_fpocket_14	69
Q5T160_PF05746_463_578_fpocket_8	1828
Q5T197_PF07782_405_595_fpocket_3	558
Q5T197_PF07782_405_595_fpocket_6	138
Q5T197_PF26037_644_686_fpocket_2	312
Q5T1A1_PF07782_354_544_fpocket_11	222
Q5T1A1_PF26039_165_280_fpocket_2	638
Q5T1B0_PF10211_211_368_fpocket_6	732
Q5T1C6_PF03061_149_221_fpocket_5	1673
Q5T1H1_PF02210_2460_2582_fpocket_2	866
Q5T1Q4_PF06027_57_355_fpocket_8	1397
Q5T215_PF04051_19_166_fpocket_12	490
Q5T215_PF04051_19_166_fpocket_2	420
Q5T230_PF13837_61_131_fpocket_2	539
Q5T280_PF02598_74_364_fpocket_1	1290
Q5T280_PF02598_74_364_fpocket_2	1114
Q5T2D3_PF02338_71_159_fpocket_6	76
Q5T2E6_PF08427_441_668_fpocket_1	984
Q5T2E6_PF08427_441_668_fpocket_16	43
Q5T2L2_PF00248_22_303_fpocket_2	510
Q5T2L2_PF00248_22_303_fpocket_3	286
Q5T2N8_PF12037_31_110_fpocket_3	1586
Q5T2R2_PF00348_120_365_fpocket_14	1676
Q5T3F8_PF02714_433_705_fpocket_22	1062
Q5T3F8_PF13967_120_224_fpocket_3	1427
Q5T3U5_PF00664_887_1196_fpocket_1	1381
Q5T440_PF25455_276_352_fpocket_1	520
Q5T440_PF25455_276_352_fpocket_2	1039
Q5T447_PF03256_247_385_fpocket_3	507
Q5T4F7_PF01392_58_157_fpocket_5	338
Q5T4F7_PF01759_196_290_fpocket_1	97
Q5T4S7_PF02207_1662_1720_fpocket_1	570
Q5T4S7_PF02207_1662_1720_fpocket_2	460
Q5T4S7_PF13764_4367_5163_fpocket_15	123
Q5T4S7_PF24079_3711_3835_fpocket_2	683
Q5T4S7_PF24079_3711_3835_fpocket_7	1146
Q5T4T1_PF10190_28_132_fpocket_1	1191
Q5T4T1_PF10190_28_132_fpocket_3	305
Q5T4T6_PF18584_292_403_fpocket_3	293
Q5T5A4_PF12494_30_123_fpocket_5	892
Q5T5J6_PF13638_390_526_fpocket_14	74
Q5T5J6_PF13638_390_526_fpocket_8	1016
Q5T5M9_PF00134_21_143_fpocket_6	1279
Q5T5M9_PF02984_145_243_fpocket_1	1
Q5T5M9_PF02984_145_243_fpocket_4	1416
Q5T5N4_PF15739_246_356_fpocket_6	1795
Q5T5P2_PF03915_188_268_fpocket_8	54
Q5T5X7_PF10523_572_646_fpocket_1	229
Q5T5X7_PF10523_572_646_fpocket_6	16
Q5T5X7_PF10523_738_812_fpocket_6	15
Q5T5Y3_PF08683_1464_1582_fpocket_6	198
Q5T5Y3_PF17095_869_921_fpocket_1	466
Q5T5Y3_PF17095_869_921_fpocket_6	254
Q5T5Y3_PF25532_25_158_fpocket_1	1730
Q5T5Y3_PF25532_25_158_fpocket_2	617
Q5T601_PF01390_154_229_fpocket_1	70
Q5T653_PF00181_78_164_fpocket_1	335
Q5T653_PF03947_178_285_fpocket_1	301
Q5T655_PF21771_366_671_fpocket_14	316
Q5T686_PF15063_1_75_fpocket_1	414
Q5T686_PF15063_1_75_fpocket_2	497
Q5T6C5_PF08313_226_290_fpocket_1	533
Q5T6C5_PF08313_226_290_fpocket_3	689
Q5T6J7_PF01202_14_103_fpocket_3	1825
Q5T6L9_PF13910_133_213_fpocket_2	57
Q5T6L9_PF13910_133_213_fpocket_7	1308
Q5T6V5_PF10343_55_341_fpocket_1	1722
Q5T6V5_PF10343_55_341_fpocket_2	587
Q5T6X4_PF06388_5_160_fpocket_5	445
Q5T6X5_PF00003_587_833_fpocket_20	312
Q5T700_PF25241_161_200_fpocket_1	1702
Q5T700_PF25241_161_200_fpocket_2	745
Q5T7M9_PF12260_194_395_fpocket_4	400
Q5T7M9_PF14875_19_175_fpocket_8	608
Q5T7N2_PF02994_700_795_fpocket_1	1734
Q5T7N2_PF17490_799_860_fpocket_2	541
Q5T7N2_PF17490_799_860_fpocket_4	1449
Q5T7V8_PF04949_140_275_fpocket_2	117
Q5T7V8_PF04949_140_275_fpocket_5	78
Q5T7W7_PF12368_397_460_fpocket_3	30
Q5T7W7_PF12368_397_460_fpocket_6	356
Q5T7W7_PF17773_169_263_fpocket_2	469
Q5T7W7_PF17773_169_263_fpocket_5	609
Q5T7W7_PF23949_46_116_fpocket_4	459
Q5T848_PF00003_413_666_fpocket_1	883
Q5T848_PF22572_264_359_fpocket_2	1401
Q5T848_PF22572_264_359_fpocket_6	175
Q5T890_PF25806_1219_1284_fpocket_6	182
Q5T8D3_PF00887_43_120_fpocket_7	20
Q5T8I3_PF10358_3_149_fpocket_2	952
Q5T8I3_PF10358_3_149_fpocket_7	958
Q5T8I9_PF13489_42_190_fpocket_4	1523
Q5T8P6_PF01480_11_76_fpocket_1	1666
Q5T953_PF05760_1_404_fpocket_20	598
Q5T9A4_PF00004_348_474_fpocket_1	147
Q5T9A4_PF12037_40_286_fpocket_9	287
Q5T9C2_PF10358_6_152_fpocket_3	1392
Q5T9C9_PF01504_130_391_fpocket_26	1167
Q5T9L3_PF06664_227_496_fpocket_1	1618
Q5T9L3_PF06664_227_496_fpocket_12	833
Q5T9L3_PF21883_48_226_fpocket_3	1031
Q5T9L3_PF21883_48_226_fpocket_8	236
Q5T9Z0_PF04819_98_218_fpocket_2	1243
Q5T9Z0_PF04819_98_218_fpocket_4	1744
Q5TA45_PF16661_21_194_fpocket_1	97
Q5TA45_PF16661_21_194_fpocket_3	266
Q5TA45_PF21386_500_591_fpocket_1	272
Q5TA45_PF21386_500_591_fpocket_2	399
Q5TA50_PF08718_28_176_fpocket_13	820
Q5TA89_PF07527_88_121_fpocket_1	49
Q5TAX3_PF03828_628_679_fpocket_2	34
Q5TAX3_PF19088_334_471_fpocket_10	1463
Q5TAX3_PF19088_334_471_fpocket_4	533
Q5TBA9_PF14222_165_697_fpocket_5	926
Q5TBA9_PF14225_2042_2294_fpocket_2	1022
Q5TBA9_PF14228_1781_1898_fpocket_5	312
Q5TBB1_PF09468_95_228_fpocket_4	1498
Q5TBB1_PF17745_33_92_fpocket_2	980
Q5TBB1_PF17745_33_92_fpocket_4	220
Q5TC82_PF14634_14_54_fpocket_1	637
Q5TC82_PF14634_14_54_fpocket_2	1598
Q5TC82_PF21206_182_268_fpocket_3	1095
Q5TC84_PF04664_115_319_fpocket_2	1788
Q5TCQ9_PF00595_852_934_fpocket_3	54
Q5TCQ9_PF00625_141_191_fpocket_1	900
Q5TCS8_PF00406_35_246_fpocket_22	82
Q5TCS8_PF13238_994_1061_fpocket_1	440
Q5TD94_PF04712_214_687_fpocket_31	778
Q5TD97_PF25076_8_34_fpocket_1	1617
Q5TDH0_PF09668_227_335_fpocket_4	308
Q5TDH0_PF24669_133_198_fpocket_1	314
Q5TDH0_PF24669_133_198_fpocket_2	1539
Q5TDP6_PF00120_183_507_fpocket_10	726
Q5TEA3_PF23281_21_217_fpocket_2	900
Q5TEA3_PF23319_974_1039_fpocket_2	163
Q5TEA3_PF25203_220_499_fpocket_3	944
Q5TEA3_PF26246_516_720_fpocket_1	592
Q5TEC6_PF00125_44_131_fpocket_7	608
Q5TEJ8_PF12736_275_515_fpocket_16	1674
Q5TEJ8_PF12736_275_515_fpocket_18	1096
Q5TEU4_PF08241_94_185_fpocket_2	400
Q5TF39_PF07690_3_281_fpocket_19	727
Q5TFQ8_PF07686_37_143_fpocket_3	312
Q5TG30_PF00620_342_488_fpocket_5	619
Q5TGI0_PF17171_264_326_fpocket_1	823
Q5TGI0_PF17172_117_211_fpocket_1	1488
Q5TGI0_PF17172_117_211_fpocket_9	561
Q5TGZ0_PF04418_2_62_fpocket_1	1827
Q5TH69_PF09324_1245_1307_fpocket_3	51
Q5THJ4_PF25036_3030_3557_fpocket_17	1052
Q5THJ4_PF25036_3030_3557_fpocket_4	63
Q5THR3_PF08976_1160_1260_fpocket_8	401
Q5THR3_PF08976_71_136_fpocket_7	759
Q5TIE3_PF13757_2_78_fpocket_3	313
Q5TIE3_PF13757_2_78_fpocket_4	1184
Q5TIE3_PF13768_361_513_fpocket_7	1013
Q5TKA1_PF06584_126_231_fpocket_1	76
Q5TKA1_PF06584_126_231_fpocket_3	707
Q5TYM5_PF14976_6_149_fpocket_1	251
Q5TYM5_PF14976_6_149_fpocket_7	795
Q5TZA2_PF15035_156_332_fpocket_10	1624
Q5U3C3_PF14808_33_270_fpocket_1	1063
Q5U3C3_PF14808_33_270_fpocket_10	973
Q5U4P2_PF05118_251_372_fpocket_4	557
Q5U4P2_PF05118_251_372_fpocket_6	269
Q5U5Q3_PF00013_234_294_fpocket_1	196
Q5U5Q3_PF00013_328_388_fpocket_2	194
Q5U5X0_PF05347_6_60_fpocket_1	227
Q5U5Z8_PF18027_268_338_fpocket_1	1520
Q5U623_PF16788_292_498_fpocket_13	9
Q5U623_PF16788_292_498_fpocket_5	1617
Q5U623_PF16794_574_673_fpocket_3	394
Q5U623_PF16794_574_673_fpocket_6	325
Q5U651_PF00788_145_258_fpocket_3	122
Q5UCC4_PF21203_145_236_fpocket_2	67
Q5UCC4_PF21203_145_236_fpocket_4	485
Q5UE93_PF10486_18_264_fpocket_12	35
Q5UE93_PF10486_18_264_fpocket_2	420
Q5UE93_PF10486_414_463_fpocket_1	23
Q5UIP0_PF12231_22_361_fpocket_10	1254
Q5UIP0_PF12231_22_361_fpocket_16	1527
Q5VSL9_PF07923_66_320_fpocket_1	1859
Q5VSL9_PF07923_66_320_fpocket_6	1663
Q5VSL9_PF11882_629_787_fpocket_10	1346
Q5VSL9_PF11882_629_787_fpocket_11	218
Q5VST6_PF12146_90_196_fpocket_2	960
Q5VST9_PF00069_7675_7924_fpocket_4	1775
Q5VST9_PF07679_3627_3698_fpocket_1	1783
Q5VST9_PF07679_5260_5350_fpocket_5	514
Q5VST9_PF22697_5890_6000_fpocket_1	361
Q5VT06_PF01302_2499_2563_fpocket_2	1830
Q5VT25_PF00433_362_404_fpocket_1	1060
Q5VT25_PF25346_1076_1202_fpocket_1	1415
Q5VT25_PF25346_1076_1202_fpocket_10	759
Q5VT66_PF03473_204_333_fpocket_2	482
Q5VT66_PF03473_204_333_fpocket_9	324
Q5VT66_PF03476_56_175_fpocket_1	1768
Q5VT79_PF00191_257_322_fpocket_4	1434
Q5VT79_PF00191_97_162_fpocket_6	1803
Q5VT97_PF25336_679_798_fpocket_6	1371
Q5VTB9_PF15926_217_337_fpocket_1	48
Q5VTE0_PF03144_260_325_fpocket_2	1435
Q5VTE0_PF22594_340_439_fpocket_1	940
Q5VTE6_PF19339_128_159_fpocket_1	1587
Q5VTH2_PF22611_1_176_fpocket_5	1508
Q5VTH2_PF22611_1_176_fpocket_6	472
Q5VTR2_PF26052_372_515_fpocket_7	350
Q5VTR2_PF26052_372_515_fpocket_9	521
Q5VTY9_PF03062_125_441_fpocket_18	218
Q5VU43_PF06758_1556_1620_fpocket_2	596
Q5VU57_PF00246_176_355_fpocket_4	1382
Q5VU65_PF02368_1082_1154_fpocket_1	141
Q5VU65_PF02368_1082_1154_fpocket_3	372
Q5VU65_PF22957_1564_1726_fpocket_7	1748
Q5VU65_PF22957_1564_1726_fpocket_8	117
Q5VU65_PF22959_1375_1478_fpocket_1	1636
Q5VU65_PF22962_657_758_fpocket_1	993
Q5VU65_PF22967_37_126_fpocket_3	1571
Q5VU65_PF22969_136_243_fpocket_4	205
Q5VU65_PF24902_902_980_fpocket_1	1240
Q5VU65_PF25354_1481_1551_fpocket_1	1368
Q5VU65_PF25354_1481_1551_fpocket_3	961
Q5VU65_PF26182_467_545_fpocket_1	338
Q5VU65_PF26182_467_545_fpocket_2	671
Q5VU69_PF15104_17_100_fpocket_5	136
Q5VU69_PF15104_17_100_fpocket_6	703
Q5VUB5_PF10577_34_287_fpocket_10	681
Q5VUB5_PF10577_34_287_fpocket_18	1248
Q5VUD6_PF14875_23_178_fpocket_11	570
Q5VUD6_PF14875_23_178_fpocket_16	198
Q5VUE5_PF17653_82_129_fpocket_1	369
Q5VUE5_PF17653_82_129_fpocket_2	725
Q5VUG0_PF02820_304_376_fpocket_4	776
Q5VUG0_PF02820_412_479_fpocket_3	384
Q5VUG0_PF12140_528_642_fpocket_2	263
Q5VUG0_PF12140_528_642_fpocket_6	861
Q5VUJ6_PF00307_656_750_fpocket_9	1589
Q5VUY0_PF07859_115_245_fpocket_3	1518
Q5VUY0_PF07859_310_380_fpocket_2	968
Q5VUY2_PF07859_115_268_fpocket_10	1078
Q5VV17_PF02338_316_432_fpocket_1	350
Q5VV17_PF02338_316_432_fpocket_4	246
Q5VV41_PF00621_289_466_fpocket_5	833
Q5VV41_PF00621_289_466_fpocket_9	1100
Q5VV42_PF00919_65_145_fpocket_1	1406
Q5VV42_PF01938_433_492_fpocket_1	799
Q5VV42_PF01938_433_492_fpocket_2	903
Q5VV42_PF04055_208_381_fpocket_11	573
Q5VV43_PF22352_339_424_fpocket_2	470
Q5VV43_PF23597_23_106_fpocket_1	154
Q5VV43_PF23597_23_106_fpocket_3	432
Q5VV43_PF23620_817_910_fpocket_4	805
Q5VVC0_PF15162_10_170_fpocket_2	738
Q5VVC0_PF15162_10_170_fpocket_4	753
Q5VVH5_PF04402_53_248_fpocket_16	841
Q5VVH5_PF04402_53_248_fpocket_9	738
Q5VVJ2_PF01398_576_679_fpocket_9	151
Q5VVQ6_PF02338_156_243_fpocket_1	54
Q5VVQ6_PF24560_315_348_fpocket_1	388
Q5VVQ6_PF24560_315_348_fpocket_2	709
Q5VVW2_PF02145_220_399_fpocket_2	566
Q5VVY1_PF05891_66_277_fpocket_6	509
Q5VW38_PF06814_261_430_fpocket_16	1339
Q5VW38_PF06814_485_553_fpocket_1	1740
Q5VWC8_PF04387_65_223_fpocket_1	1238
Q5VWG9_PF00628_868_912_fpocket_1	632
Q5VWG9_PF00628_868_912_fpocket_2	1550
Q5VWG9_PF07524_4_76_fpocket_9	271
Q5VWI1_PF01846_455_500_fpocket_1	1011
Q5VWI1_PF01846_455_500_fpocket_2	1243
Q5VWI1_PF01846_519_567_fpocket_1	360
Q5VWJ9_PF03114_295_428_fpocket_7	1789
Q5VWN6_PF24630_2281_2420_fpocket_4	1365
Q5VWQ8_PF00616_392_461_fpocket_1	773
Q5VWQ8_PF25321_70_201_fpocket_5	793
Q5VWT5_PF14603_653_719_fpocket_2	1173
Q5VWX1_PF16274_5_57_fpocket_1	1511
Q5VWX1_PF22675_70_136_fpocket_3	877
Q5VX52_PF15743_301_450_fpocket_3	53
Q5VX71_PF00084_57_103_fpocket_1	1806
Q5VXD3_PF00536_50_105_fpocket_3	419
Q5VXT5_PF01284_33_232_fpocket_3	675
Q5VXT5_PF01284_33_232_fpocket_6	1097
Q5VY09_PF05760_1_225_fpocket_1	741
Q5VY09_PF05760_1_225_fpocket_2	428
Q5VY43_PF00053_319_365_fpocket_1	613
Q5VY80_PF00129_30_199_fpocket_2	281
Q5VYJ5_PF00629_1090_1254_fpocket_7	211
Q5VYJ5_PF00629_865_1022_fpocket_2	200
Q5VYS8_PF03828_551_600_fpocket_3	19
Q5VYS8_PF19088_274_411_fpocket_2	1739
Q5VYV7_PF15744_10_368_fpocket_9	1299
Q5VYX0_PF01593_99_297_fpocket_4	760
Q5VYX0_PF13450_6_80_fpocket_1	388
Q5VYY2_PF04083_49_111_fpocket_2	13
Q5VZ72_PF15005_20_162_fpocket_8	670
Q5VZ89_PF02141_309_492_fpocket_3	1600
Q5VZ89_PF03455_599_648_fpocket_3	1532
Q5VZ89_PF03456_211_275_fpocket_7	1244
Q5VZB9_PF00751_93_139_fpocket_1	1609
Q5VZB9_PF03474_327_363_fpocket_1	1494
Q5VZE5_PF04112_146_188_fpocket_1	1245
Q5VZE5_PF04112_46_137_fpocket_1	445
Q5VZE5_PF04112_46_137_fpocket_2	257
Q5VZK9_PF17888_26_119_fpocket_4	30
Q5VZL5_PF06467_336_373_fpocket_2	915
Q5VZL5_PF06467_683_719_fpocket_1	382
Q5VZL5_PF12012_1356_1526_fpocket_13	1494
Q5VZL5_PF24900_531_572_fpocket_1	35
Q5VZL5_PF24900_531_572_fpocket_2	214
Q5VZL5_PF25561_1258_1346_fpocket_1	143
Q5VZL5_PF25561_1258_1346_fpocket_7	552
Q5VZM2_PF04670_42_296_fpocket_15	500
Q5VZV1_PF10294_80_239_fpocket_2	304
Q5VZV1_PF10294_80_239_fpocket_8	92
Q5W041_PF14381_720_858_fpocket_1	116
Q5W041_PF14381_720_858_fpocket_7	581
Q5W064_PF04083_3_66_fpocket_3	525
Q5W0N0_PF15851_75_160_fpocket_1	691
Q5W0Q7_PF15499_226_498_fpocket_1	530
Q5W0Q7_PF15499_226_498_fpocket_16	505
Q5W0V3_PF19314_632_724_fpocket_1	15
Q5W0V3_PF19314_632_724_fpocket_2	335
Q5W0Z9_PF01529_123_245_fpocket_2	283
Q5W111_PF00622_64_167_fpocket_1	861
Q5W186_PF00666_49_122_fpocket_3	1345
Q5W188_PF00031_49_131_fpocket_1	1554
Q5W188_PF00031_49_131_fpocket_2	1048
Q5XG87_PF01909_265_373_fpocket_1	1346
Q5XG87_PF01909_265_373_fpocket_9	587
Q5XKL5_PF26017_305_425_fpocket_1	210
Q5XKL5_PF26017_305_425_fpocket_3	790
Q5XKP0_PF15884_26_105_fpocket_6	552
Q5XLA6_PF00619_4_88_fpocket_2	551
Q5XPI4_PF13920_1251_1297_fpocket_1	202
Q5XPI4_PF13920_1251_1297_fpocket_3	1057
Q5XUX0_PF12014_286_513_fpocket_1	283
Q5XUX0_PF12014_286_513_fpocket_5	1024
Q5XXA6_PF04547_320_926_fpocket_37	967
Q5ZPR3_PF22705_376_448_fpocket_1	684
Q5ZPR3_PF22705_376_448_fpocket_3	685
Q60I27_PF02204_836_936_fpocket_4	957
Q60I27_PF25383_227_319_fpocket_6	542
Q60I27_PF25383_227_319_fpocket_7	1097
Q629K1_PF15168_1_78_fpocket_5	32
Q63HM1_PF07859_92_279_fpocket_11	84
Q63HM2_PF05041_1011_1164_fpocket_6	1391
Q63HM9_PF00388_78_176_fpocket_2	614
Q63HN1_PF14650_401_430_fpocket_3	326
Q63HN8_PF20173_4496_4543_fpocket_1	1345
Q63HQ2_PF00054_415_545_fpocket_7	441
Q63ZE4_PF00083_143_523_fpocket_17	1804
Q63ZY6_PF01189_56_237_fpocket_7	736
Q643R3_PF01553_108_231_fpocket_3	478
Q64ET8_PF15315_60_241_fpocket_9	615
Q658L1_PF05217_32_391_fpocket_1	144
Q658N2_PF00685_425_517_fpocket_5	334
Q658P3_PF03807_30_117_fpocket_5	529
Q658Y4_PF14647_8_312_fpocket_13	386
Q658Y4_PF14647_8_312_fpocket_3	562
Q659A1_PF10505_720_930_fpocket_15	4
Q659A1_PF10505_720_930_fpocket_17	1759
Q659C4_PF05383_219_275_fpocket_2	604
Q66K14_PF00566_512_715_fpocket_16	632
Q66K14_PF02893_291_396_fpocket_5	40
Q66K66_PF13886_42_236_fpocket_13	721
Q66K74_PF23415_17_216_fpocket_6	445
Q66K74_PF25281_221_404_fpocket_7	1545
Q66K79_PF00246_194_493_fpocket_1	1525
Q66K79_PF01392_43_151_fpocket_6	361
Q674R7_PF04109_185_676_fpocket_45	818
Q674X7_PF25986_74_249_fpocket_1	921
Q674X7_PF25986_74_249_fpocket_14	1097
Q67FW5_PF00535_6_177_fpocket_8	1681
Q684P5_PF21022_153_258_fpocket_6	215
Q685J3_PF01390_4188_4282_fpocket_2	790
Q68CJ6_PF00350_103_324_fpocket_2	1147
Q68CK6_PF13193_477_557_fpocket_3	785
Q68CP4_PF07786_267_389_fpocket_10	717
Q68CP4_PF07786_267_389_fpocket_4	1106
Q68CQ4_PF06862_567_751_fpocket_12	501
Q68CQ4_PF06862_567_751_fpocket_2	122
Q68CQ4_PF22916_289_557_fpocket_1	320
Q68CQ4_PF22916_289_557_fpocket_6	341
Q68CZ1_PF11618_598_738_fpocket_1	741
Q68CZ1_PF18111_1146_1308_fpocket_10	1501
Q68CZ1_PF18111_1146_1308_fpocket_9	1552
Q68CZ2_PF10409_173_299_fpocket_3	1586
Q68CZ2_PF10409_173_299_fpocket_4	922
Q68D06_PF04326_208_334_fpocket_11	1099
Q68D10_PF08243_582_681_fpocket_6	363
Q68D51_PF03456_510_576_fpocket_1	300
Q68D91_PF00753_30_231_fpocket_10	219
Q68DA7_PF02181_973_1363_fpocket_18	707
Q68DD2_PF01735_357_575_fpocket_18	1258
Q68DD2_PF18695_184_304_fpocket_8	1622
Q68DH5_PF04791_4_549_fpocket_59	353
Q68DK7_PF15275_474_591_fpocket_4	472
Q68DL7_PF15813_7_280_fpocket_19	1464
Q68DL7_PF15813_7_280_fpocket_21	1314
Q68DQ2_PF00030_2754_2833_fpocket_1	685
Q68DQ2_PF00652_2839_2965_fpocket_13	1729
Q68DV7_PF13639_272_312_fpocket_1	1803
Q68EM7_PF03114_1_238_fpocket_24	418
Q68EN5_PF08014_235_456_fpocket_12	65
Q68EN5_PF08014_235_456_fpocket_6	883
Q68G74_PF00412_136_190_fpocket_4	570
Q68G75_PF03020_3_42_fpocket_1	1736
Q69384_PF13804_115_283_fpocket_6	386
Q69384_PF15695_19_105_fpocket_4	157
Q69YN2_PF04676_443_535_fpocket_7	130
Q69YN2_PF04676_443_535_fpocket_9	783
Q69YN2_PF04677_322_428_fpocket_2	367
Q69YN4_PF15912_6_266_fpocket_5	692
Q6AW86_PF01352_1_41_fpocket_2	674
Q6AWC2_PF25802_301_434_fpocket_11	600
Q6AZZ1_PF13765_305_352_fpocket_2	122
Q6B0B8_PF03184_194_360_fpocket_1	1678
Q6B0B8_PF03221_77_135_fpocket_5	1428
Q6B0I6_PF02373_179_295_fpocket_3	698
Q6B0I6_PF02373_179_295_fpocket_4	320
Q6B9Z1_PF14653_27_108_fpocket_1	796
Q6B9Z1_PF14653_27_108_fpocket_3	526
Q6BAA4_PF13895_104_190_fpocket_2	824
Q6BDI9_PF15208_1_236_fpocket_3	176
Q6DCA0_PF01871_111_279_fpocket_1	573
Q6DCA0_PF01871_111_279_fpocket_3	497
Q6DD88_PF02263_37_305_fpocket_6	1273
Q6DD88_PF02841_313_434_fpocket_9	592
Q6DHV5_PF15625_470_637_fpocket_10	1041
Q6DHV5_PF24652_1310_1432_fpocket_1	1674
Q6DHV5_PF24656_1166_1282_fpocket_4	717
Q6DHV7_PF00962_19_344_fpocket_1	1614
Q6DHV7_PF00962_19_344_fpocket_10	782
Q6DKI1_PF00327_97_147_fpocket_1	549
Q6DKI1_PF00327_97_147_fpocket_2	1799
Q6DKI1_PF08079_21_91_fpocket_1	32
Q6DKI1_PF08079_21_91_fpocket_2	394
Q6DKI2_PF00337_227_355_fpocket_5	898
Q6DKJ4_PF13905_195_287_fpocket_2	917
Q6DKJ4_PF13905_195_287_fpocket_4	1682
Q6DKJ4_PF13905_33_145_fpocket_1	1156
Q6DN12_PF08372_731_854_fpocket_11	1494
Q6DN12_PF08372_731_854_fpocket_4	1028
Q6DN90_PF16453_744_879_fpocket_8	394
Q6DT37_PF00069_71_337_fpocket_6	226
Q6EBC2_PF15209_24_153_fpocket_4	792
Q6EBC2_PF15209_24_153_fpocket_5	518
Q6ECI4_PF00096_509_531_fpocket_1	1444
Q6EEV6_PF11976_18_86_fpocket_3	320
Q6EIG7_PF00059_97_204_fpocket_3	135
Q6EKJ0_PF02946_107_181_fpocket_1	1362
Q6EKJ0_PF02946_107_181_fpocket_3	355
Q6EMB2_PF03133_116_395_fpocket_23	1329
Q6F5E8_PF17888_37_120_fpocket_3	1414
Q6FHJ7_PF01392_24_130_fpocket_5	744
Q6FI81_PF20922_9_171_fpocket_1	1713
Q6FI81_PF20922_9_171_fpocket_2	1244
Q6FIF0_PF01428_149_186_fpocket_1	747
Q6GMR7_PF01425_69_513_fpocket_26	774
Q6GMV2_PF00856_33_351_fpocket_5	1191
Q6GMV3_PF01981_26_139_fpocket_6	266
Q6GPH4_PF18608_248_301_fpocket_1	1398
Q6GPH4_PF21366_93_131_fpocket_2	1692
Q6GPH4_PF21366_93_131_fpocket_4	1413
Q6GPH4_PF23580_3_29_fpocket_1	136
Q6GQQ9_PF02338_190_359_fpocket_1	1094
Q6GQQ9_PF02338_190_359_fpocket_5	36
Q6GTS8_PF01546_121_488_fpocket_18	151
Q6GTS8_PF07687_240_383_fpocket_8	170
Q6GV28_PF25452_1_164_fpocket_6	97
Q6GYQ0_PF02145_1825_1996_fpocket_1	612
Q6GYQ0_PF02145_1825_1996_fpocket_9	826
Q6H8Q1_PF02209_576_611_fpocket_2	805
Q6H9L7_PF03782_401_533_fpocket_7	871
Q6H9L7_PF03782_401_533_fpocket_8	1650
Q6I9Y2_PF05615_7_139_fpocket_1	689
Q6IA17_PF01582_165_312_fpocket_6	46
Q6IA69_PF00795_6_282_fpocket_19	979
Q6IA69_PF02540_339_603_fpocket_3	97
Q6IAN0_PF00106_54_247_fpocket_4	1029
Q6IB77_PF06021_2_205_fpocket_12	221
Q6IBS0_PF00241_7_138_fpocket_3	1190
Q6IBW4_PF06278_7_124_fpocket_5	23
Q6IBW4_PF16858_466_594_fpocket_1	491
Q6IBW4_PF16858_466_594_fpocket_2	1072
Q6ICB0_PF05903_8_146_fpocket_1	1228
Q6ICG6_PF09741_30_261_fpocket_19	101
Q6ICG8_PF02893_34_134_fpocket_7	1066
Q6ICL3_PF05742_1_258_fpocket_19	1073
Q6ICL3_PF05742_1_258_fpocket_5	811
Q6ICL7_PF03151_48_325_fpocket_10	1343
Q6IE37_PF07703_410_536_fpocket_5	616
Q6IE81_PF13831_218_251_fpocket_1	1086
Q6IE81_PF13831_218_251_fpocket_2	1702
Q6IEE7_PF16070_440_537_fpocket_2	1677
Q6IEE7_PF23039_285_438_fpocket_2	674
Q6IEE7_PF23481_125_247_fpocket_2	440
Q6IEE7_PF23487_682_795_fpocket_2	1622
Q6IEE8_PF04326_218_344_fpocket_5	446
Q6IEE8_PF21026_405_542_fpocket_1	788
Q6IEY1_PF13853_32_302_fpocket_21	758
Q6IEZ7_PF13853_37_310_fpocket_4	1040
Q6IMI4_PF00685_56_289_fpocket_17	1394
Q6IMN6_PF00386_999_1124_fpocket_2	632
Q6IMN6_PF00386_999_1124_fpocket_3	917
Q6IMN6_PF18293_200_315_fpocket_3	1177
Q6IN84_PF08032_51_128_fpocket_2	243
Q6IN84_PF08032_51_128_fpocket_5	1433
Q6IN97_PF00595_91_173_fpocket_8	1780
Q6IPR3_PF02676_10_193_fpocket_3	1209
Q6IPR3_PF02676_10_193_fpocket_7	528
Q6IPT4_PF00175_186_298_fpocket_3	371
Q6IPT4_PF00970_83_176_fpocket_5	304
Q6IPT4_PF09791_19_54_fpocket_1	1252
Q6IPU0_PF13096_103_279_fpocket_1	242
Q6IPU0_PF13096_103_279_fpocket_12	306
Q6IQ16_PF22486_33_161_fpocket_1	936
Q6IQ19_PF15748_7_269_fpocket_7	1370
Q6IQ20_PF12706_144_344_fpocket_4	329
Q6IQ23_PF25541_685_822_fpocket_11	463
Q6IQ26_PF02141_202_390_fpocket_3	1354
Q6IQ32_PF19627_2_129_fpocket_10	809
Q6IQ49_PF13297_372_444_fpocket_2	831
Q6IQ49_PF22781_1_75_fpocket_2	302
Q6IQ49_PF22782_76_171_fpocket_1	1539
Q6IS14_PF01287_83_150_fpocket_1	115
Q6IS14_PF01287_83_150_fpocket_8	719
Q6IS14_PF21485_15_77_fpocket_1	666
Q6IS14_PF21485_15_77_fpocket_2	180
Q6IS24_PF00652_466_591_fpocket_4	1343
Q6ISB3_PF25416_536_624_fpocket_1	64
Q6ISB3_PF25416_536_624_fpocket_4	1130
Q6IV72_PF01352_9_49_fpocket_1	674
Q6IWH7_PF04547_335_886_fpocket_57	754
Q6J272_PF10629_13_45_fpocket_1	136
Q6J272_PF10629_13_45_fpocket_2	299
Q6J4K2_PF01699_422_572_fpocket_3	1170
Q6JQN1_PF00441_904_1052_fpocket_1	16
Q6JQN1_PF01636_288_502_fpocket_18	546
Q6JQN1_PF02770_791_892_fpocket_1	1698
Q6JQN1_PF02771_669_787_fpocket_2	834
Q6JVE9_PF00061_34_152_fpocket_11	1642
Q6K0P9_PF02760_212_379_fpocket_4	209
Q6KF10_PF00019_353_454_fpocket_3	477
Q6L8Q7_PF21171_161_271_fpocket_1	45
Q6L9T8_PF14976_6_149_fpocket_11	881
Q6L9W6_PF07691_160_270_fpocket_1	267
Q6L9W6_PF07691_160_270_fpocket_5	45
Q6MZM0_PF07731_956_1065_fpocket_7	1784
Q6MZM0_PF07732_456_562_fpocket_1	488
Q6MZM0_PF07732_99_207_fpocket_2	1001
Q6MZP7_PF03638_597_631_fpocket_2	1527
Q6MZQ0_PF08539_49_148_fpocket_8	703
Q6MZZ7_PF00648_35_331_fpocket_1	715
Q6MZZ7_PF21875_574_645_fpocket_2	1542
Q6MZZ7_PF21875_574_645_fpocket_3	382
Q6N021_PF12851_1290_1905_fpocket_1	1688
Q6N022_PF15636_2685_2762_fpocket_2	1449
Q6N022_PF23093_431_558_fpocket_1	438
Q6N022_PF24329_1074_1159_fpocket_2	1775
Q6N022_PF25020_916_1001_fpocket_1	1714
Q6N063_PF25238_85_211_fpocket_5	739
Q6N063_PF25238_85_211_fpocket_6	1123
Q6N075_PF05631_6_329_fpocket_17	1834
Q6N075_PF05631_6_329_fpocket_2	1576
Q6NS38_PF13532_72_254_fpocket_1	1683
Q6NSI4_PF17659_2_849_fpocket_44	402
Q6NSI8_PF11822_147_248_fpocket_1	746
Q6NSJ0_PF01055_320_470_fpocket_13	797
Q6NSJ0_PF01055_530_615_fpocket_3	340
Q6NSJ0_PF21365_630_709_fpocket_1	454
Q6NSJ5_PF12534_1_331_fpocket_3	1084
Q6NSW5_PF08616_160_263_fpocket_6	1084
Q6NSW7_PF00046_97_152_fpocket_3	745
Q6NT04_PF03221_77_139_fpocket_1	1699
Q6NT32_PF00135_31_539_fpocket_20	55
Q6NT55_PF00067_60_519_fpocket_1	584
Q6NT76_PF04814_25_226_fpocket_6	1044
Q6NT76_PF04814_25_226_fpocket_7	500
Q6NTE8_PF15749_9_110_fpocket_1	509
Q6NTE8_PF15749_9_110_fpocket_6	282
Q6NTF7_PF18771_23_154_fpocket_1	667
Q6NTF7_PF18771_23_154_fpocket_2	1525
Q6NUI2_PF19277_376_761_fpocket_1	1536
Q6NUI2_PF19277_376_761_fpocket_7	1336
Q6NUJ1_PF02199_479_511_fpocket_1	1640
Q6NUJ5_PF00855_491_574_fpocket_2	517
Q6NUN7_PF15261_656_774_fpocket_2	414
Q6NUQ4_PF10151_9_683_fpocket_4	1633
Q6NUS6_PF07773_205_366_fpocket_9	496
Q6NUT3_PF13347_24_423_fpocket_20	897
Q6NUT3_PF13347_24_423_fpocket_3	484
Q6NV75_PF00001_29_292_fpocket_6	737
Q6NVU6_PF07910_23_204_fpocket_10	133
Q6NVV7_PF10170_13_106_fpocket_5	392
Q6NVV7_PF10170_13_106_fpocket_7	895
Q6NVV9_PF08516_199_298_fpocket_5	104
Q6NVY1_PF16113_47_376_fpocket_15	1278
Q6NVY1_PF16113_47_376_fpocket_7	1608
Q6NW29_PF05773_5_107_fpocket_1	902
Q6NW29_PF05773_5_107_fpocket_3	381
Q6NW34_PF14780_12_202_fpocket_3	320
Q6NW34_PF14780_12_202_fpocket_4	937
Q6NW40_PF06534_160_400_fpocket_15	813
Q6NW40_PF06535_54_123_fpocket_2	656
Q6NWY9_PF01846_492_547_fpocket_1	814
Q6NX49_PF23561_494_518_fpocket_2	483
Q6NXN4_PF10034_110_210_fpocket_2	1844
Q6NXP6_PF03807_78_170_fpocket_2	713
Q6NXR4_PF10521_215_389_fpocket_10	97
Q6NXT6_PF05346_156_458_fpocket_28	497
Q6NXT6_PF05346_156_458_fpocket_34	894
Q6NYC8_PF13916_29_116_fpocket_7	37
Q6NZ36_PF15750_144_178_fpocket_1	877
Q6NZ36_PF15751_35_139_fpocket_4	1183
Q6NZ67_PF12926_20_96_fpocket_4	104
Q6NZY4_PF04046_287_334_fpocket_2	140
Q6P047_PF14769_63_134_fpocket_1	335
Q6P093_PF07859_311_373_fpocket_3	63
Q6P0N0_PF09133_383_469_fpocket_6	484
Q6P0N0_PF09133_383_469_fpocket_7	1728
Q6P158_PF26026_1325_1385_fpocket_2	95
Q6P158_PF26026_1325_1385_fpocket_3	375
Q6P161_PF08561_68_110_fpocket_1	230
Q6P179_PF01433_298_502_fpocket_3	1837
Q6P179_PF17900_75_263_fpocket_11	54
Q6P1A2_PF03062_127_437_fpocket_26	1537
Q6P1J6_PF00657_394_668_fpocket_1	1780
Q6P1J6_PF00657_741_1015_fpocket_4	252
Q6P1J9_PF05179_357_520_fpocket_1	1742
Q6P1J9_PF05179_357_520_fpocket_3	932
Q6P1J9_PF16050_1_297_fpocket_4	865
Q6P1K1_PF16954_71_122_fpocket_1	95
Q6P1K1_PF16954_9_64_fpocket_3	334
Q6P1K1_PF16954_9_64_fpocket_5	1423
Q6P1K2_PF03980_73_170_fpocket_3	1589
Q6P1K2_PF03980_73_170_fpocket_6	287
Q6P1K8_PF07975_345_385_fpocket_1	1823
Q6P1K8_PF07975_345_385_fpocket_2	1755
Q6P1L8_PF00238_32_144_fpocket_2	932
Q6P1M0_PF13193_520_595_fpocket_3	1187
Q6P1N0_PF00168_660_762_fpocket_12	836
Q6P1N9_PF01026_8_293_fpocket_6	1626
Q6P1Q0_PF07766_120_349_fpocket_19	450
Q6P1Q0_PF07766_120_349_fpocket_6	1057
Q6P1Q9_PF08242_185_288_fpocket_5	349
Q6P1X5_PF25316_526_644_fpocket_5	1524
Q6P1X6_PF14956_32_206_fpocket_1	733
Q6P1X6_PF14956_32_206_fpocket_4	390
Q6P2C8_PF11571_229_310_fpocket_1	143
Q6P2C8_PF11571_229_310_fpocket_2	233
Q6P2H3_PF24555_567_650_fpocket_1	1628
Q6P2H3_PF24555_567_650_fpocket_6	1555
Q6P2H8_PF05705_36_271_fpocket_4	1201
Q6P2I3_PF01557_107_314_fpocket_3	1805
Q6P2P2_PF06325_175_234_fpocket_1	460
Q6P2P2_PF22528_750_839_fpocket_1	1738
Q6P2Q9_PF01398_2100_2204_fpocket_6	537
Q6P2Q9_PF08082_58_209_fpocket_17	1185
Q6P2Q9_PF08082_58_209_fpocket_18	1083
Q6P2Q9_PF08083_396_801_fpocket_19	362
Q6P2Q9_PF08084_2212_2332_fpocket_1	1531
Q6P2Q9_PF10596_1442_1600_fpocket_4	1374
Q6P2Q9_PF10597_1237_1372_fpocket_3	439
Q6P2Q9_PF10598_986_1076_fpocket_4	711
Q6P2Q9_PF10598_986_1076_fpocket_5	103
Q6P2Q9_PF12134_1760_1988_fpocket_1	522
Q6P2Q9_PF12134_1760_1988_fpocket_11	1825
Q6P3S1_PF02141_93_291_fpocket_8	309
Q6P3S1_PF03455_355_405_fpocket_1	1633
Q6P3S6_PF12937_48_82_fpocket_1	582
Q6P474_PF00282_212_271_fpocket_1	166
Q6P499_PF05653_32_325_fpocket_10	517
Q6P499_PF05653_32_325_fpocket_9	766
Q6P4A7_PF03820_35_336_fpocket_21	1527
Q6P4F1_PF00852_213_362_fpocket_6	574
Q6P4F1_PF17039_83_180_fpocket_2	1760
Q6P4F1_PF17039_83_180_fpocket_5	1401
Q6P4Q7_PF00571_446_504_fpocket_6	32
Q6P4Q7_PF01595_188_349_fpocket_12	742
Q6P4Q7_PF25511_46_175_fpocket_4	34
Q6P4Q7_PF25511_46_175_fpocket_8	1108
Q6P4R8_PF14465_379_478_fpocket_8	1243
Q6P4R8_PF25793_518_657_fpocket_1	600
Q6P531_PF01019_177_262_fpocket_1	456
Q6P531_PF01019_177_262_fpocket_2	1070
Q6P575_PF02837_102_159_fpocket_2	1273
Q6P575_PF02837_102_159_fpocket_3	1184
Q6P587_PF01557_17_216_fpocket_6	1055
Q6P5Q4_PF03250_6_90_fpocket_1	34
Q6P5Q4_PF03250_6_90_fpocket_2	1291
Q6P5R6_PF01776_13_119_fpocket_1	1091
Q6P5S2_PF05612_30_304_fpocket_12	1675
Q6P5S7_PF23489_48_131_fpocket_4	1018
Q6P5W5_PF18292_47_196_fpocket_15	473
Q6P5X5_PF11326_11_88_fpocket_1	1712
Q6P5X5_PF11326_11_88_fpocket_6	1534
Q6P5Z2_PF02185_181_242_fpocket_2	835
Q6P5Z2_PF02185_181_242_fpocket_3	539
Q6P5Z2_PF02185_21_77_fpocket_7	469
Q6P656_PF24569_42_269_fpocket_1	1612
Q6P656_PF24569_42_269_fpocket_6	362
Q6P6C2_PF13532_114_274_fpocket_6	1654
Q6P988_PF03283_87_450_fpocket_1	1486
Q6P988_PF03283_87_450_fpocket_16	812
Q6P996_PF00282_202_270_fpocket_1	297
Q6P996_PF22937_499_604_fpocket_1	874
Q6P996_PF22937_499_604_fpocket_6	361
Q6P9A2_PF00652_470_596_fpocket_1	716
Q6P9B6_PF07534_243_412_fpocket_7	467
Q6P9B9_PF14838_290_999_fpocket_1	1269
Q6P9G0_PF00173_21_73_fpocket_1	1261
Q6P9G0_PF00173_21_73_fpocket_3	502
Q6P9H4_PF10534_80_172_fpocket_1	643
Q6P9H4_PF10534_80_172_fpocket_5	674
Q6P9H5_PF04548_41_244_fpocket_1	195
Q6PCB6_PF12146_132_237_fpocket_1	659
Q6PCB6_PF12146_132_237_fpocket_4	1642
Q6PCB7_PF13193_523_598_fpocket_2	306
Q6PCE3_PF02878_65_208_fpocket_4	967
Q6PCE3_PF02879_238_345_fpocket_2	751
Q6PCE3_PF02879_238_345_fpocket_6	33
Q6PCE3_PF02880_354_481_fpocket_1	1024
Q6PCE3_PF02880_354_481_fpocket_6	893
Q6PCT2_PF16866_82_149_fpocket_2	445
Q6PCT2_PF16866_82_149_fpocket_4	1803
Q6PEX7_PF15834_13_205_fpocket_6	151
Q6PFW1_PF18086_55_144_fpocket_2	191
Q6PFW1_PF18086_55_144_fpocket_5	256
Q6PGQ7_PF15280_7_207_fpocket_1	1279
Q6PH85_PF03556_136_246_fpocket_10	538
Q6PH85_PF03556_136_246_fpocket_7	591
Q6PH85_PF14555_9_49_fpocket_1	49
Q6PHR2_PF04212_376_442_fpocket_2	120
Q6PHR2_PF04212_376_442_fpocket_3	541
Q6PHW0_PF00881_98_267_fpocket_1	1098
Q6PHW0_PF00881_98_267_fpocket_2	389
Q6PI25_PF03311_56_151_fpocket_2	411
Q6PI25_PF03311_8_44_fpocket_1	170
Q6PI26_PF04925_235_419_fpocket_1	1175
Q6PI26_PF21413_3_95_fpocket_1	1823
Q6PI26_PF21413_3_95_fpocket_5	375
Q6PI48_PF00152_167_606_fpocket_1	1615
Q6PI48_PF01336_66_149_fpocket_3	108
Q6PI48_PF02938_357_452_fpocket_1	133
Q6PI73_PF00047_332_408_fpocket_2	483
Q6PI73_PF13895_28_116_fpocket_1	159
Q6PI78_PF10507_121_227_fpocket_2	1275
Q6PI78_PF10507_121_227_fpocket_3	861
Q6PI97_PF17664_1_169_fpocket_5	1192
Q6PI98_PF08265_142_170_fpocket_1	772
Q6PIF6_PF00373_1910_2012_fpocket_2	892
Q6PIF6_PF00784_1094_1190_fpocket_1	203
Q6PIF6_PF00784_1694_1791_fpocket_2	1159
Q6PIF6_PF00784_1694_1791_fpocket_7	993
Q6PIF6_PF21989_1195_1289_fpocket_2	1611
Q6PIF6_PF21998_1408_1502_fpocket_8	69
Q6PIF6_PF24123_7_55_fpocket_1	861
Q6PIF6_PF24123_7_55_fpocket_2	1279
Q6PII3_PF13300_214_302_fpocket_1	710
Q6PII3_PF25449_162_191_fpocket_1	723
Q6PII5_PF00753_37_172_fpocket_9	1396
Q6PIS1_PF00860_50_472_fpocket_1	705
Q6PIS1_PF00860_50_472_fpocket_5	1510
Q6PIU1_PF02214_42_150_fpocket_2	200
Q6PIU2_PF07859_320_381_fpocket_1	467
Q6PIW4_PF00004_437_567_fpocket_4	445
Q6PIW4_PF09336_637_671_fpocket_1	13
Q6PIY5_PF17741_1_268_fpocket_1	533
Q6PIY5_PF17741_1_268_fpocket_15	1144
Q6PIY7_PF03828_386_440_fpocket_2	1168
Q6PIY7_PF22600_156_298_fpocket_14	106
Q6PJF5_PF01694_652_788_fpocket_1	1783
Q6PJG2_PF01448_723_778_fpocket_1	95
Q6PJG2_PF01448_723_778_fpocket_2	334
Q6PJI9_PF17120_923_970_fpocket_1	279
Q6PJI9_PF17120_923_970_fpocket_5	299
Q6PJW8_PF15281_612_722_fpocket_2	710
Q6PJW8_PF15281_612_722_fpocket_5	205
Q6PJW8_PF22883_185_236_fpocket_1	967
Q6PJW8_PF22883_185_236_fpocket_3	1714
Q6PK18_PF13640_223_303_fpocket_1	270
Q6PK57_PF02212_29_101_fpocket_1	1257
Q6PK81_PF00096_331_353_fpocket_1	617
Q6PKG0_PF05383_407_463_fpocket_1	490
Q6PKX4_PF02174_151_230_fpocket_5	780
Q6PL18_PF00004_463_597_fpocket_6	1396
Q6PL24_PF13897_185_324_fpocket_3	169
Q6PML9_PF01545_240_450_fpocket_17	648
Q6PRD1_PF22572_229_324_fpocket_1	1856
Q6PUV4_PF05835_1_132_fpocket_1	718
Q6PUV4_PF05835_1_132_fpocket_16	876
Q6PXP3_PF00083_27_481_fpocket_22	119
Q6Q4G3_PF01433_343_570_fpocket_1	1404
Q6Q759_PF14874_2076_2150_fpocket_1	511
Q6Q788_PF01442_60_260_fpocket_11	318
Q6Q788_PF01442_60_260_fpocket_16	800
Q6Q8B3_PF08205_146_214_fpocket_2	644
Q6QAJ8_PF15071_16_112_fpocket_3	1316
Q6QHC5_PF08557_6_42_fpocket_1	731
Q6QHC5_PF08557_6_42_fpocket_2	641
Q6QHF9_PF01593_23_497_fpocket_1	883
Q6QNY0_PF15753_16_187_fpocket_4	32
Q6QNY0_PF15753_16_187_fpocket_6	516
Q6R327_PF14663_747_852_fpocket_10	1517
Q6R327_PF14664_58_439_fpocket_21	1433
Q6R327_PF14664_58_439_fpocket_3	429
Q6R327_PF14666_641_740_fpocket_3	103
Q6R327_PF14666_641_740_fpocket_5	788
Q6R327_PF14668_922_991_fpocket_1	266
Q6R327_PF14668_922_991_fpocket_3	682
Q6RI45_PF25313_936_1107_fpocket_5	638
Q6RI45_PF25437_5_84_fpocket_2	1095
Q6RI45_PF25437_5_84_fpocket_4	422
Q6RW13_PF06396_1_153_fpocket_10	1362
Q6S9Z5_PF13913_164_188_fpocket_1	479
Q6SJ96_PF00352_168_249_fpocket_1	245
Q6SJ96_PF00352_168_249_fpocket_5	1781
Q6SJ96_PF00352_257_339_fpocket_1	989
Q6SJ96_PF00352_257_339_fpocket_2	736
Q6SZW1_PF13676_564_680_fpocket_3	1688
Q6TDP4_PF00651_83_188_fpocket_4	1060
Q6TDU7_PF12366_461_628_fpocket_17	528
Q6TDU7_PF12366_461_628_fpocket_4	897
Q6TDU7_PF15927_24_224_fpocket_3	826
Q6TDU7_PF15927_24_224_fpocket_4	1733
Q6TGC4_PF03068_293_691_fpocket_1	1079
Q6TGC4_PF03068_293_691_fpocket_25	1424
Q6TGC4_PF08526_9_120_fpocket_2	1012
Q6TGC4_PF08527_122_281_fpocket_3	23
Q6UB35_PF00763_80_180_fpocket_8	270
Q6UB35_PF01268_361_978_fpocket_41	940
Q6UB35_PF02882_204_292_fpocket_4	1828
Q6UDR6_PF00014_41_91_fpocket_1	1517
Q6UUV7_PF12884_11_64_fpocket_4	67
Q6UUV9_PF12884_6_66_fpocket_1	788
Q6UUV9_PF12886_559_634_fpocket_1	67
Q6UVJ0_PF16531_4_141_fpocket_1	147
Q6UVK1_PF16184_1474_1576_fpocket_6	356
Q6UVK1_PF16184_1707_1802_fpocket_8	447
Q6UVK1_PF16184_437_523_fpocket_8	1129
Q6UVM3_PF22614_717_837_fpocket_7	144
Q6UVW9_PF00059_76_135_fpocket_4	1215
Q6UVY6_PF01082_187_313_fpocket_1	1453
Q6UVY6_PF01082_187_313_fpocket_4	664
Q6UVY6_PF03712_334_482_fpocket_2	342
Q6UVY6_PF03712_334_482_fpocket_7	356
Q6UW32_PF14653_34_99_fpocket_1	361
Q6UW32_PF14653_34_99_fpocket_2	1086
Q6UW60_PF16470_37_113_fpocket_2	66
Q6UW63_PF00630_27_126_fpocket_3	1428
Q6UW68_PF13664_17_114_fpocket_3	151
Q6UWF3_PF15050_12_142_fpocket_10	329
Q6UWF7_PF06312_109_260_fpocket_1	273
Q6UWF7_PF24536_325_544_fpocket_7	15
Q6UWF9_PF15173_28_163_fpocket_3	1823
Q6UWH6_PF04148_1_182_fpocket_3	303
Q6UWH6_PF04148_1_182_fpocket_7	229
Q6UWI4_PF13908_35_90_fpocket_1	1651
Q6UWJ1_PF00999_280_660_fpocket_31	743
Q6UWL6_PF07679_24_109_fpocket_2	1178
Q6UWM7_PF00232_35_502_fpocket_27	707
Q6UWN0_PF00021_139_216_fpocket_1	521
Q6UWN8_PF00050_30_80_fpocket_3	151
Q6UWQ5_PF00062_20_145_fpocket_1	862
Q6UWQ5_PF00062_20_145_fpocket_5	1511
Q6UWS5_PF15786_5_68_fpocket_1	400
Q6UWS5_PF15786_5_68_fpocket_2	27
Q6UWU2_PF01301_39_354_fpocket_1	617
Q6UWU2_PF21317_401_513_fpocket_2	1380
Q6UWV6_PF01663_33_356_fpocket_8	59
Q6UWV7_PF13908_4_48_fpocket_2	627
Q6UWW8_PF00135_33_547_fpocket_26	684
Q6UWZ7_PF21125_10_172_fpocket_1	974
Q6UWZ7_PF21125_10_172_fpocket_3	1637
Q6UX01_PF04791_24_254_fpocket_2	1201
Q6UX27_PF13895_29_117_fpocket_1	781
Q6UX40_PF14995_7_128_fpocket_1	1552
Q6UX40_PF14995_7_128_fpocket_2	1163
Q6UX46_PF15129_33_149_fpocket_1	157
Q6UX46_PF15129_33_149_fpocket_4	53
Q6UX52_PF17736_27_121_fpocket_4	790
Q6UX53_PF08241_75_172_fpocket_6	296
Q6UX65_PF10277_8_233_fpocket_1	1372
Q6UX68_PF09815_6_320_fpocket_21	1187
Q6UX68_PF09815_6_320_fpocket_5	573
Q6UX73_PF15882_60_320_fpocket_1	567
Q6UX98_PF01529_94_232_fpocket_1	65
Q6UX98_PF01529_94_232_fpocket_5	1091
Q6UXC1_PF00629_271_424_fpocket_3	1530
Q6UXC1_PF00629_493_642_fpocket_5	46
Q6UXE8_PF00622_340_449_fpocket_4	261
Q6UXE8_PF00622_340_449_fpocket_6	1191
Q6UXE8_PF22705_134_209_fpocket_2	878
Q6UXF7_PF00188_52_182_fpocket_2	959
Q6UXG2_PF23032_121_270_fpocket_4	1082
Q6UXG2_PF23087_658_860_fpocket_8	1372
Q6UXG2_PF23089_863_899_fpocket_1	608
Q6UXG2_PF23089_863_899_fpocket_2	1115
Q6UXG2_PF23091_381_420_fpocket_2	290
Q6UXI7_PF03815_52_133_fpocket_1	1120
Q6UXI9_PF12947_218_253_fpocket_4	1154
Q6UXM1_PF07679_697_784_fpocket_1	1669
Q6UXN8_PF00059_134_234_fpocket_2	1781
Q6UXQ4_PF15846_23_116_fpocket_1	0
Q6UXR4_PF00079_153_306_fpocket_6	1578
Q6UXR4_PF00079_52_141_fpocket_1	1315
Q6UXR4_PF00079_52_141_fpocket_4	48
Q6UXU4_PF07803_6_132_fpocket_8	1808
Q6UXU6_PF11669_33_141_fpocket_3	1629
Q6UXV0_PF02351_131_210_fpocket_4	674
Q6UXV1_PF15005_20_164_fpocket_1	345
Q6UXV1_PF15005_20_164_fpocket_6	1440
Q6UXV4_PF09769_50_179_fpocket_10	1373
Q6UXV4_PF09769_50_179_fpocket_3	877
Q6UXX5_PF06668_1117_1297_fpocket_9	1489
Q6UXX9_PF15913_40_141_fpocket_3	1340
Q6UXY8_PF07810_724_830_fpocket_1	105
Q6UXZ3_PF07686_23_123_fpocket_4	446
Q6UXZ4_PF00090_256_302_fpocket_1	1254
Q6UXZ4_PF00090_256_302_fpocket_3	205
Q6UXZ4_PF00531_858_930_fpocket_3	1704
Q6UY14_PF05986_487_599_fpocket_3	381
Q6UY14_PF19030_727_783_fpocket_1	1685
Q6UY14_PF19236_402_484_fpocket_1	1289
Q6UYE1_PF15760_28_221_fpocket_1	19
Q6V0I7_PF25374_44_127_fpocket_2	1053
Q6V702_PF14713_13_232_fpocket_3	241
Q6VAB6_PF13543_90_152_fpocket_2	796
Q6VAB6_PF20406_24_76_fpocket_3	34
Q6VMQ6_PF16788_564_775_fpocket_6	1279
Q6VMQ6_PF16794_1160_1260_fpocket_1	71
Q6VMQ6_PF16794_1160_1260_fpocket_6	384
Q6VN20_PF08513_257_279_fpocket_3	667
Q6VN20_PF10607_509_598_fpocket_5	363
Q6VUC0_PF03299_218_410_fpocket_1	162
Q6VUC0_PF03299_218_410_fpocket_5	227
Q6VVB1_PF14634_25_73_fpocket_1	158
Q6VY07_PF10254_548_958_fpocket_7	1807
Q6W3E5_PF03009_203_451_fpocket_1	1672
Q6W4X9_PF00094_868_1017_fpocket_11	425
Q6W4X9_PF08742_241_298_fpocket_1	357
Q6WBX8_PF04139_14_273_fpocket_22	858
Q6WN34_PF00093_252_314_fpocket_2	1
Q6WN34_PF19548_348_415_fpocket_7	525
Q6X784_PF07354_39_138_fpocket_1	1619
Q6X784_PF07354_39_138_fpocket_5	87
Q6XE38_PF01099_1_79_fpocket_1	250
Q6XPS3_PF10409_391_521_fpocket_1	345
Q6XPS3_PF10409_391_521_fpocket_3	800
Q6XPS3_PF22784_280_337_fpocket_1	666
Q6XQN6_PF17767_16_143_fpocket_3	1079
Q6XQN6_PF17767_16_143_fpocket_5	715
Q6XQN6_PF17956_421_528_fpocket_1	97
Q6XQN6_PF17956_421_528_fpocket_6	53
Q6XR72_PF16916_311_383_fpocket_3	90
Q6XZB0_PF00151_38_333_fpocket_1	906
Q6XZF7_PF00018_8_53_fpocket_1	1247
Q6XZF7_PF03114_998_1205_fpocket_2	1694
Q6XZF7_PF14604_158_200_fpocket_1	249
Q6Y288_PF02434_119_211_fpocket_1	683
Q6Y288_PF02434_119_211_fpocket_5	368
Q6Y288_PF02434_263_473_fpocket_3	492
Q6Y2X3_PF00226_444_504_fpocket_3	383
Q6Y2X3_PF14901_531_619_fpocket_1	553
Q6Y2X3_PF14901_531_619_fpocket_4	771
Q6YFQ2_PF02297_21_84_fpocket_2	107
Q6YFQ2_PF02297_21_84_fpocket_4	987
Q6YHK3_PF07703_468_599_fpocket_1	1789
Q6YHK3_PF17791_223_300_fpocket_6	1392
Q6YI46_PF09335_180_294_fpocket_1	524
Q6ZMB5_PF03619_58_329_fpocket_4	1653
Q6ZMH5_PF02535_213_526_fpocket_1	638
Q6ZMH5_PF02535_213_526_fpocket_17	1328
Q6ZMI0_PF10212_255_505_fpocket_11	379
Q6ZMJ4_PF15036_29_184_fpocket_2	631
Q6ZMJ4_PF15036_29_184_fpocket_5	567
Q6ZMM2_PF00090_49_96_fpocket_2	1677
Q6ZMP0_PF19236_324_411_fpocket_4	945
Q6ZMR3_PF02866_164_328_fpocket_3	572
Q6ZMR5_PF01390_49_150_fpocket_4	214
Q6ZMT4_PF17811_373_476_fpocket_1	836
Q6ZMV5_PF22972_6_101_fpocket_1	466
Q6ZMY3_PF07500_608_718_fpocket_6	1101
Q6ZMZ0_PF01485_187_251_fpocket_2	1430
Q6ZMZ3_PF10541_920_975_fpocket_1	395
Q6ZN17_PF00313_31_101_fpocket_2	674
Q6ZN28_PF23637_732_841_fpocket_1	1626
Q6ZN28_PF23637_732_841_fpocket_8	709
Q6ZN28_PF23640_366_510_fpocket_2	1004
Q6ZN28_PF24094_617_723_fpocket_1	617
Q6ZN28_PF24094_617_723_fpocket_6	925
Q6ZN44_PF17217_589_727_fpocket_1	113
Q6ZN44_PF17217_589_727_fpocket_3	647
Q6ZN54_PF13901_295_495_fpocket_18	514
Q6ZN66_PF02263_18_281_fpocket_20	954
Q6ZN66_PF02841_283_579_fpocket_3	517
Q6ZN84_PF14908_8_93_fpocket_1	1341
Q6ZN84_PF18289_103_177_fpocket_4	1178
Q6ZNB5_PF01834_1_150_fpocket_15	311
Q6ZNB6_PF01422_424_442_fpocket_1	903
Q6ZNB7_PF04116_119_249_fpocket_3	317
Q6ZNB7_PF24858_335_422_fpocket_1	309
Q6ZNE5_PF10186_43_336_fpocket_12	103
Q6ZNE9_PF25366_418_508_fpocket_2	1097
Q6ZNE9_PF25366_418_508_fpocket_6	581
Q6ZNF0_PF00149_135_337_fpocket_5	1775
Q6ZNF0_PF14008_362_423_fpocket_1	1620
Q6ZNF0_PF16656_32_124_fpocket_1	1148
Q6ZNG2_PF00046_189_243_fpocket_3	289
Q6ZNI0_PF02485_111_373_fpocket_22	1761
Q6ZNJ1_PF02138_2066_2345_fpocket_10	306
Q6ZNJ1_PF02138_2066_2345_fpocket_2	1233
Q6ZNJ1_PF14844_1926_2003_fpocket_3	586
Q6ZNJ1_PF16057_1587_1861_fpocket_6	60
Q6ZNW5_PF26216_241_380_fpocket_4	933
Q6ZNW5_PF26216_241_380_fpocket_5	1143
Q6ZNW5_PF26217_59_222_fpocket_1	1486
Q6ZNW5_PF26217_59_222_fpocket_3	827
Q6ZP01_PF24905_994_1045_fpocket_1	1229
Q6ZP80_PF13903_15_220_fpocket_1	486
Q6ZPD8_PF03982_39_336_fpocket_5	123
Q6ZPD9_PF10034_56_712_fpocket_51	373
Q6ZQW0_PF01231_16_400_fpocket_21	600
Q6ZQY3_PF00282_77_444_fpocket_2	424
Q6ZQY3_PF00282_77_444_fpocket_31	1496
Q6ZR08_PF03028_2491_2606_fpocket_3	269
Q6ZR08_PF12774_1215_1541_fpocket_4	312
Q6ZR08_PF12775_1856_2033_fpocket_11	1472
Q6ZR08_PF12780_2227_2301_fpocket_1	344
Q6ZR08_PF18198_2642_2780_fpocket_1	723
Q6ZR37_PF15720_2_187_fpocket_1	367
Q6ZR37_PF15720_2_187_fpocket_3	422
Q6ZRH7_PF22840_44_203_fpocket_1	956
Q6ZRH7_PF22840_44_203_fpocket_16	448
Q6ZRH7_PF22846_905_1106_fpocket_4	9
Q6ZRH7_PF22851_753_879_fpocket_2	1438
Q6ZRH7_PF22851_753_879_fpocket_9	729
Q6ZRI0_PF05270_1305_1392_fpocket_1	1085
Q6ZRI0_PF25960_2669_2732_fpocket_5	177
Q6ZRI0_PF25962_1409_1464_fpocket_1	325
Q6ZRP7_PF18108_185_291_fpocket_5	1168
Q6ZRP7_PF18108_185_291_fpocket_7	220
Q6ZRP7_PF18371_318_421_fpocket_1	33
Q6ZRQ5_PF14911_852_1227_fpocket_2	755
Q6ZRS2_PF07529_128_195_fpocket_7	1062
Q6ZRS4_PF14723_846_934_fpocket_2	111
Q6ZRS4_PF14723_846_934_fpocket_7	334
Q6ZRV2_PF07894_14_283_fpocket_12	1137
Q6ZS30_PF02138_2005_2284_fpocket_1	948
Q6ZS30_PF16057_1580_1833_fpocket_4	978
Q6ZS86_PF00370_21_282_fpocket_1	1010
Q6ZSI9_PF00648_46_339_fpocket_24	949
Q6ZSJ8_PF15855_10_110_fpocket_2	32
Q6ZSS7_PF12832_71_604_fpocket_1	1486
Q6ZSZ5_PF17838_672_786_fpocket_1	1643
Q6ZSZ5_PF17838_672_786_fpocket_3	221
Q6ZSZ6_PF26094_893_957_fpocket_1	248
Q6ZSZ6_PF26094_893_957_fpocket_2	781
Q6ZT07_PF00566_519_722_fpocket_12	1685
Q6ZT07_PF00566_519_722_fpocket_9	490
Q6ZT07_PF02893_147_251_fpocket_2	456
Q6ZT07_PF02893_295_402_fpocket_1	892
Q6ZT12_PF22960_787_889_fpocket_5	295
Q6ZT52_PF14719_71_266_fpocket_1	710
Q6ZT52_PF14719_71_266_fpocket_6	1019
Q6ZT62_PF00620_300_443_fpocket_2	1268
Q6ZT62_PF03114_41_258_fpocket_12	155
Q6ZT62_PF13242_592_670_fpocket_1	1686
Q6ZT62_PF13242_592_670_fpocket_2	834
Q6ZTI6_PF15068_1_202_fpocket_4	1034
Q6ZTK2_PF21013_4_530_fpocket_33	138
Q6ZTK2_PF21013_4_530_fpocket_40	1782
Q6ZTR7_PF06730_6_216_fpocket_11	281
Q6ZTW0_PF24480_94_287_fpocket_4	1637
Q6ZTZ1_PF13837_44_129_fpocket_2	417
Q6ZU15_PF00735_49_317_fpocket_8	1785
Q6ZU64_PF24291_1290_1409_fpocket_1	1323
Q6ZU64_PF24291_1290_1409_fpocket_2	694
Q6ZU64_PF24507_471_564_fpocket_1	161
Q6ZU64_PF24816_1106_1287_fpocket_1	384
Q6ZU64_PF24816_1106_1287_fpocket_3	432
Q6ZU64_PF25249_883_958_fpocket_1	409
Q6ZU64_PF25249_883_958_fpocket_2	123
Q6ZU65_PF14075_448_662_fpocket_2	772
Q6ZUI0_PF12456_66_170_fpocket_5	63
Q6ZUI0_PF12456_66_170_fpocket_6	192
Q6ZUJ8_PF14545_180_318_fpocket_2	1566
Q6ZUK4_PF09772_4_303_fpocket_12	1062
Q6ZUS5_PF14988_35_240_fpocket_1	1863
Q6ZUT1_PF15692_88_163_fpocket_1	280
Q6ZUT3_PF09379_6_69_fpocket_2	1215
Q6ZUT6_PF15266_182_349_fpocket_5	755
Q6ZUT9_PF02759_780_924_fpocket_1	1848
Q6ZUT9_PF03455_541_592_fpocket_2	734
Q6ZUV0_PF03061_4_71_fpocket_2	1489
Q6ZUX7_PF10242_10_204_fpocket_5	914
Q6ZUX7_PF10242_10_204_fpocket_6	1680
Q6ZV29_PF00027_595_680_fpocket_4	67
Q6ZV29_PF01734_928_1093_fpocket_1	1231
Q6ZV29_PF24179_728_923_fpocket_4	771
Q6ZV29_PF24179_728_923_fpocket_8	485
Q6ZV50_PF02257_22_96_fpocket_1	1229
Q6ZV50_PF25340_178_446_fpocket_5	194
Q6ZV65_PF14642_23_181_fpocket_4	811
Q6ZVC0_PF15439_4_425_fpocket_3	1840
Q6ZVC0_PF15452_575_841_fpocket_8	759
Q6ZVD7_PF10264_111_189_fpocket_4	29
Q6ZVD8_PF23010_58_138_fpocket_11	297
Q6ZVK1_PF26158_7_215_fpocket_1	1057
Q6ZVK1_PF26158_7_215_fpocket_8	887
Q6ZVM7_PF03127_232_306_fpocket_2	1738
Q6ZVM7_PF03127_232_306_fpocket_5	1130
Q6ZVN8_PF06534_164_389_fpocket_1	53
Q6ZVS7_PF14886_18_121_fpocket_3	920
Q6ZVT0_PF03133_282_540_fpocket_19	1357
Q6ZVT6_PF05018_3_49_fpocket_3	123
Q6ZVW7_PF15037_108_454_fpocket_17	481
Q6ZVX7_PF04300_98_271_fpocket_4	394
Q6ZVX7_PF04300_98_271_fpocket_9	1468
Q6ZVX9_PF03006_81_321_fpocket_14	151
Q6ZW05_PF02460_241_391_fpocket_1	1273
Q6ZW31_PF25336_266_385_fpocket_1	106
Q6ZW31_PF25336_266_385_fpocket_4	44
Q6ZW49_PF12738_103_165_fpocket_1	489
Q6ZW49_PF12738_103_165_fpocket_4	1341
Q6ZW61_PF00118_308_561_fpocket_16	1125
Q6ZW61_PF00118_308_561_fpocket_9	533
Q6ZWB6_PF23110_207_321_fpocket_4	594
Q6ZWE6_PF00169_363_454_fpocket_1	523
Q6ZWE6_PF13901_529_728_fpocket_8	232
Q6ZWJ8_PF23334_902_956_fpocket_3	572
Q6ZWK4_PF15763_7_172_fpocket_5	121
Q6ZWK6_PF01390_59_164_fpocket_1	549
Q6ZXV5_PF08409_259_330_fpocket_1	64
Q709C8_PF25037_3594_3701_fpocket_6	1001
Q709C8_PF25037_3594_3701_fpocket_9	961
Q709F0_PF01636_46_267_fpocket_1	1021
Q709F0_PF02770_503_604_fpocket_2	213
Q709F0_PF02770_503_604_fpocket_3	616
Q70CQ2_PF00443_1894_2236_fpocket_19	1746
Q70CQ2_PF00443_1894_2236_fpocket_2	273
Q70CQ2_PF12030_2359_2464_fpocket_3	593
Q70CQ2_PF12030_2359_2464_fpocket_4	320
Q70CQ4_PF00443_128_762_fpocket_40	1285
Q70E73_PF00169_398_504_fpocket_6	106
Q70E73_PF21989_269_353_fpocket_3	1654
Q70EK8_PF00443_38_348_fpocket_2	1024
Q70EK8_PF00443_38_348_fpocket_22	719
Q70IA6_PF03637_33_199_fpocket_2	1231
Q70IA8_PF03637_35_207_fpocket_9	365
Q70JA7_PF05679_328_864_fpocket_44	227
Q70Z44_PF02931_51_132_fpocket_5	1134
Q70Z53_PF09725_104_219_fpocket_1	66
Q719I0_PF09229_29_158_fpocket_2	522
Q71F23_PF13097_144_320_fpocket_6	1083
Q71F56_PF11597_13_223_fpocket_1	141
Q71RC2_PF05383_123_179_fpocket_1	791
Q71RC2_PF26088_197_301_fpocket_2	280
Q71RC9_PF15831_8_62_fpocket_4	335
Q71SY5_PF11265_13_226_fpocket_2	229
Q71U36_PF03953_263_392_fpocket_1	834
Q71UI9_PF00125_10_93_fpocket_2	1458
Q71UI9_PF16211_95_127_fpocket_4	448
Q71UM5_PF01667_28_82_fpocket_3	1646
Q75LS8_PF00254_1_46_fpocket_1	1224
Q75N03_PF18408_161_192_fpocket_1	1242
Q75T13_PF07819_83_301_fpocket_15	293
Q75T13_PF07819_83_301_fpocket_9	352
Q75T13_PF24660_462_595_fpocket_1	188
Q75T13_PF25140_597_921_fpocket_8	909
Q75T13_PF25141_349_457_fpocket_1	1777
Q75T13_PF25141_349_457_fpocket_7	655
Q75VX8_PF12736_29_309_fpocket_15	1290
Q76B58_PF19052_319_766_fpocket_2	1502
Q76B58_PF25415_259_292_fpocket_2	189
Q76I76_PF08766_250_302_fpocket_2	1527
Q76I76_PF08766_250_302_fpocket_3	507
Q76I76_PF23040_76_224_fpocket_2	151
Q76I76_PF23040_76_224_fpocket_6	12
Q76KD6_PF15058_1_228_fpocket_10	113
Q76LX8_PF00090_388_438_fpocket_2	579
Q76LX8_PF05986_558_680_fpocket_1	1157
Q76LX8_PF19236_441_555_fpocket_6	831
Q76LX8_PF19236_441_555_fpocket_7	1095
Q76M96_PF13778_616_748_fpocket_12	796
Q76M96_PF13778_771_902_fpocket_7	401
Q76MJ5_PF06479_787_910_fpocket_4	1060
Q76N89_PF16562_65_183_fpocket_4	1
Q76N89_PF18436_949_1014_fpocket_2	606
Q76N89_PF18436_949_1014_fpocket_3	1274
Q76NI1_PF00618_1250_1348_fpocket_1	741
Q76NI1_PF00618_1250_1348_fpocket_4	323
Q76NI1_PF16474_37_161_fpocket_5	830
Q7KYR7_PF22705_145_231_fpocket_2	742
Q7KZ85_PF00575_1227_1282_fpocket_1	371
Q7KZ85_PF14633_1300_1514_fpocket_4	1113
Q7KZ85_PF14635_935_1038_fpocket_5	412
Q7KZ85_PF14635_935_1038_fpocket_7	47
Q7KZ85_PF14639_775_931_fpocket_2	536
Q7KZ85_PF14639_775_931_fpocket_5	573
Q7KZ85_PF17674_1051_1138_fpocket_1	1600
Q7KZ85_PF22706_565_743_fpocket_2	25
Q7KZ85_PF22706_565_743_fpocket_5	360
Q7KZF4_PF00565_220_327_fpocket_1	1724
Q7KZF4_PF00565_220_327_fpocket_6	364
Q7KZF4_PF00565_51_166_fpocket_2	1283
Q7KZF4_PF00565_847_894_fpocket_1	1258
Q7KZF4_PF00565_847_894_fpocket_3	915
Q7KZI7_PF00069_53_304_fpocket_19	382
Q7KZI7_PF00627_325_360_fpocket_1	975
Q7KZI7_PF02149_746_788_fpocket_2	800
Q7KZN9_PF02628_71_396_fpocket_24	1158
Q7KZN9_PF02628_71_396_fpocket_25	1126
Q7L014_PF00271_605_714_fpocket_3	1308
Q7L014_PF23469_933_1012_fpocket_3	331
Q7L014_PF23469_933_1012_fpocket_4	975
Q7L099_PF02759_103_225_fpocket_6	572
Q7L0J3_PF07690_599_734_fpocket_1	198
Q7L190_PF14047_227_294_fpocket_1	748
Q7L190_PF14047_227_294_fpocket_2	1362
Q7L1S5_PF03567_205_438_fpocket_1	1336
Q7L1S5_PF03567_205_438_fpocket_14	84
Q7L1T6_PF00970_278_383_fpocket_1	1474
Q7L1V2_PF19036_110_232_fpocket_10	1073
Q7L1V2_PF19036_110_232_fpocket_5	303
Q7L1V2_PF19038_409_516_fpocket_2	1447
Q7L1W4_PF12534_1_384_fpocket_4	1232
Q7L211_PF00561_115_231_fpocket_6	181
Q7L273_PF11834_2_64_fpocket_1	103
Q7L273_PF11834_2_64_fpocket_2	1826
Q7L2E3_PF07717_1016_1102_fpocket_1	827
Q7L2E3_PF21010_880_938_fpocket_3	682
Q7L2E3_PF24995_48_123_fpocket_2	30
Q7L2H7_PF18005_340_367_fpocket_1	1279
Q7L2J0_PF06859_575_683_fpocket_4	90
Q7L2K0_PF15764_148_431_fpocket_14	1523
Q7L2K0_PF15764_148_431_fpocket_2	723
Q7L2Z9_PF13094_116_266_fpocket_2	34
Q7L2Z9_PF13094_116_266_fpocket_6	987
Q7L3B6_PF08565_174_271_fpocket_7	121
Q7L3T8_PF03129_371_443_fpocket_1	312
Q7L3T8_PF03129_371_443_fpocket_4	540
Q7L3V2_PF16297_99_178_fpocket_3	1600
Q7L4E1_PF10265_32_568_fpocket_26	36
Q7L4E1_PF10265_32_568_fpocket_31	139
Q7L4P6_PF10523_323_400_fpocket_3	1744
Q7L523_PF04670_9_235_fpocket_3	974
Q7L576_PF05994_342_1225_fpocket_54	294
Q7L576_PF07159_64_273_fpocket_2	167
Q7L590_PF09329_382_427_fpocket_1	220
Q7L590_PF09329_382_427_fpocket_2	1178
Q7L590_PF09332_818_873_fpocket_4	485
Q7L590_PF09332_818_873_fpocket_5	1438
Q7L590_PF22379_250_379_fpocket_3	1066
Q7L590_PF24863_525_817_fpocket_9	224
Q7L591_PF02174_220_310_fpocket_5	676
Q7L592_PF02636_100_353_fpocket_11	478
Q7L592_PF02636_100_353_fpocket_16	1810
Q7L5A3_PF13889_480_536_fpocket_5	1382
Q7L5A3_PF13915_348_401_fpocket_1	1054
Q7L5A8_PF00173_13_85_fpocket_4	1757
Q7L5L3_PF03009_44_302_fpocket_9	408
Q7L5N1_PF01398_39_147_fpocket_11	912
Q7L5Y1_PF02746_35_138_fpocket_3	371
Q7L5Y1_PF02746_35_138_fpocket_4	1369
Q7L5Y1_PF13378_205_421_fpocket_12	131
Q7L5Y1_PF13378_205_421_fpocket_2	1043
Q7L5Y6_PF09737_142_547_fpocket_26	13
Q7L5Y9_PF10607_160_301_fpocket_1	497
Q7L5Y9_PF10607_160_301_fpocket_9	1228
Q7L622_PF00632_433_692_fpocket_2	79
Q7L622_PF26054_227_286_fpocket_1	229
Q7L622_PF26054_227_286_fpocket_2	510
Q7L775_PF18658_21_76_fpocket_2	515
Q7L7V1_PF07717_616_696_fpocket_5	469
Q7L8A9_PF14822_58_302_fpocket_11	53
Q7L8J4_PF05276_54_276_fpocket_2	211
Q7L8L6_PF08368_512_602_fpocket_1	618
Q7L8L6_PF08368_512_602_fpocket_2	199
Q7L8L6_PF08373_700_758_fpocket_1	571
Q7L8L6_PF08373_700_758_fpocket_3	164
Q7L8W6_PF01902_1_234_fpocket_1	522
Q7L8W6_PF01902_1_234_fpocket_9	123
Q7L9B9_PF03372_264_505_fpocket_19	90
Q7L9B9_PF12836_136_195_fpocket_7	220
Q7L9B9_PF12836_35_96_fpocket_2	62
Q7L9L4_PF03637_33_204_fpocket_1	312
Q7LBC6_PF22988_90_188_fpocket_9	1498
Q7LBC6_PF22989_8_79_fpocket_7	1289
Q7LBE3_PF00916_73_468_fpocket_3	1063
Q7LBR1_PF03357_11_169_fpocket_4	198
Q7LC44_PF18162_278_359_fpocket_4	5
Q7LC44_PF19284_46_154_fpocket_1	626
Q7LC44_PF19284_46_154_fpocket_4	1087
Q7LDG7_PF00617_157_325_fpocket_5	504
Q7LDG7_PF00618_10_102_fpocket_2	892
Q7LDI9_PF02337_12_93_fpocket_1	275
Q7LDI9_PF02337_12_93_fpocket_5	928
Q7LG56_PF00268_41_308_fpocket_1	1040
Q7LG56_PF00268_41_308_fpocket_2	249
Q7LGA3_PF03567_72_320_fpocket_3	856
Q7LGC8_PF00685_133_451_fpocket_14	106
Q7RTM1_PF03189_257_450_fpocket_2	445
Q7RTM1_PF03189_257_450_fpocket_8	640
Q7RTM1_PF03189_536_598_fpocket_1	978
Q7RTP0_PF05653_30_313_fpocket_15	497
Q7RTP6_PF01494_87_123_fpocket_1	1135
Q7RTP6_PF01494_87_123_fpocket_6	316
Q7RTP6_PF12130_1854_1988_fpocket_1	213
Q7RTR0_PF17779_392_442_fpocket_1	421
Q7RTS5_PF03189_284_475_fpocket_5	971
Q7RTS5_PF03189_284_475_fpocket_6	1083
Q7RTS5_PF03189_517_582_fpocket_1	498
Q7RTS5_PF03189_517_582_fpocket_5	326
Q7RTS6_PF03189_102_439_fpocket_19	259
Q7RTS6_PF03189_482_548_fpocket_3	987
Q7RTS9_PF09742_1_646_fpocket_48	1530
Q7RTV2_PF00043_100_192_fpocket_5	959
Q7RTV2_PF02798_6_77_fpocket_1	1777
Q7RTV5_PF13911_85_196_fpocket_11	1184
Q7RTX0_PF07562_495_547_fpocket_1	1627
Q7RTX1_PF01094_76_457_fpocket_24	1350
Q7RTY0_PF07690_21_301_fpocket_3	1274
Q7RTY1_PF07690_20_195_fpocket_3	170
Q7RTY8_PF00431_268_357_fpocket_1	1098
Q7RTZ1_PF00089_52_294_fpocket_1	802
Q7Z2E3_PF11969_188_292_fpocket_4	142
Q7Z2E3_PF16278_297_356_fpocket_1	191
Q7Z2E3_PF17913_19_89_fpocket_4	1070
Q7Z2F6_PF01352_4_44_fpocket_2	34
Q7Z2H8_PF01490_46_455_fpocket_2	149
Q7Z2K6_PF22248_681_902_fpocket_10	1499
Q7Z2K6_PF22248_681_902_fpocket_3	1807
Q7Z2K6_PF22249_446_667_fpocket_2	24
Q7Z2T5_PF02005_242_563_fpocket_1	1798
Q7Z2T5_PF02005_629_687_fpocket_1	1261
Q7Z2T5_PF02005_629_687_fpocket_2	386
Q7Z2W4_PF00644_739_852_fpocket_5	1671
Q7Z2W4_PF02825_607_679_fpocket_1	100
Q7Z2W4_PF18606_5_66_fpocket_2	1158
Q7Z2W4_PF18606_5_66_fpocket_3	1850
Q7Z2W4_PF18633_143_170_fpocket_1	1020
Q7Z2W4_PF23466_536_590_fpocket_1	467
Q7Z2W7_PF00520_743_989_fpocket_13	488
Q7Z2W7_PF18139_116_387_fpocket_23	299
Q7Z2W7_PF25508_445_513_fpocket_4	305
Q7Z2W9_PF00829_96_198_fpocket_1	409
Q7Z2W9_PF00829_96_198_fpocket_8	1094
Q7Z2X4_PF14719_92_233_fpocket_3	507
Q7Z2Z1_PF21854_5_199_fpocket_17	630
Q7Z2Z1_PF21855_639_792_fpocket_3	1080
Q7Z2Z1_PF21855_639_792_fpocket_8	1230
Q7Z2Z2_PF00009_18_244_fpocket_12	89
Q7Z2Z2_PF00009_18_244_fpocket_2	838
Q7Z2Z2_PF00679_983_1064_fpocket_1	107
Q7Z2Z2_PF00679_983_1064_fpocket_2	1029
Q7Z2Z2_PF25118_754_839_fpocket_4	1483
Q7Z304_PF00629_47_167_fpocket_1	802
Q7Z304_PF00629_47_167_fpocket_3	1008
Q7Z333_PF13086_1934_2217_fpocket_2	1227
Q7Z333_PF13087_2226_2424_fpocket_15	12
Q7Z388_PF10034_60_715_fpocket_52	320
Q7Z392_PF12742_1036_1095_fpocket_3	1265
Q7Z392_PF12742_1036_1095_fpocket_4	1794
Q7Z3B0_PF15086_4_70_fpocket_1	516
Q7Z3B0_PF15086_4_70_fpocket_2	854
Q7Z3B3_PF15275_885_1035_fpocket_1	1801
Q7Z3B4_PF18437_453_491_fpocket_1	456
Q7Z3B4_PF18437_453_491_fpocket_2	490
Q7Z3C6_PF04109_37_525_fpocket_30	1554
Q7Z3C6_PF04109_37_525_fpocket_34	937
Q7Z3D6_PF14336_298_608_fpocket_3	1441
Q7Z3D6_PF14336_298_608_fpocket_4	628
Q7Z3E1_PF00644_474_649_fpocket_5	856
Q7Z3E5_PF21051_8_39_fpocket_1	57
Q7Z3E5_PF23138_57_187_fpocket_1	447
Q7Z3E5_PF23138_57_187_fpocket_3	25
Q7Z3F1_PF00610_767_833_fpocket_2	270
Q7Z3F1_PF03547_45_360_fpocket_19	1771
Q7Z3F1_PF03547_45_360_fpocket_22	543
Q7Z3G6_PF00412_195_249_fpocket_4	1805
Q7Z3G6_PF00412_255_308_fpocket_3	359
Q7Z3J3_PF16704_1641_1706_fpocket_1	1420
Q7Z3K3_PF25414_812_843_fpocket_1	1320
Q7Z3K3_PF25429_750_791_fpocket_2	143
Q7Z3K3_PF25429_750_791_fpocket_3	1668
Q7Z3S7_PF08399_148_264_fpocket_4	143
Q7Z3S7_PF08399_148_264_fpocket_5	1470
Q7Z3S7_PF08473_687_1110_fpocket_19	1794
Q7Z3S7_PF08473_687_1110_fpocket_32	1446
Q7Z3S7_PF13768_291_453_fpocket_3	1449
Q7Z3S7_PF13768_291_453_fpocket_6	1507
Q7Z3U7_PF09324_851_930_fpocket_1	532
Q7Z3Z2_PF14473_6_133_fpocket_1	1226
Q7Z3Z4_PF02170_274_405_fpocket_1	79
Q7Z3Z4_PF02171_546_838_fpocket_1	139
Q7Z3Z4_PF23278_121_194_fpocket_3	816
Q7Z401_PF02141_309_492_fpocket_10	1007
Q7Z401_PF03455_599_648_fpocket_2	1839
Q7Z401_PF03455_599_648_fpocket_3	1617
Q7Z402_PF07810_486_597_fpocket_6	847
Q7Z404_PF07810_475_585_fpocket_7	745
Q7Z407_PF00084_3056_3109_fpocket_1	867
Q7Z407_PF00431_1939_2044_fpocket_2	926
Q7Z407_PF00431_2111_2216_fpocket_1	997
Q7Z407_PF00431_65_170_fpocket_2	1283
Q7Z408_PF00084_343_400_fpocket_1	1392
Q7Z408_PF00431_1796_1901_fpocket_1	318
Q7Z408_PF00431_1968_2073_fpocket_3	1163
Q7Z410_PF00089_504_731_fpocket_3	17
Q7Z412_PF07163_1_301_fpocket_1	1599
Q7Z419_PF01485_102_166_fpocket_1	797
Q7Z434_PF16739_6_90_fpocket_1	917
Q7Z442_PF08016_2180_2400_fpocket_12	263
Q7Z443_PF01477_745_859_fpocket_1	131
Q7Z465_PF13716_213_349_fpocket_3	1384
Q7Z478_PF00270_580_739_fpocket_4	1330
Q7Z478_PF04408_1049_1078_fpocket_1	226
Q7Z478_PF24385_431_508_fpocket_4	982
Q7Z478_PF26026_1309_1366_fpocket_7	688
Q7Z494_PF24883_526_650_fpocket_11	1505
Q7Z494_PF24884_675_834_fpocket_4	1835
Q7Z4G4_PF01170_190_320_fpocket_1	871
Q7Z4G4_PF01170_190_320_fpocket_6	1372
Q7Z4G4_PF25904_9_180_fpocket_3	1601
Q7Z4H3_PF13023_24_176_fpocket_11	697
Q7Z4H8_PF05686_153_486_fpocket_2	1194
Q7Z4H8_PF05686_153_486_fpocket_27	1798
Q7Z4J2_PF03414_24_276_fpocket_1	1590
Q7Z4K8_PF18568_373_422_fpocket_1	1210
Q7Z4K8_PF18568_373_422_fpocket_2	581
Q7Z4M0_PF15165_21_261_fpocket_1	1413
Q7Z4M0_PF15165_21_261_fpocket_15	269
Q7Z4N2_PF16519_1179_1234_fpocket_1	1389
Q7Z4N2_PF16519_1179_1234_fpocket_5	444
Q7Z4N2_PF18139_70_335_fpocket_2	845
Q7Z4N2_PF25508_460_726_fpocket_1	1233
Q7Z4N8_PF08336_35_160_fpocket_9	572
Q7Z4R8_PF17065_8_191_fpocket_4	1556
Q7Z4S6_PF00225_15_371_fpocket_15	1778
Q7Z4S6_PF23204_422_510_fpocket_2	334
Q7Z4S6_PF23204_422_510_fpocket_3	1408
Q7Z4S6_PF25764_620_802_fpocket_2	34
Q7Z4T9_PF14738_191_343_fpocket_6	1279
Q7Z4V5_PF11467_472_570_fpocket_1	929
Q7Z4W2_PF00062_20_145_fpocket_2	1503
Q7Z4Y8_PF04718_11_100_fpocket_3	463
Q7Z553_PF13927_242_314_fpocket_2	214
Q7Z569_PF02148_317_377_fpocket_3	748
Q7Z569_PF07576_155_251_fpocket_1	1387
Q7Z569_PF07576_155_251_fpocket_2	744
Q7Z589_PF03735_17_85_fpocket_1	162
Q7Z591_PF12443_598_696_fpocket_12	638
Q7Z5A8_PF12020_44_131_fpocket_2	159
Q7Z5A9_PF12020_41_129_fpocket_2	461
Q7Z5D8_PF00046_109_157_fpocket_1	730
Q7Z5G4_PF10256_12_124_fpocket_1	1662
Q7Z5G4_PF10256_12_124_fpocket_7	770
Q7Z5J1_PF00106_32_207_fpocket_9	60
Q7Z5J4_PF13771_1825_1903_fpocket_3	39
Q7Z5L4_PF15212_25_64_fpocket_2	95
Q7Z5L9_PF11261_12_63_fpocket_1	541
Q7Z5L9_PF25454_504_575_fpocket_3	898
Q7Z5M8_PF12146_141_258_fpocket_2	731
Q7Z5P9_PF08742_1006_1071_fpocket_1	280
Q7Z5P9_PF08742_1469_1537_fpocket_3	76
Q7Z5Q1_PF16366_513_575_fpocket_3	1137
Q7Z5Q5_PF00476_448_853_fpocket_29	1771
Q7Z5Q5_PF18049_198_416_fpocket_3	1297
Q7Z5R6_PF21989_176_259_fpocket_1	1660
Q7Z5S9_PF07857_9_344_fpocket_1	468
Q7Z5W3_PF06859_158_263_fpocket_1	414
Q7Z5W3_PF06859_158_263_fpocket_7	1139
Q7Z695_PF03109_293_526_fpocket_7	905
Q7Z698_PF00568_14_118_fpocket_6	58
Q7Z699_PF05210_332_435_fpocket_3	410
Q7Z6E9_PF04564_253_325_fpocket_2	112
Q7Z6E9_PF04564_253_325_fpocket_3	399
Q7Z6E9_PF08783_4_76_fpocket_1	1415
Q7Z6E9_PF08783_4_76_fpocket_2	585
Q7Z6G3_PF03992_288_358_fpocket_4	779
Q7Z6J4_PF22697_317_414_fpocket_4	25
Q7Z6J4_PF22697_317_414_fpocket_5	541
Q7Z6J6_PF00373_101_210_fpocket_1	1226
Q7Z6J8_PF09814_13_384_fpocket_13	408
Q7Z6J9_PF12928_63_129_fpocket_1	263
Q7Z6J9_PF12928_63_129_fpocket_2	445
Q7Z6K1_PF05485_5_84_fpocket_4	1766
Q7Z6L1_PF06398_70_165_fpocket_2	1772
Q7Z6L1_PF06398_815_916_fpocket_1	1653
Q7Z6L1_PF06398_815_916_fpocket_3	167
Q7Z6M3_PF17736_132_205_fpocket_2	1521
Q7Z6M4_PF02536_98_301_fpocket_4	1533
Q7Z6M4_PF02536_98_301_fpocket_5	1757
Q7Z6W7_PF00226_3_66_fpocket_1	530
Q7Z6Z6_PF01734_12_178_fpocket_1	416
Q7Z6Z7_PF00632_4069_4373_fpocket_5	1660
Q7Z6Z7_PF06012_91_367_fpocket_1	1079
Q7Z6Z7_PF06012_91_367_fpocket_3	517
Q7Z736_PF00784_288_397_fpocket_3	1199
Q7Z739_PF04146_417_550_fpocket_2	622
Q7Z769_PF03151_22_294_fpocket_20	564
Q7Z7A3_PF01171_54_237_fpocket_1	1824
Q7Z7A3_PF16503_285_315_fpocket_1	169
Q7Z7A4_PF00787_45_121_fpocket_5	593
Q7Z7B0_PF09727_74_255_fpocket_2	27
Q7Z7B0_PF09727_74_255_fpocket_7	997
Q7Z7B1_PF06423_4_494_fpocket_1	1496
Q7Z7B1_PF06423_4_494_fpocket_42	46
Q7Z7C7_PF23175_36_115_fpocket_1	920
Q7Z7C7_PF23175_36_115_fpocket_7	159
Q7Z7C8_PF07524_32_106_fpocket_5	1839
Q7Z7C8_PF10406_145_193_fpocket_2	412
Q7Z7C8_PF10406_145_193_fpocket_3	596
Q7Z7D3_PF22705_153_232_fpocket_4	537
Q7Z7F0_PF22675_244_317_fpocket_2	241
Q7Z7F0_PF23469_104_187_fpocket_3	87
Q7Z7F0_PF23469_104_187_fpocket_4	1690
Q7Z7F7_PF09776_11_125_fpocket_1	202
Q7Z7F7_PF09776_11_125_fpocket_5	776
Q7Z7G1_PF00017_309_392_fpocket_1	255
Q7Z7G2_PF05835_1_140_fpocket_8	243
Q7Z7G8_PF25036_2631_2714_fpocket_1	1513
Q7Z7G8_PF25036_2631_2714_fpocket_3	859
Q7Z7H3_PF21772_31_263_fpocket_2	438
Q7Z7H3_PF21772_31_263_fpocket_7	1649
Q7Z7H5_PF01105_30_222_fpocket_10	660
Q7Z7H8_PF00466_84_162_fpocket_11	1457
Q7Z7J5_PF14047_220_286_fpocket_6	1072
Q7Z7J5_PF14049_132_215_fpocket_1	12
Q7Z7J9_PF15170_1_78_fpocket_2	1161
Q7Z7K0_PF08583_19_87_fpocket_1	1417
Q7Z7K0_PF08583_19_87_fpocket_4	194
Q7Z7K6_PF04828_148_244_fpocket_1	576
Q7Z7K6_PF04828_148_244_fpocket_2	724
Q7Z7L1_PF09848_595_706_fpocket_1	234
Q7Z7L1_PF09848_595_706_fpocket_4	252
Q7Z7M0_PF12947_1078_1112_fpocket_1	1682
Q7Z7M0_PF12947_1078_1112_fpocket_2	1241
Q7Z7M0_PF24973_1211_1259_fpocket_1	417
Q7Z7M0_PF24973_1211_1259_fpocket_2	356
Q7Z7M1_PF00354_136_304_fpocket_5	464
Q86SE8_PF03066_18_120_fpocket_1	1320
Q86SE9_PF16207_163_216_fpocket_1	1733
Q86SF2_PF00652_534_649_fpocket_4	147
Q86SG5_PF01023_7_45_fpocket_1	823
Q86SG5_PF01023_7_45_fpocket_3	385
Q86SK9_PF00487_76_279_fpocket_2	1216
Q86SQ4_PF25307_407_520_fpocket_10	669
Q86SQ9_PF01255_32_251_fpocket_2	1066
Q86SQ9_PF01255_32_251_fpocket_9	1186
Q86SR1_PF00535_148_328_fpocket_10	370
Q86SR1_PF00652_459_587_fpocket_6	244
Q86SX3_PF14970_296_330_fpocket_1	287
Q86SZ2_PF04051_7_155_fpocket_3	738
Q86SZ2_PF04051_7_155_fpocket_9	738
Q86T03_PF09788_4_270_fpocket_8	1140
Q86T82_PF00443_342_948_fpocket_33	431
Q86T82_PF16674_1_105_fpocket_1	1069
Q86T96_PF19332_491_591_fpocket_2	432
Q86TA1_PF03637_35_207_fpocket_4	1216
Q86TB3_PF02816_1926_2125_fpocket_7	549
Q86TC9_PF07679_435_532_fpocket_3	905
Q86TC9_PF07679_435_532_fpocket_6	1324
Q86TD4_PF16880_59_90_fpocket_2	995
Q86TG1_PF10277_4_231_fpocket_6	618
Q86TI0_PF11830_690_745_fpocket_3	1447
Q86TI2_PF00326_663_863_fpocket_11	515
Q86TI2_PF00326_663_863_fpocket_7	101
Q86TJ2_PF22941_164_235_fpocket_2	144
Q86TJ2_PF24533_349_416_fpocket_1	507
Q86TJ2_PF24533_349_416_fpocket_3	726
Q86TJ2_PF25299_9_54_fpocket_1	1100
Q86TJ2_PF25299_9_54_fpocket_3	720
Q86TL0_PF03416_110_410_fpocket_11	664
Q86TL2_PF12400_100_218_fpocket_3	995
Q86TM3_PF00013_53_110_fpocket_1	1801
Q86TM3_PF00270_246_416_fpocket_4	339
Q86TN4_PF01885_26_203_fpocket_3	430
Q86TN4_PF01885_26_203_fpocket_5	403
Q86TP1_PF01368_20_172_fpocket_2	1308
Q86TP1_PF01368_20_172_fpocket_3	662
Q86TP1_PF02833_217_358_fpocket_1	1623
Q86TP1_PF02833_217_358_fpocket_8	1021
Q86TS9_PF18699_24_113_fpocket_1	556
Q86TS9_PF18699_24_113_fpocket_2	1838
Q86TU7_PF09273_344_475_fpocket_2	936
Q86TW2_PF03109_125_371_fpocket_6	1372
Q86TX2_PF04775_16_140_fpocket_3	83
Q86U10_PF00710_11_219_fpocket_2	680
Q86U10_PF00710_11_219_fpocket_7	1084
Q86U10_PF17763_237_341_fpocket_2	480
Q86U10_PF17763_237_341_fpocket_3	1809
Q86U28_PF01521_49_147_fpocket_1	751
Q86U44_PF05063_389_550_fpocket_6	1549
Q86U44_PF05063_389_550_fpocket_8	871
Q86U70_PF01803_70_271_fpocket_1	1536
Q86U70_PF01803_70_271_fpocket_9	569
Q86U86_PF00439_678_749_fpocket_2	229
Q86U86_PF00505_1382_1443_fpocket_1	17
Q86U86_PF01426_1157_1272_fpocket_4	347
Q86U86_PF01426_957_1074_fpocket_4	169
Q86U86_PF01426_957_1074_fpocket_6	391
Q86U90_PF01300_77_255_fpocket_1	1425
Q86U90_PF01300_77_255_fpocket_6	86
Q86UA6_PF14767_60_126_fpocket_1	942
Q86UA6_PF14768_136_216_fpocket_2	497
Q86UB9_PF02466_294_341_fpocket_1	1786
Q86UB9_PF02466_294_341_fpocket_2	527
Q86UB9_PF15982_9_142_fpocket_2	533
Q86UB9_PF15982_9_142_fpocket_6	647
Q86UC2_PF06098_245_468_fpocket_2	523
Q86UC2_PF06098_245_468_fpocket_5	1389
Q86UD0_PF11414_225_306_fpocket_8	1402
Q86UD0_PF11414_225_306_fpocket_9	1790
Q86UD0_PF25825_23_97_fpocket_1	872
Q86UD0_PF25825_23_97_fpocket_3	1795
Q86UD1_PF14941_31_179_fpocket_1	812
Q86UD1_PF14941_31_179_fpocket_12	1095
Q86UD5_PF00999_136_509_fpocket_10	414
Q86UD5_PF00999_136_509_fpocket_17	1671
Q86UD7_PF00566_106_223_fpocket_6	268
Q86UE4_PF15686_6_422_fpocket_19	939
Q86UE8_PF00069_464_741_fpocket_11	1860
Q86UG4_PF07648_504_549_fpocket_1	1706
Q86UK0_PF00005_1362_1506_fpocket_9	1586
Q86UK0_PF12698_1745_2168_fpocket_4	1418
Q86UK5_PF12297_237_660_fpocket_36	995
Q86UK7_PF23208_861_894_fpocket_1	170
Q86UK7_PF23230_213_266_fpocket_2	1000
Q86UK7_PF25447_27_113_fpocket_1	1150
Q86UK7_PF25447_27_113_fpocket_2	212
Q86UL8_PF00595_428_495_fpocket_1	341
Q86UN6_PF14469_67_187_fpocket_6	665
Q86UP3_PF24056_973_997_fpocket_1	1596
Q86UP3_PF24056_973_997_fpocket_3	1462
Q86UP6_PF00100_391_513_fpocket_1	1858
Q86UP6_PF00431_53_139_fpocket_1	67
Q86UQ4_PF12698_3548_3768_fpocket_4	1018
Q86UQ4_PF12698_4392_4631_fpocket_13	960
Q86UR5_PF22601_116_168_fpocket_3	685
Q86UU0_PF11502_398_432_fpocket_1	295
Q86UU0_PF11502_398_432_fpocket_3	369
Q86UU1_PF00498_64_125_fpocket_1	230
Q86UV5_PF00443_89_418_fpocket_2	444
Q86UV5_PF06337_484_553_fpocket_2	1665
Q86UV7_PF00643_85_125_fpocket_3	1244
Q86UW6_PF01713_1691_1753_fpocket_3	1231
Q86UW6_PF01713_1691_1753_fpocket_4	930
Q86UW6_PF08590_1619_1682_fpocket_1	1786
Q86UW6_PF08590_1619_1682_fpocket_2	1677
Q86UW6_PF25124_1510_1580_fpocket_2	18
Q86UW7_PF00169_489_588_fpocket_3	774
Q86UW7_PF25341_386_484_fpocket_6	1184
Q86UX2_PF06668_716_909_fpocket_1	234
Q86UX7_PF18124_11_98_fpocket_6	1353
Q86UY5_PF07894_20_295_fpocket_1	285
Q86UY6_PF00583_89_188_fpocket_6	1396
Q86UY8_PF05761_85_527_fpocket_11	1257
Q86V20_PF15793_660_823_fpocket_1	970
Q86V20_PF15793_660_823_fpocket_3	298
Q86V20_PF21669_424_559_fpocket_1	1304
Q86V21_PF16177_47_104_fpocket_1	873
Q86V21_PF16177_47_104_fpocket_4	710
Q86V25_PF14822_48_291_fpocket_17	1568
Q86V42_PF15067_47_278_fpocket_7	108
Q86V42_PF15067_47_278_fpocket_8	1555
Q86V85_PF21870_24_133_fpocket_4	676
Q86V87_PF19314_600_692_fpocket_3	180
Q86V88_PF12689_3_159_fpocket_2	1018
Q86V88_PF12689_3_159_fpocket_5	1154
Q86VB7_PF00530_586_683_fpocket_3	555
Q86VB7_PF00530_933_1029_fpocket_2	1637
Q86VD1_PF13589_26_153_fpocket_4	1836
Q86VD1_PF13589_26_153_fpocket_5	933
Q86VD9_PF03901_43_447_fpocket_24	1023
Q86VE0_PF13873_16_92_fpocket_5	1012
Q86VF2_PF07679_958_1028_fpocket_2	157
Q86VF5_PF03982_45_339_fpocket_2	1502
Q86VG3_PF17722_97_209_fpocket_1	925
Q86VG3_PF17722_97_209_fpocket_3	95
Q86VH2_PF25764_705_882_fpocket_10	287
Q86VH2_PF25764_705_882_fpocket_8	1577
Q86VI3_PF00616_1009_1220_fpocket_10	1060
Q86VI4_PF03821_243_315_fpocket_2	683
Q86VI4_PF03821_243_315_fpocket_3	151
Q86VL8_PF01554_40_181_fpocket_4	780
Q86VL8_PF01554_40_181_fpocket_9	630
Q86VN1_PF04157_154_370_fpocket_21	1245
Q86VN1_PF11605_6_87_fpocket_2	1603
Q86VN1_PF11605_6_87_fpocket_4	561
Q86VP1_PF17751_17_120_fpocket_1	15
Q86VS3_PF24923_600_866_fpocket_1	927
Q86VS3_PF24923_600_866_fpocket_18	358
Q86VS8_PF19047_11_156_fpocket_8	541
Q86VU5_PF01596_61_262_fpocket_2	1360
Q86VV8_PF14726_16_112_fpocket_4	452
Q86VV8_PF14726_16_112_fpocket_5	24
Q86VW2_PF00621_164_334_fpocket_1	1236
Q86VX2_PF07258_131_192_fpocket_2	469
Q86VX9_PF19036_253_375_fpocket_3	1285
Q86VX9_PF19037_414_511_fpocket_4	745
Q86VX9_PF19038_541_641_fpocket_8	53
Q86VY9_PF10177_16_161_fpocket_19	336
Q86VZ1_PF00001_40_293_fpocket_6	314
Q86VZ4_PF07502_97_183_fpocket_4	1496
Q86VZ5_PF14360_276_349_fpocket_1	521
Q86VZ5_PF14360_276_349_fpocket_7	925
Q86W10_PF00067_48_498_fpocket_20	932
Q86W24_PF17779_422_478_fpocket_3	980
Q86W26_PF02758_13_87_fpocket_1	284
Q86W26_PF05729_168_331_fpocket_7	825
Q86W28_PF05729_205_372_fpocket_1	100
Q86W33_PF10160_40_313_fpocket_19	1576
Q86W34_PF07998_241_297_fpocket_1	571
Q86W34_PF07998_241_297_fpocket_2	399
Q86W50_PF05971_1_291_fpocket_1	986
Q86W50_PF05971_1_291_fpocket_21	1037
Q86W54_PF15175_11_190_fpocket_7	692
Q86W54_PF15175_11_190_fpocket_8	109
Q86W56_PF05028_706_908_fpocket_1	313
Q86W56_PF05028_706_908_fpocket_5	1766
Q86W56_PF20811_581_699_fpocket_3	540
Q86W56_PF20811_581_699_fpocket_5	80
Q86WA8_PF05362_629_835_fpocket_10	139
Q86WA8_PF22667_532_586_fpocket_3	789
Q86WA9_PF00916_48_441_fpocket_16	696
Q86WA9_PF01740_471_576_fpocket_4	1204
Q86WB0_PF07967_73_199_fpocket_2	1479
Q86WB0_PF07967_73_199_fpocket_5	1686
Q86WB0_PF08600_248_470_fpocket_11	185
Q86WB7_PF05978_39_415_fpocket_30	793
Q86WC4_PF09777_84_328_fpocket_5	1551
Q86WG3_PF13716_190_326_fpocket_13	802
Q86WG5_PF02141_117_297_fpocket_11	140
Q86WG5_PF06602_1114_1520_fpocket_23	1216
Q86WG5_PF12335_530_754_fpocket_2	1026
Q86WH2_PF00788_103_186_fpocket_2	843
Q86WH2_PF16517_192_231_fpocket_4	837
Q86WI0_PF10242_8_192_fpocket_6	1789
Q86WI1_PF01833_1331_1387_fpocket_2	319
Q86WI1_PF01833_1566_1635_fpocket_3	270
Q86WI1_PF01833_1659_1743_fpocket_1	1602
Q86WI1_PF01833_1749_1827_fpocket_2	983
Q86WI1_PF01833_1916_1997_fpocket_2	556
Q86WI1_PF01833_271_346_fpocket_3	865
Q86WI1_PF07691_380_469_fpocket_1	651
Q86WI1_PF07691_380_469_fpocket_2	253
Q86WJ1_PF00176_49_327_fpocket_3	1
Q86WR0_PF05670_1_112_fpocket_2	1169
Q86WR0_PF05670_1_112_fpocket_8	893
Q86WR6_PF13907_46_132_fpocket_7	1584
Q86WR6_PF13907_46_132_fpocket_8	17
Q86WT6_PF00622_377_482_fpocket_1	1291
Q86WU2_PF01565_66_202_fpocket_7	1453
Q86WU2_PF02913_266_506_fpocket_11	10
Q86WV5_PF15490_3_119_fpocket_1	289
Q86WV5_PF15490_3_119_fpocket_4	528
Q86WV6_PF15009_154_337_fpocket_11	702
Q86WV6_PF15009_154_337_fpocket_5	1841
Q86WV6_PF23417_45_152_fpocket_1	418
Q86WW8_PF10203_13_71_fpocket_1	1398
Q86WW8_PF10203_13_71_fpocket_2	965
Q86WX3_PF15684_34_134_fpocket_1	1191
Q86X10_PF20412_136_255_fpocket_2	320
Q86X19_PF09799_45_151_fpocket_6	1512
Q86X24_PF02301_26_220_fpocket_12	1184
Q86X27_PF00617_52_220_fpocket_1	563
Q86X45_PF23602_261_380_fpocket_1	793
Q86X45_PF23602_261_380_fpocket_2	552
Q86X55_PF11531_28_139_fpocket_1	1828
Q86X55_PF22528_291_452_fpocket_2	599
Q86X55_PF22528_291_452_fpocket_9	60
Q86X67_PF09296_48_162_fpocket_1	270
Q86X67_PF09297_165_195_fpocket_1	962
Q86X76_PF00795_48_306_fpocket_2	1050
Q86X76_PF00795_48_306_fpocket_9	1556
Q86X83_PF07258_120_182_fpocket_3	191
Q86X83_PF21672_3_103_fpocket_8	69
Q86X95_PF10197_13_49_fpocket_1	70
Q86X95_PF10197_13_49_fpocket_3	67
Q86XD8_PF01428_670_705_fpocket_1	1001
Q86XD8_PF01428_670_705_fpocket_2	361
Q86XE0_PF09325_186_330_fpocket_11	829
Q86XE0_PF09325_186_330_fpocket_9	999
Q86XE0_PF09325_325_386_fpocket_1	83
Q86XE0_PF09325_325_386_fpocket_3	1848
Q86XE5_PF00701_35_318_fpocket_11	862
Q86XE5_PF00701_35_318_fpocket_5	353
Q86XF0_PF00186_5_164_fpocket_11	163
Q86XI2_PF12422_212_362_fpocket_3	79
Q86XI2_PF12422_212_362_fpocket_6	173
Q86XI6_PF03370_128_232_fpocket_1	1717
Q86XI6_PF03370_128_232_fpocket_3	4
Q86XI8_PF17738_148_317_fpocket_3	489
Q86XI8_PF20784_319_435_fpocket_5	527
Q86XJ0_PF14798_1_251_fpocket_1	540
Q86XJ0_PF14798_1_251_fpocket_17	877
Q86XK2_PF12937_158_201_fpocket_1	151
Q86XK3_PF10376_25_236_fpocket_7	1203
Q86XL3_PF01693_218_249_fpocket_1	123
Q86XL3_PF01693_218_249_fpocket_3	415
Q86XL3_PF03020_78_107_fpocket_1	1279
Q86XL3_PF03020_78_107_fpocket_2	356
Q86XM0_PF22850_538_750_fpocket_1	868
Q86XM0_PF22850_538_750_fpocket_14	1342
Q86XM0_PF23747_389_508_fpocket_8	1208
Q86XN7_PF14771_31_121_fpocket_1	840
Q86XP0_PF01735_323_514_fpocket_1	1718
Q86XP1_PF00130_176_226_fpocket_2	229
Q86XP1_PF07647_1151_1211_fpocket_2	105
Q86XP1_PF22944_984_1099_fpocket_9	15
Q86XP3_PF00270_277_447_fpocket_3	1285
Q86XR2_PF26086_366_537_fpocket_1	97
Q86XR2_PF26086_366_537_fpocket_3	737
Q86XR2_PF26089_113_225_fpocket_2	1096
Q86XR7_PF13676_81_177_fpocket_5	1478
Q86XR8_PF06657_349_420_fpocket_2	477
Q86XR8_PF06657_349_420_fpocket_3	1801
Q86XT2_PF07200_22_164_fpocket_2	1320
Q86XT4_PF00622_348_453_fpocket_2	1354
Q86XT4_PF13445_16_54_fpocket_1	549
Q86XT4_PF13765_297_344_fpocket_2	44
Q86XW9_PF00334_161_297_fpocket_4	1818
Q86XX4_PF16184_1464_1586_fpocket_4	1631
Q86XX4_PF16184_2079_2193_fpocket_2	533
Q86XX4_PF16184_2440_2551_fpocket_9	1606
Q86XZ4_PF07139_81_385_fpocket_4	646
Q86XZ4_PF07139_81_385_fpocket_8	61
Q86Y01_PF02825_107_171_fpocket_4	1148
Q86Y01_PF18102_479_613_fpocket_5	412
Q86Y13_PF24525_787_955_fpocket_11	1490
Q86Y38_PF02485_328_581_fpocket_17	1247
Q86Y38_PF12529_613_793_fpocket_4	936
Q86Y78_PF16975_40_144_fpocket_1	91
Q86Y79_PF01195_32_204_fpocket_1	118
Q86Y79_PF01195_32_204_fpocket_9	38
Q86Y82_PF05739_215_265_fpocket_4	1194
Q86Y82_PF14523_25_161_fpocket_1	785
Q86YA3_PF10382_4_74_fpocket_1	1406
Q86YA3_PF13086_1760_1845_fpocket_5	34
Q86YB8_PF04137_56_454_fpocket_10	883
Q86YD1_PF11232_255_399_fpocket_3	616
Q86YF9_PF13815_58_178_fpocket_2	350
Q86YF9_PF13815_58_178_fpocket_7	1094
Q86YF9_PF25977_537_609_fpocket_1	1433
Q86YF9_PF25977_537_609_fpocket_6	305
Q86YG4_PF05761_5_399_fpocket_36	84
Q86YH6_PF00348_110_303_fpocket_14	144
Q86YI8_PF20826_224_279_fpocket_1	829
Q86YJ6_PF00291_106_398_fpocket_14	647
Q86YJ6_PF14821_3_81_fpocket_1	541
Q86YJ6_PF14821_3_81_fpocket_2	1022
Q86YM7_PF00568_4_106_fpocket_1	117
Q86YQ2_PF01273_79_164_fpocket_1	147
Q86YQ8_PF00168_164_263_fpocket_6	205
Q86YR7_PF22697_835_951_fpocket_12	29
Q86YS3_PF25450_365_487_fpocket_1	211
Q86YS3_PF25450_365_487_fpocket_3	464
Q86YS7_PF23025_138_246_fpocket_2	1224
Q86YS7_PF23025_345_438_fpocket_2	829
Q86YS7_PF23025_345_438_fpocket_3	1205
Q86YS7_PF23025_488_586_fpocket_1	1047
Q86YS7_PF23025_871_971_fpocket_1	110
Q86YS7_PF23028_701_794_fpocket_4	256
Q86YS7_PF23028_701_794_fpocket_6	899
Q86YT5_PF00939_14_552_fpocket_17	1127
Q86YT6_PF06701_154_219_fpocket_2	1015
Q86YT6_PF06701_15_71_fpocket_1	238
Q86YT6_PF13920_864_906_fpocket_1	1280
Q86YT6_PF13920_960_1001_fpocket_2	1356
Q86YT6_PF18346_247_311_fpocket_1	330
Q86YT6_PF18346_247_311_fpocket_2	1522
Q86YT6_PF18346_333_397_fpocket_1	1435
Q86YT6_PF18346_333_397_fpocket_2	782
Q86YV0_PF00616_484_551_fpocket_5	297
Q86YV0_PF25321_233_291_fpocket_1	668
Q86YV5_PF07714_1087_1154_fpocket_1	1006
Q86YW0_PF00387_349_462_fpocket_6	454
Q86YW0_PF09279_64_147_fpocket_2	701
Q86YW7_PF00007_35_128_fpocket_1	1731
Q86YW9_PF09497_107_161_fpocket_7	807
Q86Z14_PF00232_391_508_fpocket_4	1144
Q86Z14_PF00232_391_508_fpocket_5	33
Q86Z14_PF00232_78_373_fpocket_2	1830
Q8HWS3_PF25340_264_542_fpocket_15	23
Q8IU54_PF15177_32_186_fpocket_2	1145
Q8IU57_PF01108_10_111_fpocket_10	1118
Q8IU57_PF01108_10_111_fpocket_3	149
Q8IU60_PF00293_98_210_fpocket_3	981
Q8IU60_PF05026_12_93_fpocket_1	793
Q8IU60_PF05026_12_93_fpocket_2	160
Q8IU68_PF07810_418_528_fpocket_2	1028
Q8IU80_PF00089_577_806_fpocket_12	31
Q8IU80_PF01390_86_159_fpocket_4	401
Q8IUC6_PF17798_1_148_fpocket_5	337
Q8IUE1_PF05920_68_107_fpocket_1	1724
Q8IUF8_PF08007_136_261_fpocket_1	1741
Q8IUF8_PF08007_136_261_fpocket_2	52
Q8IUF8_PF20514_331_428_fpocket_4	1845
Q8IUG5_PF00063_573_1207_fpocket_9	936
Q8IUH2_PF13883_121_284_fpocket_1	32
Q8IUH2_PF13883_121_284_fpocket_7	598
Q8IUH3_PF00076_259_311_fpocket_1	1711
Q8IUH8_PF04258_249_529_fpocket_24	1091
Q8IUL8_PF23591_471_557_fpocket_1	1305
Q8IUL8_PF23599_906_1105_fpocket_1	265
Q8IUL8_PF23599_906_1105_fpocket_2	789
Q8IUL8_PF23708_384_455_fpocket_2	997
Q8IUM7_PF23183_1_53_fpocket_1	200
Q8IUM7_PF23183_1_53_fpocket_4	629
Q8IUN9_PF00059_199_305_fpocket_3	285
Q8IUN9_PF03954_5_126_fpocket_1	417
Q8IUQ0_PF03765_71_94_fpocket_1	325
Q8IUQ4_PF03145_182_278_fpocket_6	198
Q8IUQ4_PF21361_89_165_fpocket_2	870
Q8IUR0_PF04051_29_175_fpocket_3	768
Q8IUW3_PF21388_70_195_fpocket_13	795
Q8IUW3_PF21388_70_195_fpocket_2	1018
Q8IUX1_PF07114_52_228_fpocket_1	226
Q8IUX1_PF07114_52_228_fpocket_3	1592
Q8IUX4_PF08210_200_370_fpocket_6	799
Q8IUX4_PF18782_10_188_fpocket_1	1749
Q8IUX7_PF13620_908_968_fpocket_1	260
Q8IUX8_PF00629_402_545_fpocket_6	346
Q8IUY3_PF02893_75_178_fpocket_4	342
Q8IUZ5_PF00202_32_433_fpocket_5	624
Q8IUZ5_PF00202_32_433_fpocket_8	307
Q8IV01_PF00168_168_263_fpocket_1	169
Q8IV03_PF14854_79_192_fpocket_1	869
Q8IV08_PF13918_223_402_fpocket_6	751
Q8IV16_PF00087_63_137_fpocket_1	686
Q8IV16_PF00087_63_137_fpocket_2	405
Q8IV20_PF02578_195_426_fpocket_4	929
Q8IV38_PF01753_320_357_fpocket_2	1395
Q8IV42_PF08433_137_302_fpocket_16	433
Q8IV42_PF08433_137_302_fpocket_7	1184
Q8IV45_PF00531_414_491_fpocket_2	1335
Q8IV45_PF00791_108_193_fpocket_1	1528
Q8IV45_PF17217_243_346_fpocket_3	42
Q8IV45_PF17217_243_346_fpocket_6	390
Q8IV50_PF01476_73_116_fpocket_3	54
Q8IV61_PF00617_155_330_fpocket_1	926
Q8IV63_PF13240_4_26_fpocket_1	1669
Q8IV77_PF00027_367_457_fpocket_1	126
Q8IV77_PF00520_34_273_fpocket_2	441
Q8IVB5_PF14954_80_328_fpocket_1	54
Q8IVB5_PF14954_80_328_fpocket_3	1150
Q8IVC4_PF13894_326_348_fpocket_2	1294
Q8IVD9_PF04969_189_267_fpocket_4	373
Q8IVD9_PF14050_9_67_fpocket_1	437
Q8IVE3_PF00373_1234_1354_fpocket_2	1216
Q8IVE3_PF00784_1003_1106_fpocket_8	228
Q8IVE3_PF21989_1121_1217_fpocket_7	35
Q8IVF4_PF08385_247_543_fpocket_2	1577
Q8IVF4_PF08393_1255_1659_fpocket_1	860
Q8IVF4_PF12775_2419_2597_fpocket_2	1420
Q8IVF4_PF12777_3046_3380_fpocket_9	151
Q8IVF4_PF17857_2632_2722_fpocket_2	266
Q8IVF4_PF17857_2632_2722_fpocket_4	1440
Q8IVF4_PF18199_4170_4468_fpocket_1	1252
Q8IVF5_PF18385_645_742_fpocket_2	949
Q8IVF7_PF02181_562_926_fpocket_23	140
Q8IVF7_PF02181_562_926_fpocket_25	315
Q8IVH2_PF16159_303_371_fpocket_1	39
Q8IVH4_PF03308_101_382_fpocket_23	1176
Q8IVI9_PF00611_14_88_fpocket_6	987
Q8IVI9_PF25610_286_377_fpocket_2	748
Q8IVJ1_PF01769_139_273_fpocket_6	452
Q8IVJ1_PF01769_353_496_fpocket_8	10
Q8IVL0_PF00004_2052_2134_fpocket_8	84
Q8IVL0_PF23092_1911_2018_fpocket_5	191
Q8IVL1_PF00307_90_192_fpocket_2	210
Q8IVL1_PF25408_2299_2408_fpocket_1	1433
Q8IVL1_PF25408_2299_2408_fpocket_2	993
Q8IVL6_PF13640_583_672_fpocket_2	1466
Q8IVL8_PF00246_56_336_fpocket_1	310
Q8IVN8_PF19028_75_122_fpocket_1	1121
Q8IVN8_PF25031_148_257_fpocket_5	607
Q8IVP5_PF04930_54_153_fpocket_2	305
Q8IVP9_PF00096_298_318_fpocket_1	62
Q8IVS2_PF00698_66_336_fpocket_1	718
Q8IVS8_PF05161_402_514_fpocket_1	7
Q8IVS8_PF05161_402_514_fpocket_3	561
Q8IVS8_PF13660_38_288_fpocket_1	41
Q8IVT5_PF20406_41_87_fpocket_1	1119
Q8IVT5_PF20406_41_87_fpocket_2	876
Q8IVU1_PF13927_238_309_fpocket_6	74
Q8IVU3_PF00632_724_1014_fpocket_21	1373
Q8IVV2_PF01477_1681_1789_fpocket_2	89
Q8IVV2_PF01477_1681_1789_fpocket_4	1245
Q8IVV2_PF01477_174_279_fpocket_2	477
Q8IVV2_PF01477_45_148_fpocket_2	97
Q8IVV7_PF09783_122_289_fpocket_1	1847
Q8IVV7_PF09783_122_289_fpocket_3	1343
Q8IW03_PF03145_161_255_fpocket_2	1711
Q8IW19_PF17913_17_64_fpocket_2	469
Q8IW19_PF17913_17_64_fpocket_3	962
Q8IW40_PF13877_98_188_fpocket_1	1181
Q8IW40_PF13877_98_188_fpocket_3	741
Q8IW40_PF15867_7_74_fpocket_2	692
Q8IW45_PF01256_77_334_fpocket_2	508
Q8IW45_PF01256_77_334_fpocket_3	371
Q8IW75_PF00079_51_411_fpocket_1	207
Q8IW75_PF00079_51_411_fpocket_7	784
Q8IW92_PF01301_53_365_fpocket_2	1776
Q8IW92_PF21317_425_524_fpocket_4	1095
Q8IW92_PF21317_425_524_fpocket_6	128
Q8IW93_PF07653_721_774_fpocket_1	577
Q8IWA4_PF04799_576_734_fpocket_9	1146
Q8IWA5_PF04515_320_676_fpocket_2	634
Q8IWA6_PF15769_59_540_fpocket_6	154
Q8IWB7_PF01363_283_352_fpocket_1	877
Q8IWD4_PF15810_141_279_fpocket_1	1230
Q8IWD5_PF12832_28_526_fpocket_44	897
Q8IWE5_PF02759_71_156_fpocket_2	1452
Q8IWE5_PF02759_71_156_fpocket_3	1123
Q8IWF2_PF13738_35_273_fpocket_19	1491
Q8IWF7_PF00179_6_73_fpocket_2	717
Q8IWI9_PF00010_2425_2474_fpocket_3	183
Q8IWJ2_PF01465_1614_1656_fpocket_2	328
Q8IWK6_PF26588_418_523_fpocket_5	1596
Q8IWL3_PF07743_157_229_fpocket_3	98
Q8IWL3_PF07743_157_229_fpocket_4	564
Q8IWN7_PF03607_53_109_fpocket_2	1305
Q8IWP9_PF13270_173_258_fpocket_2	618
Q8IWQ3_PF21115_299_341_fpocket_1	794
Q8IWQ3_PF21122_523_635_fpocket_6	1395
Q8IWR1_PF00643_96_133_fpocket_2	1204
Q8IWS0_PF13771_42_132_fpocket_2	314
Q8IWT0_PF01951_31_167_fpocket_1	1401
Q8IWT0_PF01951_31_167_fpocket_3	53
Q8IWT3_PF03256_1183_1299_fpocket_2	1105
Q8IWT3_PF03256_1183_1299_fpocket_5	844
Q8IWT3_PF11515_366_439_fpocket_1	155
Q8IWU4_PF01545_77_269_fpocket_13	78
Q8IWU5_PF12548_528_664_fpocket_2	501
Q8IWU6_PF12548_534_679_fpocket_2	338
Q8IWU6_PF12548_534_679_fpocket_5	42
Q8IWV1_PF15681_29_376_fpocket_1	640
Q8IWV1_PF15681_29_376_fpocket_5	515
Q8IWV7_PF02617_222_300_fpocket_7	707
Q8IWV7_PF18995_1298_1724_fpocket_16	226
Q8IWV7_PF18995_1298_1724_fpocket_6	1190
Q8IWV7_PF22960_768_864_fpocket_4	1573
Q8IWV8_PF02207_99_166_fpocket_1	845
Q8IWV8_PF02207_99_166_fpocket_2	402
Q8IWV8_PF02617_223_300_fpocket_2	1577
Q8IWV8_PF18995_1311_1729_fpocket_20	199
Q8IWV8_PF18995_1311_1729_fpocket_5	528
Q8IWV8_PF22960_778_874_fpocket_1	1574
Q8IWW8_PF00465_53_225_fpocket_1	508
Q8IWW8_PF00465_53_225_fpocket_2	949
Q8IWW8_PF25137_274_464_fpocket_12	383
Q8IWX5_PF01569_121_235_fpocket_8	1004
Q8IWX8_PF25127_637_743_fpocket_1	0
Q8IWX8_PF25127_637_743_fpocket_4	4
Q8IWY9_PF15296_785_899_fpocket_1	278
Q8IWY9_PF15296_785_899_fpocket_3	1083
Q8IWZ4_PF00643_105_144_fpocket_2	159
Q8IWZ6_PF23349_599_712_fpocket_2	1854
Q8IWZ6_PF23349_599_712_fpocket_4	1762
Q8IWZ6_PF23360_377_486_fpocket_2	553
Q8IWZ6_PF23360_377_486_fpocket_3	1703
Q8IWZ6_PF23361_494_596_fpocket_1	1671
Q8IWZ6_PF23361_494_596_fpocket_2	588
Q8IWZ8_PF01585_563_606_fpocket_1	214
Q8IWZ8_PF01805_189_241_fpocket_3	1807
Q8IWZ8_PF01805_265_316_fpocket_2	75
Q8IX04_PF00056_184_316_fpocket_3	78
Q8IX04_PF05743_21_141_fpocket_3	197
Q8IX04_PF05743_21_141_fpocket_5	130
Q8IX06_PF15870_361_401_fpocket_1	44
Q8IX07_PF21182_89_184_fpocket_3	1718
Q8IX07_PF21182_89_184_fpocket_5	891
Q8IX12_PF14443_479_601_fpocket_3	1020
Q8IX12_PF14444_147_204_fpocket_2	269
Q8IX12_PF19256_723_790_fpocket_1	922
Q8IX12_PF19256_723_790_fpocket_5	952
Q8IX30_PF00431_804_913_fpocket_2	969
Q8IX30_PF07699_696_743_fpocket_2	1215
Q8IX30_PF07699_752_799_fpocket_1	663
Q8IX30_PF14670_281_316_fpocket_1	1103
Q8IXB1_PF00085_131_229_fpocket_2	161
Q8IXB1_PF00085_674_761_fpocket_5	878
Q8IXB1_PF00226_35_97_fpocket_1	965
Q8IXF0_PF00989_152_212_fpocket_2	918
Q8IXF0_PF08447_343_430_fpocket_1	382
Q8IXH6_PF14839_63_216_fpocket_2	451
Q8IXH7_PF04858_14_586_fpocket_47	952
Q8IXI1_PF08355_341_411_fpocket_1	240
Q8IXI1_PF08355_341_411_fpocket_2	323
Q8IXI1_PF08356_220_305_fpocket_3	993
Q8IXI2_PF08355_341_413_fpocket_2	1110
Q8IXI2_PF08356_219_304_fpocket_2	770
Q8IXI2_PF08356_219_304_fpocket_4	914
Q8IXJ6_PF02146_84_268_fpocket_1	986
Q8IXJ9_PF05066_11_82_fpocket_3	470
Q8IXJ9_PF05066_11_82_fpocket_6	299
Q8IXJ9_PF13919_237_361_fpocket_1	506
Q8IXK0_PF00536_793_856_fpocket_4	295
Q8IXL6_PF06702_353_569_fpocket_21	1526
Q8IXL7_PF01641_54_168_fpocket_4	1431
Q8IXM3_PF09809_13_127_fpocket_1	442
Q8IXM3_PF09809_13_127_fpocket_2	55
Q8IXQ5_PF00651_34_140_fpocket_4	1495
Q8IXQ6_PF01661_136_254_fpocket_1	218
Q8IXQ6_PF23254_541_607_fpocket_2	907
Q8IXQ6_PF23254_541_607_fpocket_3	1042
Q8IXQ9_PF06325_113_185_fpocket_2	1538
Q8IXR5_PF14816_191_540_fpocket_31	619
Q8IXS2_PF14772_25_124_fpocket_3	20
Q8IXT1_PF08646_10_99_fpocket_8	275
Q8IXU6_PF06027_35_334_fpocket_16	36
Q8IXW5_PF04181_80_151_fpocket_2	527
Q8IXW5_PF04181_80_151_fpocket_4	209
Q8IXZ2_PF00642_669_694_fpocket_2	495
Q8IY17_PF00027_650_729_fpocket_1	44
Q8IY17_PF01734_981_1146_fpocket_1	992
Q8IY17_PF24179_781_976_fpocket_1	1103
Q8IY18_PF13476_55_238_fpocket_1	216
Q8IY18_PF13476_55_238_fpocket_16	1099
Q8IY21_PF23002_7_228_fpocket_1	816
Q8IY21_PF23002_7_228_fpocket_7	413
Q8IY21_PF26076_1358_1440_fpocket_4	1669
Q8IY21_PF26167_600_707_fpocket_6	86
Q8IY21_PF26167_600_707_fpocket_7	263
Q8IY22_PF23066_51_169_fpocket_3	445
Q8IY26_PF01569_166_270_fpocket_1	1608
Q8IY31_PF14931_10_128_fpocket_1	328
Q8IY31_PF14931_10_128_fpocket_2	13
Q8IY33_PF00307_5_107_fpocket_4	618
Q8IY37_PF21010_781_858_fpocket_3	1725
Q8IY37_PF23362_1076_1154_fpocket_1	186
Q8IY37_PF23362_1076_1154_fpocket_5	90
Q8IY49_PF03006_37_251_fpocket_3	84
Q8IY51_PF03221_84_145_fpocket_2	823
Q8IY81_PF01728_24_200_fpocket_1	500
Q8IY81_PF01728_24_200_fpocket_6	33
Q8IY81_PF07780_640_839_fpocket_11	1058
Q8IY81_PF07780_640_839_fpocket_5	878
Q8IY82_PF24656_301_374_fpocket_1	1707
Q8IY82_PF24671_762_869_fpocket_1	1309
Q8IY82_PF24671_762_869_fpocket_2	1018
Q8IY92_PF09494_1754_1810_fpocket_2	1718
Q8IY95_PF14802_27_259_fpocket_17	3
Q8IYA2_PF12001_1055_1163_fpocket_3	14
Q8IYA2_PF12001_1055_1163_fpocket_4	80
Q8IYA6_PF15297_678_734_fpocket_1	1512
Q8IYA6_PF15297_678_734_fpocket_4	371
Q8IYB1_PF03281_136_298_fpocket_4	30
Q8IYB3_PF01480_46_115_fpocket_1	428
Q8IYB3_PF01480_46_115_fpocket_3	60
Q8IYB5_PF01412_20_131_fpocket_6	453
Q8IYB7_PF00773_371_719_fpocket_1	1368
Q8IYB7_PF17216_50_125_fpocket_4	657
Q8IYB7_PF17849_265_341_fpocket_2	467
Q8IYB7_PF17877_766_854_fpocket_2	122
Q8IYB7_PF17877_766_854_fpocket_8	1502
Q8IYB8_PF00271_364_474_fpocket_2	242
Q8IYB8_PF12513_625_671_fpocket_1	667
Q8IYB8_PF12513_625_671_fpocket_2	895
Q8IYB8_PF18114_62_179_fpocket_1	1518
Q8IYB8_PF18114_62_179_fpocket_2	106
Q8IYB8_PF18147_558_598_fpocket_1	1646
Q8IYB8_PF22527_188_345_fpocket_3	947
Q8IYD1_PF00009_201_400_fpocket_19	283
Q8IYD8_PF00270_105_254_fpocket_1	1483
Q8IYF1_PF08711_29_77_fpocket_1	172
Q8IYF1_PF08711_29_77_fpocket_2	867
Q8IYJ2_PF15821_70_179_fpocket_2	334
Q8IYJ2_PF15852_458_546_fpocket_1	582
Q8IYJ3_PF00168_282_384_fpocket_4	563
Q8IYJ3_PF00168_422_521_fpocket_5	348
Q8IYK2_PF03148_139_464_fpocket_1	199
Q8IYK4_PF01755_342_525_fpocket_3	267
Q8IYK4_PF01755_342_525_fpocket_7	267
Q8IYK4_PF13704_62_176_fpocket_7	964
Q8IYL2_PF07757_297_400_fpocket_3	339
Q8IYL2_PF07757_297_400_fpocket_4	341
Q8IYL3_PF15772_6_237_fpocket_1	970
Q8IYM0_PF20870_7_255_fpocket_13	776
Q8IYM2_PF17057_82_198_fpocket_1	1098
Q8IYN2_PF04538_1_113_fpocket_8	1246
Q8IYP2_PF00089_31_234_fpocket_3	1220
Q8IYQ7_PF01202_64_220_fpocket_10	1654
Q8IYQ7_PF01202_64_220_fpocket_7	101
Q8IYQ7_PF14821_247_318_fpocket_2	1502
Q8IYQ7_PF14821_247_318_fpocket_5	966
Q8IYQ7_PF24857_643_720_fpocket_1	609
Q8IYQ7_PF24857_643_720_fpocket_5	394
Q8IYR0_PF12018_215_491_fpocket_13	1481
Q8IYR0_PF12018_215_491_fpocket_14	1014
Q8IYR2_PF00856_244_574_fpocket_3	1769
Q8IYR6_PF07648_190_235_fpocket_1	831
Q8IYS0_PF16016_330_476_fpocket_12	33
Q8IYS1_PF01546_119_393_fpocket_18	1066
Q8IYS1_PF07687_206_298_fpocket_2	150
Q8IYS2_PF10222_6_629_fpocket_3	44
Q8IYS2_PF10222_6_629_fpocket_31	306
Q8IYS8_PF05205_42_137_fpocket_5	229
Q8IYT2_PF01728_112_319_fpocket_1	164
Q8IYT8_PF12063_863_945_fpocket_5	226
Q8IYT8_PF21127_956_1029_fpocket_2	730
Q8IYV9_PF15005_21_165_fpocket_6	294
Q8IYV9_PF15005_21_165_fpocket_8	422
Q8IYV9_PF16706_168_255_fpocket_2	154
Q8IYV9_PF16706_168_255_fpocket_4	1061
Q8IYW5_PF14447_16_64_fpocket_1	312
Q8IYW5_PF14447_16_64_fpocket_2	985
Q8IYX4_PF14709_254_333_fpocket_2	1547
Q8IYX4_PF14709_254_333_fpocket_3	116
Q8IYX8_PF06657_312_384_fpocket_1	151
Q8IYY4_PF25977_451_524_fpocket_2	818
Q8IZ16_PF15775_22_206_fpocket_9	1091
Q8IZ40_PF01448_46_98_fpocket_3	422
Q8IZ52_PF05679_262_762_fpocket_27	55
Q8IZ57_PF14927_23_152_fpocket_5	1365
Q8IZ69_PF05958_401_588_fpocket_4	1065
Q8IZ69_PF05958_401_588_fpocket_8	1442
Q8IZ73_PF00849_231_377_fpocket_6	1124
Q8IZ81_PF04727_112_268_fpocket_12	228
Q8IZ81_PF04727_112_268_fpocket_7	508
Q8IZ83_PF00171_550_768_fpocket_13	1675
Q8IZA0_PF22352_313_398_fpocket_4	1740
Q8IZA0_PF22352_507_591_fpocket_1	768
Q8IZA0_PF22352_603_685_fpocket_1	874
Q8IZA0_PF22352_700_782_fpocket_1	1080
Q8IZA0_PF22352_700_782_fpocket_3	48
Q8IZA0_PF23597_52_134_fpocket_2	1862
Q8IZA0_PF23620_791_884_fpocket_4	588
Q8IZA3_PF00538_52_127_fpocket_2	1146
Q8IZC6_PF01410_1661_1738_fpocket_4	1801
Q8IZC6_PF01410_1743_1859_fpocket_4	1810
Q8IZD0_PF07647_323_386_fpocket_2	970
Q8IZD2_PF00856_343_445_fpocket_2	551
Q8IZD4_PF06058_14_129_fpocket_1	859
Q8IZD4_PF06058_14_129_fpocket_3	53
Q8IZD4_PF16741_575_615_fpocket_1	1321
Q8IZE3_PF07714_44_239_fpocket_1	445
Q8IZE3_PF07714_44_239_fpocket_6	879
Q8IZF5_PF00002_770_1016_fpocket_7	598
Q8IZF5_PF24528_334_424_fpocket_2	353
Q8IZH2_PF03159_1_227_fpocket_18	1184
Q8IZH2_PF17846_272_597_fpocket_2	678
Q8IZH2_PF17846_272_597_fpocket_4	174
Q8IZH2_PF18129_1102_1171_fpocket_2	1389
Q8IZH2_PF18129_1102_1171_fpocket_3	1343
Q8IZH2_PF18334_850_1075_fpocket_7	840
Q8IZH2_PF18334_850_1075_fpocket_9	226
Q8IZI9_PF15177_34_192_fpocket_1	1277
Q8IZJ1_PF00531_863_938_fpocket_3	823
Q8IZJ1_PF17217_691_830_fpocket_3	681
Q8IZJ1_PF17217_691_830_fpocket_4	1803
Q8IZJ3_PF01835_130_221_fpocket_6	520
Q8IZJ3_PF07703_455_626_fpocket_1	50
Q8IZJ3_PF12248_958_1093_fpocket_8	155
Q8IZJ4_PF00617_223_414_fpocket_10	1085
Q8IZK6_PF08016_379_513_fpocket_2	1097
Q8IZK6_PF21381_90_275_fpocket_1	562
Q8IZL2_PF09596_33_87_fpocket_3	500
Q8IZL2_PF09596_33_87_fpocket_4	298
Q8IZL2_PF20804_609_681_fpocket_8	758
Q8IZM8_PF25420_539_566_fpocket_1	1481
Q8IZP0_PF07815_93_170_fpocket_5	197
Q8IZP6_PF13920_255_296_fpocket_2	1436
Q8IZP9_PF00002_626_875_fpocket_6	221
Q8IZP9_PF26574_377_435_fpocket_1	1795
Q8IZP9_PF26574_377_435_fpocket_5	943
Q8IZQ1_PF02138_2696_2976_fpocket_17	1757
Q8IZQ1_PF14844_2601_2654_fpocket_5	922
Q8IZQ8_PF02037_371_404_fpocket_2	284
Q8IZS6_PF03645_100_193_fpocket_1	988
Q8IZT6_PF15780_37_134_fpocket_2	440
Q8IZT6_PF15780_37_134_fpocket_5	154
Q8IZU9_PF08205_166_232_fpocket_1	872
Q8IZW8_PF08416_582_705_fpocket_3	621
Q8IZY2_PF12698_1466_1750_fpocket_5	1823
Q8IZY2_PF12698_551_750_fpocket_1	44
Q8MH63_PF13520_51_163_fpocket_2	840
Q8N0S6_PF13092_67_339_fpocket_12	1161
Q8N0S6_PF13092_67_339_fpocket_15	404
Q8N0U2_PF15105_13_201_fpocket_14	1640
Q8N0U7_PF17743_174_265_fpocket_1	56
Q8N0U7_PF17743_174_265_fpocket_7	508
Q8N0U7_PF20742_303_397_fpocket_3	1676
Q8N0U7_PF20742_303_397_fpocket_4	832
Q8N0U7_PF20743_472_546_fpocket_1	383
Q8N0U7_PF20743_472_546_fpocket_3	301
Q8N0U8_PF07884_20_156_fpocket_6	876
Q8N0V3_PF02033_93_197_fpocket_2	242
Q8N0V5_PF02485_97_357_fpocket_15	808
Q8N0W3_PF00288_817_889_fpocket_5	1267
Q8N0W3_PF07959_82_496_fpocket_1	1631
Q8N0W3_PF08544_971_1046_fpocket_1	767
Q8N0W3_PF08544_971_1046_fpocket_2	492
Q8N0X4_PF03328_46_274_fpocket_20	1633
Q8N0X4_PF03328_46_274_fpocket_9	744
Q8N0Z2_PF14705_305_380_fpocket_2	913
Q8N0Z2_PF14705_305_380_fpocket_5	263
Q8N0Z6_PF16669_319_430_fpocket_2	994
Q8N0Z6_PF16669_319_430_fpocket_6	497
Q8N0Z8_PF01416_168_284_fpocket_1	1851
Q8N0Z8_PF01416_168_284_fpocket_2	595
Q8N108_PF00249_287_331_fpocket_1	864
Q8N108_PF01448_182_232_fpocket_2	17
Q8N109_PF00047_35_107_fpocket_3	151
Q8N111_PF15677_1_149_fpocket_1	782
Q8N122_PF14538_55_206_fpocket_1	956
Q8N128_PF14774_40_154_fpocket_5	159
Q8N130_PF02690_376_459_fpocket_1	1574
Q8N130_PF02690_376_459_fpocket_2	127
Q8N131_PF05283_102_189_fpocket_1	1095
Q8N138_PF04061_11_146_fpocket_7	250
Q8N138_PF04061_11_146_fpocket_9	1240
Q8N139_PF12698_918_1166_fpocket_17	1577
Q8N139_PF23321_1505_1579_fpocket_2	1410
Q8N139_PF23321_1505_1579_fpocket_3	334
Q8N140_PF08743_239_328_fpocket_1	1003
Q8N158_PF01153_13_553_fpocket_21	1011
Q8N159_PF00696_188_306_fpocket_2	1251
Q8N159_PF00696_188_306_fpocket_8	48
Q8N159_PF04768_357_519_fpocket_8	61
Q8N163_PF14443_340_452_fpocket_3	1382
Q8N163_PF14444_55_112_fpocket_1	926
Q8N163_PF14444_55_112_fpocket_2	839
Q8N163_PF19256_503_560_fpocket_2	494
Q8N196_PF16878_86_196_fpocket_3	1360
Q8N1B3_PF00134_29_136_fpocket_1	312
Q8N1B3_PF00134_29_136_fpocket_7	47
Q8N1B3_PF21797_167_240_fpocket_6	142
Q8N1D5_PF22595_19_188_fpocket_1	878
Q8N1D5_PF22595_19_188_fpocket_3	1752
Q8N1F8_PF15904_6_93_fpocket_4	46
Q8N1F8_PF25624_926_1081_fpocket_8	727
Q8N1G2_PF01728_233_448_fpocket_4	1737
Q8N1I0_PF16172_70_392_fpocket_5	495
Q8N1I0_PF20422_1366_1443_fpocket_4	210
Q8N1K5_PF12736_17_264_fpocket_16	575
Q8N1L4_PF00067_48_340_fpocket_19	1760
Q8N1M1_PF01062_1_324_fpocket_2	1372
Q8N1N2_PF15675_108_137_fpocket_1	334
Q8N1Q1_PF00194_12_261_fpocket_2	1555
Q8N1T3_PF00063_14_688_fpocket_4	838
Q8N1T3_PF00063_14_688_fpocket_42	1379
Q8N1W1_PF17838_1072_1188_fpocket_2	1225
Q8N239_PF07707_131_236_fpocket_4	453
Q8N239_PF07707_131_236_fpocket_5	824
Q8N271_PF05478_27_807_fpocket_17	533
Q8N271_PF05478_27_807_fpocket_48	1718
Q8N2A8_PF13091_83_206_fpocket_1	764
Q8N2A8_PF13091_83_206_fpocket_2	450
Q8N2C3_PF00610_75_160_fpocket_5	855
Q8N2C7_PF15778_17_235_fpocket_16	1574
Q8N2C7_PF15778_17_235_fpocket_21	458
Q8N2E2_PF23283_64_157_fpocket_1	477
Q8N2E2_PF25776_188_290_fpocket_2	1008
Q8N2E2_PF26129_796_881_fpocket_5	1380
Q8N2E6_PF06309_35_160_fpocket_13	1184
Q8N2G4_PF00021_22_108_fpocket_1	1609
Q8N2G6_PF13696_129_149_fpocket_1	158
Q8N2G6_PF17180_164_206_fpocket_1	95
Q8N2G6_PF17180_164_206_fpocket_2	241
Q8N2G6_PF23490_207_241_fpocket_1	417
Q8N2G8_PF23571_313_385_fpocket_2	1550
Q8N2G8_PF23572_428_498_fpocket_2	1799
Q8N2G8_PF25146_213_278_fpocket_3	83
Q8N2G8_PF25146_213_278_fpocket_5	1379
Q8N2H3_PF01593_267_400_fpocket_7	1517
Q8N2H4_PF09801_5_148_fpocket_1	30
Q8N2H4_PF09801_5_148_fpocket_5	450
Q8N2H9_PF04710_76_320_fpocket_7	1184
Q8N2H9_PF20723_326_469_fpocket_1	782
Q8N2H9_PF20723_326_469_fpocket_10	77
Q8N2K0_PF00561_169_274_fpocket_2	1202
Q8N2M8_PF09750_40_169_fpocket_2	1306
Q8N2U0_PF04241_23_101_fpocket_1	748
Q8N2U0_PF04241_23_101_fpocket_4	1385
Q8N2Y8_PF02759_1040_1172_fpocket_2	519
Q8N2Y8_PF07653_1452_1501_fpocket_1	1677
Q8N2Z9_PF15630_17_92_fpocket_5	176
Q8N2Z9_PF15630_17_92_fpocket_6	138
Q8N300_PF15674_4_64_fpocket_1	709
Q8N302_PF00498_435_508_fpocket_4	120
Q8N302_PF17780_204_254_fpocket_1	1517
Q8N302_PF17780_204_254_fpocket_2	691
Q8N323_PF06312_130_264_fpocket_1	1619
Q8N323_PF06312_130_264_fpocket_7	422
Q8N328_PF13843_141_499_fpocket_19	165
Q8N335_PF01210_7_174_fpocket_1	995
Q8N335_PF01210_7_174_fpocket_4	1061
Q8N335_PF07479_195_341_fpocket_4	497
Q8N335_PF07479_195_341_fpocket_7	1270
Q8N336_PF04727_119_302_fpocket_10	831
Q8N339_PF00131_1_61_fpocket_3	511
Q8N357_PF06027_95_224_fpocket_1	232
Q8N394_PF08409_248_320_fpocket_1	247
Q8N398_PF13757_2_79_fpocket_6	1382
Q8N398_PF13768_354_501_fpocket_2	738
Q8N3C0_PF00270_478_653_fpocket_9	1800
Q8N3C0_PF23445_1724_1803_fpocket_3	1343
Q8N3C0_PF23445_1724_1803_fpocket_4	710
Q8N3C0_PF23445_887_954_fpocket_1	896
Q8N3C0_PF23445_887_954_fpocket_5	627
Q8N3C0_PF26582_52_155_fpocket_1	285
Q8N3D4_PF10358_12_161_fpocket_1	566
Q8N3D4_PF10358_12_161_fpocket_7	550
Q8N3D4_PF12130_1364_1498_fpocket_1	1128
Q8N3E9_PF14788_201_250_fpocket_3	547
Q8N3F0_PF15167_4_131_fpocket_2	1593
Q8N3F0_PF15167_4_131_fpocket_9	95
Q8N3F8_PF12130_684_815_fpocket_10	267
Q8N3G9_PF20433_267_312_fpocket_2	187
Q8N3H0_PF12020_41_129_fpocket_1	1080
Q8N3I7_PF07289_7_339_fpocket_1	466
Q8N3I7_PF07289_7_339_fpocket_13	446
Q8N3J3_PF15072_493_576_fpocket_4	51
Q8N3J3_PF15072_493_576_fpocket_6	340
Q8N3P4_PF23412_1258_1309_fpocket_3	969
Q8N3R3_PF14688_188_490_fpocket_1	1024
Q8N3R3_PF14688_188_490_fpocket_2	752
Q8N3R9_PF00625_479_661_fpocket_13	365
Q8N3S3_PF12129_45_191_fpocket_3	1150
Q8N3T6_PF15706_894_979_fpocket_4	291
Q8N3T6_PF16070_429_526_fpocket_4	57
Q8N3T6_PF23486_529_665_fpocket_1	138
Q8N3T6_PF23487_666_781_fpocket_2	163
Q8N3X6_PF05225_280_311_fpocket_1	756
Q8N3X6_PF05225_280_311_fpocket_2	1395
Q8N3Y3_PF01501_112_345_fpocket_2	1238
Q8N3Y3_PF13896_431_495_fpocket_1	942
Q8N3Y3_PF13896_498_664_fpocket_1	397
Q8N3Y3_PF13896_498_664_fpocket_12	1776
Q8N3Y7_PF00106_42_232_fpocket_5	1628
Q8N3Z0_PF00089_140_203_fpocket_2	701
Q8N3Z3_PF01926_112_227_fpocket_3	952
Q8N423_PF00047_233_304_fpocket_4	104
Q8N427_PF00085_14_103_fpocket_1	272
Q8N427_PF00334_156_228_fpocket_2	1850
Q8N427_PF00334_156_228_fpocket_3	1132
Q8N427_PF00334_316_449_fpocket_9	131
Q8N434_PF00083_348_491_fpocket_7	422
Q8N436_PF13620_644_718_fpocket_1	381
Q8N442_PF00009_66_245_fpocket_4	456
Q8N442_PF00679_469_556_fpocket_2	1208
Q8N442_PF03144_268_338_fpocket_2	354
Q8N442_PF06421_558_664_fpocket_4	448
Q8N442_PF06421_558_664_fpocket_6	379
Q8N443_PF05914_9_379_fpocket_1	1763
Q8N448_PF00595_339_418_fpocket_2	596
Q8N465_PF01565_101_238_fpocket_6	1186
Q8N465_PF02913_275_515_fpocket_4	1700
Q8N474_PF01759_200_295_fpocket_3	1838
Q8N485_PF14954_11_258_fpocket_7	551
Q8N490_PF00753_155_291_fpocket_5	71
Q8N490_PF00753_155_291_fpocket_8	226
Q8N490_PF16123_292_380_fpocket_1	1223
Q8N4A0_PF00652_445_574_fpocket_2	363
Q8N4E4_PF02114_34_202_fpocket_2	657
Q8N4E4_PF02114_34_202_fpocket_5	1006
Q8N4E7_PF00210_78_216_fpocket_10	1591
Q8N4F0_PF02886_250_451_fpocket_7	529
Q8N4F4_PF00083_141_523_fpocket_2	306
Q8N4F4_PF00083_141_523_fpocket_6	1658
Q8N4G2_PF00025_10_172_fpocket_5	959
Q8N4H0_PF14909_7_131_fpocket_9	248
Q8N4H5_PF10642_1_48_fpocket_2	1686
Q8N4J0_PF07942_146_408_fpocket_5	1636
Q8N4J0_PF07942_146_408_fpocket_9	21
Q8N4L1_PF14857_26_369_fpocket_14	97
Q8N4L2_PF09788_7_250_fpocket_8	314
Q8N4L4_PF15670_19_110_fpocket_5	395
Q8N4M1_PF04515_289_602_fpocket_26	934
Q8N4N8_PF22923_23_76_fpocket_1	497
Q8N4N8_PF22923_23_76_fpocket_5	546
Q8N4P3_PF13328_11_136_fpocket_1	1684
Q8N4P3_PF13328_11_136_fpocket_2	495
Q8N4Q0_PF00107_184_319_fpocket_6	1108
Q8N4Q0_PF08240_61_144_fpocket_5	23
Q8N4S0_PF13926_297_449_fpocket_4	1006
Q8N4S7_PF03006_43_251_fpocket_17	1422
Q8N4T0_PF00246_145_423_fpocket_5	1584
Q8N4T0_PF02244_44_118_fpocket_4	1219
Q8N4T8_PF13561_12_233_fpocket_6	251
Q8N4U5_PF05794_77_499_fpocket_1	1043
Q8N4V1_PF10270_12_77_fpocket_3	1009
Q8N4X5_PF00169_366_439_fpocket_1	122
Q8N511_PF11712_78_202_fpocket_2	1447
Q8N543_PF10637_262_538_fpocket_6	1528
Q8N543_PF13661_141_238_fpocket_1	876
Q8N543_PF13661_141_238_fpocket_2	81
Q8N556_PF00169_351_433_fpocket_3	933
Q8N568_PF03607_91_152_fpocket_1	1664
Q8N573_PF01476_101_143_fpocket_1	43
Q8N573_PF01476_101_143_fpocket_2	464
Q8N573_PF07534_709_874_fpocket_1	178
Q8N573_PF07534_709_874_fpocket_2	446
Q8N5B7_PF03798_140_333_fpocket_1	247
Q8N5B7_PF03798_140_333_fpocket_2	1016
Q8N5C1_PF14798_1_250_fpocket_11	248
Q8N5C1_PF14798_1_250_fpocket_20	1002
Q8N5C6_PF00575_916_989_fpocket_7	795
Q8N5C6_PF09371_212_286_fpocket_1	782
Q8N5C6_PF09371_212_286_fpocket_2	14
Q8N5C6_PF12836_703_767_fpocket_2	1225
Q8N5C6_PF16921_538_663_fpocket_1	312
Q8N5C6_PF16921_538_663_fpocket_3	1520
Q8N5C6_PF17674_821_893_fpocket_1	12
Q8N5C6_PF22706_350_521_fpocket_3	1395
Q8N5C7_PF03942_66_288_fpocket_1	986
Q8N5C8_PF02845_11_50_fpocket_1	335
Q8N5G0_PF15061_2_58_fpocket_2	705
Q8N5G0_PF15061_2_58_fpocket_3	484
Q8N5H3_PF14854_85_140_fpocket_1	1395
Q8N5H7_PF00617_635_712_fpocket_3	107
Q8N5I2_PF00339_7_139_fpocket_4	352
Q8N5I2_PF02752_163_284_fpocket_2	560
Q8N5I9_PF15370_68_152_fpocket_5	151
Q8N5I9_PF15370_68_152_fpocket_6	605
Q8N5J2_PF04424_113_364_fpocket_3	24
Q8N5J4_PF00178_112_194_fpocket_5	122
Q8N5K1_PF10660_4_66_fpocket_1	1516
Q8N5K1_PF10660_4_66_fpocket_3	174
Q8N5L8_PF01918_27_88_fpocket_1	1516
Q8N5M1_PF07542_47_166_fpocket_1	237
Q8N5M1_PF07542_47_166_fpocket_4	970
Q8N5M9_PF07086_1_176_fpocket_1	533
Q8N5M9_PF07086_1_176_fpocket_2	503
Q8N5N7_PF10501_60_139_fpocket_1	254
Q8N5N7_PF10501_60_139_fpocket_2	1219
Q8N5P1_PF00642_193_216_fpocket_2	699
Q8N5P1_PF18345_226_244_fpocket_3	211
Q8N5P1_PF22623_248_283_fpocket_1	184
Q8N5Q1_PF12480_98_165_fpocket_5	1643
Q8N5R6_PF00168_239_320_fpocket_2	319
Q8N5U1_PF04103_73_161_fpocket_1	1203
Q8N5U1_PF04103_73_161_fpocket_6	1362
Q8N5V2_PF22697_486_596_fpocket_1	795
Q8N5Y2_PF22732_11_87_fpocket_1	618
Q8N5Y2_PF22732_11_87_fpocket_2	250
Q8N5Y8_PF18084_13_90_fpocket_3	896
Q8N5Y8_PF18084_13_90_fpocket_8	297
Q8N5Z0_PF00155_65_416_fpocket_2	1585
Q8N5Z5_PF02214_26_113_fpocket_1	388
Q8N635_PF24903_10_145_fpocket_1	311
Q8N635_PF24903_10_145_fpocket_2	997
Q8N661_PF07947_49_216_fpocket_1	1793
Q8N661_PF07947_49_216_fpocket_3	223
Q8N668_PF17221_7_107_fpocket_5	1490
Q8N684_PF25524_335_436_fpocket_2	493
Q8N690_PF13841_27_56_fpocket_1	401
Q8N690_PF13841_27_56_fpocket_2	1731
Q8N695_PF00474_45_449_fpocket_19	402
Q8N697_PF00854_104_512_fpocket_13	950
Q8N697_PF00854_104_512_fpocket_36	703
Q8N6C5_PF13895_1067_1156_fpocket_2	1668
Q8N6C8_PF13895_28_118_fpocket_3	97
Q8N6F1_PF00822_5_181_fpocket_5	320
Q8N6F8_PF13649_71_161_fpocket_1	1419
Q8N6L0_PF14658_38_105_fpocket_2	558
Q8N6L0_PF14658_38_105_fpocket_3	1192
Q8N6L7_PF15664_29_166_fpocket_5	334
Q8N6M3_PF10261_47_234_fpocket_2	241
Q8N6M3_PF10261_47_234_fpocket_8	1852
Q8N6M5_PF03561_204_366_fpocket_2	627
Q8N6M5_PF03561_204_366_fpocket_8	1671
Q8N6M5_PF03561_9_182_fpocket_1	1078
Q8N6M5_PF03561_9_182_fpocket_6	549
Q8N6N6_PF14542_30_103_fpocket_1	1497
Q8N6N7_PF00887_4_78_fpocket_4	1754
Q8N6P7_PF01108_5_106_fpocket_2	1167
Q8N6Q1_PF14992_13_287_fpocket_15	70
Q8N6Q3_PF00021_322_395_fpocket_5	686
Q8N6R0_PF01564_477_613_fpocket_5	548
Q8N6R0_PF13649_52_147_fpocket_1	96
Q8N6R1_PF06624_3_61_fpocket_3	523
Q8N6S4_PF11904_259_516_fpocket_18	1574
Q8N6T0_PF15091_54_505_fpocket_41	1184
Q8N6T3_PF01412_8_115_fpocket_5	375
Q8N6T7_PF02146_86_221_fpocket_2	755
Q8N6V4_PF15092_1_89_fpocket_1	624
Q8N6W0_PF00076_136_198_fpocket_2	130
Q8N6Y0_PF10506_299_362_fpocket_1	176
Q8N6Y0_PF10506_299_362_fpocket_3	943
Q8N715_PF15558_251_619_fpocket_14	1686
Q8N715_PF15558_251_619_fpocket_4	1288
Q8N766_PF07774_787_992_fpocket_11	1534
Q8N766_PF07774_787_992_fpocket_2	573
Q8N782_PF01352_8_48_fpocket_1	284
Q8N7B9_PF13833_64_114_fpocket_2	230
Q8N7C4_PF15049_11_171_fpocket_8	288
Q8N7C4_PF15049_11_171_fpocket_9	1736
Q8N7F7_PF00240_3_70_fpocket_2	439
Q8N7F7_PF17840_91_137_fpocket_2	128
Q8N7H5_PF03985_29_429_fpocket_3	389
Q8N7L0_PF15107_1_111_fpocket_1	325
Q8N7M0_PF03645_81_174_fpocket_4	1230
Q8N7N1_PF10294_134_288_fpocket_14	1783
Q8N7N1_PF14904_12_98_fpocket_3	1140
Q8N7N1_PF14904_12_98_fpocket_4	72
Q8N7P1_PF13918_242_421_fpocket_10	255
Q8N7Q3_PF13465_547_572_fpocket_1	1244
Q8N7R7_PF00134_180_285_fpocket_2	1385
Q8N7U6_PF25325_750_823_fpocket_2	1619
Q8N7U6_PF25325_750_823_fpocket_4	533
Q8N7X0_PF00648_193_292_fpocket_1	825
Q8N7X0_PF00648_193_292_fpocket_2	995
Q8N7X0_PF22068_653_778_fpocket_5	445
Q8N7X0_PF22069_988_1095_fpocket_1	88
Q8N7X0_PF22069_988_1095_fpocket_8	798
Q8N806_PF02207_46_112_fpocket_4	296
Q8N807_PF00085_389_490_fpocket_3	356
Q8N807_PF00085_48_149_fpocket_7	1558
Q8N807_PF13848_180_362_fpocket_13	88
Q8N808_PF00892_192_324_fpocket_1	1400
Q8N808_PF00892_41_173_fpocket_2	30
Q8N819_PF00481_66_319_fpocket_7	36
Q8N823_PF01352_24_63_fpocket_2	1747
Q8N831_PF00956_247_316_fpocket_1	795
Q8N859_PF13465_384_409_fpocket_2	1260
Q8N884_PF03281_214_389_fpocket_12	14
Q8N884_PF03281_214_389_fpocket_2	195
Q8N884_PF20266_405_509_fpocket_2	87
Q8N884_PF20266_405_509_fpocket_4	1825
Q8N888_PF15808_2_136_fpocket_6	347
Q8N8B7_PF07500_171_281_fpocket_4	985
Q8N8B7_PF08711_29_77_fpocket_2	812
Q8N8D7_PF05640_1_178_fpocket_1	46
Q8N8E3_PF14846_13_98_fpocket_12	589
Q8N8E3_PF14846_13_98_fpocket_3	114
Q8N8F6_PF04893_111_253_fpocket_5	175
Q8N8F7_PF15145_1_131_fpocket_1	1705
Q8N8J0_PF19274_1_167_fpocket_2	199
Q8N8J0_PF19274_1_167_fpocket_7	1526
Q8N8K9_PF12012_532_685_fpocket_10	537
Q8N8K9_PF12012_532_685_fpocket_4	320
Q8N8L6_PF00025_78_219_fpocket_1	1761
Q8N8M0_PF00583_79_156_fpocket_2	198
Q8N8M0_PF24066_214_336_fpocket_3	159
Q8N8N7_PF00107_168_263_fpocket_1	677
Q8N8N7_PF16884_5_117_fpocket_7	1172
Q8N8Q3_PF04493_44_240_fpocket_3	599
Q8N8Q8_PF02096_82_296_fpocket_8	411
Q8N8R5_PF10561_57_361_fpocket_9	1862
Q8N8S7_PF00568_4_107_fpocket_3	638
Q8N8U2_PF00378_270_497_fpocket_3	1602
Q8N8U9_PF00093_166_224_fpocket_2	1395
Q8N8W4_PF01734_16_178_fpocket_2	165
Q8N8X9_PF03281_58_248_fpocket_1	562
Q8N8Y2_PF01992_16_346_fpocket_26	1220
Q8N8Y2_PF01992_16_346_fpocket_3	424
Q8N8Z6_PF00431_41_147_fpocket_1	1061
Q8N8Z6_PF03815_167_240_fpocket_1	905
Q8N907_PF03045_79_186_fpocket_2	51
Q8N912_PF15555_34_155_fpocket_4	1043
Q8N912_PF15555_34_155_fpocket_8	271
Q8N954_PF13821_232_284_fpocket_2	1142
Q8N960_PF12416_167_340_fpocket_2	497
Q8N960_PF12416_167_340_fpocket_5	1834
Q8N961_PF26281_98_233_fpocket_11	1116
Q8N966_PF01529_92_218_fpocket_6	79
Q8N983_PF05047_43_93_fpocket_2	1112
Q8N983_PF05047_43_93_fpocket_5	141
Q8N999_PF17720_1_324_fpocket_16	408
Q8N999_PF17720_1_324_fpocket_24	271
Q8N9A8_PF09771_6_122_fpocket_10	1725
Q8N9A8_PF09771_6_122_fpocket_2	1786
Q8N9B5_PF15871_321_582_fpocket_22	592
Q8N9B5_PF15871_321_582_fpocket_24	560
Q8N9C0_PF18362_190_223_fpocket_2	390
Q8N9H8_PF01612_390_567_fpocket_1	419
Q8N9H8_PF01927_631_734_fpocket_3	90
Q8N9H8_PF01927_631_734_fpocket_5	303
Q8N9I5_PF00487_80_326_fpocket_14	226
Q8N9L9_PF08840_203_411_fpocket_11	705
Q8N9M1_PF18017_38_121_fpocket_1	1860
Q8N9N8_PF01176_25_86_fpocket_4	1156
Q8N9R6_PF15213_12_148_fpocket_4	96
Q8N9R8_PF12070_65_556_fpocket_13	1710
Q8N9R8_PF12070_65_556_fpocket_37	533
Q8N9S9_PF21271_209_267_fpocket_1	608
Q8N9S9_PF21271_209_267_fpocket_2	1354
Q8N9S9_PF21273_119_206_fpocket_4	740
Q8N9S9_PF21273_119_206_fpocket_7	44
Q8N9T8_PF12936_498_585_fpocket_1	105
Q8N9T8_PF12936_498_585_fpocket_2	1692
Q8N9V3_PF07647_332_394_fpocket_1	1115
Q8N9V3_PF07647_332_394_fpocket_3	1455
Q8N9V7_PF14669_1287_1462_fpocket_1	1833
Q8N9V7_PF14669_1287_1462_fpocket_6	824
Q8N9W5_PF14737_16_122_fpocket_1	280
Q8N9W5_PF14737_16_122_fpocket_3	1386
Q8N9W5_PF14740_154_442_fpocket_11	569
Q8N9W5_PF14740_154_442_fpocket_26	1739
Q8N9W8_PF12480_116_184_fpocket_2	257
Q8N9W8_PF12480_116_184_fpocket_3	16
Q8N9Z9_PF00932_142_252_fpocket_2	357
Q8N9Z9_PF00932_142_252_fpocket_4	810
Q8NA19_PF00536_542_604_fpocket_2	918
Q8NA19_PF02820_300_367_fpocket_4	1534
Q8NA29_PF13347_48_509_fpocket_33	680
Q8NA31_PF00249_671_718_fpocket_2	299
Q8NA47_PF21773_151_434_fpocket_4	289
Q8NA47_PF21773_151_434_fpocket_7	704
Q8NA54_PF25805_459_593_fpocket_1	816
Q8NA54_PF25805_459_593_fpocket_6	1374
Q8NA58_PF04857_15_362_fpocket_26	118
Q8NA58_PF04857_15_362_fpocket_29	187
Q8NA82_PF12906_659_714_fpocket_3	563
Q8NA92_PF05485_5_85_fpocket_3	1579
Q8NAC3_PF15037_142_530_fpocket_24	1851
Q8NAC3_PF15037_142_530_fpocket_9	1320
Q8NAG6_PF22945_450_612_fpocket_6	331
Q8NAP1_PF18700_36_80_fpocket_1	606
Q8NAP1_PF18700_36_80_fpocket_5	331
Q8NAT2_PF00567_472_594_fpocket_2	757
Q8NAT2_PF12872_10_72_fpocket_2	335
Q8NAT2_PF12872_135_195_fpocket_5	1756
Q8NAV1_PF03371_11_174_fpocket_11	1608
Q8NAV1_PF03371_11_174_fpocket_6	64
Q8NAV2_PF15552_73_364_fpocket_5	253
Q8NB12_PF01753_52_90_fpocket_1	1667
Q8NB16_PF22215_4_146_fpocket_4	79
Q8NB49_PF00122_124_251_fpocket_3	1496
Q8NB49_PF16209_39_94_fpocket_2	96
Q8NB78_PF04433_292_363_fpocket_1	1791
Q8NBD8_PF06541_14_138_fpocket_1	1492
Q8NBD8_PF06541_14_138_fpocket_2	926
Q8NBF2_PF13905_78_173_fpocket_1	1586
Q8NBF6_PF09794_16_519_fpocket_2	1465
Q8NBH2_PF01841_171_282_fpocket_1	351
Q8NBH2_PF23265_333_439_fpocket_1	887
Q8NBH2_PF23265_450_569_fpocket_1	52
Q8NBH2_PF23265_450_569_fpocket_9	1267
Q8NBI3_PF15550_38_349_fpocket_2	1226
Q8NBI6_PF01501_200_355_fpocket_3	353
Q8NBJ5_PF13704_61_175_fpocket_3	1722
Q8NBJ5_PF13704_61_175_fpocket_7	736
Q8NBJ7_PF03781_27_291_fpocket_8	822
Q8NBJ7_PF03781_27_291_fpocket_9	446
Q8NBJ9_PF13965_170_832_fpocket_24	1223
Q8NBJ9_PF13965_170_832_fpocket_44	674
Q8NBK3_PF03781_90_366_fpocket_10	110
Q8NBL3_PF13903_110_274_fpocket_12	84
Q8NBM4_PF00627_306_341_fpocket_4	1847
Q8NBM8_PF07156_120_483_fpocket_7	123
Q8NBM8_PF13450_31_96_fpocket_4	422
Q8NBN3_PF06814_225_467_fpocket_3	320
Q8NBP7_PF00082_181_419_fpocket_11	42
Q8NBP7_PF05922_77_149_fpocket_1	142
Q8NBP7_PF05922_77_149_fpocket_3	973
Q8NBP7_PF18459_450_531_fpocket_1	988
Q8NBP7_PF18459_450_531_fpocket_3	344
Q8NBQ7_PF00230_79_251_fpocket_8	1788
Q8NBR6_PF04424_242_493_fpocket_2	232
Q8NBR6_PF04424_242_493_fpocket_6	109
Q8NBS3_PF00955_326_873_fpocket_41	176
Q8NBS9_PF00085_67_164_fpocket_2	419
Q8NBT2_PF08286_83_192_fpocket_1	584
Q8NBT2_PF08286_83_192_fpocket_3	1404
Q8NBT3_PF10192_177_397_fpocket_1	1510
Q8NBT3_PF10192_177_397_fpocket_15	10
Q8NBT3_PF21892_32_140_fpocket_9	1184
Q8NBU5_PF00004_129_257_fpocket_2	312
Q8NBW4_PF01490_119_239_fpocket_10	394
Q8NBW4_PF01490_299_557_fpocket_10	1523
Q8NBX0_PF03435_11_149_fpocket_1	277
Q8NBX0_PF03435_11_149_fpocket_4	660
Q8NBZ0_PF24237_10_57_fpocket_2	998
Q8NBZ7_PF11803_5_78_fpocket_3	837
Q8NBZ7_PF16363_92_386_fpocket_1	416
Q8NBZ7_PF16363_92_386_fpocket_16	349
Q8NC06_PF00887_13_91_fpocket_2	546
Q8NC44_PF24456_63_247_fpocket_18	272
Q8NC56_PF09402_264_493_fpocket_16	618
Q8NC60_PF21516_556_657_fpocket_11	1083
Q8NC60_PF21516_556_657_fpocket_6	18
Q8NC67_PF00431_45_156_fpocket_1	415
Q8NCA5_PF10239_29_327_fpocket_6	358
Q8NCC3_PF02450_72_397_fpocket_13	1318
Q8NCC3_PF02450_72_397_fpocket_20	891
Q8NCD3_PF10384_19_74_fpocket_6	517
Q8NCD3_PF12347_554_613_fpocket_4	887
Q8NCE0_PF01974_339_423_fpocket_2	219
Q8NCE0_PF01974_339_423_fpocket_6	97
Q8NCE0_PF02778_285_329_fpocket_1	34
Q8NCF5_PF11976_349_417_fpocket_3	178
Q8NCG7_PF01764_370_503_fpocket_1	236
Q8NCH0_PF03567_139_365_fpocket_16	1357
Q8NCI6_PF21317_449_548_fpocket_1	446
Q8NCI6_PF21467_572_631_fpocket_1	521
Q8NCI6_PF21467_572_631_fpocket_4	583
Q8NCJ5_PF00622_259_331_fpocket_5	1307
Q8NCL9_PF14921_279_454_fpocket_3	726
Q8NCL9_PF14921_41_271_fpocket_1	824
Q8NCL9_PF14921_41_271_fpocket_2	208
Q8NCM2_PF00520_216_478_fpocket_13	1727
Q8NCM2_PF13426_39_132_fpocket_3	449
Q8NCM8_PF03028_3721_3829_fpocket_3	1629
Q8NCM8_PF08385_195_652_fpocket_13	1176
Q8NCM8_PF08385_195_652_fpocket_16	291
Q8NCM8_PF08393_1119_1518_fpocket_3	172
Q8NCM8_PF12774_1651_1986_fpocket_5	1249
Q8NCM8_PF12775_2282_2431_fpocket_6	734
Q8NCM8_PF12777_2897_3227_fpocket_20	1083
Q8NCM8_PF12777_2897_3227_fpocket_3	1648
Q8NCM8_PF12781_3253_3470_fpocket_2	1076
Q8NCM8_PF21264_2121_2216_fpocket_2	230
Q8NCM8_PF22597_2446_2544_fpocket_8	629
Q8NCN2_PF00651_22_124_fpocket_6	1292
Q8NCN5_PF01571_462_745_fpocket_7	224
Q8NCN5_PF08669_765_853_fpocket_2	1234
Q8NCN5_PF16350_405_460_fpocket_3	1121
Q8NCQ5_PF12937_76_118_fpocket_1	1085
Q8NCS4_PF07681_5_102_fpocket_3	1521
Q8NCS7_PF04515_330_687_fpocket_27	1470
Q8NCT3_PF08014_288_508_fpocket_13	1677
Q8NCU8_PF22002_1_56_fpocket_1	170
Q8NCU8_PF22002_1_56_fpocket_2	33
Q8NCV1_PF00035_116_178_fpocket_1	692
Q8NCV1_PF02137_261_576_fpocket_20	84
Q8NCW0_PF01822_124_205_fpocket_1	885
Q8NCW5_PF03853_81_246_fpocket_5	510
Q8NCW6_PF00535_154_337_fpocket_6	613
Q8NCY6_PF13873_8_85_fpocket_1	1661
Q8NCY6_PF13873_8_85_fpocket_3	32
Q8ND04_PF10220_43_985_fpocket_2	295
Q8ND07_PF14988_77_270_fpocket_1	272
Q8ND24_PF24525_228_442_fpocket_1	746
Q8ND24_PF24905_555_609_fpocket_4	1087
Q8ND30_PF07647_716_784_fpocket_2	77
Q8ND56_PF09532_290_397_fpocket_1	259
Q8ND56_PF12701_6_80_fpocket_3	814
Q8ND56_PF12701_6_80_fpocket_4	312
Q8ND61_PF14977_361_568_fpocket_10	1835
Q8ND71_PF04548_248_430_fpocket_1	691
Q8ND71_PF04548_439_653_fpocket_11	1532
Q8ND82_PF25414_681_719_fpocket_1	483
Q8ND90_PF14893_164_325_fpocket_4	1387
Q8ND90_PF20846_1_91_fpocket_2	808
Q8ND90_PF20846_1_91_fpocket_5	419
Q8NDA2_PF07645_4733_4774_fpocket_2	45
Q8NDA2_PF13927_517_591_fpocket_3	29
Q8NDB2_PF18567_28_154_fpocket_1	1534
Q8NDB2_PF18567_28_154_fpocket_7	1394
Q8NDB6_PF15549_1_170_fpocket_2	1146
Q8NDD1_PF15375_134_254_fpocket_10	257
Q8NDD1_PF15375_134_254_fpocket_5	486
Q8NDF8_PF03828_308_368_fpocket_1	389
Q8NDF8_PF22600_120_249_fpocket_1	343
Q8NDG6_PF21010_606_664_fpocket_4	70
Q8NDH3_PF00883_180_483_fpocket_4	1630
Q8NDH3_PF18295_21_139_fpocket_1	236
Q8NDH3_PF18295_21_139_fpocket_3	543
Q8NDH6_PF06456_15_242_fpocket_5	861
Q8NDL9_PF18027_10_141_fpocket_10	1310
Q8NDV2_PF00001_23_294_fpocket_3	1634
Q8NDV3_PF02463_4_1202_fpocket_103	1377
Q8NDV3_PF06470_514_629_fpocket_2	221
Q8NDX1_PF15410_778_892_fpocket_10	78
Q8NDX2_PF07690_117_463_fpocket_1	595
Q8NDX5_PF00536_918_981_fpocket_1	147
Q8NDX5_PF21319_783_812_fpocket_1	764
Q8NDX6_PF13894_101_123_fpocket_2	353
Q8NDY3_PF03747_6_327_fpocket_14	383
Q8NDY3_PF03747_6_327_fpocket_22	557
Q8NDY8_PF14979_46_180_fpocket_2	1337
Q8NDZ4_PF12260_207_405_fpocket_11	527
Q8NDZ6_PF10268_3_485_fpocket_2	269
Q8NDZ6_PF10268_3_485_fpocket_24	315
Q8NE00_PF01490_133_450_fpocket_24	662
Q8NE09_PF00615_676_770_fpocket_5	511
Q8NE09_PF00615_852_976_fpocket_1	190
Q8NE31_PF26116_511_579_fpocket_1	810
Q8NE35_PF16366_622_684_fpocket_2	480
Q8NE35_PF16367_440_529_fpocket_1	1120
Q8NE62_PF00732_41_338_fpocket_1	1405
Q8NE62_PF00732_41_338_fpocket_20	699
Q8NE62_PF05199_430_564_fpocket_2	799
Q8NE62_PF05199_430_564_fpocket_8	1375
Q8NE71_PF00005_321_480_fpocket_1	1227
Q8NE79_PF04831_41_266_fpocket_11	23
Q8NE79_PF04831_41_266_fpocket_6	726
Q8NE86_PF04678_118_320_fpocket_18	868
Q8NE86_PF04678_118_320_fpocket_3	1136
Q8NEA4_PF12937_99_139_fpocket_3	1433
Q8NEB5_PF01569_91_232_fpocket_3	312
Q8NEB7_PF07222_1_240_fpocket_4	1125
Q8NEC7_PF13679_423_545_fpocket_5	732
Q8NEC7_PF13679_423_545_fpocket_8	30
Q8NEF9_PF09073_359_428_fpocket_2	267
Q8NEG0_PF12480_115_183_fpocket_1	534
Q8NEG4_PF07894_15_296_fpocket_23	457
Q8NEJ9_PF04000_18_98_fpocket_3	1178
Q8NEJ9_PF04000_18_98_fpocket_4	619
Q8NEM0_PF12738_14_75_fpocket_4	1768
Q8NEM2_PF23762_80_308_fpocket_4	27
Q8NEM2_PF23762_80_308_fpocket_6	802
Q8NEN9_PF26547_93_291_fpocket_18	620
Q8NEP9_PF13894_564_586_fpocket_1	103
Q8NES8_PF13841_26_55_fpocket_2	590
Q8NET5_PF25830_42_150_fpocket_1	388
Q8NET5_PF25830_42_150_fpocket_6	1816
Q8NEU8_PF00640_494_609_fpocket_2	907
Q8NEU8_PF16746_8_247_fpocket_1	650
Q8NEW7_PF16038_47_130_fpocket_13	268
Q8NEY1_PF25408_1704_1811_fpocket_3	1448
Q8NEY3_PF06294_55_150_fpocket_5	79
Q8NEY4_PF03223_4_417_fpocket_4	1056
Q8NEY8_PF25234_277_343_fpocket_4	1181
Q8NEZ3_PF23145_1275_1320_fpocket_1	1091
Q8NEZ3_PF23146_1247_1271_fpocket_1	1366
Q8NEZ4_PF00628_391_435_fpocket_1	805
Q8NEZ4_PF00856_4782_4887_fpocket_1	1562
Q8NEZ4_PF05964_4546_4604_fpocket_3	77
Q8NEZ4_PF13771_252_330_fpocket_1	515
Q8NEZ5_PF10442_299_364_fpocket_1	44
Q8NEZ5_PF10442_299_364_fpocket_4	1415
Q8NF37_PF13833_432_483_fpocket_1	326
Q8NF50_PF14429_556_738_fpocket_3	114
Q8NF50_PF20422_1848_1923_fpocket_3	1706
Q8NF64_PF02891_596_644_fpocket_3	226
Q8NF64_PF25527_422_545_fpocket_2	1327
Q8NF91_PF00435_7140_7230_fpocket_1	940
Q8NF91_PF00435_8440_8547_fpocket_1	980
Q8NF99_PF02023_46_134_fpocket_1	523
Q8NFA0_PF06337_393_585_fpocket_15	406
Q8NFA0_PF14836_641_710_fpocket_1	1018
Q8NFA0_PF25265_16_101_fpocket_3	1145
Q8NFA0_PF25265_16_101_fpocket_6	342
Q8NFB2_PF10269_30_253_fpocket_11	147
Q8NFF5_PF00994_114_266_fpocket_1	1175
Q8NFF5_PF00994_114_266_fpocket_3	215
Q8NFF5_PF01507_399_553_fpocket_12	312
Q8NFF5_PF24102_278_354_fpocket_1	75
Q8NFF5_PF24102_278_354_fpocket_2	49
Q8NFG4_PF11704_105_265_fpocket_1	695
Q8NFG4_PF11704_105_265_fpocket_7	826
Q8NFH5_PF05172_168_251_fpocket_2	796
Q8NFH5_PF05172_168_251_fpocket_6	1805
Q8NFI3_PF03644_135_410_fpocket_22	64
Q8NFI3_PF03644_135_410_fpocket_23	189
Q8NFI3_PF25529_613_740_fpocket_1	1092
Q8NFI4_PF18253_2_43_fpocket_1	1316
Q8NFJ5_PF00003_23_263_fpocket_1	649
Q8NFJ9_PF23304_486_587_fpocket_1	469
Q8NFJ9_PF23304_486_587_fpocket_2	1473
Q8NFL0_PF01762_148_342_fpocket_12	298
Q8NFM4_PF00211_265_426_fpocket_10	1166
Q8NFM4_PF00211_865_1063_fpocket_3	424
Q8NFM4_PF06327_479_584_fpocket_3	230
Q8NFM7_PF08357_356_511_fpocket_6	104
Q8NFP0_PF15214_84_134_fpocket_3	271
Q8NFP4_PF00629_753_917_fpocket_3	438
Q8NFP7_PF00293_19_142_fpocket_7	151
Q8NFP9_PF02138_2287_2563_fpocket_9	1273
Q8NFP9_PF06469_1966_2132_fpocket_10	14
Q8NFP9_PF13385_241_402_fpocket_1	331
Q8NFP9_PF14844_2158_2254_fpocket_2	968
Q8NFQ5_PF02886_271_448_fpocket_4	577
Q8NFQ5_PF02886_271_448_fpocket_7	739
Q8NFQ6_PF01273_38_208_fpocket_9	1207
Q8NFQ8_PF05609_237_469_fpocket_1	721
Q8NFR3_PF11779_7_59_fpocket_4	982
Q8NFR9_PF08357_488_561_fpocket_1	381
Q8NFR9_PF08357_488_561_fpocket_3	855
Q8NFT2_PF01794_261_404_fpocket_11	1274
Q8NFT6_PF07535_296_340_fpocket_1	1294
Q8NFT8_PF00008_585_614_fpocket_2	579
Q8NFU1_PF01062_1_324_fpocket_16	1858
Q8NFU1_PF01062_1_324_fpocket_2	149
Q8NFU3_PF00581_10_112_fpocket_3	351
Q8NFU7_PF02008_585_624_fpocket_1	184
Q8NFU7_PF12851_1580_2052_fpocket_26	85
Q8NFV4_PF00561_58_294_fpocket_20	266
Q8NFV5_PF11357_153_264_fpocket_6	132
Q8NFW8_PF02348_46_276_fpocket_2	226
Q8NFW9_PF02318_8_125_fpocket_5	1209
Q8NFX7_PF00957_157_207_fpocket_2	13
Q8NFX7_PF15277_45_132_fpocket_3	223
Q8NFY4_PF01437_514_568_fpocket_3	1480
Q8NFZ0_PF00580_442_688_fpocket_19	727
Q8NFZ0_PF00580_442_688_fpocket_20	1150
Q8NFZ0_PF13361_869_934_fpocket_3	288
Q8NFZ3_PF00135_45_590_fpocket_23	341
Q8NG06_PF00622_345_450_fpocket_2	1847
Q8NG08_PF13604_454_670_fpocket_2	986
Q8NG08_PF25894_244_352_fpocket_1	1484
Q8NG08_PF25894_244_352_fpocket_5	1170
Q8NG11_PF00335_16_258_fpocket_9	455
Q8NG31_PF18210_2087_2240_fpocket_2	493
Q8NG41_PF15180_7_123_fpocket_5	805
Q8NG48_PF14694_193_542_fpocket_7	90
Q8NG48_PF14695_713_747_fpocket_1	614
Q8NG48_PF14695_713_747_fpocket_2	217
Q8NG50_PF25517_109_218_fpocket_2	61
Q8NG68_PF03133_85_365_fpocket_18	852
Q8NG68_PF03133_85_365_fpocket_2	1741
Q8NG80_PF13853_30_305_fpocket_19	367
Q8NGD3_PF13853_31_302_fpocket_9	1674
Q8NGG2_PF13853_70_345_fpocket_22	422
Q8NGI4_PF13853_31_300_fpocket_9	606
Q8NGI7_PF13853_31_306_fpocket_15	571
Q8NGK0_PF13853_36_313_fpocket_1	250
Q8NGM1_PF13853_29_301_fpocket_7	536
Q8NGP9_PF13853_31_307_fpocket_13	583
Q8NGW6_PF13853_61_332_fpocket_5	626
Q8NGY7_PF13853_31_254_fpocket_6	72
Q8NGZ3_PF13853_28_302_fpocket_15	607
Q8NH09_PF13853_34_297_fpocket_8	707
Q8NH16_PF13853_32_304_fpocket_12	796
Q8NH74_PF13853_31_304_fpocket_5	995
Q8NHC6_PF13853_49_321_fpocket_24	374
Q8NHE4_PF05493_9_70_fpocket_1	97
Q8NHE4_PF05493_9_70_fpocket_2	27
Q8NHG7_PF15811_2_63_fpocket_1	117
Q8NHH9_PF02263_70_341_fpocket_3	1012
Q8NHH9_PF02841_344_464_fpocket_1	422
Q8NHH9_PF02841_344_464_fpocket_2	801
Q8NHL6_PF13895_28_118_fpocket_3	448
Q8NHM5_PF12937_1068_1107_fpocket_3	429
Q8NHM5_PF13621_142_318_fpocket_12	1112
Q8NHM5_PF16866_656_722_fpocket_3	1552
Q8NHM5_PF17811_334_373_fpocket_2	741
Q8NHM5_PF17811_334_373_fpocket_3	987
Q8NHP6_PF00650_93_233_fpocket_2	229
Q8NHP7_PF01612_88_199_fpocket_6	44
Q8NHP8_PF04916_85_585_fpocket_22	494
Q8NHQ8_PF21712_2_78_fpocket_3	823
Q8NHQ9_PF13959_414_463_fpocket_1	1659
Q8NHQ9_PF13959_414_463_fpocket_4	555
Q8NHR9_PF00235_4_128_fpocket_4	733
Q8NHS2_PF00155_57_393_fpocket_5	597
Q8NHS3_PF07690_42_359_fpocket_22	201
Q8NHS3_PF07690_42_359_fpocket_25	933
Q8NHU2_PF16092_16_266_fpocket_1	1012
Q8NHU2_PF16092_16_266_fpocket_5	1864
Q8NHU2_PF23150_1033_1151_fpocket_4	617
Q8NHU3_PF14360_221_293_fpocket_2	376
Q8NHU6_PF12872_236_270_fpocket_2	1104
Q8NHU6_PF12872_7_70_fpocket_4	1803
Q8NHV1_PF04548_9_215_fpocket_2	1840
Q8NHV5_PF18800_25_166_fpocket_1	1055
Q8NHV5_PF18800_25_166_fpocket_3	1403
Q8NHW5_PF00466_8_103_fpocket_5	1317
Q8NHW6_PF15182_21_89_fpocket_1	1350
Q8NHY3_PF02187_206_274_fpocket_2	474
Q8NHY3_PF02187_206_274_fpocket_6	377
Q8NHZ7_PF14048_103_193_fpocket_1	1658
Q8NHZ8_PF10471_1_37_fpocket_2	704
Q8NI08_PF01476_118_158_fpocket_2	5
Q8NI08_PF07534_779_941_fpocket_1	39
Q8NI08_PF07534_779_941_fpocket_2	600
Q8NI27_PF11262_873_1173_fpocket_1	1266
Q8NI27_PF11732_568_643_fpocket_1	127
Q8NI27_PF11732_568_643_fpocket_5	230
Q8NI27_PF16134_11_420_fpocket_1	86
Q8NI27_PF16134_420_566_fpocket_1	710
Q8NI27_PF16134_420_566_fpocket_6	1091
Q8NI29_PF00646_26_68_fpocket_1	1170
Q8NI29_PF04300_105_278_fpocket_1	1570
Q8NI29_PF04300_105_278_fpocket_5	1495
Q8NI32_PF16975_53_158_fpocket_2	690
Q8NI32_PF16975_53_158_fpocket_3	1698
Q8NI35_PF09045_8_65_fpocket_5	964
Q8NI36_PF04192_689_891_fpocket_2	147
Q8NI37_PF07228_86_262_fpocket_11	575
Q8NI37_PF07228_86_262_fpocket_5	612
Q8NI60_PF03109_300_538_fpocket_5	36
Q8NI99_PF00147_258_467_fpocket_1	1216
Q8TAA5_PF01025_61_218_fpocket_11	76
Q8TAC1_PF22543_18_135_fpocket_1	60
Q8TAC1_PF22543_18_135_fpocket_4	32
Q8TAC2_PF02099_19_167_fpocket_7	192
Q8TAC2_PF02099_19_167_fpocket_9	1159
Q8TAD2_PF06083_90_170_fpocket_2	377
Q8TAD8_PF00498_281_361_fpocket_1	1001
Q8TAE8_PF10147_1_209_fpocket_12	1494
Q8TAE8_PF10147_1_209_fpocket_6	1395
Q8TAF3_PF11816_509_673_fpocket_4	515
Q8TAF8_PF10242_25_202_fpocket_2	1848
Q8TAF8_PF10242_25_202_fpocket_4	1697
Q8TAG5_PF07686_33_138_fpocket_8	220
Q8TAM1_PF00118_21_102_fpocket_5	905
Q8TAP6_PF15627_100_257_fpocket_5	23
Q8TAP6_PF24652_518_656_fpocket_5	752
Q8TAP6_PF24652_518_656_fpocket_6	45
Q8TAP6_PF24656_361_491_fpocket_2	780
Q8TAP6_PF24656_361_491_fpocket_7	406
Q8TAQ2_PF16495_864_945_fpocket_5	117
Q8TAQ2_PF16495_864_945_fpocket_7	1718
Q8TAQ2_PF16496_4_137_fpocket_12	426
Q8TAQ2_PF16496_4_137_fpocket_5	1706
Q8TAQ5_PF00096_335_357_fpocket_1	514
Q8TAQ9_PF07738_221_352_fpocket_1	756
Q8TAT6_PF05020_106_245_fpocket_1	1719
Q8TAT6_PF05020_106_245_fpocket_2	1556
Q8TAT6_PF05021_249_555_fpocket_24	1154
Q8TAT6_PF05021_249_555_fpocket_25	36
Q8TAT6_PF11543_1_79_fpocket_5	773
Q8TAV0_PF16046_4_297_fpocket_2	675
Q8TAV4_PF01145_52_224_fpocket_6	893
Q8TAX9_PF17708_252_376_fpocket_10	417
Q8TAX9_PF17708_252_376_fpocket_8	1647
Q8TAY7_PF14160_145_262_fpocket_2	1118
Q8TAY7_PF14161_12_41_fpocket_1	0
Q8TAY7_PF14161_12_41_fpocket_2	334
Q8TB03_PF15112_9_308_fpocket_1	24
Q8TB05_PF22566_8_53_fpocket_1	1178
Q8TB22_PF03190_62_223_fpocket_3	865
Q8TB24_PF23268_601_695_fpocket_1	656
Q8TB24_PF23268_601_695_fpocket_5	1470
Q8TB36_PF13410_208_282_fpocket_2	1161
Q8TB36_PF13410_208_282_fpocket_7	1395
Q8TB37_PF10609_66_310_fpocket_8	331
Q8TB52_PF15965_7_99_fpocket_2	739
Q8TB52_PF15966_610_724_fpocket_3	1134
Q8TB52_PF15966_610_724_fpocket_4	56
Q8TB73_PF10179_192_335_fpocket_3	1147
Q8TB73_PF19433_394_568_fpocket_14	954
Q8TB73_PF19433_394_568_fpocket_15	666
Q8TB96_PF23122_459_560_fpocket_8	750
Q8TBB0_PF05485_5_89_fpocket_1	1235
Q8TBB6_PF13520_53_434_fpocket_3	1097
Q8TBC4_PF00899_64_365_fpocket_11	1403
Q8TBC4_PF08825_376_461_fpocket_1	1480
Q8TBC4_PF08825_376_461_fpocket_2	1789
Q8TBE1_PF03311_8_151_fpocket_6	620
Q8TBE7_PF00892_106_237_fpocket_1	196
Q8TBF2_PF13911_53_165_fpocket_1	1694
Q8TBF5_PF08320_54_250_fpocket_1	123
Q8TBF5_PF08320_54_250_fpocket_11	134
Q8TBG4_PF00202_31_433_fpocket_23	269
Q8TBH0_PF02752_181_307_fpocket_1	854
Q8TBK2_PF09273_332_465_fpocket_15	873
Q8TBK6_PF13917_40_76_fpocket_1	730
Q8TBM7_PF14934_25_113_fpocket_1	365
Q8TBM7_PF14934_25_113_fpocket_5	1822
Q8TBM8_PF00226_108_169_fpocket_1	1275
Q8TBM8_PF09320_270_369_fpocket_2	1204
Q8TBP5_PF06679_11_190_fpocket_1	861
Q8TBR7_PF03798_39_242_fpocket_1	1199
Q8TBY0_PF14709_392_468_fpocket_3	1493
Q8TBZ2_PF14646_237_655_fpocket_28	16
Q8TBZ9_PF24787_46_235_fpocket_1	745
Q8TC05_PF15501_9_548_fpocket_1	877
Q8TC07_PF00566_350_578_fpocket_4	343
Q8TC07_PF00566_350_578_fpocket_8	1198
Q8TC12_PF00106_42_242_fpocket_9	414
Q8TC17_PF00017_60_103_fpocket_2	1784
Q8TC27_PF01421_187_383_fpocket_1	744
Q8TC29_PF13864_152_248_fpocket_3	265
Q8TC29_PF13864_152_248_fpocket_5	1808
Q8TC36_PF07738_232_362_fpocket_5	1547
Q8TC41_PF22191_419_457_fpocket_1	129
Q8TC41_PF22191_419_457_fpocket_2	510
Q8TC59_PF02170_391_523_fpocket_2	938
Q8TC59_PF08699_339_386_fpocket_1	1389
Q8TC59_PF08699_339_386_fpocket_3	629
Q8TC59_PF23278_239_310_fpocket_1	1615
Q8TC71_PF16026_298_488_fpocket_1	1532
Q8TC71_PF16026_298_488_fpocket_13	457
Q8TC92_PF23267_425_520_fpocket_5	142
Q8TCD1_PF14975_2_48_fpocket_3	67
Q8TCD5_PF06941_3_190_fpocket_7	33
Q8TCD6_PF06888_3_239_fpocket_2	139
Q8TCD6_PF06888_3_239_fpocket_4	405
Q8TCE6_PF08616_160_263_fpocket_3	260
Q8TCE6_PF08616_160_263_fpocket_5	258
Q8TCF1_PF01428_10_46_fpocket_2	399
Q8TCF1_PF25327_182_253_fpocket_2	478
Q8TCF1_PF25327_182_253_fpocket_3	1680
Q8TCG2_PF00454_130_425_fpocket_22	234
Q8TCG5_PF00755_175_752_fpocket_8	707
Q8TCJ2_PF02516_72_471_fpocket_10	835
Q8TCJ2_PF21436_601_657_fpocket_1	338
Q8TCJ2_PF21436_601_657_fpocket_3	1133
Q8TCS8_PF03725_186_250_fpocket_3	67
Q8TCS8_PF03726_285_363_fpocket_2	312
Q8TCS8_PF03726_285_363_fpocket_5	1446
Q8TCT0_PF00781_132_273_fpocket_3	1296
Q8TCT0_PF19280_290_530_fpocket_23	1312
Q8TCT0_PF25382_10_119_fpocket_2	1805
Q8TCT1_PF06888_28_263_fpocket_12	1754
Q8TCT7_PF02225_74_150_fpocket_1	1789
Q8TCT9_PF04258_64_349_fpocket_12	89
Q8TCU3_PF13520_16_415_fpocket_23	1611
Q8TCU5_PF01094_126_451_fpocket_24	1538
Q8TCU6_PF00610_428_494_fpocket_2	226
Q8TCU6_PF00621_53_238_fpocket_12	364
Q8TCV5_PF00095_77_120_fpocket_2	1642
Q8TCW7_PF23344_44_158_fpocket_3	852
Q8TCW7_PF23344_44_158_fpocket_7	1081
Q8TCX1_PF05783_30_163_fpocket_2	336
Q8TCX1_PF05783_30_163_fpocket_8	1276
Q8TCX5_PF02185_36_92_fpocket_2	493
Q8TCY9_PF25496_181_480_fpocket_14	934
Q8TCY9_PF25496_181_480_fpocket_9	375
Q8TCY9_PF25683_508_896_fpocket_33	554
Q8TD06_PF13899_43_124_fpocket_6	533
Q8TD17_PF13913_399_419_fpocket_1	79
Q8TD22_PF03820_27_340_fpocket_10	1442
Q8TD26_PF00385_376_427_fpocket_3	331
Q8TD30_PF00155_111_510_fpocket_2	929
Q8TD43_PF18139_89_316_fpocket_7	1673
Q8TD43_PF25508_412_669_fpocket_2	48
Q8TD47_PF00467_178_211_fpocket_1	3
Q8TD47_PF00900_95_169_fpocket_1	205
Q8TD47_PF16121_212_259_fpocket_1	1786
Q8TD47_PF16121_212_259_fpocket_3	147
Q8TD57_PF08393_859_1262_fpocket_1	1293
Q8TD57_PF08393_859_1262_fpocket_2	419
Q8TD57_PF12777_2678_3020_fpocket_11	334
Q8TD57_PF12781_3052_3273_fpocket_2	60
Q8TD57_PF17852_1884_2027_fpocket_5	445
Q8TD57_PF17857_2247_2341_fpocket_4	413
Q8TD57_PF17857_2247_2341_fpocket_5	1535
Q8TD57_PF18198_3667_3805_fpocket_12	463
Q8TD57_PF18199_3812_4112_fpocket_1	1521
Q8TD90_PF01454_96_263_fpocket_2	1641
Q8TDB4_PF14962_1_190_fpocket_4	692
Q8TDB6_PF18102_607_739_fpocket_1	120
Q8TDB6_PF21717_138_199_fpocket_1	733
Q8TDB6_PF21718_237_355_fpocket_4	970
Q8TDB6_PF21718_378_505_fpocket_1	1324
Q8TDB6_PF21718_378_505_fpocket_8	309
Q8TDB6_PF23222_11_84_fpocket_3	540
Q8TDB6_PF23222_11_84_fpocket_4	264
Q8TDB8_PF00083_38_489_fpocket_25	574
Q8TDC3_PF21115_316_358_fpocket_5	565
Q8TDD5_PF08016_371_508_fpocket_1	1812
Q8TDD5_PF08016_371_508_fpocket_3	163
Q8TDD5_PF21381_87_270_fpocket_11	258
Q8TDG4_PF20470_717_813_fpocket_5	1360
Q8TDG4_PF21099_850_989_fpocket_10	1163
Q8TDG4_PF21099_850_989_fpocket_3	1174
Q8TDH9_PF14942_36_181_fpocket_1	651
Q8TDH9_PF14942_36_181_fpocket_7	1398
Q8TDI0_PF08073_150_200_fpocket_3	763
Q8TDI0_PF08074_1733_1878_fpocket_1	725
Q8TDI0_PF08074_1733_1878_fpocket_12	271
Q8TDJ6_PF12234_1497_1903_fpocket_15	514
Q8TDJ6_PF12234_1497_1903_fpocket_30	1845
Q8TDM6_PF00625_1775_1906_fpocket_1	467
Q8TDM6_PF04822_129_213_fpocket_2	1158
Q8TDM6_PF04822_129_213_fpocket_7	808
Q8TDN4_PF00134_528_615_fpocket_1	617
Q8TDN4_PF00134_528_615_fpocket_2	180
Q8TDN6_PF04427_67_242_fpocket_12	459
Q8TDN7_PF05875_7_255_fpocket_1	882
Q8TDN7_PF05875_7_255_fpocket_14	148
Q8TDP1_PF08615_28_157_fpocket_1	341
Q8TDP1_PF08615_28_157_fpocket_7	1675
Q8TDQ7_PF01182_15_232_fpocket_12	1053
Q8TDR0_PF10243_5_116_fpocket_1	614
Q8TDR0_PF10243_5_116_fpocket_4	1660
Q8TDU6_PF00001_32_249_fpocket_1	1309
Q8TDW0_PF12534_1_338_fpocket_9	1447
Q8TDW7_PF00028_2929_3012_fpocket_1	525
Q8TDX5_PF04909_3_330_fpocket_12	1545
Q8TDX5_PF04909_3_330_fpocket_2	856
Q8TDX6_PF05679_73_507_fpocket_30	967
Q8TDX9_PF00801_600_663_fpocket_1	437
Q8TDX9_PF02010_1140_1310_fpocket_1	53
Q8TDX9_PF02010_1140_1310_fpocket_2	743
Q8TDX9_PF02010_714_933_fpocket_4	231
Q8TDX9_PF08016_2518_2662_fpocket_1	1760
Q8TDX9_PF20519_2442_2512_fpocket_5	1213
Q8TDX9_PF20519_2442_2512_fpocket_6	989
Q8TDY2_PF10377_1477_1587_fpocket_1	1727
Q8TDY8_PF07679_145_223_fpocket_7	673
Q8TDZ2_PF01494_85_122_fpocket_2	241
Q8TDZ2_PF12130_931_1059_fpocket_1	1843
Q8TDZ2_PF12130_931_1059_fpocket_2	1163
Q8TE02_PF10483_233_281_fpocket_1	43
Q8TE02_PF10483_9_177_fpocket_17	1818
Q8TE23_PF00003_559_811_fpocket_7	256
Q8TE54_PF00916_48_444_fpocket_10	341
Q8TE54_PF01740_495_635_fpocket_2	70
Q8TE56_PF19030_804_861_fpocket_1	1130
Q8TE56_PF19030_925_969_fpocket_2	342
Q8TE56_PF23178_1044_1088_fpocket_2	581
Q8TE57_PF05986_748_858_fpocket_5	331
Q8TE57_PF08686_1190_1220_fpocket_1	937
Q8TE58_PF00090_521_570_fpocket_2	1842
Q8TE58_PF01421_218_427_fpocket_3	451
Q8TE58_PF05986_685_801_fpocket_4	1306
Q8TE58_PF17771_438_505_fpocket_1	121
Q8TE58_PF17771_438_505_fpocket_2	40
Q8TE59_PF00090_643_691_fpocket_1	1160
Q8TE59_PF05986_798_906_fpocket_7	276
Q8TE59_PF19030_925_982_fpocket_4	596
Q8TE59_PF19030_986_1042_fpocket_1	53
Q8TE59_PF19030_986_1042_fpocket_3	915
Q8TE60_PF05986_751_861_fpocket_2	706
Q8TE60_PF19030_995_1048_fpocket_4	596
Q8TE60_PF19236_648_748_fpocket_5	157
Q8TE67_PF00018_457_501_fpocket_3	1670
Q8TE67_PF08416_28_155_fpocket_5	460
Q8TE67_PF08416_28_155_fpocket_8	1476
Q8TE67_PF18016_524_583_fpocket_1	1148
Q8TE67_PF18016_524_583_fpocket_3	262
Q8TE67_PF22975_237_377_fpocket_5	825
Q8TE68_PF22975_256_405_fpocket_10	865
Q8TE73_PF03028_4041_4149_fpocket_6	1369
Q8TE73_PF08393_1403_1807_fpocket_14	144
Q8TE73_PF08393_1403_1807_fpocket_16	21
Q8TE73_PF12775_2554_2732_fpocket_1	209
Q8TE73_PF12775_2554_2732_fpocket_3	765
Q8TE73_PF12777_3202_3545_fpocket_8	1294
Q8TE73_PF18199_4329_4621_fpocket_15	811
Q8TE76_PF07496_425_470_fpocket_2	1335
Q8TE76_PF13589_50_165_fpocket_7	39
Q8TE76_PF17942_266_400_fpocket_8	193
Q8TE85_PF04516_226_420_fpocket_1	1255
Q8TE85_PF25416_513_566_fpocket_3	1325
Q8TE99_PF00328_87_424_fpocket_23	1047
Q8TEA1_PF01189_229_400_fpocket_4	561
Q8TEA7_PF00581_789_881_fpocket_4	34
Q8TEA8_PF02580_2_146_fpocket_1	509
Q8TEA8_PF02580_2_146_fpocket_2	1133
Q8TEB7_PF13639_275_318_fpocket_1	357
Q8TEB9_PF01694_63_206_fpocket_14	987
Q8TEC5_PF13639_11_53_fpocket_3	1280
Q8TED0_PF09384_343_490_fpocket_1	409
Q8TED1_PF00255_47_154_fpocket_4	223
Q8TEH3_PF03455_337_388_fpocket_3	539
Q8TEK3_PF08123_115_317_fpocket_2	497
Q8TEL6_PF12463_407_713_fpocket_9	33
Q8TEM1_PF22959_1371_1474_fpocket_1	1771
Q8TEM1_PF22959_1371_1474_fpocket_4	1627
Q8TEM1_PF22967_26_114_fpocket_1	863
Q8TEM1_PF22969_123_232_fpocket_2	992
Q8TEM1_PF24935_538_626_fpocket_1	1265
Q8TEM1_PF24991_355_433_fpocket_1	610
Q8TEM1_PF24991_355_433_fpocket_4	794
Q8TEM1_PF25354_1477_1548_fpocket_2	566
Q8TEM1_PF26181_1167_1282_fpocket_1	1365
Q8TEM1_PF26181_1167_1282_fpocket_4	1269
Q8TEM1_PF26183_1303_1369_fpocket_1	337
Q8TEM1_PF26183_1303_1369_fpocket_4	1422
Q8TEM1_PF26184_774_890_fpocket_1	1292
Q8TEP8_PF22064_1492_1645_fpocket_4	995
Q8TEP8_PF22065_2268_2391_fpocket_2	145
Q8TEP8_PF22066_2436_2534_fpocket_1	75
Q8TEP8_PF22066_2436_2534_fpocket_2	1458
Q8TEP8_PF22067_1648_1746_fpocket_1	239
Q8TEP8_PF22073_1763_1880_fpocket_4	824
Q8TEP8_PF22074_1886_2061_fpocket_2	1111
Q8TEP8_PF22074_1886_2061_fpocket_3	307
Q8TEP8_PF22076_2128_2229_fpocket_1	1001
Q8TEQ0_PF00787_685_748_fpocket_2	88
Q8TEQ6_PF23777_1156_1494_fpocket_2	679
Q8TEQ8_PF01663_215_283_fpocket_3	629
Q8TEQ8_PF01663_215_283_fpocket_5	1184
Q8TET4_PF01055_356_683_fpocket_3	23
Q8TET4_PF13802_73_292_fpocket_3	227
Q8TEU7_PF00617_863_1041_fpocket_4	333
Q8TEU7_PF00788_750_833_fpocket_3	1570
Q8TEU8_PF00014_328_379_fpocket_2	312
Q8TEU8_PF01759_457_559_fpocket_2	1395
Q8TEW0_PF12053_1_83_fpocket_2	490
Q8TEW6_PF02174_151_230_fpocket_1	163
Q8TEW8_PF12053_1_83_fpocket_2	1108
Q8TEY7_PF06337_739_809_fpocket_1	196
Q8TEY7_PF06337_739_809_fpocket_5	1677
Q8TEY7_PF06337_846_917_fpocket_3	34
Q8TEY7_PF06337_846_917_fpocket_6	242
Q8TEZ7_PF03006_70_296_fpocket_12	1267
Q8TF08_PF05392_2_80_fpocket_2	151
Q8TF09_PF03259_4_93_fpocket_6	582
Q8TF09_PF03259_4_93_fpocket_8	544
Q8TF27_PF01412_330_441_fpocket_2	523
Q8TF30_PF15871_181_442_fpocket_19	797
Q8TF30_PF15871_181_442_fpocket_3	338
Q8TF40_PF14636_41_158_fpocket_7	834
Q8TF40_PF14637_318_549_fpocket_3	351
Q8TF46_PF00773_465_816_fpocket_1	24
Q8TF46_PF00773_465_816_fpocket_18	497
Q8TF46_PF17215_876_960_fpocket_1	646
Q8TF46_PF17849_365_431_fpocket_2	691
Q8TF62_PF13246_464_654_fpocket_6	1095
Q8TF62_PF16209_15_81_fpocket_3	863
Q8TF62_PF16212_841_1095_fpocket_7	860
Q8TF64_PF25083_38_104_fpocket_1	1531
Q8TF64_PF25083_38_104_fpocket_2	1577
Q8TF65_PF25082_221_310_fpocket_4	1080
Q8TF65_PF25082_221_310_fpocket_8	537
Q8TF71_PF07690_332_483_fpocket_9	172
Q8TF71_PF07690_92_379_fpocket_1	1239
Q8TF72_PF08687_1671_1956_fpocket_5	191
Q8TF76_PF12330_413_781_fpocket_12	465
Q8TF76_PF12330_413_781_fpocket_21	534
Q8WTP8_PF00929_111_266_fpocket_2	1220
Q8WTP9_PF05831_1_108_fpocket_3	171
Q8WTR2_PF00782_74_202_fpocket_2	1447
Q8WTR4_PF03009_233_351_fpocket_4	104
Q8WTR4_PF03009_233_351_fpocket_6	190
Q8WTR4_PF13653_450_477_fpocket_1	520
Q8WTR8_PF01759_362_468_fpocket_5	1863
Q8WTT2_PF07540_214_308_fpocket_2	672
Q8WTT2_PF07540_214_308_fpocket_3	5
Q8WTU0_PF09668_235_343_fpocket_8	1170
Q8WTU0_PF24669_142_206_fpocket_1	295
Q8WTU0_PF24669_142_206_fpocket_3	505
Q8WTV0_PF01130_16_462_fpocket_1	881
Q8WTV1_PF05485_5_82_fpocket_2	7
Q8WTX7_PF13840_259_322_fpocket_1	165
Q8WU03_PF06021_1_199_fpocket_1	1426
Q8WU10_PF07992_12_218_fpocket_4	471
Q8WU10_PF07992_288_383_fpocket_2	779
Q8WU10_PF18267_413_478_fpocket_2	573
Q8WU10_PF18267_413_478_fpocket_4	1643
Q8WU17_PF13705_20_516_fpocket_4	411
Q8WU17_PF13705_20_516_fpocket_48	1551
Q8WU39_PF11938_49_178_fpocket_2	1235
Q8WU76_PF00995_412_665_fpocket_13	1854
Q8WU90_PF16543_229_313_fpocket_1	1393
Q8WU90_PF16543_229_313_fpocket_4	157
Q8WUD4_PF08315_11_143_fpocket_7	609
Q8WUD6_PF01066_60_213_fpocket_4	637
Q8WUF8_PF22749_56_353_fpocket_2	128
Q8WUF8_PF22749_56_353_fpocket_22	1825
Q8WUH1_PF06573_1_109_fpocket_1	237
Q8WUJ3_PF13330_433_514_fpocket_3	327
Q8WUJ3_PF24605_1001_1185_fpocket_1	650
Q8WUK0_PF00782_88_184_fpocket_3	750
Q8WUM4_PF13949_413_701_fpocket_7	450
Q8WUN7_PF16455_29_132_fpocket_1	733
Q8WUP2_PF00412_183_238_fpocket_2	545
Q8WUR7_PF02594_63_132_fpocket_1	1482
Q8WUR7_PF02594_63_132_fpocket_2	1050
Q8WUS8_PF01073_12_284_fpocket_13	819
Q8WUS8_PF01073_12_284_fpocket_9	819
Q8WUX1_PF01490_47_459_fpocket_15	769
Q8WUX1_PF01490_47_459_fpocket_20	1189
Q8WUX2_PF04752_1_173_fpocket_6	1357
Q8WUX9_PF25239_156_224_fpocket_1	331
Q8WUX9_PF25239_156_224_fpocket_2	1279
Q8WUX9_PF25880_20_106_fpocket_1	160
Q8WUX9_PF25880_20_106_fpocket_5	1494
Q8WUY1_PF13279_54_185_fpocket_5	30
Q8WUY1_PF13279_54_185_fpocket_7	46
Q8WUY3_PF12496_2800_2915_fpocket_4	267
Q8WUY3_PF13716_2918_3053_fpocket_4	482
Q8WUY8_PF00583_96_156_fpocket_1	455
Q8WUY8_PF00583_96_156_fpocket_2	1095
Q8WUY9_PF00610_28_106_fpocket_4	533
Q8WUZ0_PF04714_4_51_fpocket_4	443
Q8WV07_PF09811_22_60_fpocket_2	1319
Q8WV07_PF09811_22_60_fpocket_3	823
Q8WV19_PF04178_35_144_fpocket_2	1675
Q8WV22_PF07574_15_176_fpocket_1	1236
Q8WV22_PF07574_15_176_fpocket_3	233
Q8WV22_PF08746_191_231_fpocket_1	1400
Q8WV41_PF00787_258_334_fpocket_6	874
Q8WV41_PF10456_337_572_fpocket_17	645
Q8WV41_PF10456_337_572_fpocket_2	703
Q8WV44_PF15227_20_54_fpocket_1	1047
Q8WV92_PF04212_14_77_fpocket_1	928
Q8WV92_PF16565_100_242_fpocket_11	378
Q8WV93_PF03969_79_426_fpocket_23	765
Q8WV93_PF03969_79_426_fpocket_35	1145
Q8WV99_PF25403_53_92_fpocket_2	714
Q8WVB3_PF00728_63_205_fpocket_4	626
Q8WVC0_PF04004_374_535_fpocket_1	544
Q8WVC0_PF04004_374_535_fpocket_7	1182
Q8WVC6_PF01121_3_181_fpocket_5	1287
Q8WVD3_PF13923_17_57_fpocket_2	432
Q8WVD3_PF18574_80_112_fpocket_2	50
Q8WVE0_PF10237_46_207_fpocket_1	1478
Q8WVE0_PF10237_46_207_fpocket_8	604
Q8WVE7_PF10190_40_144_fpocket_8	641
Q8WVF1_PF10188_17_199_fpocket_3	1605
Q8WVF2_PF17085_1_134_fpocket_9	1202
Q8WVF5_PF19323_138_259_fpocket_4	449
Q8WVH0_PF05835_1_137_fpocket_2	56
Q8WVJ2_PF04969_18_91_fpocket_2	151
Q8WVK2_PF08648_98_153_fpocket_5	1643
Q8WVK7_PF16740_2_115_fpocket_5	791
Q8WVM0_PF00398_28_278_fpocket_10	1109
Q8WVM8_PF00995_44_635_fpocket_40	1569
Q8WVP7_PF04791_277_449_fpocket_1	329
Q8WVP7_PF04791_277_449_fpocket_10	1522
Q8WVV5_PF13765_329_377_fpocket_2	1821
Q8WVV9_PF11835_165_243_fpocket_1	982
Q8WVV9_PF11835_165_243_fpocket_2	270
Q8WVV9_PF13893_328_433_fpocket_2	1020
Q8WVV9_PF13893_328_433_fpocket_3	662
Q8WVV9_PF22976_446_540_fpocket_2	61
Q8WVX9_PF03015_357_448_fpocket_2	35
Q8WVX9_PF03015_357_448_fpocket_3	1206
Q8WVX9_PF07993_15_284_fpocket_1	84
Q8WVX9_PF07993_15_284_fpocket_12	792
Q8WVY7_PF03031_138_300_fpocket_1	87
Q8WVZ7_PF02225_83_162_fpocket_2	423
Q8WW01_PF09631_65_164_fpocket_3	66
Q8WW18_PF15470_120_162_fpocket_1	1832
Q8WW22_PF00684_135_201_fpocket_2	1802
Q8WW22_PF00684_135_201_fpocket_4	26
Q8WW22_PF01556_109_330_fpocket_11	1371
Q8WW22_PF01556_109_330_fpocket_2	1802
Q8WW24_PF03148_44_426_fpocket_12	488
Q8WW24_PF03148_44_426_fpocket_21	1279
Q8WW27_PF08210_48_206_fpocket_2	445
Q8WW32_PF09011_8_78_fpocket_1	856
Q8WW34_PF15841_45_193_fpocket_1	445
Q8WW35_PF03645_44_137_fpocket_2	967
Q8WW43_PF06105_4_234_fpocket_14	19
Q8WW52_PF10223_338_574_fpocket_5	496
Q8WW52_PF10223_66_305_fpocket_8	324
Q8WW62_PF01105_44_228_fpocket_4	497
Q8WWB5_PF08190_30_160_fpocket_1	1692
Q8WWB5_PF08190_30_160_fpocket_4	397
Q8WWB5_PF18201_241_314_fpocket_2	1224
Q8WWB7_PF15065_55_397_fpocket_25	882
Q8WWB7_PF15065_55_397_fpocket_7	660
Q8WWF1_PF15465_1_129_fpocket_4	228
Q8WWF1_PF15465_1_129_fpocket_5	539
Q8WWF3_PF15468_1_243_fpocket_22	876
Q8WWF6_PF00226_3_66_fpocket_3	142
Q8WWF6_PF00226_3_66_fpocket_7	1786
Q8WWI1_PF15949_645_787_fpocket_16	1396
Q8WWL7_PF00134_1132_1257_fpocket_2	876
Q8WWL7_PF00134_1132_1257_fpocket_4	609
Q8WWL7_PF02984_1259_1374_fpocket_2	414
Q8WWL7_PF02984_1259_1374_fpocket_6	1617
Q8WWM7_PF14438_120_195_fpocket_2	813
Q8WWM9_PF00042_44_160_fpocket_6	637
Q8WWN8_PF07647_8_60_fpocket_2	342
Q8WWQ0_PF25313_954_1125_fpocket_5	275
Q8WWQ0_PF25313_954_1125_fpocket_9	1334
Q8WWQ0_PF25437_5_86_fpocket_6	1350
Q8WWQ2_PF03662_190_408_fpocket_15	312
Q8WWQ8_PF02469_1008_1129_fpocket_5	1218
Q8WWQ8_PF02469_1617_1726_fpocket_7	1006
Q8WWU5_PF05794_61_487_fpocket_21	1010
Q8WWV3_PF08240_71_170_fpocket_3	931
Q8WWV3_PF13602_247_393_fpocket_3	314
Q8WWW0_PF16517_371_410_fpocket_1	1370
Q8WWY3_PF01798_100_330_fpocket_8	84
Q8WWY6_PF16564_6_76_fpocket_1	826
Q8WWY7_PF00095_30_73_fpocket_2	127
Q8WWZ3_PF00531_126_199_fpocket_1	172
Q8WWZ4_PF00005_1223_1367_fpocket_6	116
Q8WWZ4_PF23321_1432_1506_fpocket_2	1692
Q8WWZ7_PF12698_35_416_fpocket_5	1018
Q8WWZ8_PF00100_384_509_fpocket_5	1382
Q8WWZ8_PF23283_69_144_fpocket_3	1080
Q8WX77_PF00219_38_91_fpocket_1	1420
Q8WX92_PF06209_108_449_fpocket_30	1488
Q8WX92_PF06209_108_449_fpocket_9	100
Q8WX93_PF07679_1234_1325_fpocket_5	1277
Q8WX93_PF07679_271_360_fpocket_1	1414
Q8WX94_PF17779_411_466_fpocket_6	1790
Q8WXA3_PF01363_537_596_fpocket_1	1711
Q8WXA8_PF02931_52_247_fpocket_10	1362
Q8WXA8_PF02932_254_359_fpocket_4	1341
Q8WXC3_PF02758_8_81_fpocket_2	483
Q8WXD5_PF06372_1_86_fpocket_5	415
Q8WXD5_PF06372_1_86_fpocket_6	129
Q8WXF1_PF08075_229_280_fpocket_2	1309
Q8WXF1_PF08075_229_280_fpocket_3	1400
Q8WXF8_PF20694_230_282_fpocket_2	808
Q8WXG1_PF04055_78_209_fpocket_1	65
Q8WXG1_PF13353_77_180_fpocket_3	65
Q8WXG6_PF23629_1340_1415_fpocket_2	637
Q8WXG6_PF23629_1340_1415_fpocket_3	701
Q8WXG6_PF25328_1539_1628_fpocket_2	1362
Q8WXG9_PF00002_5915_6148_fpocket_9	826
Q8WXG9_PF03160_1500_1553_fpocket_3	1766
Q8WXG9_PF03160_1571_1668_fpocket_2	1563
Q8WXG9_PF03160_1984_2085_fpocket_2	345
Q8WXG9_PF03160_2115_2225_fpocket_1	103
Q8WXG9_PF03160_263_386_fpocket_1	979
Q8WXG9_PF03160_2958_3065_fpocket_2	832
Q8WXG9_PF03160_38_140_fpocket_2	1513
Q8WXG9_PF03160_698_755_fpocket_4	192
Q8WXI4_PF03061_234_304_fpocket_8	1489
Q8WXI8_PF00059_102_208_fpocket_6	876
Q8WXI9_PF00320_420_454_fpocket_3	299
Q8WXK4_PF07525_267_306_fpocket_2	1677
Q8WXQ8_PF00246_145_422_fpocket_14	737
Q8WXS4_PF15108_8_187_fpocket_2	120
Q8WXS4_PF15108_8_187_fpocket_9	76
Q8WXS8_PF19030_851_906_fpocket_1	514
Q8WXS8_PF19030_972_1021_fpocket_1	636
Q8WXT5_PF00250_108_192_fpocket_5	485
Q8WXU2_PF04969_7_77_fpocket_4	1445
Q8WXX0_PF08393_757_1161_fpocket_12	314
Q8WXX0_PF12777_2587_2929_fpocket_4	55
Q8WXX0_PF17857_2154_2244_fpocket_1	1044
Q8WXX5_PF23302_120_187_fpocket_1	993
Q8WXX5_PF23302_120_187_fpocket_2	312
Q8WY21_PF00801_806_885_fpocket_4	39
Q8WY21_PF15901_638_792_fpocket_13	1578
Q8WY21_PF15901_638_792_fpocket_5	334
Q8WY41_PF05741_214_266_fpocket_1	1380
Q8WY64_PF09379_5_67_fpocket_3	1046
Q8WY91_PF08768_422_574_fpocket_1	902
Q8WY91_PF08768_422_574_fpocket_4	206
Q8WY98_PF10639_11_126_fpocket_1	486
Q8WY98_PF10639_11_126_fpocket_2	922
Q8WYA1_PF14598_370_472_fpocket_4	1634
Q8WYB5_PF17772_718_771_fpocket_2	266
Q8WYB5_PF21524_11_73_fpocket_1	800
Q8WYB5_PF21524_11_73_fpocket_2	624
Q8WYK0_PF01852_355_512_fpocket_1	288
Q8WYK0_PF03061_197_272_fpocket_1	386
Q8WYK0_PF03061_27_97_fpocket_4	525
Q8WYK1_PF02210_1044_1172_fpocket_4	1333
Q8WYK1_PF02210_395_521_fpocket_11	1184
Q8WYL5_PF08766_251_303_fpocket_1	1253
Q8WYN0_PF03416_43_335_fpocket_2	1734
Q8WYN0_PF03416_43_335_fpocket_9	261
Q8WYN3_PF16019_62_279_fpocket_10	798
Q8WYP3_PF23268_513_607_fpocket_1	60
Q8WYQ4_PF15874_7_101_fpocket_2	7
Q8WYQ5_PF00035_513_576_fpocket_3	1702
Q8WZ04_PF01596_116_246_fpocket_3	1332
Q8WZ33_PF03148_53_115_fpocket_2	67
Q8WZ33_PF03148_53_115_fpocket_4	305
Q8WZ42_PF07679_2708_2778_fpocket_2	1783
Q8WZ42_PF07679_4289_4377_fpocket_5	307
Q8WZ42_PF07679_5602_5691_fpocket_3	749
Q8WZ42_PF07679_5975_6064_fpocket_1	1362
Q8WZ42_PF07679_6257_6346_fpocket_2	1208
Q8WZ42_PF07679_6727_6816_fpocket_3	599
Q8WZ42_PF07679_7198_7287_fpocket_1	701
Q8WZ42_PF07679_7947_8035_fpocket_2	641
Q8WZ59_PF15431_21_145_fpocket_1	949
Q8WZ59_PF15431_21_145_fpocket_3	1463
Q8WZ64_PF00169_602_678_fpocket_5	145
Q8WZ64_PF00620_1129_1276_fpocket_2	298
Q8WZ64_PF01412_687_801_fpocket_3	148
Q8WZ73_PF21272_48_93_fpocket_5	225
Q8WZ73_PF22968_243_297_fpocket_1	560
Q8WZ73_PF23632_94_142_fpocket_1	1025
Q8WZ74_PF25408_1305_1374_fpocket_2	1065
Q8WZ74_PF25408_1305_1374_fpocket_3	199
Q8WZ79_PF03265_31_360_fpocket_1	1838
Q8WZ82_PF03959_5_217_fpocket_4	213
Q8WZ82_PF03959_5_217_fpocket_5	39
Q8WZA0_PF06384_113_187_fpocket_1	357
Q8WZA0_PF06384_113_187_fpocket_3	1017
Q8WZA1_PF03071_301_560_fpocket_1	503
Q8WZA1_PF03071_301_560_fpocket_9	465
Q8WZA1_PF15711_129_218_fpocket_3	588
Q8WZA2_PF00618_499_605_fpocket_3	1386
Q902F9_PF13804_115_283_fpocket_10	410
Q92186_PF00777_131_362_fpocket_14	440
Q92481_PF03299_230_424_fpocket_13	999
Q92482_PF00230_20_261_fpocket_5	1081
Q92485_PF19272_293_430_fpocket_3	1620
Q92485_PF19272_293_430_fpocket_8	895
Q92496_PF00084_24_84_fpocket_2	1651
Q92499_PF00270_283_413_fpocket_1	1353
Q92503_PF04707_17_173_fpocket_1	1584
Q92508_PF23188_1685_1807_fpocket_1	435
Q92508_PF23188_1685_1807_fpocket_2	1474
Q92508_PF24871_26_707_fpocket_45	531
Q92520_PF15711_102_189_fpocket_3	117
Q92521_PF03901_63_449_fpocket_14	205
Q92526_PF00118_30_524_fpocket_1	986
Q92529_PF00640_155_310_fpocket_2	128
Q92530_PF11566_12_148_fpocket_4	443
Q92535_PF06432_14_284_fpocket_23	125
Q92535_PF06432_14_284_fpocket_24	1722
Q92536_PF13520_45_446_fpocket_12	1279
Q92539_PF04571_1_107_fpocket_5	1712
Q92539_PF08235_637_862_fpocket_3	578
Q92539_PF16876_469_561_fpocket_3	1175
Q92541_PF03126_358_459_fpocket_2	1411
Q92541_PF03126_358_459_fpocket_7	1458
Q92542_PF05450_274_499_fpocket_1	1141
Q92542_PF05450_274_499_fpocket_2	742
Q92542_PF18266_49_223_fpocket_3	1675
Q92542_PF18266_49_223_fpocket_5	1813
Q92543_PF08628_838_945_fpocket_1	1447
Q92543_PF08628_838_945_fpocket_2	1097
Q92544_PF02990_55_598_fpocket_41	583
Q92545_PF12371_109_191_fpocket_1	989
Q92545_PF12371_109_191_fpocket_3	52
Q92545_PF19532_342_392_fpocket_1	1232
Q92545_PF19532_342_392_fpocket_2	89
Q92545_PF24495_209_298_fpocket_1	478
Q92545_PF24498_436_535_fpocket_1	802
Q92545_PF24498_436_535_fpocket_3	306
Q92546_PF08737_210_330_fpocket_1	253
Q92546_PF08737_210_330_fpocket_4	1018
Q92546_PF08737_91_159_fpocket_1	750
Q92547_PF00533_105_175_fpocket_4	359
Q92547_PF00533_196_271_fpocket_2	452
Q92547_PF00533_902_977_fpocket_2	470
Q92551_PF03770_207_434_fpocket_17	151
Q92560_PF18031_643_688_fpocket_1	1386
Q92561_PF19281_111_330_fpocket_13	900
Q92565_PF00617_349_524_fpocket_16	1633
Q92565_PF00618_72_165_fpocket_6	1586
Q92569_PF00017_358_432_fpocket_5	108
Q92569_PF16454_163_331_fpocket_9	460
Q92575_PF00789_315_394_fpocket_1	556
Q92575_PF23187_4_99_fpocket_1	591
Q92575_PF23187_4_99_fpocket_2	620
Q92576_PF07744_1200_1349_fpocket_1	576
Q92576_PF07744_1200_1349_fpocket_3	426
Q92585_PF09596_14_71_fpocket_2	892
Q92597_PF03096_34_316_fpocket_2	247
Q92604_PF16076_272_343_fpocket_1	2
Q92608_PF07653_12_63_fpocket_2	1571
Q92608_PF16172_72_414_fpocket_25	876
Q92608_PF20422_1395_1473_fpocket_4	351
Q92609_PF00566_155_262_fpocket_2	444
Q92609_PF00566_155_262_fpocket_9	34
Q92609_PF00566_302_380_fpocket_1	823
Q92610_PF16622_1149_1177_fpocket_1	1267
Q92610_PF25412_609_653_fpocket_1	541
Q92614_PF00063_1086_1173_fpocket_2	1559
Q92614_PF24556_335_396_fpocket_4	1010
Q92619_PF22699_280_548_fpocket_21	49
Q92619_PF22699_280_548_fpocket_8	138
Q92619_PF24235_116_222_fpocket_6	204
Q92619_PF24235_116_222_fpocket_8	1054
Q92620_PF00271_736_861_fpocket_3	215
Q92620_PF07717_1069_1146_fpocket_3	2
Q92622_PF13901_737_936_fpocket_9	317
Q92625_PF00640_965_1067_fpocket_2	854
Q92626_PF03098_741_1289_fpocket_21	723
Q92629_PF04790_23_277_fpocket_15	315
Q92636_PF02138_304_575_fpocket_21	347
Q92636_PF25400_1_168_fpocket_8	1530
Q92643_PF01650_45_277_fpocket_1	1781
Q92643_PF01650_45_277_fpocket_9	497
Q92664_PF22110_178_208_fpocket_2	1053
Q92664_PF22110_178_208_fpocket_3	890
Q92665_PF15433_96_389_fpocket_1	1600
Q92665_PF15433_96_389_fpocket_7	1097
Q92673_PF15901_588_752_fpocket_6	1218
Q92673_PF25814_1842_1930_fpocket_2	213
Q92685_PF05208_48_406_fpocket_19	106
Q92685_PF05208_48_406_fpocket_3	119
Q92692_PF08205_168_248_fpocket_1	163
Q92696_PF07711_245_345_fpocket_1	1418
Q92696_PF07711_245_345_fpocket_3	1023
Q92698_PF00271_500_611_fpocket_4	1060
Q92729_PF00102_917_1143_fpocket_14	205
Q92730_PF00071_15_183_fpocket_1	1465
Q92731_PF00105_148_216_fpocket_1	1577
Q92736_PF00520_4729_4877_fpocket_5	1037
Q92736_PF00622_1426_1559_fpocket_4	61
Q92736_PF00622_672_806_fpocket_1	50
Q92736_PF02026_2821_2904_fpocket_6	126
Q92736_PF02026_862_950_fpocket_1	1054
Q92736_PF02026_976_1065_fpocket_1	515
Q92736_PF02815_226_405_fpocket_7	238
Q92736_PF08709_10_222_fpocket_13	808
Q92736_PF08709_10_222_fpocket_8	454
Q92743_PF07648_110_155_fpocket_2	246
Q92748_PF07084_1_144_fpocket_14	994
Q92750_PF05236_616_857_fpocket_3	459
Q92750_PF07531_258_348_fpocket_5	1203
Q92752_PF00147_1135_1343_fpocket_1	855
Q92753_PF00104_270_442_fpocket_7	1214
Q92754_PF03299_224_419_fpocket_8	400
Q92759_PF18307_389_456_fpocket_1	747
Q92759_PF18307_389_456_fpocket_2	353
Q92771_PF06733_251_434_fpocket_15	688
Q92771_PF13307_712_899_fpocket_2	1668
Q92777_PF02750_214_416_fpocket_1	883
Q92782_PF14051_13_83_fpocket_3	475
Q92793_PF02135_1772_1843_fpocket_1	1152
Q92793_PF02135_354_430_fpocket_1	1832
Q92793_PF06001_1192_1231_fpocket_2	270
Q92793_PF06001_1192_1231_fpocket_3	76
Q92793_PF08214_1342_1647_fpocket_1	282
Q92793_PF08214_1342_1647_fpocket_26	712
Q92794_PF00628_209_262_fpocket_2	1721
Q92794_PF17772_506_560_fpocket_2	1534
Q92794_PF21524_11_73_fpocket_3	232
Q92796_PF00595_227_309_fpocket_2	632
Q92796_PF00625_627_803_fpocket_11	1319
Q92797_PF12295_887_1068_fpocket_11	463
Q92800_PF11616_39_68_fpocket_2	394
Q92800_PF11616_39_68_fpocket_3	1042
Q92800_PF18264_560_591_fpocket_2	291
Q92802_PF13671_404_536_fpocket_4	870
Q92802_PF13671_404_536_fpocket_7	870
Q92805_PF01465_692_732_fpocket_1	1789
Q92806_PF01007_25_164_fpocket_7	1200
Q92817_PF23160_46_138_fpocket_2	504
Q92819_PF03142_206_358_fpocket_1	68
Q92819_PF03142_206_358_fpocket_9	665
Q92820_PF07722_34_246_fpocket_1	671
Q92820_PF07722_34_246_fpocket_11	113
Q92824_PF14843_636_750_fpocket_2	946
Q92824_PF14843_636_750_fpocket_3	404
Q92830_PF00583_535_627_fpocket_6	458
Q92830_PF06466_86_336_fpocket_3	1770
Q92830_PF06466_86_336_fpocket_7	1287
Q92831_PF06466_74_326_fpocket_7	103
Q92832_PF02210_99_192_fpocket_4	1644
Q92833_PF01388_628_709_fpocket_5	194
Q92833_PF02928_1139_1189_fpocket_3	543
Q92835_PF00017_5_86_fpocket_3	1361
Q92835_PF22669_409_706_fpocket_3	1189
Q92835_PF24147_746_850_fpocket_6	721
Q92835_PF24147_746_850_fpocket_8	371
Q92835_PF24150_296_375_fpocket_9	1859
Q92837_PF05350_1_239_fpocket_3	1163
Q92838_PF00229_284_385_fpocket_6	1742
Q92843_PF00452_46_144_fpocket_7	895
Q92844_PF12845_133_186_fpocket_1	1122
Q92851_PF01335_115_191_fpocket_1	83
Q92851_PF01335_20_100_fpocket_1	196
Q92859_PF00041_742_820_fpocket_1	477
Q92870_PF00640_590_710_fpocket_3	783
Q92871_PF03332_36_255_fpocket_1	736
Q92871_PF03332_36_255_fpocket_17	1059
Q92874_PF03372_26_288_fpocket_1	251
Q92878_PF13558_1176_1249_fpocket_1	245
Q92878_PF13558_1176_1249_fpocket_5	298
Q92886_PF00010_93_142_fpocket_2	823
Q92887_PF00005_655_788_fpocket_5	501
Q92887_PF00664_323_593_fpocket_13	151
Q92887_PF24357_15_153_fpocket_11	1862
Q92888_PF09128_42_232_fpocket_8	1518
Q92888_PF17838_633_758_fpocket_6	957
Q92889_PF02732_686_814_fpocket_1	161
Q92890_PF03152_19_117_fpocket_2	1318
Q92890_PF24842_120_194_fpocket_1	27
Q92890_PF24842_120_194_fpocket_2	794
Q92896_PF00839_1046_1100_fpocket_5	935
Q92896_PF00839_349_411_fpocket_5	1785
Q92896_PF00839_800_855_fpocket_2	26
Q92896_PF00839_915_974_fpocket_2	544
Q92896_PF00839_983_1038_fpocket_3	596
Q92900_PF09416_121_272_fpocket_3	681
Q92900_PF13086_585_682_fpocket_4	968
Q92900_PF13087_691_887_fpocket_7	317
Q92901_PF00297_1_375_fpocket_15	1030
Q92901_PF00297_1_375_fpocket_2	1236
Q92905_PF18323_251_329_fpocket_2	1032
Q92911_PF00474_47_451_fpocket_12	280
Q92911_PF00474_47_451_fpocket_4	222
Q92913_PF00167_70_195_fpocket_1	777
Q92914_PF00167_72_197_fpocket_3	685
Q92915_PF00167_72_197_fpocket_1	82
Q92915_PF00167_72_197_fpocket_4	978
Q92922_PF00249_622_663_fpocket_2	335
Q92922_PF04433_459_537_fpocket_3	1551
Q92922_PF04433_459_537_fpocket_4	442
Q92922_PF16495_872_953_fpocket_2	1644
Q92922_PF16495_872_953_fpocket_5	896
Q92922_PF16498_706_772_fpocket_1	596
Q92925_PF02201_310_378_fpocket_3	620
Q92932_PF00102_770_1003_fpocket_10	1626
Q92932_PF11548_510_597_fpocket_3	182
Q92932_PF14948_78_121_fpocket_1	124
Q92934_PF10514_1_168_fpocket_8	394
Q92935_PF09258_419_659_fpocket_8	1272
Q92945_PF00013_327_387_fpocket_2	90
Q92947_PF00441_289_428_fpocket_3	944
Q92947_PF02771_62_172_fpocket_2	1277
Q92952_PF02888_384_461_fpocket_3	395
Q92952_PF02888_384_461_fpocket_4	287
Q92952_PF03530_92_207_fpocket_11	836
Q92953_PF02214_37_136_fpocket_6	1647
Q92959_PF03137_33_602_fpocket_12	306
Q92966_PF12251_202_405_fpocket_11	1382
Q92966_PF12251_202_405_fpocket_5	941
Q92974_PF00621_239_429_fpocket_2	1507
Q92974_PF17838_463_570_fpocket_1	1842
Q92974_PF17838_463_570_fpocket_4	1682
Q92979_PF03587_45_238_fpocket_1	266
Q92979_PF03587_45_238_fpocket_2	1672
Q92985_PF00605_14_124_fpocket_3	1372
Q92985_PF10401_289_463_fpocket_1	518
Q92985_PF10401_289_463_fpocket_3	969
Q92989_PF06807_313_423_fpocket_1	1575
Q92989_PF06807_313_423_fpocket_2	1640
Q92989_PF16573_16_107_fpocket_1	824
Q92989_PF16573_16_107_fpocket_2	1045
Q92989_PF16575_121_307_fpocket_2	512
Q92989_PF16575_121_307_fpocket_8	750
Q92993_PF01853_288_471_fpocket_1	1791
Q92994_PF00382_177_269_fpocket_8	878
Q92994_PF00382_83_172_fpocket_2	1228
Q92994_PF00382_83_172_fpocket_3	82
Q92994_PF08271_5_45_fpocket_1	1337
Q92994_PF08271_5_45_fpocket_2	96
Q92995_PF17807_35_97_fpocket_3	317
Q92995_PF17807_35_97_fpocket_5	1711
Q92997_PF00778_3_78_fpocket_1	1323
Q93008_PF12030_2098_2453_fpocket_25	130
Q93008_PF12030_2098_2453_fpocket_32	921
Q93008_PF22900_881_967_fpocket_1	47
Q93009_PF00443_214_518_fpocket_13	237
Q93009_PF12436_620_865_fpocket_20	1733
Q93009_PF12436_620_865_fpocket_25	257
Q93009_PF22486_70_194_fpocket_4	87
Q93045_PF00836_39_172_fpocket_3	238
Q93063_PF03016_101_380_fpocket_10	1672
Q93063_PF03016_101_380_fpocket_14	409
Q93070_PF01129_56_276_fpocket_8	1466
Q93073_PF01248_704_801_fpocket_5	433
Q93074_PF09497_107_161_fpocket_4	365
Q93074_PF12145_286_757_fpocket_20	392
Q93077_PF00125_7_89_fpocket_2	43
Q93086_PF00864_14_375_fpocket_5	1342
Q93086_PF00864_14_375_fpocket_6	1314
Q93091_PF00074_29_147_fpocket_4	18
Q93098_PF00110_41_333_fpocket_6	1225
Q93099_PF04209_280_434_fpocket_18	1109
Q93099_PF20510_5_279_fpocket_1	301
Q93100_PF19292_919_1077_fpocket_3	943
Q95460_PF07654_218_283_fpocket_1	43
Q969E2_PF04144_5_178_fpocket_1	683
Q969E2_PF04144_5_178_fpocket_4	1084
Q969E8_PF10273_12_91_fpocket_2	876
Q969E8_PF10273_12_91_fpocket_4	67
Q969F0_PF05644_114_182_fpocket_3	70
Q969F1_PF10419_16_110_fpocket_3	79
Q969F1_PF10419_16_110_fpocket_5	1283
Q969H6_PF01900_7_115_fpocket_1	867
Q969H6_PF01900_7_115_fpocket_5	211
Q969H8_PF10572_40_170_fpocket_2	953
Q969H8_PF10572_40_170_fpocket_3	1682
Q969I3_PF08444_208_296_fpocket_4	458
Q969I6_PF01490_325_534_fpocket_20	1633
Q969J3_PF10158_61_191_fpocket_2	777
Q969K3_PF21272_63_106_fpocket_3	1774
Q969K3_PF22968_257_307_fpocket_5	186
Q969K4_PF00651_105_209_fpocket_1	1151
Q969K7_PF12304_18_198_fpocket_6	114
Q969M1_PF01459_26_302_fpocket_25	886
Q969M7_PF00179_37_179_fpocket_1	210
Q969N2_PF04113_255_555_fpocket_4	683
Q969N2_PF04113_29_248_fpocket_2	939
Q969Q0_PF00935_17_94_fpocket_3	1831
Q969Q1_PF13445_23_76_fpocket_5	450
Q969Q6_PF17958_182_258_fpocket_1	638
Q969Q6_PF17958_182_258_fpocket_5	851
Q969R2_PF00169_185_272_fpocket_4	250
Q969R5_PF02820_540_605_fpocket_2	1117
Q969S0_PF08449_4_314_fpocket_26	1083
Q969S2_PF06831_197_266_fpocket_1	1456
Q969S2_PF06831_197_266_fpocket_3	1436
Q969S3_PF12171_68_91_fpocket_1	788
Q969S3_PF12756_253_353_fpocket_3	321
Q969S9_PF00009_69_351_fpocket_2	1278
Q969S9_PF14492_485_558_fpocket_3	1457
Q969S9_PF22042_367_449_fpocket_2	73
Q969T3_PF00787_165_239_fpocket_1	924
Q969T3_PF00787_165_239_fpocket_5	295
Q969T4_PF00179_65_201_fpocket_2	233
Q969T7_PF05822_44_288_fpocket_11	1186
Q969T9_PF02893_36_131_fpocket_1	468
Q969U7_PF09754_17_230_fpocket_1	41
Q969U7_PF09754_17_230_fpocket_10	188
Q969V4_PF03148_16_398_fpocket_4	227
Q969V5_PF12483_98_251_fpocket_14	1184
Q969V5_PF12483_98_251_fpocket_2	1530
Q969V6_PF02037_347_380_fpocket_1	1159
Q969W0_PF11779_10_63_fpocket_2	96
Q969W0_PF11779_10_63_fpocket_6	620
Q969W1_PF01529_155_302_fpocket_5	267
Q969X0_PF11461_134_203_fpocket_2	1485
Q969X1_PF01027_97_307_fpocket_6	153
Q969X1_PF01027_97_307_fpocket_7	411
Q969X5_PF07970_109_271_fpocket_6	299
Q969X5_PF13850_5_97_fpocket_1	915
Q969X5_PF13850_5_97_fpocket_3	749
Q969Y0_PF24536_331_555_fpocket_4	320
Q969Y0_PF24536_331_555_fpocket_8	884
Q969Y2_PF10396_35_152_fpocket_1	722
Q969Y2_PF10396_35_152_fpocket_3	340
Q969Z0_PF08368_452_536_fpocket_7	204
Q969Z3_PF03476_55_174_fpocket_7	1579
Q969Z3_PF03476_55_174_fpocket_8	1058
Q969Z4_PF12606_163_198_fpocket_1	683
Q969Z4_PF12606_163_198_fpocket_2	390
Q96A04_PF15836_1_125_fpocket_6	271
Q96A05_PF01991_18_216_fpocket_12	1809
Q96A05_PF01991_18_216_fpocket_3	376
Q96A23_PF00168_162_263_fpocket_1	1161
Q96A23_PF07002_326_543_fpocket_13	1184
Q96A23_PF07002_326_543_fpocket_9	315
Q96A25_PF07092_116_252_fpocket_4	1779
Q96A25_PF07092_116_252_fpocket_7	1294
Q96A33_PF07946_135_467_fpocket_7	8
Q96A35_PF17136_91_154_fpocket_1	1409
Q96A35_PF17136_91_154_fpocket_2	1697
Q96A37_PF05605_149_209_fpocket_1	864
Q96A37_PF05605_149_209_fpocket_2	1615
Q96A37_PF18574_93_124_fpocket_1	1787
Q96A49_PF03909_159_213_fpocket_1	542
Q96A57_PF05915_13_118_fpocket_1	388
Q96A57_PF05915_13_118_fpocket_2	1825
Q96A61_PF00643_223_263_fpocket_2	331
Q96A72_PF02792_7_148_fpocket_2	309
Q96A72_PF02792_7_148_fpocket_7	312
Q96AA3_PF04506_14_526_fpocket_14	1525
Q96AA3_PF04506_14_526_fpocket_2	41
Q96AB3_PF00857_16_162_fpocket_1	995
Q96AB3_PF00857_16_162_fpocket_6	466
Q96AB6_PF14736_37_304_fpocket_12	186
Q96AB6_PF14736_37_304_fpocket_3	1803
Q96AC1_PF00373_457_573_fpocket_9	104
Q96AC1_PF18124_13_97_fpocket_1	569
Q96AC1_PF18124_13_97_fpocket_4	1360
Q96AD5_PF01734_10_177_fpocket_8	644
Q96AE4_PF00013_188_253_fpocket_5	695
Q96AH0_PF21473_33_96_fpocket_1	605
Q96AH0_PF21473_33_96_fpocket_6	974
Q96AJ1_PF10234_14_283_fpocket_20	0
Q96AJ9_PF05008_1_91_fpocket_4	1268
Q96AJ9_PF12352_123_187_fpocket_3	1479
Q96AJ9_PF12352_123_187_fpocket_5	770
Q96AN5_PF12576_243_351_fpocket_2	533
Q96AN5_PF12576_243_351_fpocket_3	626
Q96AP0_PF10341_9_156_fpocket_5	1080
Q96AP4_PF07910_337_551_fpocket_2	939
Q96AP4_PF07910_337_551_fpocket_3	1074
Q96AQ7_PF02017_43_117_fpocket_5	678
Q96AQ8_PF07798_166_358_fpocket_13	108
Q96AQ8_PF07798_166_358_fpocket_8	1786
Q96AT1_PF15377_5_151_fpocket_1	876
Q96AX1_PF00995_34_589_fpocket_2	202
Q96AX1_PF00995_34_589_fpocket_3	288
Q96AX9_PF00569_86_124_fpocket_3	1042
Q96AX9_PF06701_160_224_fpocket_1	0
Q96AX9_PF06701_160_224_fpocket_2	616
Q96AX9_PF18346_257_322_fpocket_1	133
Q96AY2_PF02732_270_439_fpocket_6	320
Q96AY2_PF21292_481_554_fpocket_2	672
Q96AY3_PF13202_548_568_fpocket_1	70
Q96AY4_PF26117_1827_1942_fpocket_3	508
Q96AZ6_PF00929_8_162_fpocket_1	1536
Q96B21_PF04819_116_234_fpocket_9	35
Q96B23_PF15303_67_225_fpocket_1	723
Q96B26_PF01138_31_166_fpocket_1	866
Q96B26_PF01138_31_166_fpocket_6	200
Q96B26_PF03725_193_256_fpocket_1	500
Q96B26_PF03725_193_256_fpocket_2	1146
Q96B36_PF15798_127_251_fpocket_8	1071
Q96B36_PF22911_7_72_fpocket_2	563
Q96B36_PF22911_7_72_fpocket_4	1464
Q96B42_PF14770_17_132_fpocket_4	46
Q96B42_PF14770_17_132_fpocket_8	623
Q96B45_PF16088_1_103_fpocket_2	1693
Q96B45_PF16088_1_103_fpocket_6	1288
Q96B49_PF15184_1_74_fpocket_2	1097
Q96B67_PF02752_188_314_fpocket_10	807
Q96B67_PF02752_188_314_fpocket_6	1646
Q96B70_PF04457_86_160_fpocket_1	1843
Q96B70_PF04457_86_160_fpocket_2	1086
Q96B70_PF10469_320_488_fpocket_3	1370
Q96B86_PF06534_159_406_fpocket_14	1670
Q96B86_PF06535_48_117_fpocket_3	133
Q96B86_PF06535_48_117_fpocket_4	1592
Q96B96_PF16015_19_127_fpocket_1	606
Q96B96_PF16015_19_127_fpocket_6	1677
Q96BD0_PF03137_106_663_fpocket_3	1300
Q96BD8_PF07160_4_248_fpocket_9	440
Q96BH1_PF05773_18_125_fpocket_4	181
Q96BI3_PF06105_4_235_fpocket_15	228
Q96BJ3_PF08910_9_112_fpocket_1	1225
Q96BJ3_PF14186_157_300_fpocket_1	1266
Q96BJ3_PF14186_157_300_fpocket_5	258
Q96BK5_PF01585_27_69_fpocket_2	751
Q96BM9_PF00025_12_180_fpocket_8	1220
Q96BN2_PF12767_138_193_fpocket_2	1557
Q96BN2_PF12767_138_193_fpocket_3	671
Q96BN2_PF12767_7_111_fpocket_1	843
Q96BN2_PF12767_7_111_fpocket_3	674
Q96BN8_PF16218_80_344_fpocket_3	832
Q96BN8_PF16218_80_344_fpocket_5	1647
Q96BP2_PF06747_45_78_fpocket_2	901
Q96BP2_PF06747_45_78_fpocket_3	1271
Q96BQ1_PF15711_99_186_fpocket_3	15
Q96BR6_PF00096_390_412_fpocket_1	1633
Q96BT3_PF15511_457_551_fpocket_1	992
Q96BT3_PF15511_457_551_fpocket_2	190
Q96BT7_PF09004_1_37_fpocket_3	1078
Q96BT7_PF13532_150_334_fpocket_7	1378
Q96BW1_PF14681_116_294_fpocket_1	748
Q96BW1_PF14681_116_294_fpocket_14	722
Q96BW5_PF02126_15_347_fpocket_2	1012
Q96BW9_PF09139_13_314_fpocket_9	1279
Q96BY2_PF14893_168_326_fpocket_1	199
Q96BZ4_PF13918_236_414_fpocket_16	1308
Q96BZ8_PF10197_8_44_fpocket_1	847
Q96C01_PF05811_5_131_fpocket_10	1598
Q96C01_PF05811_5_131_fpocket_9	978
Q96C03_PF20266_388_439_fpocket_1	490
Q96C03_PF20266_388_439_fpocket_2	692
Q96C03_PF21297_146_338_fpocket_13	1056
Q96C10_PF11648_552_667_fpocket_2	412
Q96C10_PF11648_552_667_fpocket_6	216
Q96C10_PF18119_216_343_fpocket_6	1831
Q96C11_PF00370_11_267_fpocket_5	318
Q96C19_PF21008_92_156_fpocket_1	837
Q96C23_PF01263_21_337_fpocket_16	316
Q96C23_PF01263_21_337_fpocket_2	447
Q96C24_PF00168_526_633_fpocket_1	432
Q96C34_PF26030_181_285_fpocket_8	191
Q96C36_PF03807_3_98_fpocket_1	714
Q96C36_PF03807_3_98_fpocket_5	232
Q96C36_PF14748_164_268_fpocket_1	1386
Q96C57_PF23999_1_261_fpocket_15	685
Q96C86_PF05652_45_146_fpocket_1	249
Q96C86_PF11969_174_292_fpocket_5	541
Q96CA5_PF13920_248_291_fpocket_1	823
Q96CB8_PF00628_162_212_fpocket_3	183
Q96CC6_PF12595_91_285_fpocket_11	837
Q96CD0_PF12937_7_47_fpocket_1	220
Q96CD2_PF02441_19_194_fpocket_9	892
Q96CG8_PF25815_101_238_fpocket_1	558
Q96CG8_PF25815_101_238_fpocket_5	338
Q96CJ1_PF09816_17_113_fpocket_1	948
Q96CJ1_PF09816_17_113_fpocket_2	588
Q96CM3_PF00849_105_276_fpocket_1	1388
Q96CM4_PF13905_32_132_fpocket_6	290
Q96CM4_PF13905_32_132_fpocket_8	87
Q96CM8_PF00501_78_473_fpocket_24	1664
Q96CN4_PF00566_119_320_fpocket_2	765
Q96CN7_PF00857_115_263_fpocket_1	599
Q96CN7_PF00857_115_263_fpocket_6	548
Q96CN9_PF01465_717_760_fpocket_2	396
Q96CP2_PF15423_1_106_fpocket_2	1163
Q96CP6_PF16016_371_518_fpocket_17	1347
Q96CS3_PF00789_359_440_fpocket_2	701
Q96CS3_PF21021_139_210_fpocket_4	1858
Q96CS3_PF21021_139_210_fpocket_6	1547
Q96CS3_PF22566_11_56_fpocket_2	439
Q96CT7_PF06244_131_214_fpocket_4	153
Q96CT7_PF06244_131_214_fpocket_9	1825
Q96CV9_PF11577_37_104_fpocket_6	448
Q96CV9_PF11577_37_104_fpocket_7	1263
Q96CW1_PF01217_2_125_fpocket_1	167
Q96CW1_PF01217_2_125_fpocket_3	1742
Q96CW5_PF04130_555_886_fpocket_27	414
Q96CW5_PF04130_555_886_fpocket_9	320
Q96CW6_PF08574_194_257_fpocket_5	1477
Q96CW9_PF00053_409_456_fpocket_1	228
Q96CX2_PF23110_208_324_fpocket_1	829
Q96D05_PF15378_62_120_fpocket_2	1756
Q96D15_PF13499_169_227_fpocket_3	305
Q96D15_PF13499_169_227_fpocket_5	1827
Q96D21_PF00071_21_187_fpocket_13	489
Q96D46_PF04981_17_246_fpocket_1	1035
Q96D46_PF04981_17_246_fpocket_3	53
Q96D46_PF21192_313_406_fpocket_1	706
Q96D46_PF21192_313_406_fpocket_2	969
Q96D46_PF21193_249_295_fpocket_1	739
Q96D53_PF03109_179_418_fpocket_20	781
Q96D70_PF01424_188_247_fpocket_4	1140
Q96D70_PF13902_46_182_fpocket_8	1032
Q96DB2_PF00850_35_316_fpocket_9	227
Q96DB9_PF02038_131_167_fpocket_1	267
Q96DC8_PF00378_54_299_fpocket_1	227
Q96DC9_PF10275_3_229_fpocket_2	998
Q96DD7_PF13908_28_78_fpocket_3	686
Q96DE0_PF22327_21_181_fpocket_4	1322
Q96DE0_PF22327_21_181_fpocket_5	582
Q96DE5_PF17256_27_106_fpocket_2	1128
Q96DE5_PF17256_27_106_fpocket_6	95
Q96DF8_PF09751_34_401_fpocket_17	844
Q96DF8_PF09751_34_401_fpocket_2	611
Q96DG6_PF01738_31_244_fpocket_1	1655
Q96DL1_PF24536_336_559_fpocket_13	720
Q96DM1_PF13842_535_580_fpocket_1	1188
Q96DM1_PF13842_535_580_fpocket_2	20
Q96DM3_PF07035_383_631_fpocket_12	1225
Q96DM3_PF07035_383_631_fpocket_13	781
Q96DN0_PF13848_64_250_fpocket_1	750
Q96DN0_PF13848_64_250_fpocket_4	1577
Q96DN2_PF00093_629_684_fpocket_1	110
Q96DN2_PF23334_687_740_fpocket_2	312
Q96DP5_PF00551_117_220_fpocket_2	1052
Q96DP5_PF02911_243_349_fpocket_1	514
Q96DR4_PF01852_18_204_fpocket_1	1657
Q96DR4_PF01852_18_204_fpocket_14	1452
Q96DR7_PF00621_444_621_fpocket_15	480
Q96DT5_PF08385_240_812_fpocket_42	88
Q96DT5_PF12777_3097_3441_fpocket_27	16
Q96DT5_PF12777_3097_3441_fpocket_5	1574
Q96DT5_PF12780_2825_3084_fpocket_5	95
Q96DT5_PF17857_2682_2778_fpocket_2	836
Q96DU7_PF03770_468_678_fpocket_1	1300
Q96DU7_PF03770_468_678_fpocket_11	611
Q96DV4_PF01161_202_279_fpocket_3	144
Q96DY7_PF14920_636_894_fpocket_2	245
Q96DZ1_PF07915_343_421_fpocket_2	668
Q96DZ5_PF01302_418_481_fpocket_5	1277
Q96E11_PF01765_99_261_fpocket_6	1060
Q96E11_PF01765_99_261_fpocket_8	1495
Q96E14_PF16100_21_143_fpocket_2	16
Q96E14_PF16100_21_143_fpocket_7	222
Q96E16_PF15117_10_107_fpocket_1	159
Q96E22_PF01255_186_292_fpocket_1	75
Q96E22_PF01255_186_292_fpocket_3	890
Q96E29_PF02536_159_398_fpocket_11	168
Q96E29_PF02536_159_398_fpocket_18	511
Q96E40_PF15120_2_165_fpocket_5	1225
Q96EC8_PF04893_76_229_fpocket_1	247
Q96ED9_PF19047_7_152_fpocket_6	692
Q96EF6_PF12937_19_59_fpocket_2	115
Q96EG1_PF00884_36_377_fpocket_7	658
Q96EH3_PF02410_97_194_fpocket_1	147
Q96EH3_PF02410_97_194_fpocket_5	758
Q96EH5_PF00832_9_49_fpocket_1	894
Q96EH8_PF07177_20_172_fpocket_3	3
Q96EH8_PF13920_200_246_fpocket_3	426
Q96EI5_PF04538_88_193_fpocket_2	1398
Q96EK5_PF12309_247_613_fpocket_24	1310
Q96EK6_PF00583_69_170_fpocket_2	950
Q96EK9_PF08433_1_350_fpocket_2	497
Q96EL2_PF14955_36_167_fpocket_1	851
Q96EL2_PF14955_36_167_fpocket_6	207
Q96EL3_PF10780_20_71_fpocket_2	163
Q96EL3_PF10780_20_71_fpocket_4	1184
Q96EM0_PF05544_22_351_fpocket_2	189
Q96EM0_PF05544_22_351_fpocket_3	614
Q96EN8_PF00266_50_481_fpocket_3	207
Q96EN8_PF00266_50_481_fpocket_31	1334
Q96EP0_PF09409_70_144_fpocket_1	735
Q96EP0_PF16678_483_627_fpocket_1	1125
Q96EP0_PF16678_483_627_fpocket_4	244
Q96EP0_PF18091_941_1032_fpocket_3	1056
Q96EP0_PF18486_4_65_fpocket_1	325
Q96EP0_PF22191_866_911_fpocket_1	1104
Q96EP0_PF25163_632_685_fpocket_1	496
Q96EP0_PF25163_632_685_fpocket_3	127
Q96EP1_PF00498_38_105_fpocket_2	81
Q96EP1_PF17979_466_620_fpocket_3	585
Q96EQ0_PF16546_5_63_fpocket_1	1204
Q96EQ0_PF16546_5_63_fpocket_5	796
Q96EQ8_PF05605_140_196_fpocket_6	1419
Q96EQ8_PF18574_94_126_fpocket_1	157
Q96ES6_PF07690_9_337_fpocket_8	1477
Q96ES7_PF07039_159_288_fpocket_2	1393
Q96EU6_PF06102_90_252_fpocket_16	1344
Q96EU6_PF06102_90_252_fpocket_2	218
Q96EV8_PF04440_175_320_fpocket_4	1178
Q96EW2_PF13621_34_272_fpocket_1	568
Q96EX1_PF15990_1_87_fpocket_1	1395
Q96EX2_PF13639_383_422_fpocket_1	718
Q96EY1_PF00684_236_296_fpocket_1	1708
Q96EY1_PF01556_210_413_fpocket_8	832
Q96EY4_PF11176_14_162_fpocket_13	746
Q96EY4_PF11176_14_162_fpocket_4	1433
Q96EY5_PF10240_11_261_fpocket_1	324
Q96EY5_PF10240_11_261_fpocket_3	1641
Q96EY8_PF01923_58_227_fpocket_2	995
Q96EY8_PF01923_58_227_fpocket_7	116
Q96EZ8_PF00498_363_435_fpocket_2	496
Q96EZ8_PF13325_134_331_fpocket_1	771
Q96F05_PF17823_1_449_fpocket_10	464
Q96F07_PF05994_342_557_fpocket_14	1163
Q96F07_PF05994_582_1249_fpocket_23	1276
Q96F07_PF05994_582_1249_fpocket_25	995
Q96F15_PF04548_28_230_fpocket_14	869
Q96F24_PF17169_4_86_fpocket_1	374
Q96F25_PF08660_39_215_fpocket_1	1113
Q96F46_PF08357_378_535_fpocket_2	488
Q96F81_PF03176_973_1123_fpocket_2	896
Q96F81_PF03176_973_1123_fpocket_9	256
Q96F81_PF12349_525_662_fpocket_7	411
Q96F85_PF15043_6_163_fpocket_3	418
Q96F85_PF15043_6_163_fpocket_7	150
Q96F86_PF09532_199_300_fpocket_1	211
Q96F86_PF12701_4_66_fpocket_2	1795
Q96FA3_PF04710_10_270_fpocket_19	1318
Q96FB5_PF13679_133_291_fpocket_3	1225
Q96FB5_PF13679_133_291_fpocket_4	1524
Q96FC7_PF19281_157_376_fpocket_12	447
Q96FC7_PF19281_157_376_fpocket_2	1238
Q96FC9_PF06733_231_415_fpocket_14	124
Q96FF9_PF25220_229_252_fpocket_1	655
Q96FG2_PF04727_157_313_fpocket_2	1565
Q96FH0_PF10167_4_108_fpocket_1	147
Q96FI4_PF01149_1_123_fpocket_1	1561
Q96FI4_PF01149_1_123_fpocket_2	1260
Q96FI4_PF09292_252_290_fpocket_3	299
Q96FI4_PF09292_252_290_fpocket_4	1122
Q96FJ0_PF08969_27_130_fpocket_8	704
Q96FL8_PF01554_265_424_fpocket_3	483
Q96FL8_PF01554_44_204_fpocket_3	76
Q96FL9_PF00652_422_547_fpocket_9	1795
Q96FM1_PF04080_54_305_fpocket_13	1825
Q96FM1_PF04080_54_305_fpocket_14	1368
Q96FN4_PF07002_326_542_fpocket_8	327
Q96FN9_PF02580_11_167_fpocket_1	1107
Q96FS4_PF00595_688_758_fpocket_1	420
Q96FS4_PF21022_216_282_fpocket_7	676
Q96FT7_PF00858_45_464_fpocket_34	666
Q96FT7_PF00858_45_464_fpocket_36	141
Q96FT9_PF15305_67_192_fpocket_4	725
Q96FV2_PF03577_95_233_fpocket_2	43
Q96FV2_PF03577_95_233_fpocket_3	1588
Q96FV9_PF00531_572_651_fpocket_3	1091
Q96FW1_PF10275_42_271_fpocket_5	695
Q96FX2_PF05207_6_60_fpocket_4	1385
Q96FX7_PF08704_64_286_fpocket_9	1525
Q96FZ2_PF02586_1_258_fpocket_1	642
Q96FZ7_PF03357_18_177_fpocket_6	499
Q96G03_PF02880_344_471_fpocket_4	829
Q96G04_PF14904_12_98_fpocket_1	1166
Q96G04_PF14904_12_98_fpocket_3	1276
Q96G21_PF04427_90_256_fpocket_15	390
Q96G25_PF10232_1_265_fpocket_1	827
Q96G25_PF10232_1_265_fpocket_9	876
Q96G28_PF11527_10_121_fpocket_2	1203
Q96G28_PF11527_10_121_fpocket_6	1787
Q96G30_PF15183_13_99_fpocket_1	108
Q96G30_PF15183_13_99_fpocket_2	915
Q96G46_PF01207_309_544_fpocket_2	119
Q96G46_PF25585_120_152_fpocket_1	168
Q96G46_PF25585_120_152_fpocket_2	214
Q96G74_PF02338_220_335_fpocket_10	644
Q96G74_PF02338_220_335_fpocket_2	1168
Q96G75_PF10607_156_298_fpocket_8	1251
Q96G97_PF06775_40_243_fpocket_17	548
Q96G97_PF06775_40_243_fpocket_5	761
Q96GC5_PF00338_92_187_fpocket_1	923
Q96GC5_PF00338_92_187_fpocket_6	918
Q96GD0_PF13344_22_127_fpocket_5	908
Q96GD0_PF13344_22_127_fpocket_7	901
Q96GD3_PF12140_358_466_fpocket_2	314
Q96GD3_PF12140_358_466_fpocket_5	776
Q96GE4_PF19016_49_107_fpocket_2	1469
Q96GE4_PF19016_49_107_fpocket_3	523
Q96GE5_PF13912_476_498_fpocket_1	1260
Q96GF1_PF00097_39_79_fpocket_1	1137
Q96GG9_PF03556_136_246_fpocket_6	1861
Q96GG9_PF14555_9_49_fpocket_2	129
Q96GJ1_PF13847_344_410_fpocket_1	93
Q96GJ1_PF13847_344_410_fpocket_2	378
Q96GK7_PF01557_107_314_fpocket_1	482
Q96GM1_PF01569_132_286_fpocket_1	365
Q96GM5_PF02201_294_364_fpocket_1	960
Q96GM5_PF02201_294_364_fpocket_2	228
Q96GM8_PF04857_169_451_fpocket_13	434
Q96GM8_PF04857_39_166_fpocket_5	874
Q96GN5_PF10497_345_443_fpocket_4	942
Q96GN5_PF10497_345_443_fpocket_8	456
Q96GQ5_PF04884_70_302_fpocket_1	341
Q96GQ5_PF04884_70_302_fpocket_9	1633
Q96GQ5_PF24160_304_459_fpocket_2	497
Q96GQ5_PF24160_304_459_fpocket_5	422
Q96GQ7_PF00270_211_381_fpocket_11	1382
Q96GQ7_PF00271_423_527_fpocket_3	98
Q96GR2_PF23562_569_651_fpocket_1	713
Q96GR2_PF23562_569_651_fpocket_4	1606
Q96GR4_PF01529_97_216_fpocket_2	202
Q96GS4_PF10157_254_353_fpocket_2	1337
Q96GS4_PF10157_254_353_fpocket_5	151
Q96GW7_PF00193_157_251_fpocket_1	1416
Q96GW7_PF00193_263_353_fpocket_4	1562
Q96GW9_PF09334_46_410_fpocket_15	253
Q96GW9_PF09334_46_410_fpocket_16	357
Q96GW9_PF19303_444_542_fpocket_6	487
Q96GX9_PF00596_28_221_fpocket_7	297
Q96GY0_PF13913_15_39_fpocket_1	341
Q96GY3_PF15306_88_240_fpocket_10	982
Q96GZ6_PF01769_319_458_fpocket_5	1358
Q96H12_PF13873_10_87_fpocket_1	235
Q96H12_PF13873_10_87_fpocket_8	211
Q96H20_PF04157_6_225_fpocket_5	163
Q96H22_PF05238_5_339_fpocket_1	1146
Q96H22_PF05238_5_339_fpocket_18	1795
Q96H55_PF00063_38_674_fpocket_3	839
Q96H72_PF02535_66_366_fpocket_5	1482
Q96H96_PF01040_91_333_fpocket_15	201
Q96HA1_PF15229_319_552_fpocket_3	35
Q96HA8_PF09764_23_200_fpocket_3	1838
Q96HA8_PF09764_23_200_fpocket_8	1333
Q96HA9_PF05648_6_229_fpocket_1	61
Q96HC4_PF00595_10_82_fpocket_2	1294
Q96HD1_PF11938_102_142_fpocket_1	945
Q96HD9_PF24827_11_206_fpocket_1	1682
Q96HD9_PF24827_11_206_fpocket_5	961
Q96HE8_PF09799_21_127_fpocket_1	1395
Q96HF1_PF01392_40_148_fpocket_4	572
Q96HF1_PF01759_188_285_fpocket_3	896
Q96HF1_PF01759_188_285_fpocket_8	694
Q96HH6_PF01940_60_321_fpocket_3	1589
Q96HI0_PF02902_581_752_fpocket_21	619
Q96HJ9_PF13233_9_100_fpocket_1	234
Q96HN2_PF00670_370_530_fpocket_2	498
Q96HN2_PF00670_370_530_fpocket_3	670
Q96HN2_PF05221_185_320_fpocket_1	1196
Q96HN2_PF05221_320_610_fpocket_22	186
Q96HP0_PF11878_49_157_fpocket_3	1611
Q96HP0_PF14429_544_722_fpocket_4	554
Q96HP0_PF20422_1805_1880_fpocket_3	617
Q96HP8_PF04103_56_214_fpocket_4	90
Q96HQ2_PF11952_25_113_fpocket_1	98
Q96HQ2_PF11952_25_113_fpocket_5	982
Q96HR3_PF11315_20_178_fpocket_8	1479
Q96HR8_PF04410_199_286_fpocket_1	248
Q96HS1_PF00300_100_272_fpocket_4	251
Q96HU1_PF00566_118_325_fpocket_3	338
Q96HW7_PF24493_611_814_fpocket_6	412
Q96HW7_PF24493_611_814_fpocket_8	265
Q96HW7_PF25458_823_960_fpocket_8	497
Q96HY6_PF09756_116_302_fpocket_5	170
Q96HY7_PF00676_260_498_fpocket_18	36
Q96HY7_PF02779_568_771_fpocket_8	274
Q96HY7_PF16870_776_918_fpocket_8	1195
Q96HY7_PF16870_776_918_fpocket_9	763
Q96I13_PF00561_177_277_fpocket_2	615
Q96I23_PF03966_51_90_fpocket_1	796
Q96I23_PF03966_51_90_fpocket_2	1484
Q96I24_PF00013_256_318_fpocket_3	1027
Q96I25_PF01585_237_277_fpocket_2	35
Q96I25_PF01585_237_277_fpocket_3	1755
Q96I36_PF14880_2_53_fpocket_2	680
Q96I36_PF14880_2_53_fpocket_3	151
Q96I59_PF00152_138_470_fpocket_9	595
Q96I59_PF01336_44_118_fpocket_5	1807
Q96I99_PF00549_307_426_fpocket_3	22
Q96I99_PF08442_39_245_fpocket_3	1002
Q96I99_PF08442_39_245_fpocket_5	685
Q96II8_PF00307_674_762_fpocket_2	582
Q96IJ6_PF00483_3_195_fpocket_8	313
Q96IJ6_PF00483_3_195_fpocket_9	769
Q96IK0_PF15111_9_256_fpocket_7	536
Q96IK1_PF05205_55_150_fpocket_1	3
Q96IK1_PF05205_55_150_fpocket_5	301
Q96IL0_PF10231_66_194_fpocket_12	1660
Q96IP4_PF07984_66_384_fpocket_1	1387
Q96IP4_PF07984_66_384_fpocket_13	1532
Q96IQ9_PF15909_110_207_fpocket_1	451
Q96IS3_PF00046_28_84_fpocket_4	939
Q96IT1_PF02023_38_126_fpocket_2	1862
Q96IU4_PF12697_35_118_fpocket_2	2
Q96IU4_PF12697_35_118_fpocket_3	1080
Q96IV0_PF04721_457_651_fpocket_1	573
Q96IV0_PF04721_457_651_fpocket_6	312
Q96IV0_PF09409_26_102_fpocket_3	31
Q96IW7_PF13774_38_117_fpocket_4	387
Q96IW7_PF25970_182_294_fpocket_2	604
Q96IW7_PF25970_182_294_fpocket_6	1550
Q96IX5_PF14960_1_51_fpocket_1	23
Q96IZ6_PF08242_185_287_fpocket_1	1761
Q96J02_PF00397_440_469_fpocket_1	622
Q96J66_PF00005_1158_1306_fpocket_11	163
Q96J66_PF00664_807_1086_fpocket_2	25
Q96J77_PF04201_24_122_fpocket_7	1055
Q96J84_PF08205_136_205_fpocket_1	805
Q96J87_PF00076_48_113_fpocket_1	96
Q96J92_PF24889_674_746_fpocket_3	745
Q96J94_PF02171_555_847_fpocket_6	411
Q96J94_PF23278_127_200_fpocket_3	1643
Q96JB1_PF03028_3906_4015_fpocket_1	276
Q96JB1_PF08385_139_693_fpocket_14	1048
Q96JB1_PF08385_139_693_fpocket_4	752
Q96JB1_PF08393_1268_1673_fpocket_13	486
Q96JB1_PF12775_2420_2598_fpocket_3	1088
Q96JB1_PF12775_2420_2598_fpocket_4	147
Q96JB1_PF12777_3065_3412_fpocket_4	151
Q96JB1_PF12780_2790_3052_fpocket_5	1635
Q96JB1_PF17852_2292_2409_fpocket_5	628
Q96JB1_PF17857_2633_2711_fpocket_6	833
Q96JB1_PF18199_4192_4487_fpocket_2	280
Q96JB6_PF00530_316_411_fpocket_2	507
Q96JB6_PF00530_39_133_fpocket_3	1072
Q96JB6_PF01186_533_731_fpocket_1	473
Q96JB8_PF02828_90_138_fpocket_3	208
Q96JC1_PF10367_842_880_fpocket_1	1520
Q96JC9_PF09816_16_113_fpocket_6	1052
Q96JE7_PF12932_282_378_fpocket_4	1756
Q96JE7_PF12932_282_378_fpocket_9	527
Q96JH7_PF19437_39_203_fpocket_1	1179
Q96JH7_PF21403_776_826_fpocket_1	1382
Q96JH7_PF21403_776_826_fpocket_3	73
Q96JH8_PF00498_274_348_fpocket_1	538
Q96JH8_PF00788_62_164_fpocket_1	929
Q96JI7_PF14649_2095_2387_fpocket_24	673
Q96JJ3_PF04727_295_474_fpocket_16	1452
Q96JK4_PF03024_34_170_fpocket_6	1275
Q96JM2_PF23075_1112_1149_fpocket_2	72
Q96JM2_PF23075_1308_1352_fpocket_1	1365
Q96JM2_PF23075_1308_1352_fpocket_2	233
Q96JM2_PF23225_1191_1230_fpocket_1	1018
Q96JM2_PF23225_1191_1230_fpocket_2	1412
Q96JM2_PF23225_1514_1551_fpocket_2	974
Q96JM7_PF02820_375_442_fpocket_2	1342
Q96JM7_PF02820_479_544_fpocket_2	1279
Q96JN8_PF07177_1134_1292_fpocket_6	415
Q96JN8_PF07177_320_482_fpocket_6	1855
Q96JN8_PF07177_45_205_fpocket_2	1840
Q96JN8_PF07177_523_685_fpocket_5	303
Q96JQ5_PF04103_65_207_fpocket_1	226
Q96JT2_PF07690_39_293_fpocket_23	221
Q96JW4_PF01769_200_333_fpocket_10	358
Q96JW4_PF01769_200_333_fpocket_11	536
Q96JY0_PF13017_130_326_fpocket_13	1066
Q96JY0_PF13017_130_326_fpocket_14	1371
Q96JY6_PF00412_286_338_fpocket_1	369
Q96K12_PF03015_357_448_fpocket_1	1024
Q96K12_PF03015_357_448_fpocket_5	500
Q96K12_PF07993_15_285_fpocket_3	644
Q96K17_PF01849_36_92_fpocket_1	518
Q96K21_PF01363_78_133_fpocket_2	121
Q96K21_PF22586_420_459_fpocket_1	1730
Q96K49_PF06814_215_458_fpocket_6	1679
Q96K49_PF21901_44_169_fpocket_11	647
Q96K62_PF00651_23_122_fpocket_5	1011
Q96K76_PF00443_188_561_fpocket_21	177
Q96K76_PF19718_1124_1363_fpocket_10	312
Q96K78_PF22257_57_136_fpocket_1	151
Q96K78_PF22259_143_243_fpocket_1	1728
Q96K78_PF22259_143_243_fpocket_3	1028
Q96KC2_PF00025_5_175_fpocket_10	155
Q96KC8_PF23082_329_375_fpocket_1	422
Q96KC8_PF23082_329_375_fpocket_2	708
Q96KE9_PF00651_129_235_fpocket_7	1261
Q96KE9_PF07707_246_315_fpocket_3	334
Q96KE9_PF08005_392_537_fpocket_5	482
Q96KG7_PF00053_759_797_fpocket_1	901
Q96KG7_PF07974_277_307_fpocket_2	775
Q96KG7_PF23301_104_148_fpocket_1	834
Q96KJ9_PF02936_39_170_fpocket_1	1136
Q96KJ9_PF02936_39_170_fpocket_3	707
Q96KM6_PF21276_497_534_fpocket_1	35
Q96KN1_PF04970_115_213_fpocket_8	749
Q96KN2_PF01546_128_500_fpocket_25	471
Q96KN2_PF07687_250_399_fpocket_3	1809
Q96KN3_PF16493_68_173_fpocket_12	12
Q96KN4_PF04970_122_224_fpocket_2	208
Q96KN7_PF11618_619_757_fpocket_2	1047
Q96KN7_PF11618_619_757_fpocket_9	176
Q96KN7_PF18111_1114_1279_fpocket_2	229
Q96KN9_PF00029_5_219_fpocket_1	1285
Q96KN9_PF00029_5_219_fpocket_2	1052
Q96KP4_PF01546_95_468_fpocket_11	1452
Q96KP4_PF07687_208_366_fpocket_1	1207
Q96KP4_PF07687_208_366_fpocket_7	422
Q96KQ4_PF00018_1026_1073_fpocket_2	581
Q96KQ4_PF21801_3_82_fpocket_1	1753
Q96KQ4_PF21801_3_82_fpocket_2	944
Q96KQ7_PF00856_1049_1155_fpocket_7	1141
Q96KQ7_PF21533_446_538_fpocket_4	1740
Q96KR4_PF01457_196_279_fpocket_3	507
Q96KR4_PF01457_196_279_fpocket_4	122
Q96KR4_PF01457_307_403_fpocket_1	624
Q96KR4_PF01457_307_403_fpocket_3	387
Q96KR4_PF01457_419_595_fpocket_1	848
Q96KR4_PF01457_419_595_fpocket_8	136
Q96KR6_PF06916_87_174_fpocket_2	722
Q96KR6_PF06916_87_174_fpocket_4	513
Q96KS9_PF11652_130_214_fpocket_5	90
Q96KV7_PF05018_2_185_fpocket_3	338
Q96KX1_PF15022_1_117_fpocket_5	942
Q96KX2_PF01267_15_274_fpocket_3	524
Q96L12_PF00262_23_245_fpocket_1	153
Q96L14_PF15308_6_214_fpocket_8	1608
Q96L15_PF01129_30_254_fpocket_6	882
Q96L21_PF00252_12_165_fpocket_1	958
Q96L21_PF00252_12_165_fpocket_2	417
Q96L34_PF00627_331_366_fpocket_3	180
Q96L50_PF25344_1_121_fpocket_7	329
Q96L73_PF00855_1758_1845_fpocket_4	853
Q96L73_PF23004_1650_1692_fpocket_1	725
Q96L73_PF23011_1539_1587_fpocket_1	742
Q96L91_PF00271_1899_2012_fpocket_2	662
Q96L91_PF07529_803_870_fpocket_4	1711
Q96L91_PF15790_1_505_fpocket_3	1808
Q96L92_PF00787_189_264_fpocket_1	739
Q96L93_PF00498_479_544_fpocket_4	980
Q96LA6_PF13927_118_187_fpocket_3	973
Q96LA8_PF13649_86_182_fpocket_2	1162
Q96LA8_PF13649_86_182_fpocket_7	855
Q96LB8_PF01510_232_359_fpocket_7	200
Q96LB9_PF01510_57_179_fpocket_3	141
Q96LC9_PF15185_5_183_fpocket_3	67
Q96LC9_PF15185_5_183_fpocket_6	1586
Q96LD8_PF02902_42_202_fpocket_15	633
Q96LD8_PF02902_42_202_fpocket_2	115
Q96LI5_PF03372_193_529_fpocket_22	226
Q96LJ8_PF00789_195_268_fpocket_2	310
Q96LK0_PF14933_6_156_fpocket_1	253
Q96LK0_PF14933_6_156_fpocket_3	389
Q96LL3_PF17672_4_132_fpocket_5	216
Q96LL4_PF15379_166_268_fpocket_2	1646
Q96LQ0_PF14895_63_412_fpocket_5	266
Q96LR7_PF14945_62_156_fpocket_1	70
Q96LR9_PF05461_61_139_fpocket_3	49
Q96LT4_PF14360_292_365_fpocket_3	1210
Q96LT6_PF14953_22_269_fpocket_3	1577
Q96LT6_PF14953_22_269_fpocket_5	47
Q96LT7_PF15019_61_324_fpocket_1	366
Q96LU5_PF10502_17_93_fpocket_1	406
Q96LU5_PF10502_17_93_fpocket_3	815
Q96LU7_PF13887_530_565_fpocket_1	66
Q96LU7_PF13888_769_909_fpocket_2	114
Q96LW4_PF01896_113_225_fpocket_4	1602
Q96LW4_PF03121_402_465_fpocket_1	1274
Q96LW4_PF03121_402_465_fpocket_2	1785
Q96M02_PF15309_569_697_fpocket_5	630
Q96M11_PF15311_197_284_fpocket_2	172
Q96M27_PF01931_264_377_fpocket_1	1453
Q96M27_PF01931_264_377_fpocket_6	16
Q96M34_PF17819_393_536_fpocket_8	142
Q96M60_PF14922_160_308_fpocket_2	1623
Q96M60_PF14922_160_308_fpocket_3	1198
Q96M63_PF21773_112_397_fpocket_15	142
Q96M86_PF08393_1017_1464_fpocket_2	992
Q96M86_PF12780_2865_3124_fpocket_12	66
Q96M86_PF17852_2283_2345_fpocket_1	1318
Q96M86_PF18199_4409_4747_fpocket_23	731
Q96M93_PF02137_249_568_fpocket_3	65
Q96M94_PF07707_146_236_fpocket_1	1106
Q96M95_PF13863_44_161_fpocket_3	1349
Q96M95_PF13863_44_161_fpocket_7	70
Q96M96_PF00621_210_391_fpocket_6	143
Q96MB7_PF13359_148_300_fpocket_3	866
Q96MB7_PF13359_148_300_fpocket_9	0
Q96MC2_PF14772_100_200_fpocket_13	533
Q96MC2_PF14772_100_200_fpocket_3	26
Q96MC2_PF14775_660_719_fpocket_1	872
Q96MC2_PF14775_660_719_fpocket_2	709
Q96MC5_PF12130_44_148_fpocket_1	249
Q96MD2_PF09404_9_444_fpocket_47	183
Q96MD7_PF10217_14_102_fpocket_3	508
Q96ME7_PF21276_156_193_fpocket_2	940
Q96ME7_PF21276_156_193_fpocket_3	1086
Q96ME7_PF21276_394_431_fpocket_1	1294
Q96ME7_PF21276_394_431_fpocket_2	1370
Q96MF6_PF03364_93_222_fpocket_8	1817
Q96MF7_PF11789_156_216_fpocket_2	1759
Q96MG2_PF15312_115_177_fpocket_2	29
Q96MG8_PF01135_10_221_fpocket_1	1421
Q96MG8_PF01135_10_221_fpocket_2	387
Q96MH6_PF01553_111_234_fpocket_2	835
Q96MH7_PF15025_7_76_fpocket_3	1248
Q96MH7_PF15025_7_76_fpocket_5	948
Q96MH7_PF22833_121_258_fpocket_5	1451
Q96MH7_PF22834_332_417_fpocket_2	116
Q96MK3_PF06702_305_522_fpocket_1	544
Q96MK3_PF06702_305_522_fpocket_13	1013
Q96MM7_PF03567_220_491_fpocket_1	429
Q96MM7_PF03567_220_491_fpocket_2	1687
Q96MN2_PF02758_10_85_fpocket_5	466
Q96MN2_PF17776_452_568_fpocket_1	209
Q96MP5_PF04434_533_570_fpocket_1	470
Q96MP5_PF19286_613_656_fpocket_3	674
Q96MP5_PF21056_179_304_fpocket_5	1481
Q96MP5_PF21599_1_102_fpocket_2	1445
Q96MP5_PF21599_1_102_fpocket_7	1830
Q96MP5_PF21600_312_434_fpocket_9	411
Q96MS3_PF00534_159_318_fpocket_2	1307
Q96MS3_PF00534_159_318_fpocket_8	1208
Q96MT1_PF13639_536_574_fpocket_1	1395
Q96MT3_PF00412_126_185_fpocket_4	290
Q96MT3_PF00412_251_304_fpocket_1	30
Q96MT3_PF06297_16_115_fpocket_2	1651
Q96MU7_PF04146_355_492_fpocket_1	367
Q96MU8_PF00051_32_114_fpocket_4	393
Q96MW1_PF26091_21_89_fpocket_2	1322
Q96MW1_PF26091_21_89_fpocket_5	157
Q96MY1_PF23079_185_279_fpocket_3	318
Q96MY7_PF10595_168_536_fpocket_4	970
Q96MZ0_PF13409_58_120_fpocket_3	954
Q96MZ0_PF13410_230_304_fpocket_1	624
Q96N11_PF14964_2_381_fpocket_10	176
Q96N23_PF14858_99_638_fpocket_55	422
Q96N66_PF03062_102_377_fpocket_14	981
Q96N67_PF14429_557_735_fpocket_1	226
Q96N67_PF20422_1896_1971_fpocket_2	231
Q96N67_PF20422_1896_1971_fpocket_3	496
Q96N76_PF01175_214_437_fpocket_1	1421
Q96N76_PF01175_214_437_fpocket_2	331
Q96N76_PF17391_85_211_fpocket_1	1298
Q96N76_PF17391_85_211_fpocket_6	969
Q96N76_PF17392_440_646_fpocket_4	867
Q96N76_PF17392_440_646_fpocket_6	110
Q96N96_PF00621_244_422_fpocket_3	1137
Q96N96_PF22697_450_557_fpocket_6	473
Q96NA2_PF09744_28_99_fpocket_1	278
Q96NA2_PF09744_28_99_fpocket_2	406
Q96NA2_PF11461_245_310_fpocket_1	935
Q96NA8_PF05739_452_504_fpocket_1	943
Q96NA8_PF05739_452_504_fpocket_3	334
Q96NA8_PF14523_260_390_fpocket_2	559
Q96NB1_PF09398_49_113_fpocket_3	418
Q96ND0_PF06916_124_210_fpocket_7	1305
Q96NE9_PF00373_120_234_fpocket_2	730
Q96NH3_PF23431_12_138_fpocket_5	1825
Q96NH3_PF23440_853_1252_fpocket_2	1605
Q96NJ5_PF00651_32_138_fpocket_1	855
Q96NL8_PF14996_64_207_fpocket_1	39
Q96NL8_PF14996_64_207_fpocket_2	1444
Q96NN9_PF00355_71_154_fpocket_2	1282
Q96NN9_PF00355_71_154_fpocket_3	1720
Q96NN9_PF07992_196_493_fpocket_7	928
Q96NN9_PF14759_512_583_fpocket_1	1579
Q96NN9_PF14759_512_583_fpocket_2	301
Q96NR3_PF02460_276_425_fpocket_2	1040
Q96NR3_PF02460_276_425_fpocket_4	560
Q96NR8_PF00106_40_240_fpocket_16	1571
Q96NT0_PF21730_11_142_fpocket_2	266
Q96NU0_PF00754_46_174_fpocket_1	62
Q96NU0_PF02210_1046_1173_fpocket_6	427
Q96NW4_PF02204_266_364_fpocket_1	617
Q96NX9_PF02437_62_161_fpocket_1	1593
Q96NY7_PF22441_471_554_fpocket_6	1489
Q96NY8_PF08205_151_232_fpocket_5	962
Q96NY9_PF14716_16_85_fpocket_1	1499
Q96NY9_PF21136_132_216_fpocket_3	1714
Q96NZ8_PF00014_358_409_fpocket_1	695
Q96NZ9_PF15314_105_149_fpocket_1	96
Q96P09_PF21290_112_157_fpocket_2	62
Q96P11_PF21148_134_211_fpocket_1	111
Q96P11_PF21148_134_211_fpocket_3	621
Q96P11_PF21153_34_122_fpocket_1	811
Q96P11_PF21153_34_122_fpocket_9	599
Q96P20_PF05729_220_389_fpocket_7	1131
Q96P20_PF14484_140_210_fpocket_1	1509
Q96P20_PF17776_522_644_fpocket_1	511
Q96P20_PF17776_522_644_fpocket_10	1540
Q96P26_PF06189_305_596_fpocket_2	934
Q96P31_PF00047_202_267_fpocket_3	257
Q96P47_PF00071_93_249_fpocket_3	1493
Q96P47_PF01412_629_739_fpocket_1	615
Q96P47_PF01412_629_739_fpocket_4	220
Q96P48_PF00169_745_848_fpocket_2	99
Q96P48_PF00788_1173_1260_fpocket_1	184
Q96P48_PF00788_1173_1260_fpocket_2	116
Q96P71_PF03992_297_369_fpocket_4	967
Q96P71_PF03992_297_369_fpocket_5	422
Q96P71_PF13202_41_65_fpocket_1	644
Q96PB1_PF07779_296_775_fpocket_2	187
Q96PB1_PF07779_296_775_fpocket_43	987
Q96PB1_PF24536_64_135_fpocket_1	202
Q96PB1_PF24536_64_135_fpocket_2	598
Q96PB7_PF12308_47_145_fpocket_3	105
Q96PD2_PF03815_201_276_fpocket_2	87
Q96PD4_PF06083_78_156_fpocket_3	1650
Q96PD6_PF03982_41_335_fpocket_3	35
Q96PE1_PF00002_779_946_fpocket_1	511
Q96PE1_PF26588_421_523_fpocket_2	1586
Q96PE7_PF13669_49_160_fpocket_1	1143
Q96PE7_PF13669_49_160_fpocket_7	1304
Q96PF1_PF00868_10_123_fpocket_2	156
Q96PF1_PF00868_10_123_fpocket_7	1066
Q96PF1_PF00927_608_704_fpocket_2	805
Q96PH1_PF13405_63_88_fpocket_1	1168
Q96PL1_PF20490_20_87_fpocket_1	58
Q96PL5_PF13765_240_288_fpocket_3	700
Q96PM5_PF05495_20_85_fpocket_1	1572
Q96PM5_PF05495_20_85_fpocket_2	467
Q96PM5_PF14599_191_248_fpocket_1	497
Q96PM5_PF14599_191_248_fpocket_3	1534
Q96PN6_PF00211_291_418_fpocket_6	992
Q96PN7_PF01448_781_835_fpocket_1	987
Q96PQ0_PF15901_614_775_fpocket_1	207
Q96PQ0_PF15901_614_775_fpocket_9	902
Q96PS8_PF00230_20_260_fpocket_12	606
Q96PU4_PF12148_125_312_fpocket_7	465
Q96PU8_PF22675_92_179_fpocket_10	1452
Q96PV0_PF00616_464_535_fpocket_3	133
Q96PV0_PF00616_536_635_fpocket_7	1065
Q96PV4_PF20846_1_92_fpocket_4	248
Q96PV7_PF15914_846_897_fpocket_4	1279
Q96PX6_PF10226_34_224_fpocket_7	1501
Q96PZ0_PF01142_251_642_fpocket_26	842
Q96PZ0_PF01142_251_642_fpocket_32	440
Q96PZ2_PF13365_370_555_fpocket_1	482
Q96PZ2_PF13365_370_555_fpocket_6	355
Q96PZ7_PF00084_2087_2142_fpocket_3	569
Q96PZ7_PF00084_2447_2490_fpocket_2	952
Q96PZ7_PF00084_2978_3032_fpocket_1	1411
Q96PZ7_PF00431_2146_2241_fpocket_3	801
Q96PZ7_PF00431_584_689_fpocket_1	1374
Q96Q04_PF07714_135_407_fpocket_22	1156
Q96Q05_PF08626_186_259_fpocket_1	1447
Q96Q05_PF26282_897_1011_fpocket_1	798
Q96Q05_PF26282_897_1011_fpocket_7	305
Q96Q05_PF26283_1018_1143_fpocket_9	51
Q96Q06_PF03036_1156_1365_fpocket_8	533
Q96Q11_PF01743_59_182_fpocket_4	672
Q96Q11_PF12627_216_266_fpocket_1	615
Q96Q11_PF12627_216_266_fpocket_4	781
Q96Q15_PF00454_2150_2426_fpocket_14	212
Q96Q42_PF02204_1554_1653_fpocket_4	90
Q96Q42_PF25383_905_1008_fpocket_3	1694
Q96Q42_PF25582_714_896_fpocket_2	312
Q96Q42_PF25582_714_896_fpocket_6	469
Q96Q42_PF26202_1338_1436_fpocket_1	149
Q96Q42_PF26202_1338_1436_fpocket_2	1166
Q96Q45_PF15383_141_383_fpocket_6	1753
Q96Q91_PF07565_101_187_fpocket_2	564
Q96QA6_PF03226_21_111_fpocket_5	0
Q96QC0_PF08711_93_144_fpocket_2	1146
Q96QD8_PF01490_70_493_fpocket_16	1309
Q96QE5_PF12836_77_128_fpocket_2	985
Q96QE5_PF12836_77_128_fpocket_3	585
Q96QG7_PF06602_108_445_fpocket_20	65
Q96QG7_PF21098_23_100_fpocket_1	1041
Q96QG7_PF21098_23_100_fpocket_5	1041
Q96QH8_PF00062_22_147_fpocket_4	539
Q96QI5_PF00685_91_325_fpocket_13	756
Q96QP1_PF02816_1043_1229_fpocket_12	212
Q96QR8_PF04845_31_279_fpocket_2	1739
Q96QR8_PF04845_31_279_fpocket_22	151
Q96QT4_PF16519_1194_1249_fpocket_1	34
Q96QT4_PF25508_427_539_fpocket_11	55
Q96QU1_PF23206_1246_1359_fpocket_3	1101
Q96QU1_PF23206_1246_1359_fpocket_4	130
Q96QU6_PF00155_98_461_fpocket_2	1615
Q96QV6_PF00125_6_89_fpocket_4	1327
Q96QZ0_PF00876_47_238_fpocket_1	1752
Q96QZ0_PF00876_47_238_fpocket_3	321
Q96RD6_PF00876_51_244_fpocket_7	1352
Q96RD7_PF00876_47_236_fpocket_5	1119
Q96RE7_PF10523_398_454_fpocket_6	995
Q96RF0_PF10456_386_541_fpocket_1	645
Q96RF0_PF10456_386_541_fpocket_10	257
Q96RI0_PF00001_95_340_fpocket_6	16
Q96RJ0_PF00001_40_304_fpocket_18	623
Q96RL1_PF18282_72_128_fpocket_3	334
Q96RL7_PF25036_1945_2452_fpocket_11	654
Q96RL7_PF25036_1945_2452_fpocket_31	599
Q96RL7_PF25037_3036_3149_fpocket_3	643
Q96RN1_PF01740_545_791_fpocket_2	1300
Q96RN5_PF09606_7_76_fpocket_1	129
Q96RN5_PF09606_7_76_fpocket_2	499
Q96RN5_PF21538_528_647_fpocket_3	1737
Q96RN5_PF21539_674_782_fpocket_2	193
Q96RN5_PF21539_674_782_fpocket_4	323
Q96RP7_PF06990_18_227_fpocket_14	50
Q96RP9_PF03764_521_641_fpocket_5	481
Q96RP9_PF03764_521_641_fpocket_6	169
Q96RP9_PF14492_446_519_fpocket_2	1691
Q96RQ1_PF07970_163_331_fpocket_12	1184
Q96RQ1_PF13850_13_98_fpocket_1	570
Q96RQ1_PF13850_13_98_fpocket_2	290
Q96RQ3_PF00289_49_157_fpocket_2	500
Q96RQ3_PF02785_383_490_fpocket_9	1733
Q96RQ9_PF01593_69_502_fpocket_1	1657
Q96RQ9_PF01593_69_502_fpocket_29	36
Q96RR1_PF13481_386_563_fpocket_7	981
Q96RS0_PF09445_692_844_fpocket_3	391
Q96RS0_PF09445_692_844_fpocket_5	437
Q96RT7_PF04130_1513_1816_fpocket_25	90
Q96RT7_PF17681_353_621_fpocket_2	1204
Q96RT8_PF04130_716_1017_fpocket_14	70
Q96RT8_PF04130_716_1017_fpocket_9	892
Q96RT8_PF17681_271_591_fpocket_24	1375
Q96RU2_PF00443_162_647_fpocket_28	632
Q96RU2_PF22566_19_64_fpocket_1	909
Q96RU3_PF00611_10_88_fpocket_6	745
Q96RU3_PF25610_399_485_fpocket_6	287
Q96RV3_PF05041_1782_2008_fpocket_17	441
Q96RV3_PF05041_1782_2008_fpocket_4	1345
Q96RW7_PF07645_5272_5313_fpocket_2	7
Q96RW7_PF07679_1171_1258_fpocket_2	1327
Q96RW7_PF07679_1746_1822_fpocket_2	744
Q96RW7_PF07679_1840_1915_fpocket_1	467
Q96RW7_PF07679_3443_3523_fpocket_6	682
Q96RW7_PF13927_2103_2178_fpocket_7	1184
Q96RW7_PF13927_3987_4062_fpocket_2	863
Q96RW7_PF23560_220_316_fpocket_5	406
Q96RW7_PF23560_220_316_fpocket_6	844
Q96S06_PF06762_169_328_fpocket_2	227
Q96S06_PF25179_402_545_fpocket_13	164
Q96S16_PF13621_64_254_fpocket_9	1435
Q96S19_PF06080_3_203_fpocket_1	1346
Q96S21_PF07525_189_223_fpocket_1	220
Q96S38_PF04212_240_304_fpocket_5	1018
Q96S42_PF00019_247_346_fpocket_1	331
Q96S44_PF06293_71_225_fpocket_1	964
Q96S52_PF10510_22_546_fpocket_50	1344
Q96S55_PF00004_264_376_fpocket_1	657
Q96S55_PF12002_512_662_fpocket_3	1577
Q96S59_PF08513_368_392_fpocket_3	67
Q96S59_PF10607_404_456_fpocket_2	884
Q96S59_PF10607_404_456_fpocket_3	312
Q96S65_PF16019_82_304_fpocket_5	169
Q96S66_PF05934_3_551_fpocket_1	803
Q96S66_PF05934_3_551_fpocket_37	847
Q96S86_PF07686_54_151_fpocket_7	1349
Q96S96_PF01161_86_163_fpocket_2	44
Q96S97_PF01284_169_312_fpocket_7	1065
Q96S99_PF01363_149_211_fpocket_1	1832
Q96SA4_PF03348_16_452_fpocket_1	534
Q96SB3_PF17817_426_489_fpocket_1	657
Q96SB4_PF00069_489_653_fpocket_17	678
Q96SB8_PF02463_48_1064_fpocket_10	226
Q96SB8_PF02463_48_1064_fpocket_15	849
Q96SC8_PF00751_66_112_fpocket_2	919
Q96SC8_PF03474_314_350_fpocket_1	685
Q96SC8_PF03474_314_350_fpocket_2	134
Q96SD1_PF07522_239_343_fpocket_10	1041
Q96SE0_PF00561_123_364_fpocket_11	955
Q96SF2_PF00118_43_525_fpocket_3	71
Q96SI1_PF02214_58_146_fpocket_1	618
Q96SI9_PF00035_396_449_fpocket_2	43
Q96SI9_PF07528_9_213_fpocket_6	1153
Q96SL1_PF07690_59_425_fpocket_6	266
Q96SL4_PF00255_25_132_fpocket_1	1077
Q96SL4_PF00255_25_132_fpocket_2	1018
Q96SM3_PF00246_305_612_fpocket_9	48
Q96SM3_PF00754_132_271_fpocket_3	1742
Q96SM3_PF13620_625_688_fpocket_2	1145
Q96SN7_PF07856_46_228_fpocket_18	896
Q96SQ7_PF00010_231_282_fpocket_4	1609
Q96ST3_PF08295_552_647_fpocket_5	1544
Q96SU4_PF00169_4_98_fpocket_5	1230
Q96SU4_PF01237_677_725_fpocket_1	1071
Q96SW2_PF02190_81_317_fpocket_7	1655
Q96SY0_PF13519_3_117_fpocket_3	803
Q96SY0_PF13519_3_117_fpocket_4	1467
Q96SY0_PF19435_209_356_fpocket_5	265
Q96SY0_PF20504_404_511_fpocket_1	1401
Q96SZ5_PF07847_57_268_fpocket_1	1850
Q96SZ6_PF00919_101_204_fpocket_1	489
Q96SZ6_PF00919_101_204_fpocket_3	370
Q96SZ6_PF01938_516_589_fpocket_2	1415
Q96SZ6_PF01938_516_589_fpocket_3	190
Q96SZ6_PF04055_356_461_fpocket_12	877
Q96SZ6_PF04055_356_461_fpocket_4	757
Q96T37_PF07744_781_954_fpocket_3	421
Q96T52_PF10502_14_103_fpocket_6	1608
Q96T55_PF07885_87_145_fpocket_1	722
Q96T58_PF00076_339_406_fpocket_1	783
Q96T60_PF08645_166_328_fpocket_11	1139
Q96T60_PF13671_403_489_fpocket_9	509
Q96T60_PF17913_11_80_fpocket_2	573
Q96T68_PF01429_162_228_fpocket_1	33
Q96T68_PF01429_162_228_fpocket_2	913
Q96T76_PF14500_50_311_fpocket_1	1289
Q96T76_PF14500_50_311_fpocket_12	1242
Q96T88_PF02182_417_585_fpocket_14	1009
Q96T88_PF02182_417_585_fpocket_7	1563
Q96T88_PF12148_133_284_fpocket_2	338
Q96TA0_PF00028_527_608_fpocket_2	65
Q96TA1_PF26089_63_196_fpocket_8	588
Q99062_PF00041_532_609_fpocket_4	1017
Q99062_PF06328_24_117_fpocket_5	423
Q99250_PF00520_1531_1786_fpocket_5	726
Q99250_PF00520_1531_1786_fpocket_9	542
Q99250_PF24609_1898_1930_fpocket_1	710
Q99259_PF00282_151_517_fpocket_16	293
Q99418_PF01369_61_243_fpocket_1	834
Q99424_PF01756_496_675_fpocket_5	1315
Q99424_PF01756_496_675_fpocket_6	327
Q99424_PF14749_32_148_fpocket_1	638
Q99424_PF14749_32_148_fpocket_2	507
Q99424_PF22924_290_452_fpocket_1	968
Q99426_PF14560_10_92_fpocket_1	1523
Q99435_PF00093_274_330_fpocket_2	228
Q99437_PF00137_52_111_fpocket_1	948
Q99439_PF00307_29_131_fpocket_1	1137
Q99439_PF00307_29_131_fpocket_3	1306
Q99442_PF03839_90_285_fpocket_6	1743
Q99459_PF11831_404_654_fpocket_18	1735
Q99459_PF13921_11_71_fpocket_1	661
Q99459_PF13921_63_111_fpocket_1	1784
Q99459_PF13921_63_111_fpocket_3	451
Q99463_PF00001_53_277_fpocket_1	735
Q99466_PF00066_1249_1285_fpocket_1	1785
Q99470_PF02815_33_126_fpocket_3	1654
Q99487_PF03403_1_381_fpocket_1	1236
Q99489_PF01266_5_324_fpocket_4	693
Q99496_PF16207_246_330_fpocket_7	1382
Q99497_PF01965_4_170_fpocket_1	89
Q99497_PF01965_4_170_fpocket_10	831
Q99501_PF02187_208_276_fpocket_2	1402
Q99502_PF00702_323_566_fpocket_6	1555
Q99502_PF00702_323_566_fpocket_9	1331
Q99518_PF00743_2_532_fpocket_32	339
Q99523_PF15901_575_740_fpocket_9	684
Q99536_PF13602_233_385_fpocket_11	100
Q99536_PF13602_233_385_fpocket_3	463
Q99538_PF01650_29_285_fpocket_2	112
Q99538_PF01650_29_285_fpocket_5	415
Q99538_PF20985_334_429_fpocket_1	465
Q99538_PF20985_334_429_fpocket_5	814
Q99541_PF03036_7_408_fpocket_34	16
Q99541_PF03036_7_408_fpocket_36	837
Q99542_PF00413_103_256_fpocket_6	590
Q99543_PF16717_339_427_fpocket_5	16
Q99543_PF16717_339_427_fpocket_7	631
Q99543_PF21884_177_281_fpocket_1	1414
Q99543_PF21884_177_281_fpocket_9	331
Q99543_PF23082_553_618_fpocket_1	426
Q99543_PF23082_553_618_fpocket_2	427
Q99547_PF10175_8_135_fpocket_1	255
Q99551_PF02536_76_389_fpocket_2	238
Q99551_PF02536_76_389_fpocket_3	317
Q99571_PF00864_13_373_fpocket_13	587
Q99572_PF00864_11_389_fpocket_2	245
Q99572_PF20478_400_592_fpocket_13	1014
Q99575_PF06978_107_183_fpocket_5	13
Q99575_PF06978_172_257_fpocket_1	769
Q99575_PF06978_172_257_fpocket_8	96
Q99575_PF08170_617_708_fpocket_1	1854
Q99575_PF08170_617_708_fpocket_5	1298
Q99575_PF22770_855_1024_fpocket_10	1254
Q99575_PF22770_855_1024_fpocket_6	617
Q99581_PF00178_48_126_fpocket_3	312
Q99590_PF23030_1369_1450_fpocket_2	1770
Q99590_PF23030_1369_1450_fpocket_3	56
Q99593_PF00907_57_237_fpocket_3	397
Q99595_PF02466_13_122_fpocket_6	159
Q99598_PF01997_51_264_fpocket_1	709
Q99598_PF01997_51_264_fpocket_2	418
Q99613_PF26569_853_877_fpocket_1	984
Q99619_PF07525_223_261_fpocket_2	1024
Q99622_PF14974_11_113_fpocket_1	571
Q99627_PF10075_34_164_fpocket_5	728
Q99633_PF02840_190_331_fpocket_2	546
Q99633_PF02840_190_331_fpocket_7	243
Q99633_PF08799_84_111_fpocket_1	54
Q99638_PF04139_13_265_fpocket_20	72
Q99638_PF04139_13_265_fpocket_25	1783
Q99643_PF01127_48_163_fpocket_2	1766
Q99643_PF01127_48_163_fpocket_8	1187
Q99650_PF17971_30_137_fpocket_4	92
Q99650_PF21177_151_233_fpocket_2	1042
Q99650_PF21177_151_233_fpocket_6	90
Q99650_PF25552_236_330_fpocket_1	557
Q99650_PF25552_236_330_fpocket_7	128
Q99666_PF00638_1345_1465_fpocket_1	589
Q99666_PF16704_1640_1705_fpocket_4	1097
Q99666_PF16704_1640_1705_fpocket_5	1130
Q99683_PF19039_556_653_fpocket_9	961
Q99683_PF20302_1042_1173_fpocket_1	330
Q99683_PF20309_115_150_fpocket_1	396
Q99683_PF20309_115_150_fpocket_2	653
Q99689_PF07763_58_296_fpocket_1	908
Q99698_PF14844_3020_3114_fpocket_4	1731
Q99700_PF06741_409_476_fpocket_2	837
Q99707_PF00809_375_613_fpocket_17	557
Q99707_PF00809_375_613_fpocket_18	452
Q99707_PF02310_774_866_fpocket_1	3
Q99707_PF02310_774_866_fpocket_5	3
Q99707_PF02574_31_338_fpocket_1	1498
Q99707_PF02607_671_747_fpocket_2	29
Q99707_PF02965_965_1246_fpocket_1	1135
Q99708_PF08573_829_860_fpocket_1	1786
Q99715_PF00041_1089_1168_fpocket_3	270
Q99715_PF00041_725_793_fpocket_2	1587
Q99715_PF00092_140_310_fpocket_5	876
Q99715_PF00092_2323_2494_fpocket_8	443
Q99717_PF03165_32_132_fpocket_6	618
Q99717_PF03166_269_441_fpocket_3	1384
Q99719_PF00735_41_318_fpocket_11	61
Q99720_PF04622_15_215_fpocket_1	883
Q99720_PF04622_15_215_fpocket_13	850
Q99726_PF01545_77_293_fpocket_15	1091
Q99727_PF00965_28_207_fpocket_8	577
Q99728_PF14835_41_105_fpocket_1	627
Q99731_PF00048_27_86_fpocket_3	204
Q99732_PF10601_90_159_fpocket_2	1537
Q99735_PF01124_9_123_fpocket_5	471
Q99741_PF09079_455_544_fpocket_3	294
Q99741_PF22606_346_403_fpocket_6	127
Q99743_PF14598_249_352_fpocket_2	1262
Q99748_PF00019_103_196_fpocket_3	1634
Q99758_PF00005_1400_1542_fpocket_14	1184
Q99758_PF12698_259_469_fpocket_10	1131
Q99759_PF00564_45_120_fpocket_1	772
Q99759_PF00564_45_120_fpocket_5	238
Q99795_PF13927_150_215_fpocket_4	770
Q99797_PF01432_255_697_fpocket_5	221
Q99798_PF00330_67_503_fpocket_10	1036
Q99798_PF00694_583_711_fpocket_2	877
Q99798_PF00694_583_711_fpocket_6	1521
Q99805_PF02990_75_619_fpocket_53	1175
Q99807_PF03232_48_214_fpocket_2	262
Q99807_PF03232_48_214_fpocket_3	693
Q99816_PF05743_21_141_fpocket_1	1342
Q99816_PF05743_21_141_fpocket_3	1060
Q99816_PF09454_316_379_fpocket_1	14
Q99816_PF09454_316_379_fpocket_2	1633
Q99829_PF07002_304_518_fpocket_8	333
Q99832_PF00118_32_522_fpocket_2	416
Q99835_PF01392_70_170_fpocket_1	1178
Q99835_PF01534_221_551_fpocket_6	1718
Q99836_PF00531_31_104_fpocket_2	1698
Q99836_PF13676_164_278_fpocket_1	620
Q99853_PF00250_12_98_fpocket_7	1221
Q99856_PF01388_241_326_fpocket_2	957
Q99873_PF13649_92_189_fpocket_2	23
Q99873_PF22528_194_358_fpocket_11	543
Q99873_PF22528_194_358_fpocket_6	23
Q99880_PF00125_20_101_fpocket_1	242
Q99943_PF01553_83_211_fpocket_1	313
Q99944_PF00008_114_140_fpocket_1	238
Q99952_PF00102_56_289_fpocket_3	157
Q99961_PF03114_6_241_fpocket_6	14
Q99963_PF03114_6_241_fpocket_1	614
Q99963_PF03114_6_241_fpocket_12	520
Q99973_PF19334_687_889_fpocket_15	123
Q99988_PF00019_210_307_fpocket_2	441
Q99996_PF10495_3704_3785_fpocket_8	256
Q99999_PF06990_4_407_fpocket_1	883
Q9BPU9_PF07162_4_162_fpocket_2	588
Q9BPU9_PF07162_4_162_fpocket_5	601
Q9BPW8_PF07978_185_282_fpocket_1	333
Q9BPX5_PF04699_9_153_fpocket_5	69
Q9BPX6_PF13202_226_246_fpocket_1	98
Q9BPX7_PF07000_248_409_fpocket_10	342
Q9BPY3_PF13289_158_292_fpocket_1	141
Q9BPY3_PF13289_158_292_fpocket_4	608
Q9BPZ7_PF16979_382_487_fpocket_3	224
Q9BQ08_PF06954_23_110_fpocket_4	312
Q9BQ13_PF25611_133_254_fpocket_7	7
Q9BQ15_PF21473_11_92_fpocket_1	48
Q9BQ16_PF00086_317_376_fpocket_1	335
Q9BQ16_PF00086_317_376_fpocket_2	1806
Q9BQ24_PF16696_108_233_fpocket_1	1330
Q9BQ39_PF08152_571_665_fpocket_1	867
Q9BQ39_PF08152_571_665_fpocket_2	1569
Q9BQ39_PF26142_519_569_fpocket_3	422
Q9BQ48_PF00468_50_92_fpocket_1	1852
Q9BQ48_PF00468_50_92_fpocket_4	661
Q9BQ52_PF13691_61_120_fpocket_1	1286
Q9BQ52_PF13691_61_120_fpocket_3	199
Q9BQ52_PF23023_482_728_fpocket_8	1474
Q9BQ65_PF09749_44_263_fpocket_10	498
Q9BQ65_PF09749_44_263_fpocket_19	392
Q9BQ69_PF01661_170_282_fpocket_1	750
Q9BQ75_PF14617_61_263_fpocket_1	883
Q9BQ75_PF14617_61_263_fpocket_2	1207
Q9BQ83_PF01541_14_91_fpocket_3	151
Q9BQ83_PF01541_14_91_fpocket_4	593
Q9BQ83_PF21202_186_248_fpocket_1	682
Q9BQ83_PF21202_186_248_fpocket_3	92
Q9BQ89_PF14161_5_96_fpocket_1	1363
Q9BQ95_PF14784_269_393_fpocket_1	1638
Q9BQA9_PF15169_2_184_fpocket_1	1571
Q9BQA9_PF15169_2_184_fpocket_2	1200
Q9BQB6_PF07884_10_149_fpocket_1	1186
Q9BQC3_PF01866_54_372_fpocket_1	101
Q9BQC6_PF14978_13_101_fpocket_2	3
Q9BQC6_PF14978_13_101_fpocket_3	281
Q9BQD3_PF10241_14_99_fpocket_1	885
Q9BQD3_PF10241_14_99_fpocket_2	45
Q9BQE3_PF00091_3_213_fpocket_20	1413
Q9BQF6_PF02902_774_1013_fpocket_12	275
Q9BQF6_PF02902_774_1013_fpocket_4	1749
Q9BQG2_PF00293_329_431_fpocket_11	774
Q9BQI3_PF22949_63_141_fpocket_1	679
Q9BQI3_PF22949_63_141_fpocket_2	975
Q9BQI5_PF10291_560_826_fpocket_19	13
Q9BQI5_PF10291_560_826_fpocket_6	1102
Q9BQI6_PF16770_10_88_fpocket_1	957
Q9BQI6_PF16770_10_88_fpocket_2	708
Q9BQI6_PF23294_121_210_fpocket_2	69
Q9BQI7_PF15410_514_625_fpocket_1	578
Q9BQI7_PF15410_514_625_fpocket_4	516
Q9BQI9_PF09668_156_255_fpocket_1	1282
Q9BQK8_PF04571_1_107_fpocket_12	1398
Q9BQK8_PF16876_438_531_fpocket_8	1686
Q9BQL6_PF00373_281_357_fpocket_11	113
Q9BQL6_PF00373_281_357_fpocket_3	446
Q9BQL6_PF00373_453_570_fpocket_12	1187
Q9BQL6_PF18124_10_95_fpocket_6	1572
Q9BQN1_PF07894_30_306_fpocket_19	1647
Q9BQP7_PF12705_195_328_fpocket_1	266
Q9BQP7_PF12705_195_328_fpocket_3	707
Q9BQP9_PF01273_51_219_fpocket_2	33
Q9BQQ3_PF04495_13_92_fpocket_9	869
Q9BQQ3_PF04495_69_204_fpocket_7	47
Q9BQS6_PF00011_50_125_fpocket_1	141
Q9BQS7_PF07731_963_1062_fpocket_3	687
Q9BQS7_PF07732_455_559_fpocket_5	1241
Q9BQS7_PF07732_98_204_fpocket_1	98
Q9BQS8_PF02759_49_165_fpocket_4	1786
Q9BQS8_PF02759_49_165_fpocket_8	950
Q9BQT9_PF19699_559_912_fpocket_12	562
Q9BQW3_PF16422_25_248_fpocket_1	658
Q9BQW3_PF16423_341_384_fpocket_1	1774
Q9BQY6_PF00014_98_128_fpocket_5	371
Q9BQY9_PF04440_108_225_fpocket_2	228
Q9BR11_PF21056_47_167_fpocket_5	541
Q9BR11_PF21056_47_167_fpocket_6	1218
Q9BR26_PF07782_254_446_fpocket_1	962
Q9BRA2_PF06110_9_122_fpocket_3	608
Q9BRA2_PF06110_9_122_fpocket_6	40
Q9BRB3_PF05024_247_510_fpocket_14	501
Q9BRB3_PF05024_247_510_fpocket_26	324
Q9BRC7_PF09279_198_283_fpocket_2	337
Q9BRD0_PF09736_460_600_fpocket_1	817
Q9BRD0_PF09736_460_600_fpocket_8	656
Q9BRF8_PF00149_69_250_fpocket_12	694
Q9BRG1_PF05871_10_145_fpocket_2	226
Q9BRG1_PF05871_10_145_fpocket_7	373
Q9BRI3_PF01545_74_278_fpocket_17	587
Q9BRI3_PF16916_282_357_fpocket_1	223
Q9BRI3_PF16916_282_357_fpocket_2	657
Q9BRJ2_PF04280_119_263_fpocket_13	637
Q9BRJ2_PF04280_119_263_fpocket_14	1156
Q9BRJ6_PF10180_104_165_fpocket_1	818
Q9BRJ6_PF10180_104_165_fpocket_5	164
Q9BRJ7_PF22327_26_183_fpocket_1	882
Q9BRL6_PF00076_17_86_fpocket_3	1742
Q9BRL7_PF13774_42_117_fpocket_8	974
Q9BRL7_PF25970_177_291_fpocket_4	23
Q9BRN9_PF05154_183_230_fpocket_1	875
Q9BRN9_PF05154_183_230_fpocket_2	467
Q9BRP1_PF04194_247_350_fpocket_4	272
Q9BRP7_PF03147_530_623_fpocket_3	1021
Q9BRP7_PF03147_530_623_fpocket_5	510
Q9BRP7_PF10354_7_175_fpocket_10	731
Q9BRP7_PF10354_7_175_fpocket_8	561
Q9BRP8_PF09282_14_38_fpocket_1	129
Q9BRQ4_PF14926_12_259_fpocket_2	1554
Q9BRQ4_PF14926_12_259_fpocket_6	637
Q9BRQ8_PF07992_13_298_fpocket_11	721
Q9BRR0_PF00096_342_364_fpocket_1	1260
Q9BRR6_PF04587_74_490_fpocket_16	617
Q9BRS2_PF01163_193_380_fpocket_3	446
Q9BRS8_PF05383_97_153_fpocket_1	837
Q9BRS8_PF05383_97_153_fpocket_4	1032
Q9BRT2_PF20180_6_79_fpocket_1	266
Q9BRT3_PF10262_24_94_fpocket_1	869
Q9BRT6_PF10169_3_119_fpocket_12	609
Q9BRT8_PF02492_43_229_fpocket_8	73
Q9BRT8_PF07683_274_374_fpocket_1	1514
Q9BRT8_PF07683_274_374_fpocket_3	1514
Q9BRT9_PF05916_70_144_fpocket_5	962
Q9BRT9_PF16922_165_223_fpocket_1	13
Q9BRX2_PF03464_136_268_fpocket_1	1516
Q9BRX2_PF03464_136_268_fpocket_3	1376
Q9BRX2_PF03465_272_370_fpocket_8	812
Q9BRX2_PF26356_1_129_fpocket_1	252
Q9BRX2_PF26356_1_129_fpocket_4	1644
Q9BRX5_PF05916_96_189_fpocket_7	448
Q9BRX5_PF22466_21_77_fpocket_3	412
Q9BRX8_PF13911_94_202_fpocket_9	1187
Q9BS16_PF11802_11_269_fpocket_27	1037
Q9BS18_PF05839_1_73_fpocket_2	134
Q9BS26_PF13848_167_350_fpocket_3	558
Q9BS40_PF06907_3_218_fpocket_1	1354
Q9BS40_PF06907_3_218_fpocket_18	573
Q9BS86_PF07354_69_165_fpocket_1	1222
Q9BS86_PF20626_302_351_fpocket_1	171
Q9BS86_PF20626_302_351_fpocket_3	245
Q9BS92_PF07978_37_136_fpocket_5	1056
Q9BSA9_PF06736_260_356_fpocket_1	905
Q9BSA9_PF06736_260_356_fpocket_7	1839
Q9BSA9_PF06736_35_124_fpocket_4	1084
Q9BSB4_PF07855_9_171_fpocket_1	303
Q9BSB4_PF07855_9_171_fpocket_8	73
Q9BSC4_PF23097_369_417_fpocket_1	864
Q9BSD7_PF03266_4_181_fpocket_10	1403
Q9BSE5_PF00491_72_344_fpocket_2	876
Q9BSF4_PF10171_25_186_fpocket_2	1586
Q9BSF4_PF10171_25_186_fpocket_9	1471
Q9BSF8_PF16017_168_273_fpocket_1	186
Q9BSF8_PF16017_168_273_fpocket_3	4
Q9BSG0_PF02225_65_149_fpocket_2	600
Q9BSH4_PF01709_136_296_fpocket_6	1690
Q9BSH4_PF01709_136_296_fpocket_7	82
Q9BSH4_PF20772_61_129_fpocket_4	374
Q9BSH5_PF00702_7_205_fpocket_10	1476
Q9BSJ8_PF00168_330_435_fpocket_1	62
Q9BSJ8_PF17047_135_313_fpocket_13	26
Q9BSJ8_PF17047_135_313_fpocket_3	717
Q9BSK0_PF01284_26_159_fpocket_2	357
Q9BSL1_PF22562_193_238_fpocket_3	126
Q9BSL1_PF22562_290_327_fpocket_1	1785
Q9BSL1_PF22562_290_327_fpocket_3	823
Q9BSL1_PF23326_4_98_fpocket_2	1210
Q9BSM1_PF13923_47_85_fpocket_1	344
Q9BSM1_PF16207_190_253_fpocket_1	710
Q9BSQ5_PF16545_287_387_fpocket_2	494
Q9BSR8_PF04893_104_239_fpocket_16	921
Q9BSU1_PF03676_15_407_fpocket_20	27
Q9BSU3_PF00583_20_124_fpocket_4	1585
Q9BSV6_PF01974_218_301_fpocket_1	600
Q9BSV6_PF01974_218_301_fpocket_2	276
Q9BSV6_PF26577_4_70_fpocket_1	95
Q9BSV6_PF26577_4_70_fpocket_3	234
Q9BSW2_PF13499_54_113_fpocket_4	538
Q9BSY4_PF16860_5_49_fpocket_1	75
Q9BSY9_PF05903_7_149_fpocket_6	508
Q9BSY9_PF05903_7_149_fpocket_7	674
Q9BT04_PF19036_11_137_fpocket_6	364
Q9BT04_PF19037_175_269_fpocket_1	582
Q9BT04_PF19037_175_269_fpocket_11	485
Q9BT09_PF11938_48_203_fpocket_4	1666
Q9BT17_PF01926_146_220_fpocket_1	638
Q9BT49_PF05485_5_93_fpocket_1	1130
Q9BT67_PF10176_110_165_fpocket_2	534
Q9BT67_PF10176_176_209_fpocket_1	209
Q9BT67_PF10176_176_209_fpocket_2	452
Q9BT73_PF10178_34_118_fpocket_1	979
Q9BT73_PF10178_34_118_fpocket_2	391
Q9BT78_PF01399_289_362_fpocket_1	796
Q9BT78_PF18420_365_406_fpocket_2	472
Q9BTA0_PF11652_90_163_fpocket_2	556
Q9BTC0_PF07500_667_778_fpocket_6	54
Q9BTC0_PF07744_1049_1196_fpocket_1	1556
Q9BTC8_PF01448_150_201_fpocket_1	1628
Q9BTC8_PF17226_461_537_fpocket_6	1633
Q9BTD3_PF14997_73_267_fpocket_1	56
Q9BTE0_PF13302_14_162_fpocket_1	1654
Q9BTE0_PF13302_14_162_fpocket_3	1126
Q9BTE3_PF09739_36_631_fpocket_15	979
Q9BTE3_PF09739_36_631_fpocket_31	226
Q9BTE6_PF07973_196_238_fpocket_3	363
Q9BTE7_PF03556_120_230_fpocket_2	3
Q9BTE7_PF03556_120_230_fpocket_5	804
Q9BTF0_PF01170_274_412_fpocket_4	542
Q9BTF0_PF02926_195_256_fpocket_2	877
Q9BTF0_PF02926_195_256_fpocket_3	219
Q9BTK6_PF15364_86_218_fpocket_1	1721
Q9BTL3_PF15320_10_87_fpocket_2	308
Q9BTL4_PF05760_1_125_fpocket_2	971
Q9BTM9_PF09138_7_101_fpocket_1	1270
Q9BTP7_PF17949_12_134_fpocket_1	660
Q9BTP7_PF17949_12_134_fpocket_2	1260
Q9BTT4_PF09748_9_125_fpocket_1	1588
Q9BTT4_PF09748_9_125_fpocket_6	215
Q9BTV4_PF07787_121_373_fpocket_15	871
Q9BTV4_PF07787_121_373_fpocket_6	1491
Q9BTW9_PF12612_901_1087_fpocket_1	1664
Q9BTW9_PF12612_901_1087_fpocket_6	288
Q9BTX1_PF09531_20_667_fpocket_21	1632
Q9BTX1_PF09531_20_667_fpocket_6	1689
Q9BTX3_PF05620_9_169_fpocket_1	173
Q9BTX3_PF05620_9_169_fpocket_10	332
Q9BTX7_PF00650_128_276_fpocket_6	1690
Q9BTY2_PF01120_28_365_fpocket_2	120
Q9BTY2_PF01120_28_365_fpocket_20	1670
Q9BTY2_PF16757_376_464_fpocket_1	755
Q9BTY2_PF16757_376_464_fpocket_2	223
Q9BTY7_PF04064_292_345_fpocket_1	604
Q9BTY7_PF04064_292_345_fpocket_2	1060
Q9BU23_PF06762_123_292_fpocket_8	328
Q9BU23_PF25179_448_586_fpocket_5	1042
Q9BU40_PF19548_337_456_fpocket_1	1360
Q9BU61_PF04430_60_168_fpocket_2	1045
Q9BU64_PF09496_135_203_fpocket_1	669
Q9BU64_PF09496_135_203_fpocket_5	236
Q9BU70_PF01980_45_164_fpocket_6	1483
Q9BU70_PF01980_45_164_fpocket_7	174
Q9BU76_PF10159_8_83_fpocket_2	718
Q9BU76_PF10159_8_83_fpocket_3	770
Q9BUA3_PF18658_71_134_fpocket_1	586
Q9BUB5_PF00069_205_374_fpocket_9	918
Q9BUB7_PF06979_92_238_fpocket_10	922
Q9BUB7_PF06979_92_238_fpocket_12	309
Q9BUD6_PF06468_41_235_fpocket_2	381
Q9BUD6_PF19028_278_330_fpocket_1	1543
Q9BUE0_PF09637_19_206_fpocket_1	362
Q9BUE6_PF01521_25_125_fpocket_2	1005
Q9BUE6_PF01521_25_125_fpocket_3	315
Q9BUF5_PF00091_3_211_fpocket_5	599
Q9BUH6_PF15384_8_204_fpocket_1	1817
Q9BUI4_PF05645_146_345_fpocket_4	1351
Q9BUI4_PF08221_7_66_fpocket_1	1831
Q9BUI4_PF08221_7_66_fpocket_3	278
Q9BUI4_PF20912_459_522_fpocket_1	369
Q9BUI4_PF20912_459_522_fpocket_2	35
Q9BUI4_PF22536_350_426_fpocket_1	1268
Q9BUI4_PF22536_350_426_fpocket_2	1627
Q9BUJ0_PF12697_97_195_fpocket_1	1052
Q9BUJ2_PF02037_3_38_fpocket_1	982
Q9BUK0_PF02297_14_53_fpocket_1	34
Q9BUK6_PF10644_6_118_fpocket_6	342
Q9BUK6_PF14881_157_346_fpocket_11	1220
Q9BUK6_PF14881_157_346_fpocket_18	1730
Q9BUL5_PF13831_352_385_fpocket_1	432
Q9BUL8_PF06840_74_161_fpocket_1	900
Q9BUL8_PF20929_15_72_fpocket_4	1774
Q9BUL9_PF01918_37_100_fpocket_2	399
Q9BUL9_PF01918_37_100_fpocket_3	1382
Q9BUM1_PF01569_56_191_fpocket_10	571
Q9BUN8_PF04511_11_204_fpocket_1	183
Q9BUP3_PF13460_25_173_fpocket_1	101
Q9BUQ8_PF00271_651_759_fpocket_3	97
Q9BUQ8_PF25430_272_356_fpocket_1	462
Q9BUQ8_PF25430_272_356_fpocket_3	825
Q9BUR5_PF09769_49_177_fpocket_1	861
Q9BUT1_PF13561_14_244_fpocket_12	190
Q9BUT9_PF14799_62_157_fpocket_3	8
Q9BUU2_PF10294_179_337_fpocket_1	1632
Q9BUV8_PF07019_44_117_fpocket_7	303
Q9BUV8_PF07019_44_117_fpocket_9	206
Q9BUX1_PF04752_33_206_fpocket_2	1846
Q9BUZ4_PF02176_210_269_fpocket_2	133
Q9BV10_PF03901_17_369_fpocket_24	1779
Q9BV10_PF03901_17_369_fpocket_9	1158
Q9BV19_PF10504_28_182_fpocket_3	17
Q9BV20_PF01008_44_346_fpocket_2	728
Q9BV36_PF02318_8_125_fpocket_4	1806
Q9BV36_PF04698_456_511_fpocket_1	523
Q9BV36_PF04698_456_511_fpocket_2	172
Q9BV40_PF00957_13_92_fpocket_1	770
Q9BV40_PF00957_13_92_fpocket_3	921
Q9BV44_PF01170_294_476_fpocket_9	951
Q9BV44_PF02926_217_283_fpocket_1	941
Q9BV47_PF00782_69_202_fpocket_6	768
Q9BV57_PF03079_3_157_fpocket_1	1750
Q9BV57_PF03079_3_157_fpocket_2	147
Q9BV68_PF13639_228_270_fpocket_1	34
Q9BV68_PF14369_10_40_fpocket_1	783
Q9BV79_PF00107_195_321_fpocket_6	8
Q9BV79_PF08240_72_153_fpocket_4	170
Q9BV86_PF05891_8_223_fpocket_1	650
Q9BV87_PF08613_80_174_fpocket_1	579
Q9BV87_PF08613_80_174_fpocket_6	290
Q9BV90_PF18036_41_129_fpocket_1	28
Q9BVA1_PF03953_261_382_fpocket_2	171
Q9BVA6_PF02661_285_381_fpocket_1	813
Q9BVA6_PF02661_285_381_fpocket_5	342
Q9BVC3_PF09724_43_357_fpocket_24	1802
Q9BVC3_PF09724_43_357_fpocket_4	1054
Q9BVC6_PF14965_58_231_fpocket_18	1806
Q9BVG3_PF15227_11_53_fpocket_5	716
Q9BVG4_PF04669_35_159_fpocket_10	507
Q9BVG8_PF00225_451_768_fpocket_2	886
Q9BVG8_PF00225_451_768_fpocket_22	133
Q9BVG9_PF03034_120_399_fpocket_4	1419
Q9BVH7_PF00777_87_304_fpocket_2	424
Q9BVI0_PF18115_90_136_fpocket_1	1300
Q9BVI0_PF18115_90_136_fpocket_3	554
Q9BVJ6_PF04615_44_735_fpocket_53	947
Q9BVJ7_PF22784_6_142_fpocket_2	320
Q9BVJ7_PF22784_6_142_fpocket_4	324
Q9BVK2_PF03155_22_509_fpocket_36	365
Q9BVK2_PF03155_22_509_fpocket_37	1132
Q9BVK8_PF09767_2_158_fpocket_14	800
Q9BVK8_PF09767_2_158_fpocket_2	1035
Q9BVM2_PF14913_6_193_fpocket_1	650
Q9BVM4_PF06094_4_123_fpocket_1	638
Q9BVM4_PF06094_4_123_fpocket_10	1200
Q9BVN2_PF02759_530_663_fpocket_1	290
Q9BVP2_PF08701_15_88_fpocket_8	1699
Q9BVQ7_PF17862_391_422_fpocket_1	596
Q9BVQ7_PF17862_674_720_fpocket_2	277
Q9BVR0_PF06701_598_657_fpocket_2	919
Q9BVS4_PF09202_9_91_fpocket_1	996
Q9BVS4_PF09202_9_91_fpocket_7	129
Q9BVS5_PF08704_217_467_fpocket_12	1092
Q9BVS5_PF08704_217_467_fpocket_2	251
Q9BVS5_PF21985_153_206_fpocket_1	1491
Q9BVS5_PF21985_153_206_fpocket_3	525
Q9BVV2_PF17744_207_311_fpocket_2	1634
Q9BVV2_PF17744_207_311_fpocket_4	663
Q9BVV2_PF20996_34_202_fpocket_2	482
Q9BVV7_PF08294_100_244_fpocket_4	306
Q9BVV7_PF08294_100_244_fpocket_8	1103
Q9BVW5_PF07962_66_146_fpocket_1	1356
Q9BVW5_PF07962_66_146_fpocket_3	10
Q9BVX2_PF07092_108_248_fpocket_1	414
Q9BVX2_PF07092_108_248_fpocket_3	273
Q9BW11_PF00010_59_110_fpocket_2	56
Q9BW30_PF05517_11_166_fpocket_2	895
Q9BW30_PF05517_11_166_fpocket_3	24
Q9BW60_PF01151_23_260_fpocket_1	63
Q9BW61_PF10172_3_65_fpocket_1	343
Q9BW62_PF09336_449_488_fpocket_1	709
Q9BW62_PF09336_449_488_fpocket_2	157
Q9BW62_PF21126_6_69_fpocket_1	306
Q9BW62_PF21126_6_69_fpocket_2	1682
Q9BW91_PF25969_80_166_fpocket_1	4
Q9BW91_PF25969_80_166_fpocket_5	1423
Q9BW92_PF00587_399_602_fpocket_13	1612
Q9BW92_PF03129_615_705_fpocket_3	200
Q9BW92_PF03129_615_705_fpocket_4	620
Q9BW92_PF07973_229_276_fpocket_1	194
Q9BW92_PF07973_229_276_fpocket_2	924
Q9BWC9_PF15794_56_276_fpocket_6	1364
Q9BWD1_PF02803_274_396_fpocket_7	1351
Q9BWG6_PF15803_44_69_fpocket_1	415
Q9BWG6_PF15803_44_69_fpocket_2	226
Q9BWH2_PF04930_87_187_fpocket_8	76
Q9BWH6_PF08620_356_421_fpocket_1	166
Q9BWH6_PF08620_356_421_fpocket_2	140
Q9BWJ5_PF07189_3_79_fpocket_4	1309
Q9BWJ5_PF07189_3_79_fpocket_6	133
Q9BWM7_PF03820_9_321_fpocket_8	883
Q9BWN1_PF15386_459_516_fpocket_3	1650
Q9BWP8_PF00059_160_266_fpocket_3	110
Q9BWQ6_PF04893_102_274_fpocket_7	1097
Q9BWS9_PF00704_139_384_fpocket_13	116
Q9BWT1_PF10497_263_360_fpocket_2	733
Q9BWT3_PF04928_218_362_fpocket_6	395
Q9BWT3_PF20750_20_213_fpocket_1	91
Q9BWT3_PF20750_20_213_fpocket_8	1765
Q9BWT6_PF03962_16_75_fpocket_1	1148
Q9BWT6_PF03962_16_75_fpocket_2	1244
Q9BWT6_PF18517_151_204_fpocket_2	233
Q9BWT7_PF00619_28_114_fpocket_1	1070
Q9BWU0_PF00035_316_384_fpocket_2	219
Q9BWU0_PF00498_136_212_fpocket_4	274
Q9BWV3_PF00383_320_443_fpocket_5	1087
Q9BWV3_PF00383_88_151_fpocket_2	1252
Q9BWV7_PF03133_139_413_fpocket_8	995
Q9BX26_PF18584_278_389_fpocket_4	1122
Q9BX51_PF01019_1_220_fpocket_16	1012
Q9BX63_PF06733_248_415_fpocket_11	1391
Q9BX63_PF13307_681_866_fpocket_5	402
Q9BX68_PF01230_64_157_fpocket_4	1458
Q9BX70_PF08005_375_524_fpocket_3	15
Q9BX79_PF14752_41_657_fpocket_36	1500
Q9BX84_PF02816_1776_1972_fpocket_1	464
Q9BX84_PF16519_1170_1225_fpocket_2	797
Q9BX84_PF18139_109_372_fpocket_10	1243
Q9BX84_PF18139_109_372_fpocket_8	486
Q9BX84_PF25508_548_722_fpocket_10	110
Q9BX84_PF25508_548_722_fpocket_5	294
Q9BX95_PF01569_163_278_fpocket_2	773
Q9BX97_PF06637_2_439_fpocket_2	683
Q9BXA9_PF12874_978_999_fpocket_1	456
Q9BXB4_PF01237_685_738_fpocket_2	1536
Q9BXB4_PF01237_685_738_fpocket_3	54
Q9BXB5_PF01237_403_704_fpocket_25	282
Q9BXC9_PF14782_395_481_fpocket_1	1267
Q9BXC9_PF14782_395_481_fpocket_2	547
Q9BXC9_PF23350_486_575_fpocket_1	759
Q9BXC9_PF23350_486_575_fpocket_2	243
Q9BXC9_PF23353_587_684_fpocket_2	1668
Q9BXC9_PF23353_587_684_fpocket_6	978
Q9BXF3_PF00439_445_524_fpocket_3	198
Q9BXF9_PF03148_99_481_fpocket_7	97
Q9BXI3_PF06189_49_353_fpocket_5	1018
Q9BXI6_PF00566_115_313_fpocket_1	1235
Q9BXJ0_PF00386_105_232_fpocket_1	956
Q9BXJ1_PF00386_147_275_fpocket_1	795
Q9BXJ3_PF00386_31_156_fpocket_2	184
Q9BXJ4_PF00386_119_242_fpocket_1	1437
Q9BXJ7_PF14828_22_447_fpocket_14	518
Q9BXM7_PF00069_268_503_fpocket_5	1716
Q9BXM9_PF00041_209_294_fpocket_7	1718
Q9BXP2_PF00324_42_535_fpocket_25	831
Q9BXP5_PF04959_646_851_fpocket_7	746
Q9BXP5_PF12066_153_262_fpocket_2	151
Q9BXP5_PF12066_153_262_fpocket_9	1248
Q9BXP8_PF00084_1467_1518_fpocket_1	1596
Q9BXP8_PF00084_1467_1518_fpocket_2	1167
Q9BXP8_PF00084_1525_1588_fpocket_5	466
Q9BXQ6_PF14997_312_516_fpocket_4	1094
Q9BXR0_PF01702_26_380_fpocket_2	1696
Q9BXR3_PF00078_76_245_fpocket_1	814
Q9BXR3_PF02022_592_629_fpocket_1	912
Q9BXS1_PF00293_50_197_fpocket_2	249
Q9BXS4_PF12280_72_256_fpocket_3	585
Q9BXS5_PF00928_157_422_fpocket_15	727
Q9BXS5_PF00928_157_422_fpocket_3	1363
Q9BXS5_PF01217_5_133_fpocket_1	1139
Q9BXS9_PF01740_532_738_fpocket_2	548
Q9BXT5_PF15326_1976_2104_fpocket_2	1588
Q9BXT6_PF13086_745_828_fpocket_4	1242
Q9BXT6_PF13087_962_1149_fpocket_2	100
Q9BXT6_PF21634_552_625_fpocket_1	95
Q9BXT6_PF21634_552_625_fpocket_2	525
Q9BXU2_PF15186_5_154_fpocket_7	1506
Q9BXU3_PF15186_5_144_fpocket_2	468
Q9BXU8_PF00210_19_159_fpocket_7	329
Q9BXV9_PF15387_3_98_fpocket_7	1317
Q9BXW7_PF13344_49_152_fpocket_9	840
Q9BXY0_PF01778_6_119_fpocket_1	1291
Q9BXY0_PF01778_6_119_fpocket_2	451
Q9BXY4_PF15913_43_142_fpocket_1	1648
Q9BXY4_PF15913_43_142_fpocket_4	1191
Q9BXY5_PF25348_290_386_fpocket_3	490
Q9BXY5_PF25348_290_386_fpocket_4	413
Q9BY07_PF00955_493_1073_fpocket_38	1075
Q9BY08_PF05241_77_187_fpocket_5	445
Q9BY12_PF16501_90_183_fpocket_3	562
Q9BY14_PF00021_47_116_fpocket_1	370
Q9BY15_PF07645_67_111_fpocket_2	603
Q9BY31_PF00096_535_557_fpocket_1	1596
Q9BY32_PF01725_10_188_fpocket_1	384
Q9BY32_PF01725_10_188_fpocket_7	860
Q9BY43_PF03357_21_199_fpocket_12	1146
Q9BY43_PF03357_21_199_fpocket_3	856
Q9BY49_PF13561_27_264_fpocket_1	101
Q9BY49_PF13561_27_264_fpocket_14	1375
Q9BY60_PF02991_14_116_fpocket_1	1852
Q9BY64_PF00201_24_525_fpocket_2	1075
Q9BY66_PF02928_697_749_fpocket_1	357
Q9BY66_PF02928_697_749_fpocket_2	1853
Q9BY66_PF21323_611_665_fpocket_3	446
Q9BY71_PF01462_32_63_fpocket_1	369
Q9BY84_PF00581_17_130_fpocket_7	1856
Q9BYC2_PF01144_301_497_fpocket_15	981
Q9BYC2_PF01144_47_271_fpocket_12	846
Q9BYC5_PF14604_509_558_fpocket_1	70
Q9BYC5_PF19745_2_498_fpocket_1	268
Q9BYC5_PF19745_2_498_fpocket_2	658
Q9BYC8_PF01783_79_130_fpocket_1	392
Q9BYC9_PF00453_15_116_fpocket_4	507
Q9BYC9_PF00453_15_116_fpocket_6	138
Q9BYD1_PF00572_17_132_fpocket_1	173
Q9BYD1_PF00572_17_132_fpocket_3	392
Q9BYD2_PF01281_95_139_fpocket_2	58
Q9BYD2_PF01281_95_139_fpocket_3	1748
Q9BYD2_PF22078_153_238_fpocket_2	505
Q9BYD2_PF25131_54_85_fpocket_1	1373
Q9BYD2_PF25131_54_85_fpocket_2	257
Q9BYD3_PF00573_81_271_fpocket_1	1856
Q9BYD3_PF00573_81_271_fpocket_4	1736
Q9BYD5_PF04749_24_107_fpocket_3	266
Q9BYD6_PF00687_115_300_fpocket_2	1752
Q9BYD6_PF00687_115_300_fpocket_3	1633
Q9BYE2_PF15494_231_320_fpocket_2	1653
Q9BYE7_PF13923_134_172_fpocket_2	1623
Q9BYE7_PF16207_275_322_fpocket_6	1307
Q9BYF1_PF01401_21_606_fpocket_25	608
Q9BYF1_PF16959_617_770_fpocket_5	395
Q9BYF1_PF16959_617_770_fpocket_8	456
Q9BYG0_PF01762_102_299_fpocket_8	497
Q9BYG3_PF00076_47_116_fpocket_2	1376
Q9BYG4_PF00564_19_97_fpocket_3	571
Q9BYG5_PF00564_16_95_fpocket_1	1779
Q9BYG5_PF00564_16_95_fpocket_2	70
Q9BYH1_PF00431_628_722_fpocket_6	371
Q9BYJ9_PF04146_390_523_fpocket_11	1392
Q9BYK8_PF00773_1581_1938_fpocket_12	104
Q9BYK8_PF13086_2399_2645_fpocket_17	1519
Q9BYK8_PF25049_1359_1446_fpocket_1	305
Q9BYK8_PF25049_1359_1446_fpocket_3	573
Q9BYM8_PF25393_10_51_fpocket_1	429
Q9BYN0_PF02195_40_132_fpocket_1	1148
Q9BYN0_PF02195_40_132_fpocket_6	51
Q9BYN8_PF14943_28_196_fpocket_4	1097
Q9BYN8_PF14943_28_196_fpocket_5	934
Q9BYP7_PF24889_745_816_fpocket_3	127
Q9BYT8_PF01432_251_700_fpocket_21	409
Q9BYU1_PF03792_18_209_fpocket_1	824
Q9BYV2_PF00643_122_157_fpocket_2	321
Q9BYW2_PF08236_2475_2556_fpocket_1	1028
Q9BYW2_PF08236_2475_2556_fpocket_3	241
Q9BYX4_PF04851_306_491_fpocket_2	409
Q9BYX4_PF04851_306_491_fpocket_5	1643
Q9BYX4_PF11648_904_1017_fpocket_3	1195
Q9BYX4_PF11648_904_1017_fpocket_4	341
Q9BYX4_PF16739_8_97_fpocket_1	515
Q9BYX4_PF16739_8_97_fpocket_3	76
Q9BYX4_PF18119_537_692_fpocket_3	317
Q9BYX7_PF00022_3_375_fpocket_13	654
Q9BYZ2_PF02866_213_378_fpocket_1	1313
Q9BYZ2_PF02866_213_378_fpocket_3	497
Q9BYZ6_PF00651_264_299_fpocket_1	1755
Q9BZ11_PF08516_503_609_fpocket_1	540
Q9BZ23_PF03630_213_564_fpocket_3	1175
Q9BZ23_PF03630_213_564_fpocket_4	1186
Q9BZ29_PF11878_47_156_fpocket_1	507
Q9BZ29_PF14429_637_827_fpocket_6	1580
Q9BZ67_PF24522_290_364_fpocket_1	141
Q9BZ67_PF24522_290_364_fpocket_2	960
Q9BZ71_PF02862_390_593_fpocket_12	224
Q9BZ72_PF02862_715_962_fpocket_4	1821
Q9BZ72_PF24695_1003_1100_fpocket_7	1220
Q9BZ76_PF02210_398_521_fpocket_3	390
Q9BZ81_PF01454_129_214_fpocket_1	423
Q9BZ81_PF01454_129_214_fpocket_2	143
Q9BZ95_PF00855_271_349_fpocket_6	1075
Q9BZ95_PF00856_1156_1262_fpocket_4	1106
Q9BZ95_PF17907_1104_1142_fpocket_1	280
Q9BZ95_PF17907_1104_1142_fpocket_6	232
Q9BZ95_PF22908_748_797_fpocket_1	186
Q9BZB8_PF16366_502_559_fpocket_3	142
Q9BZC1_PF00076_56_121_fpocket_1	163
Q9BZC1_PF00076_56_121_fpocket_4	455
Q9BZC7_PF00005_2072_2214_fpocket_10	902
Q9BZD2_PF01733_172_472_fpocket_7	22
Q9BZD4_PF03800_4_145_fpocket_1	1652
Q9BZD4_PF03800_4_145_fpocket_5	363
Q9BZE0_PF23561_204_233_fpocket_2	382
Q9BZE1_PF07147_278_385_fpocket_5	366
Q9BZE1_PF07147_278_385_fpocket_6	511
Q9BZE2_PF01416_212_330_fpocket_9	84
Q9BZE4_PF06858_235_292_fpocket_2	38
Q9BZE4_PF06858_235_292_fpocket_3	6
Q9BZE4_PF08155_395_446_fpocket_1	683
Q9BZE4_PF08155_395_446_fpocket_3	140
Q9BZE4_PF17835_6_165_fpocket_1	211
Q9BZE4_PF17835_6_165_fpocket_11	240
Q9BZE7_PF05250_5_213_fpocket_1	648
Q9BZE9_PF00789_387_459_fpocket_1	750
Q9BZE9_PF11470_16_78_fpocket_1	1659
Q9BZE9_PF11470_16_78_fpocket_2	449
Q9BZF3_PF01237_570_921_fpocket_6	527
Q9BZF3_PF15409_91_178_fpocket_1	19
Q9BZG2_PF00328_32_316_fpocket_16	1309
Q9BZG8_PF01866_76_377_fpocket_18	313
Q9BZG8_PF01866_76_377_fpocket_9	240
Q9BZI7_PF03467_51_208_fpocket_10	548
Q9BZJ3_PF00089_38_239_fpocket_1	1319
Q9BZJ3_PF00089_38_239_fpocket_9	507
Q9BZJ6_PF00001_98_371_fpocket_15	995
Q9BZK3_PF01849_72_127_fpocket_1	20
Q9BZK7_PF08513_6_32_fpocket_2	117
Q9BZL1_PF00240_11_71_fpocket_1	1184
Q9BZL3_PF17307_1_60_fpocket_3	385
Q9BZM2_PF00068_22_131_fpocket_1	626
Q9BZM2_PF00068_22_131_fpocket_4	927
Q9BZM5_PF00129_30_199_fpocket_1	1065
Q9BZM5_PF00129_30_199_fpocket_9	721
Q9BZM6_PF00129_39_203_fpocket_1	1081
Q9BZP6_PF00704_24_365_fpocket_18	868
Q9BZP6_PF01607_430_476_fpocket_1	1547
Q9BZQ2_PF23762_121_359_fpocket_3	1190
Q9BZQ4_PF01467_12_105_fpocket_1	357
Q9BZQ8_PF26086_337_506_fpocket_3	113
Q9BZQ8_PF26086_337_506_fpocket_6	683
Q9BZQ8_PF26089_62_200_fpocket_1	31
Q9BZQ8_PF26089_62_200_fpocket_8	290
Q9BZR9_PF13445_15_53_fpocket_2	744
Q9BZS1_PF00250_337_414_fpocket_2	1289
Q9BZS1_PF16159_193_260_fpocket_2	1855
Q9BZV1_PF00789_333_407_fpocket_4	1349
Q9BZV1_PF09409_169_254_fpocket_3	261
Q9BZV2_PF01770_10_441_fpocket_1	1582
Q9BZW2_PF00939_10_576_fpocket_1	1069
Q9BZW4_PF05241_258_354_fpocket_3	1633
Q9BZW5_PF26083_16_195_fpocket_1	1049
Q9BZW5_PF26083_16_195_fpocket_2	858
Q9BZW8_PF11465_22_127_fpocket_6	710
Q9BZX2_PF00485_22_217_fpocket_5	458
Q9BZZ2_PF08205_142_227_fpocket_2	1816
Q9BZZ2_PF13895_334_408_fpocket_4	1547
Q9BZZ2_PF13895_899_972_fpocket_1	525
Q9C000_PF00619_1380_1461_fpocket_6	1115
Q9C000_PF13553_1092_1224_fpocket_1	53
Q9C000_PF17776_623_733_fpocket_8	176
Q9C002_PF06522_8_59_fpocket_2	692
Q9C004_PF05210_164_276_fpocket_10	1240
Q9C009_PF00250_119_204_fpocket_3	1307
Q9C019_PF00643_80_116_fpocket_2	219
Q9C019_PF13765_296_344_fpocket_4	185
Q9C026_PF22586_168_208_fpocket_1	1327
Q9C026_PF22586_168_208_fpocket_3	628
Q9C035_PF00622_358_488_fpocket_6	330
Q9C037_PF15227_12_52_fpocket_3	344
Q9C086_PF04438_305_336_fpocket_1	401
Q9C086_PF04795_211_288_fpocket_6	876
Q9C091_PF15782_87_236_fpocket_4	173
Q9C091_PF20688_319_613_fpocket_2	190
Q9C091_PF20692_668_1352_fpocket_1	1743
Q9C093_PF00406_682_751_fpocket_3	1498
Q9C093_PF06294_5_101_fpocket_3	1086
Q9C093_PF22946_338_471_fpocket_3	425
Q9C093_PF24082_1463_1658_fpocket_11	1044
Q9C0A0_PF00754_45_174_fpocket_1	289
Q9C0A1_PF00046_1598_1652_fpocket_2	456
Q9C0A1_PF24056_821_845_fpocket_1	1256
Q9C0B0_PF18384_34_73_fpocket_1	718
Q9C0B0_PF23035_205_243_fpocket_3	1561
Q9C0B0_PF23261_246_287_fpocket_2	786
Q9C0B1_PF12933_37_325_fpocket_16	118
Q9C0B1_PF12934_329_497_fpocket_10	1558
Q9C0B1_PF12934_329_497_fpocket_5	1631
Q9C0B2_PF24771_515_611_fpocket_1	1390
Q9C0B2_PF24771_515_611_fpocket_4	1128
Q9C0B2_PF24778_802_914_fpocket_1	1488
Q9C0B2_PF24778_802_914_fpocket_4	79
Q9C0B2_PF24798_920_1014_fpocket_1	1073
Q9C0B5_PF01529_102_222_fpocket_6	221
Q9C0B6_PF19052_336_783_fpocket_22	1575
Q9C0B6_PF19052_336_783_fpocket_7	1861
Q9C0B6_PF25415_276_309_fpocket_1	555
Q9C0B6_PF25415_276_309_fpocket_2	513
Q9C0B9_PF25479_96_140_fpocket_2	34
Q9C0B9_PF25479_96_140_fpocket_4	1083
Q9C0C9_PF23043_581_650_fpocket_2	867
Q9C0C9_PF23044_651_720_fpocket_3	1230
Q9C0C9_PF23046_200_344_fpocket_2	878
Q9C0D2_PF15309_2477_2596_fpocket_10	1481
Q9C0D2_PF15309_2477_2596_fpocket_8	1436
Q9C0D6_PF02181_92_457_fpocket_1	1039
Q9C0D7_PF11977_245_399_fpocket_2	1378
Q9C0D7_PF11977_245_399_fpocket_8	901
Q9C0E4_PF00595_149_224_fpocket_2	53
Q9C0E8_PF10058_256_305_fpocket_1	698
Q9C0E8_PF10058_256_305_fpocket_3	1516
Q9C0F0_PF05066_10_80_fpocket_3	13
Q9C0F0_PF13919_240_360_fpocket_13	287
Q9C0F1_PF15007_5_128_fpocket_2	451
Q9C0F1_PF15007_5_128_fpocket_6	273
Q9C0G6_PF03028_3537_3653_fpocket_4	483
Q9C0G6_PF08393_879_1298_fpocket_19	5
Q9C0G6_PF12775_2057_2238_fpocket_8	1131
Q9C0G6_PF12777_2690_3020_fpocket_19	1863
Q9C0G6_PF12777_2690_3020_fpocket_3	138
Q9C0G6_PF12780_2418_2676_fpocket_4	892
Q9C0G6_PF12780_2418_2676_fpocket_7	47
Q9C0G6_PF17857_2270_2359_fpocket_3	484
Q9C0G6_PF18198_3685_3822_fpocket_2	1276
Q9C0G6_PF18199_3829_4154_fpocket_2	485
Q9C0H9_PF03915_184_258_fpocket_7	804
Q9C0I1_PF06602_317_500_fpocket_10	1433
Q9C0I1_PF06602_317_500_fpocket_2	1772
Q9C0J9_PF00010_47_99_fpocket_4	547
Q9C0J9_PF07527_131_170_fpocket_1	44
Q9C0K0_PF00096_455_477_fpocket_1	60
Q9GIP4_PF13520_51_162_fpocket_11	298
Q9GIP4_PF13520_51_162_fpocket_6	796
Q9GZL7_PF08154_5_70_fpocket_1	390
Q9GZM3_PF13656_30_102_fpocket_3	733
Q9GZM3_PF13656_30_102_fpocket_5	1152
Q9GZM8_PF04880_135_303_fpocket_2	1677
Q9GZM8_PF04880_135_303_fpocket_7	415
Q9GZN4_PF00089_50_285_fpocket_10	741
Q9GZN6_PF00209_103_683_fpocket_2	237
Q9GZN7_PF10259_18_275_fpocket_17	1078
Q9GZN7_PF10259_18_275_fpocket_8	1615
Q9GZN8_PF15006_28_173_fpocket_4	383
Q9GZP4_PF06201_24_192_fpocket_1	1495
Q9GZP7_PF03402_47_338_fpocket_30	574
Q9GZP9_PF04511_13_203_fpocket_1	1626
Q9GZP9_PF04511_13_203_fpocket_9	586
Q9GZQ3_PF07258_148_205_fpocket_2	922
Q9GZQ3_PF21672_28_129_fpocket_1	450
Q9GZQ3_PF21672_28_129_fpocket_5	46
Q9GZR1_PF02902_680_819_fpocket_1	704
Q9GZR1_PF02902_973_1049_fpocket_1	422
Q9GZR2_PF00929_245_394_fpocket_2	208
Q9GZR2_PF00929_245_394_fpocket_4	1776
Q9GZR5_PF01151_41_277_fpocket_5	416
Q9GZR7_PF00271_582_681_fpocket_5	77
Q9GZS1_PF06870_36_404_fpocket_8	603
Q9GZS1_PF06870_36_404_fpocket_9	167
Q9GZT4_PF00291_20_314_fpocket_12	584
Q9GZT6_PF07798_61_253_fpocket_3	336
Q9GZT8_PF01784_28_373_fpocket_16	950
Q9GZT9_PF01753_21_58_fpocket_1	369
Q9GZT9_PF01753_21_58_fpocket_3	947
Q9GZU1_PF21381_91_285_fpocket_2	4
Q9GZU1_PF21381_91_285_fpocket_5	341
Q9GZV3_PF00474_43_442_fpocket_5	265
Q9GZV4_PF01287_83_150_fpocket_1	325
Q9GZV4_PF01287_83_150_fpocket_4	941
Q9GZV8_PF21549_259_377_fpocket_1	820
Q9GZW8_PF04103_47_207_fpocket_3	611
Q9GZX6_PF14565_40_178_fpocket_2	28
Q9GZX6_PF14565_40_178_fpocket_8	1149
Q9GZX7_PF08210_11_177_fpocket_11	279
Q9GZX9_PF23782_25_83_fpocket_4	1603
Q9GZY0_PF03943_574_622_fpocket_1	465
Q9GZY0_PF03943_574_622_fpocket_3	307
Q9GZY0_PF09162_124_203_fpocket_2	1579
Q9GZY0_PF22602_391_542_fpocket_3	1861
Q9GZY4_PF08695_21_132_fpocket_2	563
Q9GZY4_PF08695_21_132_fpocket_7	691
Q9GZY8_PF05644_27_342_fpocket_9	70
Q9GZZ7_PF02351_200_241_fpocket_3	1285
Q9H000_PF14608_326_348_fpocket_1	1763
Q9H000_PF14608_8_26_fpocket_1	640
Q9H000_PF14608_8_26_fpocket_2	640
Q9H008_PF13242_187_260_fpocket_1	295
Q9H008_PF13242_187_260_fpocket_3	51
Q9H008_PF13344_14_114_fpocket_1	962
Q9H009_PF01849_73_128_fpocket_3	298
Q9H015_PF00083_141_517_fpocket_25	1396
Q9H040_PF10263_45_153_fpocket_1	398
Q9H040_PF10263_45_153_fpocket_5	406
Q9H040_PF22934_164_211_fpocket_1	352
Q9H040_PF22934_164_211_fpocket_2	359
Q9H061_PF07114_14_190_fpocket_6	209
Q9H063_PF09174_25_202_fpocket_10	1656
Q9H078_PF07724_376_565_fpocket_1	350
Q9H078_PF10431_574_650_fpocket_3	297
Q9H079_PF13925_149_299_fpocket_1	860
Q9H079_PF13925_149_299_fpocket_2	405
Q9H081_PF05859_8_198_fpocket_1	1398
Q9H089_PF01926_388_443_fpocket_2	688
Q9H091_PF01753_313_359_fpocket_2	1254
Q9H091_PF20179_484_677_fpocket_11	1041
Q9H093_PF00069_53_303_fpocket_1	854
Q9H098_PF06625_13_120_fpocket_1	92
Q9H0A0_PF08351_9_201_fpocket_6	667
Q9H0A0_PF08351_9_201_fpocket_7	567
Q9H0A0_PF13718_528_752_fpocket_19	1352
Q9H0A0_PF13718_528_752_fpocket_7	224
Q9H0A8_PF07258_128_191_fpocket_4	151
Q9H0A8_PF21672_9_110_fpocket_1	513
Q9H0A9_PF15058_3_153_fpocket_1	1299
Q9H0A9_PF15059_195_340_fpocket_1	770
Q9H0A9_PF15059_195_340_fpocket_4	1226
Q9H0B8_PF03815_288_379_fpocket_7	331
Q9H0C3_PF15113_4_416_fpocket_1	151
Q9H0C3_PF15113_4_416_fpocket_15	1156
Q9H0C5_PF07707_183_283_fpocket_6	1231
Q9H0E3_PF16014_679_1031_fpocket_7	497
Q9H0E7_PF00443_273_675_fpocket_2	692
Q9H0E7_PF02148_29_90_fpocket_3	479
Q9H0F6_PF16764_16_127_fpocket_2	116
Q9H0F6_PF16764_16_127_fpocket_5	193
Q9H0F6_PF25393_174_215_fpocket_2	297
Q9H0G5_PF20427_293_470_fpocket_16	78
Q9H0H0_PF14750_34_1137_fpocket_18	529
Q9H0H3_PF00651_36_143_fpocket_5	644
Q9H0H5_PF00130_287_336_fpocket_2	276
Q9H0I2_PF13864_243_339_fpocket_4	1105
Q9H0I9_PF00456_18_270_fpocket_1	1557
Q9H0I9_PF02779_318_480_fpocket_7	1062
Q9H0J4_PF16043_1253_1459_fpocket_10	770
Q9H0J9_PF24356_4_68_fpocket_1	159
Q9H0J9_PF25261_173_206_fpocket_1	1411
Q9H0J9_PF25261_173_206_fpocket_2	1350
Q9H0K1_PF23312_298_336_fpocket_2	1839
Q9H0K6_PF01142_295_696_fpocket_32	763
Q9H0K6_PF25094_206_279_fpocket_2	393
Q9H0L4_PF14327_113_191_fpocket_1	316
Q9H0M0_PF00632_618_920_fpocket_1	830
Q9H0M4_PF07496_256_301_fpocket_1	1798
Q9H0P0_PF05822_91_335_fpocket_18	101
Q9H0P0_PF05822_91_335_fpocket_19	1139
Q9H0Q0_PF07159_18_319_fpocket_23	54
Q9H0R3_PF05608_46_176_fpocket_2	1098
Q9H0R3_PF05608_46_176_fpocket_7	1242
Q9H0R4_PF13242_177_247_fpocket_1	972
Q9H0R5_PF02263_19_280_fpocket_28	478
Q9H0R6_PF01425_25_488_fpocket_38	466
Q9H0U3_PF04756_43_330_fpocket_14	463
Q9H0U3_PF04756_43_330_fpocket_24	256
Q9H0U6_PF00861_76_147_fpocket_1	1337
Q9H0U6_PF00861_76_147_fpocket_2	974
Q9H0V9_PF03388_50_275_fpocket_1	741
Q9H0W9_PF08925_20_303_fpocket_1	689
Q9H0W9_PF08925_20_303_fpocket_3	177
Q9H0X9_PF01237_374_711_fpocket_30	321
Q9H0Y0_PF03987_12_206_fpocket_1	372
Q9H0Y0_PF03987_12_206_fpocket_2	1052
Q9H0Z9_PF00076_36_93_fpocket_1	749
Q9H114_PF00031_37_114_fpocket_1	357
Q9H147_PF18192_66_131_fpocket_4	125
Q9H147_PF18192_66_131_fpocket_5	992
Q9H147_PF21229_211_307_fpocket_1	870
Q9H158_PF16492_682_768_fpocket_1	334
Q9H169_PF00836_49_182_fpocket_1	172
Q9H171_PF02295_15_59_fpocket_1	76
Q9H171_PF02295_15_59_fpocket_2	428
Q9H172_PF00005_86_229_fpocket_5	65
Q9H172_PF01061_372_581_fpocket_1	725
Q9H172_PF19055_258_315_fpocket_3	1178
Q9H175_PF16019_62_279_fpocket_1	490
Q9H1A4_PF18122_1736_1895_fpocket_14	837
Q9H1A4_PF18122_1736_1895_fpocket_2	397
Q9H1A4_PF21282_1617_1702_fpocket_1	774
Q9H1A4_PF21282_1617_1702_fpocket_2	37
Q9H1B5_PF02485_234_487_fpocket_15	763
Q9H1B5_PF12529_519_699_fpocket_1	44
Q9H1B5_PF12529_519_699_fpocket_4	144
Q9H1B7_PF11261_10_61_fpocket_2	1793
Q9H1B7_PF25454_713_784_fpocket_1	476
Q9H1B7_PF25457_337_499_fpocket_5	143
Q9H1C0_PF00001_40_297_fpocket_18	265
Q9H1C3_PF01501_53_322_fpocket_5	1032
Q9H1C7_PF12734_63_96_fpocket_2	400
Q9H1C7_PF12734_63_96_fpocket_3	1436
Q9H1D9_PF05158_13_315_fpocket_19	987
Q9H1D9_PF05158_13_315_fpocket_6	1732
Q9H1E1_PF00074_35_153_fpocket_2	142
Q9H1E1_PF00074_35_153_fpocket_9	1259
Q9H1H9_PF12473_1222_1281_fpocket_1	583
Q9H1H9_PF12473_1222_1281_fpocket_6	76
Q9H1J1_PF03467_68_225_fpocket_1	1616
Q9H1J1_PF03467_68_225_fpocket_7	1225
Q9H1J5_PF00110_38_336_fpocket_4	574
Q9H1J7_PF00110_51_359_fpocket_26	7
Q9H1K0_PF01363_154_259_fpocket_2	588
Q9H1K0_PF11464_739_778_fpocket_1	1364
Q9H1K0_PF11464_739_778_fpocket_4	1308
Q9H1K1_PF01592_35_157_fpocket_1	644
Q9H1K6_PF21896_149_268_fpocket_1	789
Q9H1K6_PF21896_149_268_fpocket_3	669
Q9H1M0_PF05064_63_173_fpocket_3	1210
Q9H1M0_PF05064_63_173_fpocket_4	1847
Q9H1N7_PF08449_80_371_fpocket_2	147
Q9H1R2_PF00782_9_135_fpocket_3	414
Q9H1U4_PF00053_400_444_fpocket_1	415
Q9H1Y0_PF04106_184_269_fpocket_4	77
Q9H1Y0_PF04106_184_269_fpocket_5	1654
Q9H1Y0_PF20637_119_174_fpocket_1	1619
Q9H1Y0_PF20637_119_174_fpocket_2	1111
Q9H1Y0_PF20638_11_104_fpocket_4	439
Q9H1Y0_PF20638_11_104_fpocket_6	1622
Q9H1Y3_PF00001_59_309_fpocket_14	297
Q9H204_PF11594_43_143_fpocket_2	1122
Q9H204_PF11594_43_143_fpocket_8	1182
Q9H211_PF08839_186_349_fpocket_1	160
Q9H211_PF08839_186_349_fpocket_2	1012
Q9H211_PF16679_421_516_fpocket_1	162
Q9H211_PF16679_421_516_fpocket_2	141
Q9H222_PF00005_69_221_fpocket_10	1535
Q9H222_PF19055_250_329_fpocket_4	268
Q9H223_PF12763_447_535_fpocket_2	967
Q9H223_PF18150_292_397_fpocket_1	128
Q9H239_PF00413_129_284_fpocket_2	669
Q9H251_PF00028_1107_1199_fpocket_5	1332
Q9H251_PF00028_2514_2601_fpocket_1	223
Q9H252_PF00027_614_695_fpocket_5	822
Q9H254_PF15410_2421_2522_fpocket_2	357
Q9H257_PF00619_11_96_fpocket_1	1776
Q9H267_PF00995_37_610_fpocket_1	886
Q9H267_PF00995_37_610_fpocket_14	246
Q9H293_PF06083_87_172_fpocket_2	299
Q9H295_PF07782_242_421_fpocket_1	981
Q9H299_PF04908_3_93_fpocket_1	766
Q9H2A2_PF00171_23_483_fpocket_6	559
Q9H2A3_PF00010_113_164_fpocket_2	55
Q9H2A7_PF20902_27_118_fpocket_6	786
Q9H2A9_PF03567_183_417_fpocket_13	905
Q9H2B4_PF01740_535_683_fpocket_4	543
Q9H2C2_PF04161_33_223_fpocket_14	368
Q9H2C2_PF04161_33_223_fpocket_5	950
Q9H2F5_PF06752_582_836_fpocket_1	363
Q9H2G2_PF12474_1020_1160_fpocket_12	656
Q9H2G2_PF12474_1020_1160_fpocket_5	414
Q9H2G2_PF12474_852_990_fpocket_18	1097
Q9H2G2_PF12474_852_990_fpocket_2	893
Q9H2G4_PF00956_261_377_fpocket_1	20
Q9H2G9_PF08227_181_226_fpocket_1	823
Q9H2G9_PF08227_181_226_fpocket_2	280
Q9H2H0_PF02008_133_172_fpocket_1	761
Q9H2J4_PF02114_32_180_fpocket_3	904
Q9H2J7_PF00209_61_642_fpocket_13	455
Q9H2K0_PF05198_78_145_fpocket_1	1286
Q9H2K0_PF05198_78_145_fpocket_4	88
Q9H2L5_PF00788_176_259_fpocket_1	950
Q9H2L5_PF16517_275_314_fpocket_1	1020
Q9H2M3_PF02574_23_305_fpocket_22	652
Q9H2P0_PF19627_2_130_fpocket_8	669
Q9H2P9_PF00590_1_239_fpocket_8	1238
Q9H2U1_PF07717_831_916_fpocket_2	850
Q9H2U9_PF00200_411_483_fpocket_3	136
Q9H2U9_PF08516_488_598_fpocket_1	1198
Q9H2W1_PF04103_47_208_fpocket_7	97
Q9H2W6_PF11788_45_141_fpocket_2	1174
Q9H2X0_PF00093_705_762_fpocket_1	1259
Q9H2X0_PF00093_793_850_fpocket_1	538
Q9H2X0_PF07452_535_645_fpocket_2	1325
Q9H2X9_PF03522_1071_1139_fpocket_3	563
Q9H2X9_PF03522_712_830_fpocket_8	982
Q9H2X9_PF03522_843_975_fpocket_7	959
Q9H2Y9_PF03137_129_734_fpocket_25	406
Q9H307_PF04696_136_260_fpocket_1	667
Q9H307_PF04696_136_260_fpocket_13	1725
Q9H310_PF00909_26_417_fpocket_1	601
Q9H310_PF00909_26_417_fpocket_3	1588
Q9H313_PF04906_9_442_fpocket_10	192
Q9H324_PF19030_829_884_fpocket_2	635
Q9H330_PF01594_604_840_fpocket_1	1420
Q9H330_PF01594_604_840_fpocket_13	14
Q9H334_PF16159_302_370_fpocket_5	773
Q9H336_PF00188_66_206_fpocket_3	97
Q9H336_PF03815_293_384_fpocket_1	147
Q9H340_PF13853_31_306_fpocket_27	55
Q9H340_PF13853_31_306_fpocket_29	876
Q9H361_PF00658_545_609_fpocket_1	1827
Q9H3D4_PF00870_168_357_fpocket_2	780
Q9H3D4_PF07647_541_604_fpocket_2	305
Q9H3E2_PF00615_287_400_fpocket_1	175
Q9H3E2_PF00787_544_623_fpocket_5	213
Q9H3E2_PF02194_2_157_fpocket_8	368
Q9H3F6_PF02214_34_124_fpocket_2	1364
Q9H3G5_PF00450_69_467_fpocket_11	97
Q9H3H1_PF01715_58_331_fpocket_14	101
Q9H3H3_PF08939_155_253_fpocket_1	585
Q9H3H3_PF08939_155_253_fpocket_2	488
Q9H3H5_PF00953_99_269_fpocket_1	1054
Q9H3H5_PF00953_99_269_fpocket_12	618
Q9H3H5_PF21383_318_360_fpocket_1	916
Q9H3J6_PF00472_54_147_fpocket_1	1546
Q9H3J6_PF00472_54_147_fpocket_5	1119
Q9H3K2_PF01027_123_336_fpocket_14	1500
Q9H3K6_PF01722_12_79_fpocket_1	593
Q9H3K6_PF01722_12_79_fpocket_2	560
Q9H3L0_PF10229_24_293_fpocket_22	1083
Q9H3M7_PF00339_10_152_fpocket_8	880
Q9H3M7_PF00339_10_152_fpocket_9	1409
Q9H3M7_PF02752_175_298_fpocket_7	356
Q9H3M9_PF02099_9_166_fpocket_4	138
Q9H3P7_PF00887_85_165_fpocket_1	474
Q9H3P7_PF13897_397_527_fpocket_12	1492
Q9H3Q1_PF00786_26_84_fpocket_1	1366
Q9H3Q1_PF14957_112_228_fpocket_1	1748
Q9H3R0_PF13832_754_864_fpocket_5	928
Q9H3R0_PF13832_754_864_fpocket_7	1230
Q9H3R2_PF01390_215_317_fpocket_8	496
Q9H3R5_PF05837_42_241_fpocket_11	1718
Q9H3R5_PF05837_42_241_fpocket_9	620
Q9H3S4_PF04263_32_145_fpocket_3	659
Q9H3S4_PF04263_32_145_fpocket_8	736
Q9H3S4_PF04265_169_236_fpocket_2	42
Q9H3S5_PF05007_140_408_fpocket_17	1004
Q9H3S5_PF05007_140_408_fpocket_18	1063
Q9H3S7_PF13949_417_701_fpocket_7	1084
Q9H3T3_PF01437_525_554_fpocket_1	276
Q9H3U7_PF00086_216_281_fpocket_4	1239
Q9H3U7_PF00086_90_153_fpocket_1	211
Q9H3Z7_PF00561_173_305_fpocket_3	541
Q9H3Z7_PF00561_173_305_fpocket_6	841
Q9H410_PF08202_79_345_fpocket_5	3
Q9H461_PF01392_35_141_fpocket_3	1052
Q9H461_PF01534_268_619_fpocket_1	883
Q9H477_PF00294_17_312_fpocket_15	1462
Q9H477_PF00294_17_312_fpocket_16	950
Q9H479_PF03881_21_309_fpocket_6	1077
Q9H488_PF10250_34_368_fpocket_8	97
Q9H490_PF06728_11_394_fpocket_11	71
Q9H490_PF06728_11_394_fpocket_24	994
Q9H497_PF21376_338_395_fpocket_2	746
Q9H4A3_PF12202_500_563_fpocket_3	835
Q9H4A3_PF12202_500_563_fpocket_4	1389
Q9H4A3_PF24889_1118_1192_fpocket_1	205
Q9H4A3_PF24889_1118_1192_fpocket_3	1004
Q9H4A4_PF17900_158_230_fpocket_3	880
Q9H4A5_PF05719_48_263_fpocket_17	278
Q9H4A5_PF05719_48_263_fpocket_2	288
Q9H4A9_PF01244_79_399_fpocket_1	1367
Q9H4B0_PF00814_59_365_fpocket_19	1616
Q9H4B4_PF00659_569_633_fpocket_3	1277
Q9H4D0_PF19699_551_892_fpocket_22	1184
Q9H4D5_PF09162_113_192_fpocket_2	533
Q9H4D5_PF09162_113_192_fpocket_3	868
Q9H4E7_PF00169_218_312_fpocket_1	331
Q9H4E7_PF00169_218_312_fpocket_2	1018
Q9H4E7_PF25530_2_95_fpocket_3	1328
Q9H4E7_PF25530_2_95_fpocket_5	546
Q9H4F1_PF00777_66_282_fpocket_4	883
Q9H4F1_PF00777_66_282_fpocket_8	1076
Q9H4F8_PF00086_227_292_fpocket_2	1155
Q9H4F8_PF10591_359_424_fpocket_1	214
Q9H4F8_PF10591_359_424_fpocket_5	922
Q9H4G1_PF00031_49_130_fpocket_2	1178
Q9H4G4_PF00188_14_131_fpocket_1	1358
Q9H4G8_PF05207_6_60_fpocket_1	602
Q9H4G8_PF05207_6_60_fpocket_2	1154
Q9H4H8_PF07894_20_296_fpocket_6	1108
Q9H4I0_PF04824_502_553_fpocket_3	562
Q9H4I0_PF04824_502_553_fpocket_4	1542
Q9H4I2_PF11569_850_890_fpocket_1	320
Q9H4I2_PF11569_850_890_fpocket_4	1591
Q9H4I8_PF00561_33_293_fpocket_4	266
Q9H4I9_PF10161_36_107_fpocket_3	263
Q9H4K1_PF05914_13_382_fpocket_16	1115
Q9H4K1_PF05914_13_382_fpocket_2	477
Q9H4K7_PF01018_73_223_fpocket_2	295
Q9H4K7_PF01018_73_223_fpocket_5	1724
Q9H4L4_PF02902_400_571_fpocket_11	1386
Q9H4L5_PF15409_56_143_fpocket_1	217
Q9H4M3_PF04300_72_250_fpocket_5	110
Q9H4M3_PF12937_6_53_fpocket_1	79
Q9H4M7_PF00169_55_152_fpocket_2	308
Q9H4M9_PF12763_444_531_fpocket_1	1597
Q9H4M9_PF12763_444_531_fpocket_2	1175
Q9H4P4_PF08941_137_315_fpocket_9	1732
Q9H4R4_PF15784_41_98_fpocket_1	1732
Q9H4W6_PF16423_348_391_fpocket_2	1228
Q9H4Y5_PF13417_27_100_fpocket_2	1578
Q9H4Z3_PF12237_446_621_fpocket_10	354
Q9H4Z3_PF12237_446_621_fpocket_8	774
Q9H501_PF08159_759_787_fpocket_1	28
Q9H501_PF08159_759_787_fpocket_2	844
Q9H501_PF25121_347_484_fpocket_1	1042
Q9H503_PF02961_3_89_fpocket_1	1105
Q9H503_PF02961_3_89_fpocket_5	1852
Q9H553_PF00534_218_392_fpocket_2	116
Q9H553_PF00534_218_392_fpocket_6	1145
Q9H553_PF13439_26_189_fpocket_10	1382
Q9H583_PF08146_1860_2011_fpocket_1	50
Q9H583_PF08146_1860_2011_fpocket_12	710
Q9H583_PF12397_238_354_fpocket_2	1414
Q9H583_PF12397_238_354_fpocket_8	1385
Q9H596_PF00782_29_157_fpocket_8	992
Q9H5I1_PF05033_148_242_fpocket_1	1167
Q9H5I1_PF05033_148_242_fpocket_4	611
Q9H5I5_PF12166_2462_2749_fpocket_21	16
Q9H5I5_PF15917_1267_1599_fpocket_1	907
Q9H5I5_PF15917_1267_1599_fpocket_5	445
Q9H5I5_PF23188_1920_2040_fpocket_8	527
Q9H5I5_PF24871_26_371_fpocket_11	219
Q9H5I5_PF24871_454_632_fpocket_2	1032
Q9H5I5_PF24871_454_632_fpocket_7	1706
Q9H5I5_PF24871_643_814_fpocket_3	607
Q9H5I5_PF24871_643_814_fpocket_7	1052
Q9H5I5_PF24874_2187_2424_fpocket_1	617
Q9H5I5_PF24874_2187_2424_fpocket_6	881
Q9H5J0_PF00651_64_171_fpocket_1	1046
Q9H5J4_PF01151_25_261_fpocket_4	1537
Q9H5K3_PF07714_83_195_fpocket_1	1352
Q9H5K3_PF07714_83_195_fpocket_4	1071
Q9H5L6_PF12017_174_245_fpocket_3	651
Q9H5L6_PF21787_252_387_fpocket_1	980
Q9H5L6_PF21787_252_387_fpocket_2	14
Q9H5L6_PF21788_416_534_fpocket_10	1553
Q9H5L6_PF21789_605_638_fpocket_1	894
Q9H5L6_PF21789_605_638_fpocket_2	810
Q9H5Q4_PF00398_95_377_fpocket_18	497
Q9H5U6_PF06839_38_82_fpocket_3	511
Q9H5V8_PF23665_542_654_fpocket_1	1783
Q9H5V8_PF23665_542_654_fpocket_2	445
Q9H5V8_PF23667_30_99_fpocket_1	899
Q9H5V8_PF23668_109_213_fpocket_4	331
Q9H5V8_PF23668_109_213_fpocket_8	142
Q9H5V8_PF25142_345_432_fpocket_1	954
Q9H5V9_PF25809_22_122_fpocket_3	511
Q9H5X1_PF01883_39_103_fpocket_1	86
Q9H5X1_PF01883_39_103_fpocket_2	826
Q9H5Z1_PF00271_262_397_fpocket_2	28
Q9H5Z1_PF04408_459_488_fpocket_2	1437
Q9H5Z1_PF21010_490_548_fpocket_2	54
Q9H607_PF07303_153_254_fpocket_3	494
Q9H607_PF07303_153_254_fpocket_6	313
Q9H611_PF05970_206_404_fpocket_3	234
Q9H611_PF21530_458_504_fpocket_3	958
Q9H633_PF04032_13_96_fpocket_1	476
Q9H633_PF04032_13_96_fpocket_2	1476
Q9H649_PF01189_125_332_fpocket_5	1577
Q9H668_PF01336_58_153_fpocket_8	1096
Q9H668_PF09170_203_368_fpocket_2	156
Q9H694_PF22985_355_422_fpocket_1	374
Q9H694_PF22985_355_422_fpocket_3	46
Q9H694_PF24234_49_124_fpocket_1	443
Q9H6A0_PF03456_73_140_fpocket_1	828
Q9H6A0_PF03456_73_140_fpocket_3	1307
Q9H6A9_PF05041_1571_1795_fpocket_7	1195
Q9H6B1_PF12874_204_228_fpocket_1	331
Q9H6B9_PF00561_98_339_fpocket_5	1592
Q9H6D3_PF09815_15_343_fpocket_1	1705
Q9H6D7_PF14735_130_360_fpocket_2	29
Q9H6D7_PF14735_130_360_fpocket_4	814
Q9H6E4_PF15002_28_223_fpocket_12	1833
Q9H6E5_PF03828_491_549_fpocket_1	777
Q9H6E5_PF22600_162_225_fpocket_1	325
Q9H6E5_PF22600_162_225_fpocket_4	842
Q9H6E5_PF22600_332_398_fpocket_2	1331
Q9H6E5_PF22600_332_398_fpocket_3	913
Q9H6F2_PF05197_41_230_fpocket_1	166
Q9H6F2_PF05197_41_230_fpocket_2	668
Q9H6K1_PF16158_82_179_fpocket_2	1281
Q9H6K4_PF07047_9_128_fpocket_8	1860
Q9H6L2_PF10149_1_300_fpocket_12	7
Q9H6L2_PF10149_1_300_fpocket_2	248
Q9H6P5_PF01112_44_325_fpocket_11	1190
Q9H6P5_PF01112_44_325_fpocket_7	83
Q9H6Q4_PF02256_416_464_fpocket_1	145
Q9H6Q4_PF02256_416_464_fpocket_2	1479
Q9H6Q4_PF02906_112_403_fpocket_1	1238
Q9H6R0_PF04408_471_502_fpocket_1	877
Q9H6R3_PF00501_123_507_fpocket_9	159
Q9H6R3_PF16177_62_116_fpocket_3	422
Q9H6R4_PF03813_178_318_fpocket_1	1583
Q9H6R4_PF03813_178_318_fpocket_5	1534
Q9H6R4_PF17403_324_462_fpocket_6	1543
Q9H6R4_PF17403_324_462_fpocket_7	1417
Q9H6R4_PF17404_468_627_fpocket_1	149
Q9H6R4_PF17404_468_627_fpocket_8	312
Q9H6R4_PF17405_642_846_fpocket_5	266
Q9H6R4_PF17406_848_1003_fpocket_13	217
Q9H6R4_PF17406_848_1003_fpocket_2	1647
Q9H6R4_PF17407_1005_1137_fpocket_2	1421
Q9H6R4_PF17407_1005_1137_fpocket_5	241
Q9H6S0_PF01424_49_104_fpocket_2	133
Q9H6S0_PF26026_1106_1162_fpocket_1	38
Q9H6S3_PF22975_255_407_fpocket_10	1471
Q9H6S3_PF22975_255_407_fpocket_6	64
Q9H6T3_PF13877_546_636_fpocket_5	1212
Q9H6U8_PF03901_61_482_fpocket_26	504
Q9H6V9_PF10230_44_303_fpocket_3	874
Q9H6W3_PF21233_510_638_fpocket_1	652
Q9H6W3_PF21233_510_638_fpocket_6	40
Q9H6X2_PF05586_396_488_fpocket_2	642
Q9H6X2_PF05587_218_319_fpocket_1	475
Q9H6X2_PF05587_218_319_fpocket_3	168
Q9H6X5_PF15391_466_641_fpocket_7	732
Q9H6Y7_PF02225_55_145_fpocket_1	1223
Q9H6Z4_PF00638_390_497_fpocket_2	956
Q9H6Z4_PF00638_390_497_fpocket_8	543
Q9H6Z9_PF13640_121_212_fpocket_1	254
Q9H6Z9_PF13640_121_212_fpocket_2	985
Q9H714_PF13901_450_648_fpocket_2	1639
Q9H714_PF13901_450_648_fpocket_4	393
Q9H720_PF23021_192_370_fpocket_1	649
Q9H720_PF23022_17_156_fpocket_2	700
Q9H720_PF23022_17_156_fpocket_3	48
Q9H720_PF23226_426_657_fpocket_2	1
Q9H720_PF23226_426_657_fpocket_5	19
Q9H741_PF10218_72_195_fpocket_4	1164
Q9H772_PF03045_52_159_fpocket_2	898
Q9H773_PF12643_63_144_fpocket_1	34
Q9H773_PF12643_63_144_fpocket_2	357
Q9H777_PF23023_3_105_fpocket_4	1333
Q9H790_PF09810_285_355_fpocket_3	1598
Q9H790_PF09810_71_191_fpocket_3	492
Q9H799_PF15392_2839_3189_fpocket_10	800
Q9H7B2_PF04427_40_227_fpocket_14	123
Q9H7C9_PF04430_6_119_fpocket_1	59
Q9H7D0_PF14429_439_635_fpocket_2	1846
Q9H7D0_PF16172_75_434_fpocket_29	1099
Q9H7D7_PF17814_123_153_fpocket_1	1172
Q9H7E2_PF00567_554_611_fpocket_2	1451
Q9H7E2_PF08585_1_72_fpocket_1	163
Q9H7E2_PF22562_195_232_fpocket_2	70
Q9H7E9_PF15393_109_228_fpocket_1	1850
Q9H7E9_PF15393_109_228_fpocket_3	20
Q9H7F0_PF00122_272_396_fpocket_10	1221
Q9H7F0_PF12409_13_150_fpocket_1	1414
Q9H7F4_PF10269_30_253_fpocket_5	388
Q9H7F4_PF10269_30_253_fpocket_8	1511
Q9H7H0_PF09243_155_438_fpocket_8	16
Q9H7L9_PF08598_62_185_fpocket_2	703
Q9H7L9_PF08598_62_185_fpocket_7	170
Q9H7N4_PF23030_1204_1283_fpocket_10	1097
Q9H7P9_PF00621_106_281_fpocket_4	44
Q9H7T0_PF15149_829_1086_fpocket_2	1036
Q9H7T0_PF15149_829_1086_fpocket_5	842
Q9H7T0_PF22830_539_716_fpocket_1	19
Q9H7T0_PF22830_539_716_fpocket_10	797
Q9H7T9_PF15334_26_350_fpocket_13	583
Q9H7X2_PF15828_64_135_fpocket_6	1279
Q9H7X7_PF08477_5_122_fpocket_1	871
Q9H7X7_PF08477_5_122_fpocket_4	1770
Q9H7Z3_PF08424_310_647_fpocket_12	609
Q9H7Z3_PF08424_310_647_fpocket_18	941
Q9H7Z6_PF11717_55_110_fpocket_1	129
Q9H7Z6_PF17772_176_230_fpocket_1	337
Q9H813_PF15122_55_349_fpocket_15	66
Q9H814_PF10258_230_313_fpocket_1	758
Q9H814_PF10258_230_313_fpocket_3	1712
Q9H816_PF07522_219_299_fpocket_2	1683
Q9H816_PF07522_219_299_fpocket_3	315
Q9H819_PF09320_250_348_fpocket_5	1095
Q9H819_PF09320_250_348_fpocket_7	157
Q9H832_PF00179_103_226_fpocket_3	87
Q9H840_PF11095_54_129_fpocket_1	1389
Q9H840_PF11095_54_129_fpocket_3	61
Q9H845_PF00441_290_437_fpocket_11	54
Q9H845_PF00441_290_437_fpocket_2	703
Q9H845_PF02771_68_173_fpocket_6	1857
Q9H845_PF21343_492_610_fpocket_3	1835
Q9H853_PF00091_21_152_fpocket_1	995
Q9H857_PF05761_56_496_fpocket_4	1018
Q9H867_PF10294_23_193_fpocket_10	218
Q9H871_PF13445_336_375_fpocket_1	514
Q9H875_PF06658_42_174_fpocket_2	1318
Q9H875_PF06658_42_174_fpocket_3	280
Q9H8G2_PF15335_133_195_fpocket_7	973
Q9H8H2_PF13959_709_754_fpocket_3	1364
Q9H8H2_PF13959_709_754_fpocket_4	373
Q9H8K7_PF14958_59_198_fpocket_1	835
Q9H8M1_PF03364_85_213_fpocket_11	624
Q9H8M5_PF00571_519_577_fpocket_3	711
Q9H8M5_PF01595_261_421_fpocket_4	143
Q9H8M5_PF25562_609_820_fpocket_4	717
Q9H8P0_PF02544_199_318_fpocket_1	1271
Q9H8T0_PF00179_81_214_fpocket_5	1162
Q9H8V3_PF12738_179_242_fpocket_2	169
Q9H8W4_PF00169_39_130_fpocket_2	221
Q9H8X2_PF06090_13_456_fpocket_1	239
Q9H8X2_PF06090_13_456_fpocket_17	1579
Q9H8Y5_PF18826_208_350_fpocket_10	1853
Q9H8Y8_PF04495_14_98_fpocket_1	920
Q9H8Y8_PF04495_69_204_fpocket_9	1279
Q9H900_PF09817_31_572_fpocket_20	445
Q9H903_PF00763_54_169_fpocket_3	180
Q9H903_PF02882_188_344_fpocket_1	503
Q9H903_PF02882_188_344_fpocket_2	1622
Q9H930_PF00439_506_548_fpocket_3	188
Q9H930_PF01342_297_373_fpocket_1	229
Q9H930_PF03172_50_146_fpocket_1	406
Q9H930_PF03172_50_146_fpocket_6	703
Q9H939_PF00611_20_93_fpocket_1	229
Q9H944_PF08612_1_198_fpocket_10	1816
Q9H944_PF08612_1_198_fpocket_6	317
Q9H972_PF15394_2_538_fpocket_1	552
Q9H972_PF15394_2_538_fpocket_23	210
Q9H974_PF01702_13_413_fpocket_24	1145
Q9H981_PF00022_48_325_fpocket_23	640
Q9H993_PF01937_20_419_fpocket_1	101
Q9H993_PF01937_20_419_fpocket_33	868
Q9H9A7_PF08585_69_204_fpocket_3	39
Q9H9A7_PF08585_69_204_fpocket_6	1539
Q9H9A7_PF16099_488_623_fpocket_3	136
Q9H9A7_PF16099_488_623_fpocket_8	497
Q9H9A7_PF21000_15_63_fpocket_2	365
Q9H9A7_PF21000_15_63_fpocket_3	708
Q9H9B1_PF05033_1016_1118_fpocket_1	577
Q9H9B1_PF05033_1016_1118_fpocket_8	1120
Q9H9B1_PF21533_540_632_fpocket_4	399
Q9H9B1_PF21533_540_632_fpocket_9	981
Q9H9F9_PF00022_32_229_fpocket_4	295
Q9H9F9_PF00022_428_569_fpocket_2	618
Q9H9G7_PF02170_249_365_fpocket_3	3
Q9H9G7_PF02171_518_818_fpocket_23	229
Q9H9G7_PF08699_177_227_fpocket_1	799
Q9H9G7_PF08699_177_227_fpocket_2	704
Q9H9G7_PF16486_28_167_fpocket_14	1202
Q9H9G7_PF16487_430_511_fpocket_1	233
Q9H9G7_PF16487_430_511_fpocket_2	205
Q9H9G7_PF16488_375_421_fpocket_1	980
Q9H9H4_PF07200_12_155_fpocket_2	860
Q9H9H4_PF07200_12_155_fpocket_8	332
Q9H9J2_PF22892_232_327_fpocket_1	484
Q9H9J2_PF22892_232_327_fpocket_5	1646
Q9H9J2_PF22935_67_202_fpocket_5	23
Q9H9L3_PF00929_180_335_fpocket_5	1857
Q9H9L3_PF00929_180_335_fpocket_6	1263
Q9H9L4_PF13891_28_91_fpocket_1	159
Q9H9L4_PF13891_28_91_fpocket_2	130
Q9H9L4_PF13891_308_364_fpocket_1	657
Q9H9L4_PF13891_308_364_fpocket_2	1697
Q9H9P5_PF18384_25_64_fpocket_3	1484
Q9H9P5_PF23261_238_279_fpocket_1	540
Q9H9P5_PF23261_238_279_fpocket_2	1241
Q9H9P5_PF25427_112_151_fpocket_2	1218
Q9H9P8_PF01266_50_455_fpocket_18	1274
Q9H9Q2_PF18392_166_215_fpocket_4	861
Q9H9Q4_PF09302_12_124_fpocket_10	587
Q9H9Q4_PF09302_12_124_fpocket_5	785
Q9H9S3_PF00344_75_458_fpocket_23	1083
Q9H9S5_PF04991_335_371_fpocket_1	1478
Q9H9S5_PF22921_37_279_fpocket_1	1639
Q9H9S5_PF22921_37_279_fpocket_19	1670
Q9H9T3_PF16199_312_392_fpocket_1	211
Q9H9T3_PF16199_312_392_fpocket_3	968
Q9H9T3_PF23613_15_84_fpocket_1	607
Q9H9T3_PF23613_15_84_fpocket_3	1691
Q9H9V9_PF02373_177_284_fpocket_1	1403
Q9H9Y2_PF04427_153_317_fpocket_13	1256
Q9H9Y2_PF04427_153_317_fpocket_20	36
Q9H9Y6_PF00562_670_1030_fpocket_17	284
Q9H9Y6_PF04560_1033_1133_fpocket_7	766
Q9H9Y6_PF04561_187_374_fpocket_10	518
Q9H9Y6_PF04561_187_374_fpocket_9	746
Q9H9Y6_PF04563_37_415_fpocket_10	1663
Q9H9Y6_PF04565_455_520_fpocket_3	263
Q9H9Y6_PF06883_563_621_fpocket_1	11
Q9H9Z2_PF21890_158_188_fpocket_1	233
Q9HA47_PF00485_25_218_fpocket_4	1050
Q9HA64_PF03881_13_308_fpocket_13	1587
Q9HA77_PF01406_69_364_fpocket_17	965
Q9HA82_PF00046_82_126_fpocket_4	550
Q9HA92_PF06969_349_414_fpocket_1	802
Q9HA92_PF06969_349_414_fpocket_3	1295
Q9HAB3_PF06237_10_435_fpocket_27	1297
Q9HAB3_PF06237_10_435_fpocket_7	1474
Q9HAB8_PF04127_171_268_fpocket_4	1623
Q9HAB8_PF04127_171_268_fpocket_5	1625
Q9HAB8_PF04127_36_82_fpocket_1	687
Q9HAC7_PF02515_41_408_fpocket_2	380
Q9HAC7_PF02515_41_408_fpocket_25	93
Q9HAJ7_PF13866_26_95_fpocket_1	1507
Q9HAK2_PF16422_17_246_fpocket_4	1695
Q9HAK2_PF16423_338_381_fpocket_2	982
Q9HAN9_PF01467_12_228_fpocket_12	891
Q9HAQ2_PF23735_577_714_fpocket_4	1395
Q9HAQ2_PF23735_577_714_fpocket_7	592
Q9HAR2_PF00002_863_1097_fpocket_15	387
Q9HAR2_PF02140_43_123_fpocket_1	1798
Q9HAR2_PF02140_43_123_fpocket_2	34
Q9HAS0_PF15053_38_390_fpocket_12	737
Q9HAS3_PF01773_206_277_fpocket_5	191
Q9HAS3_PF07662_388_610_fpocket_18	991
Q9HAS3_PF07662_388_610_fpocket_3	1685
Q9HAT2_PF03629_119_306_fpocket_1	151
Q9HAT8_PF04710_12_272_fpocket_3	407
Q9HAT8_PF04710_12_272_fpocket_6	488
Q9HAT8_PF20723_277_420_fpocket_1	726
Q9HAU0_PF25541_629_772_fpocket_10	843
Q9HAU0_PF25541_629_772_fpocket_4	287
Q9HAU4_PF00632_444_747_fpocket_4	139
Q9HAU6_PF00838_1_125_fpocket_6	180
Q9HAU8_PF01433_301_488_fpocket_4	1475
Q9HAV7_PF01025_49_215_fpocket_2	1795
Q9HAW0_PF21886_168_305_fpocket_6	1097
Q9HAW0_PF21886_168_305_fpocket_9	151
Q9HAW7_PF00201_26_521_fpocket_36	1221
Q9HB07_PF03690_47_366_fpocket_1	741
Q9HB07_PF03690_47_366_fpocket_11	1857
Q9HB15_PF07885_111_168_fpocket_2	1072
Q9HB15_PF07885_224_302_fpocket_1	68
Q9HB63_PF00053_262_318_fpocket_1	1730
Q9HB63_PF24973_332_381_fpocket_2	731
Q9HB71_PF04969_77_156_fpocket_1	1290
Q9HB75_PF10461_421_453_fpocket_1	108
Q9HB75_PF10461_421_453_fpocket_3	251
Q9HBA9_PF04253_319_438_fpocket_2	1519
Q9HBA9_PF04253_319_438_fpocket_5	1407
Q9HBA9_PF04389_49_173_fpocket_5	259
Q9HBD1_PF00642_411_437_fpocket_2	613
Q9HBD1_PF18386_268_323_fpocket_1	424
Q9HBD1_PF18386_268_323_fpocket_3	627
Q9HBD1_PF21206_179_265_fpocket_1	245
Q9HBD1_PF21206_179_265_fpocket_2	1165
Q9HBE4_PF02372_39_148_fpocket_6	823
Q9HBF4_PF01363_711_773_fpocket_1	1825
Q9HBG4_PF01496_28_830_fpocket_36	1127
Q9HBG6_PF25143_1202_1239_fpocket_2	257
Q9HBG6_PF25144_1050_1094_fpocket_1	1174
Q9HBH1_PF01327_66_231_fpocket_1	444
Q9HBH1_PF01327_66_231_fpocket_7	1161
Q9HBI1_PF00307_256_361_fpocket_1	194
Q9HBI1_PF00307_256_361_fpocket_5	238
Q9HBI5_PF15134_1_109_fpocket_2	316
Q9HBJ0_PF23344_30_116_fpocket_2	244
Q9HBJ0_PF23344_30_116_fpocket_3	457
Q9HBJ7_PF16674_1_105_fpocket_1	1702
Q9HBJ8_PF16959_24_171_fpocket_8	1280
Q9HBJ8_PF16959_24_171_fpocket_9	1097
Q9HBK9_PF13847_70_218_fpocket_1	929
Q9HBL0_PF00017_1567_1661_fpocket_5	528
Q9HBL0_PF08416_1702_1836_fpocket_1	589
Q9HBL7_PF10166_1_134_fpocket_1	635
Q9HBL7_PF10166_1_134_fpocket_6	18
Q9HBL8_PF05368_4_288_fpocket_15	993
Q9HBL8_PF05368_4_288_fpocket_8	1746
Q9HBM1_PF08234_150_218_fpocket_1	194
Q9HBM1_PF08234_150_218_fpocket_2	876
Q9HBM6_PF02291_10_130_fpocket_2	1570
Q9HBM6_PF02291_10_130_fpocket_3	629
Q9HBR0_PF01490_6_382_fpocket_28	1249
Q9HBT7_PF02023_46_133_fpocket_1	1329
Q9HBT7_PF02023_46_133_fpocket_8	222
Q9HBU6_PF01633_142_439_fpocket_14	732
Q9HBU9_PF04831_26_251_fpocket_4	1397
Q9HBU9_PF04831_26_251_fpocket_6	1052
Q9HBV1_PF04831_26_248_fpocket_15	1686
Q9HBV1_PF04831_26_248_fpocket_8	877
Q9HBW9_PF07645_58_94_fpocket_1	228
Q9HBX9_PF00001_422_681_fpocket_5	50
Q9HBY0_PF08022_293_391_fpocket_4	1146
Q9HBY8_PF00069_36_292_fpocket_4	417
Q9HBZ2_PF00989_140_243_fpocket_1	1146
Q9HBZ2_PF00989_140_243_fpocket_7	1308
Q9HC07_PF01169_238_312_fpocket_1	730
Q9HC07_PF01169_99_171_fpocket_11	1195
Q9HC10_PF00168_961_1051_fpocket_4	906
Q9HC10_PF22901_1585_1672_fpocket_6	832
Q9HC29_PF17776_603_756_fpocket_12	727
Q9HC29_PF17779_546_588_fpocket_1	1674
Q9HC29_PF17779_546_588_fpocket_2	23
Q9HC36_PF22435_112_187_fpocket_2	891
Q9HC36_PF22435_112_187_fpocket_3	56
Q9HC38_PF21207_103_144_fpocket_1	229
Q9HC38_PF21701_214_279_fpocket_2	1789
Q9HC44_PF15337_379_471_fpocket_6	679
Q9HC57_PF00095_64_106_fpocket_2	1821
Q9HC62_PF02902_410_580_fpocket_1	1103
Q9HC73_PF21605_119_212_fpocket_5	271
Q9HC73_PF22012_32_110_fpocket_1	936
Q9HC73_PF22012_32_110_fpocket_3	1762
Q9HC84_PF01826_329_385_fpocket_2	658
Q9HC84_PF08742_5291_5351_fpocket_2	1803
Q9HC84_PF13330_1340_1426_fpocket_3	657
Q9HC84_PF13330_2320_2408_fpocket_3	1578
Q9HC84_PF25962_1164_1220_fpocket_1	519
Q9HC84_PF25962_1164_1220_fpocket_2	586
Q9HCB6_PF00090_618_665_fpocket_2	1386
Q9HCB6_PF02014_57_171_fpocket_7	1575
Q9HCB6_PF06468_205_398_fpocket_2	1382
Q9HCB6_PF19028_669_720_fpocket_1	230
Q9HCC0_PF01039_76_554_fpocket_30	320
Q9HCC0_PF01039_76_554_fpocket_7	341
Q9HCC6_PF07527_109_148_fpocket_1	93
Q9HCC8_PF03009_229_356_fpocket_2	1713
Q9HCC8_PF03009_229_356_fpocket_4	211
Q9HCD6_PF25520_598_692_fpocket_2	18
Q9HCD6_PF25520_598_692_fpocket_3	1733
Q9HCD6_PF25521_694_846_fpocket_2	1404
Q9HCD6_PF25521_694_846_fpocket_7	1404
Q9HCE1_PF13086_499_569_fpocket_2	550
Q9HCE1_PF21632_11_76_fpocket_3	898
Q9HCE1_PF21632_11_76_fpocket_5	427
Q9HCE1_PF21633_114_241_fpocket_5	614
Q9HCE1_PF21634_358_447_fpocket_4	102
Q9HCE1_PF21635_291_357_fpocket_3	204
Q9HCE3_PF13912_1265_1286_fpocket_1	1458
Q9HCE3_PF25412_638_682_fpocket_1	683
Q9HCE3_PF25412_638_682_fpocket_3	15
Q9HCE5_PF05063_186_362_fpocket_1	1058
Q9HCE5_PF05063_186_362_fpocket_2	631
Q9HCE6_PF19057_526_681_fpocket_14	49
Q9HCE9_PF04547_237_581_fpocket_2	331
Q9HCE9_PF04547_708_877_fpocket_10	1683
Q9HCE9_PF04547_708_877_fpocket_5	403
Q9HCF6_PF18139_153_443_fpocket_5	666
Q9HCG7_PF12215_151_455_fpocket_1	644
Q9HCG7_PF12215_151_455_fpocket_14	564
Q9HCH5_PF00168_793_897_fpocket_2	219
Q9HCH5_PF02318_6_51_fpocket_2	263
Q9HCH5_PF02318_6_51_fpocket_3	451
Q9HCI5_PF01454_500_665_fpocket_7	1052
Q9HCI7_PF16682_456_500_fpocket_2	385
Q9HCI7_PF16685_42_111_fpocket_2	1349
Q9HCI7_PF16685_42_111_fpocket_5	1177
Q9HCJ1_PF07260_1_345_fpocket_22	410
Q9HCJ1_PF07260_1_345_fpocket_6	723
Q9HCJ6_PF08240_68_151_fpocket_3	159
Q9HCJ6_PF13602_236_378_fpocket_6	1157
Q9HCK5_PF02170_234_354_fpocket_1	484
Q9HCK5_PF16486_26_155_fpocket_4	377
Q9HCK5_PF16486_26_155_fpocket_6	624
Q9HCK8_PF00385_643_703_fpocket_2	740
Q9HCK8_PF23078_1776_1880_fpocket_1	299
Q9HCL2_PF01553_220_355_fpocket_2	1324
Q9HCM2_PF01437_509_558_fpocket_2	127
Q9HCM2_PF17960_564_654_fpocket_1	214
Q9HCM4_PF00373_127_235_fpocket_4	266
Q9HCM4_PF09379_47_109_fpocket_3	984
Q9HCM4_PF09380_240_330_fpocket_6	1214
Q9HCM7_PF15336_594_790_fpocket_1	18
Q9HCM9_PF13765_339_388_fpocket_3	1137
Q9HCN4_PF03029_24_262_fpocket_6	1750
Q9HCN8_PF02815_45_169_fpocket_7	1565
Q9HCN8_PF02815_45_169_fpocket_8	1565
Q9HCR9_PF00233_663_897_fpocket_11	446
Q9HCS5_PF08736_311_355_fpocket_1	563
Q9HCS5_PF09380_217_300_fpocket_1	1239
Q9HCU0_PF14670_235_271_fpocket_1	473
Q9HCU4_PF16489_2031_2149_fpocket_1	199
Q9HCU4_PF16489_2031_2149_fpocket_3	1175
Q9HCU8_PF04081_47_91_fpocket_1	27
Q9HCU9_PF08598_61_180_fpocket_1	151
Q9HCU9_PF08598_61_180_fpocket_2	744
Q9HCX4_PF08344_198_260_fpocket_4	1188
Q9HD15_PF07304_62_207_fpocket_1	630
Q9HD15_PF07304_62_207_fpocket_3	197
Q9HD20_PF23143_61_132_fpocket_4	740
Q9HD33_PF06984_64_149_fpocket_3	397
Q9HD33_PF06984_64_149_fpocket_4	1279
Q9HD36_PF00452_49_163_fpocket_8	762
Q9HD40_PF05889_61_459_fpocket_1	1597
Q9HD40_PF05889_61_459_fpocket_3	979
Q9HD43_PF00041_121_196_fpocket_1	888
Q9HD43_PF00041_33_105_fpocket_2	275
Q9HD45_PF02990_57_545_fpocket_3	1529
Q9HD67_PF18597_7_58_fpocket_1	916
Q9HD67_PF18597_7_58_fpocket_2	880
Q9HD67_PF21989_1698_1789_fpocket_1	1383
Q9HD89_PF06954_21_106_fpocket_2	1534
Q9NNZ3_PF00226_34_96_fpocket_3	1624
Q9NP58_PF00005_606_755_fpocket_15	1184
Q9NP58_PF16185_6_255_fpocket_6	541
Q9NP59_PF06963_23_531_fpocket_1	252
Q9NP59_PF06963_23_531_fpocket_43	1413
Q9NP60_PF01582_420_566_fpocket_16	1453
Q9NP60_PF13895_151_231_fpocket_3	699
Q9NP62_PF03615_30_167_fpocket_1	1466
Q9NP62_PF03615_30_167_fpocket_4	308
Q9NP64_PF00575_17_85_fpocket_2	160
Q9NP66_PF00505_103_170_fpocket_2	564
Q9NP71_PF00010_650_704_fpocket_1	1533
Q9NP73_PF02338_239_346_fpocket_2	96
Q9NP73_PF04101_4_123_fpocket_9	1781
Q9NP79_PF04652_16_158_fpocket_1	226
Q9NP79_PF04652_16_158_fpocket_13	105
Q9NP79_PF18097_266_303_fpocket_1	1055
Q9NP84_PF12191_1_129_fpocket_8	1020
Q9NP85_PF01145_126_299_fpocket_1	1405
Q9NP86_PF13499_108_172_fpocket_1	995
Q9NP86_PF13499_31_94_fpocket_5	48
Q9NP87_PF10391_238_286_fpocket_2	496
Q9NP87_PF14716_152_221_fpocket_2	918
Q9NP87_PF14716_152_221_fpocket_5	555
Q9NP87_PF14791_430_493_fpocket_1	1393
Q9NP87_PF14791_430_493_fpocket_4	591
Q9NP87_PF14792_292_362_fpocket_4	384
Q9NP91_PF00209_5_579_fpocket_15	707
Q9NP92_PF07147_1_429_fpocket_1	1082
Q9NP94_PF02535_6_306_fpocket_19	439
Q9NP95_PF00167_65_191_fpocket_1	24
Q9NPA0_PF09430_57_168_fpocket_1	84
Q9NPA0_PF09430_57_168_fpocket_4	228
Q9NPA2_PF00413_115_280_fpocket_11	1345
Q9NPA8_PF10163_13_95_fpocket_3	1279
Q9NPA8_PF10163_13_95_fpocket_6	1410
Q9NPB0_PF10260_105_175_fpocket_6	992
Q9NPB1_PF06941_38_224_fpocket_3	185
Q9NPB3_PF13499_156_219_fpocket_2	992
Q9NPB8_PF00686_5_70_fpocket_2	3
Q9NPB8_PF00686_5_70_fpocket_5	1702
Q9NPB8_PF03009_323_611_fpocket_3	258
Q9NPB8_PF25329_130_298_fpocket_12	880
Q9NPC2_PF07885_170_243_fpocket_5	381
Q9NPC4_PF04488_94_212_fpocket_12	141
Q9NPC4_PF04572_222_348_fpocket_14	1287
Q9NPC6_PF05556_1_264_fpocket_1	134
Q9NPC8_PF16878_9_119_fpocket_4	494
Q9NPD5_PF03137_29_618_fpocket_47	626
Q9NPD7_PF15056_31_115_fpocket_1	784
Q9NPD7_PF15056_31_115_fpocket_2	987
Q9NPE2_PF06413_73_291_fpocket_1	798
Q9NPE3_PF04135_3_52_fpocket_3	1553
Q9NPE3_PF04135_3_52_fpocket_5	70
Q9NPF2_PF03567_108_344_fpocket_3	115
Q9NPF4_PF00814_29_300_fpocket_19	534
Q9NPF4_PF00814_29_300_fpocket_22	267
Q9NPF5_PF05499_243_401_fpocket_6	58
Q9NPF5_PF16282_124_202_fpocket_1	1570
Q9NPF8_PF00169_258_359_fpocket_3	286
Q9NPH0_PF00328_49_379_fpocket_3	1413
Q9NPH2_PF01658_307_420_fpocket_1	630
Q9NPH2_PF01658_307_420_fpocket_2	331
Q9NPH2_PF07994_59_491_fpocket_4	1173
Q9NPH3_PF01582_405_562_fpocket_4	1673
Q9NPH3_PF18452_69_139_fpocket_1	338
Q9NPH5_PF01794_78_204_fpocket_7	830
Q9NPH5_PF08022_309_416_fpocket_2	457
Q9NPH5_PF08030_423_560_fpocket_2	595
Q9NPH5_PF08030_423_560_fpocket_4	663
Q9NPH9_PF00726_58_164_fpocket_1	1316
Q9NPH9_PF00726_58_164_fpocket_8	1511
Q9NPI0_PF14935_38_155_fpocket_1	674
Q9NPI5_PF13238_5_140_fpocket_3	346
Q9NPI6_PF06058_9_123_fpocket_4	552
Q9NPI9_PF17655_182_348_fpocket_14	382
Q9NPI9_PF17655_182_348_fpocket_16	149
Q9NPJ6_PF10018_64_199_fpocket_1	1181
Q9NPJ8_PF02136_18_136_fpocket_7	45
Q9NPP4_PF05729_164_315_fpocket_2	312
Q9NPP4_PF17889_465_579_fpocket_8	280
Q9NPP4_PF22524_385_440_fpocket_4	1034
Q9NPQ8_PF10165_67_501_fpocket_24	410
Q9NPY3_PF12662_406_430_fpocket_1	87
Q9NPZ5_PF03360_101_304_fpocket_10	1768
Q9NPZ5_PF03360_101_304_fpocket_14	1006
Q9NQ34_PF05434_55_197_fpocket_4	1783
Q9NQ35_PF09668_106_209_fpocket_1	78
Q9NQ38_PF00050_225_269_fpocket_3	640
Q9NQ38_PF00050_297_339_fpocket_1	1440
Q9NQ38_PF00050_707_751_fpocket_2	1205
Q9NQ39_PF03501_3_94_fpocket_2	790
Q9NQ39_PF03501_3_94_fpocket_4	1281
Q9NQ40_PF06237_1_459_fpocket_3	1685
Q9NQ48_PF15294_20_293_fpocket_1	103
Q9NQ48_PF15294_20_293_fpocket_14	1750
Q9NQ50_PF09812_45_199_fpocket_1	1633
Q9NQ50_PF09812_45_199_fpocket_6	611
Q9NQ60_PF15339_53_250_fpocket_1	1078
Q9NQ66_PF00388_318_468_fpocket_2	1414
Q9NQ66_PF08703_901_1172_fpocket_36	365
Q9NQ66_PF08703_901_1172_fpocket_5	907
Q9NQ66_PF17787_18_145_fpocket_1	1279
Q9NQ66_PF17787_18_145_fpocket_5	827
Q9NQ66_PF22631_152_220_fpocket_6	404
Q9NQ69_PF00412_71_128_fpocket_1	945
Q9NQ75_PF08824_435_591_fpocket_3	791
Q9NQ75_PF12026_610_785_fpocket_1	813
Q9NQ75_PF12026_610_785_fpocket_7	908
Q9NQ75_PF14604_18_68_fpocket_1	1365
Q9NQ84_PF00003_44_299_fpocket_8	1102
Q9NQ86_PF18568_359_407_fpocket_1	276
Q9NQ87_PF00010_44_99_fpocket_4	390
Q9NQ88_PF00300_6_140_fpocket_1	238
Q9NQ94_PF14709_447_522_fpocket_1	75
Q9NQ94_PF14709_447_522_fpocket_2	243
Q9NQC1_PF13832_253_364_fpocket_1	1138
Q9NQC3_PF02453_1005_1167_fpocket_13	1725
Q9NQC7_PF00443_593_889_fpocket_13	369
Q9NQC8_PF12317_63_273_fpocket_18	756
Q9NQE7_PF05577_64_494_fpocket_20	1054
Q9NQE9_PF11969_48_157_fpocket_2	263
Q9NQE9_PF11969_48_157_fpocket_8	426
Q9NQF3_PF00561_33_163_fpocket_9	286
Q9NQG1_PF06783_2_85_fpocket_2	395
Q9NQG5_PF16566_178_324_fpocket_1	343
Q9NQG5_PF16566_178_324_fpocket_4	1711
Q9NQG6_PF20266_359_446_fpocket_5	151
Q9NQG6_PF21297_153_345_fpocket_5	407
Q9NQG7_PF19033_599_698_fpocket_2	1737
Q9NQH7_PF05195_72_200_fpocket_5	1803
Q9NQL2_PF04670_64_290_fpocket_1	1077
Q9NQL2_PF04670_64_290_fpocket_9	2
Q9NQL9_PF00751_25_71_fpocket_3	1629
Q9NQQ7_PF03151_19_312_fpocket_3	341
Q9NQR4_PF00795_5_256_fpocket_5	957
Q9NQR7_PF15558_334_705_fpocket_17	98
Q9NQR9_PF01569_56_190_fpocket_2	608
Q9NQS3_PF08205_175_256_fpocket_2	1262
Q9NQS7_PF03941_825_881_fpocket_2	305
Q9NQS7_PF12178_6_41_fpocket_1	213
Q9NQT4_PF01138_28_147_fpocket_5	845
Q9NQT4_PF03725_151_215_fpocket_2	111
Q9NQT5_PF15985_197_244_fpocket_2	1831
Q9NQT5_PF21261_26_105_fpocket_5	1848
Q9NQT5_PF21262_109_191_fpocket_4	183
Q9NQT6_PF06268_26_127_fpocket_1	1273
Q9NQT6_PF06268_26_127_fpocket_4	904
Q9NQT8_PF00225_11_353_fpocket_1	218
Q9NQT8_PF12473_1216_1279_fpocket_3	163
Q9NQV7_PF21549_248_367_fpocket_6	809
Q9NQV8_PF21549_29_137_fpocket_1	555
Q9NQW5_PF21549_248_367_fpocket_2	1569
Q9NQW6_PF08174_800_953_fpocket_1	898
Q9NQW7_PF00557_328_542_fpocket_10	209
Q9NQW7_PF01321_12_148_fpocket_1	116
Q9NQW7_PF16189_157_326_fpocket_3	668
Q9NQW7_PF16189_157_326_fpocket_7	624
Q9NQX3_PF00994_502_645_fpocket_1	918
Q9NQX3_PF03453_325_489_fpocket_3	525
Q9NQX3_PF03453_325_489_fpocket_4	1327
Q9NQX3_PF03454_658_732_fpocket_1	937
Q9NQX3_PF03454_658_732_fpocket_4	273
Q9NQX7_PF04089_138_229_fpocket_4	61
Q9NQY0_PF03114_16_224_fpocket_15	582
Q9NQZ2_PF04000_231_310_fpocket_3	517
Q9NQZ2_PF04000_231_310_fpocket_7	883
Q9NQZ2_PF09368_406_478_fpocket_3	229
Q9NQZ2_PF09368_406_478_fpocket_4	608
Q9NQZ3_PF00076_207_263_fpocket_1	676
Q9NQZ6_PF10146_14_221_fpocket_1	1833
Q9NR09_PF12356_3463_3618_fpocket_1	753
Q9NR22_PF06325_109_184_fpocket_2	1153
Q9NR22_PF06325_109_184_fpocket_3	573
Q9NR28_PF09057_10_239_fpocket_10	596
Q9NR30_PF08152_620_715_fpocket_2	534
Q9NR30_PF26142_568_618_fpocket_1	769
Q9NR33_PF00808_40_103_fpocket_1	1330
Q9NR45_PF03102_39_277_fpocket_1	696
Q9NR45_PF03102_39_277_fpocket_9	1172
Q9NR45_PF08666_293_347_fpocket_1	1600
Q9NR48_PF00439_2461_2535_fpocket_2	280
Q9NR48_PF01426_2663_2797_fpocket_4	327
Q9NR50_PF00483_5_131_fpocket_4	1620
Q9NR56_PF00642_183_205_fpocket_3	996
Q9NR56_PF22628_216_253_fpocket_2	869
Q9NR56_PF22628_48_86_fpocket_1	758
Q9NR61_PF01414_175_220_fpocket_3	136
Q9NR61_PF07657_27_173_fpocket_1	1094
Q9NR61_PF07657_27_173_fpocket_2	1245
Q9NR61_PF12661_411_432_fpocket_1	1544
Q9NR61_PF21700_260_285_fpocket_1	965
Q9NR64_PF07707_314_413_fpocket_3	331
Q9NR71_PF04734_102_608_fpocket_29	420
Q9NR71_PF17048_610_777_fpocket_2	1034
Q9NR77_PF04117_131_191_fpocket_4	1699
Q9NR80_PF22697_496_603_fpocket_5	550
Q9NR96_PF01582_872_996_fpocket_8	1772
Q9NR99_PF13927_487_558_fpocket_2	1277
Q9NRA0_PF00781_182_293_fpocket_2	585
Q9NRA0_PF00781_182_293_fpocket_4	16
Q9NRA0_PF19279_546_641_fpocket_3	196
Q9NRC6_PF00435_308_416_fpocket_4	47
Q9NRC6_PF00435_3106_3209_fpocket_6	86
Q9NRC8_PF02146_140_273_fpocket_12	91
Q9NRD0_PF01369_138_311_fpocket_9	399
Q9NRD1_PF04300_79_257_fpocket_1	1146
Q9NRD5_PF06456_117_352_fpocket_22	1279
Q9NRD8_PF01794_1096_1232_fpocket_6	770
Q9NRD8_PF01794_1096_1232_fpocket_7	304
Q9NRD8_PF03098_36_560_fpocket_25	749
Q9NRD8_PF08022_1271_1369_fpocket_4	953
Q9NRD8_PF08030_1378_1531_fpocket_2	1599
Q9NRD9_PF03098_30_557_fpocket_7	1026
Q9NRD9_PF08022_1274_1372_fpocket_2	1200
Q9NRD9_PF08030_1381_1534_fpocket_8	312
Q9NRF8_PF06418_2_272_fpocket_13	624
Q9NRG0_PF00808_18_78_fpocket_1	837
Q9NRG0_PF00808_18_78_fpocket_2	1544
Q9NRG1_PF00156_47_202_fpocket_5	363
Q9NRG7_PF01370_3_208_fpocket_6	341
Q9NRG7_PF08338_245_291_fpocket_1	962
Q9NRG7_PF08338_245_291_fpocket_2	82
Q9NRH1_PF09811_45_83_fpocket_1	885
Q9NRJ4_PF01167_1432_1537_fpocket_1	1131
Q9NRJ4_PF01167_1432_1537_fpocket_7	261
Q9NRJ5_PF04926_367_434_fpocket_1	890
Q9NRJ5_PF04926_367_434_fpocket_3	1184
Q9NRJ5_PF04928_220_364_fpocket_6	446
Q9NRK6_PF00664_174_438_fpocket_25	235
Q9NRL2_PF02791_424_483_fpocket_8	25
Q9NRL2_PF10537_23_122_fpocket_2	272
Q9NRL2_PF15613_802_926_fpocket_12	961
Q9NRL3_PF08232_64_192_fpocket_3	717
Q9NRM2_PF12756_175_264_fpocket_1	926
Q9NRM2_PF12756_175_264_fpocket_6	545
Q9NRM2_PF12756_304_403_fpocket_1	884
Q9NRM2_PF12756_60_117_fpocket_2	222
Q9NRM6_PF16556_33_175_fpocket_2	1033
Q9NRM6_PF16556_33_175_fpocket_8	1523
Q9NRM6_PF16578_176_268_fpocket_1	1002
Q9NRM6_PF16578_176_268_fpocket_3	1442
Q9NRM7_PF00069_864_973_fpocket_7	1246
Q9NRN7_PF01648_125_241_fpocket_1	370
Q9NRN7_PF01648_125_241_fpocket_5	637
Q9NRN7_PF22624_25_122_fpocket_1	597
Q9NRN7_PF22624_25_122_fpocket_8	131
Q9NRN9_PF05175_51_145_fpocket_1	1257
Q9NRP0_PF04756_18_146_fpocket_6	365
Q9NRP0_PF04756_18_146_fpocket_8	1500
Q9NRP2_PF08583_1_70_fpocket_1	704
Q9NRP2_PF08583_1_70_fpocket_2	1060
Q9NRP4_PF13233_9_98_fpocket_1	374
Q9NRP4_PF13233_9_98_fpocket_2	24
Q9NRR1_PF15153_9_133_fpocket_3	1300
Q9NRR1_PF15153_9_133_fpocket_7	1362
Q9NRR4_PF00636_1144_1232_fpocket_1	16
Q9NRR4_PF14622_963_1070_fpocket_1	263
Q9NRR4_PF14622_963_1070_fpocket_13	275
Q9NRR4_PF26050_719_850_fpocket_1	147
Q9NRR4_PF26050_719_850_fpocket_6	203
Q9NRS4_PF15494_109_199_fpocket_8	1318
Q9NRS6_PF04212_269_332_fpocket_2	1130
Q9NRU3_PF01595_228_403_fpocket_10	1289
Q9NRV9_PF04832_13_186_fpocket_4	81
Q9NRW3_PF18782_10_187_fpocket_1	1101
Q9NRW4_PF00782_12_140_fpocket_1	117
Q9NRW4_PF00782_12_140_fpocket_4	207
Q9NRX1_PF22891_162_245_fpocket_1	1354
Q9NRX1_PF22891_162_245_fpocket_6	1123
Q9NRX2_PF01196_28_125_fpocket_5	591
Q9NRX2_PF01196_28_125_fpocket_6	867
Q9NRX3_PF06522_15_68_fpocket_1	728
Q9NRX4_PF05005_8_117_fpocket_7	79
Q9NRX5_PF03348_16_450_fpocket_21	1004
Q9NRY4_PF00071_159_247_fpocket_1	1637
Q9NRY4_PF16512_261_340_fpocket_1	661
Q9NRY4_PF23083_431_485_fpocket_1	1294
Q9NRY4_PF23083_431_485_fpocket_3	1580
Q9NRZ5_PF01553_87_218_fpocket_10	119
Q9NRZ5_PF16076_243_314_fpocket_1	799
Q9NRZ7_PF01553_84_215_fpocket_1	119
Q9NRZ9_PF00176_226_576_fpocket_32	559
Q9NS00_PF02434_91_254_fpocket_1	435
Q9NS00_PF02434_91_254_fpocket_4	608
Q9NS15_PF07645_355_394_fpocket_1	95
Q9NS15_PF12662_597_619_fpocket_1	867
Q9NS18_PF00462_69_131_fpocket_1	199
Q9NS18_PF00462_69_131_fpocket_3	76
Q9NS23_PF16517_299_338_fpocket_1	651
Q9NS56_PF26084_286_361_fpocket_1	357
Q9NS56_PF26084_286_361_fpocket_3	1084
Q9NS62_PF24310_128_234_fpocket_2	1701
Q9NS62_PF24310_128_234_fpocket_6	1560
Q9NS69_PF04281_26_117_fpocket_1	37
Q9NS71_PF04089_56_149_fpocket_1	1591
Q9NS82_PF13520_40_444_fpocket_20	662
Q9NS91_PF13923_24_63_fpocket_2	590
Q9NS93_PF13886_299_503_fpocket_15	1671
Q9NS93_PF25992_32_279_fpocket_3	659
Q9NSA3_PF06384_1_78_fpocket_1	1461
Q9NSD9_PF03483_120_265_fpocket_1	408
Q9NSD9_PF03483_120_265_fpocket_3	221
Q9NSD9_PF03484_309_374_fpocket_1	1777
Q9NSD9_PF03484_309_374_fpocket_2	688
Q9NSD9_PF17759_377_585_fpocket_1	591
Q9NSD9_PF17759_377_585_fpocket_3	341
Q9NSD9_PF18262_1_90_fpocket_2	860
Q9NSD9_PF18262_1_90_fpocket_5	810
Q9NSE2_PF00017_82_163_fpocket_2	110
Q9NSE4_PF06827_985_1008_fpocket_1	1816
Q9NSG2_PF14868_176_728_fpocket_10	818
Q9NSG2_PF14868_176_728_fpocket_20	126
Q9NSI2_PF15341_100_220_fpocket_2	196
Q9NSI2_PF15341_100_220_fpocket_6	668
Q9NSI6_PF00439_1322_1403_fpocket_5	1122
Q9NSI6_PF25313_955_1127_fpocket_18	282
Q9NSN8_PF23012_397_489_fpocket_5	1409
Q9NSP4_PF11111_1_171_fpocket_7	199
Q9NSQ0_PF12923_1_103_fpocket_6	25
Q9NSQ0_PF12923_1_103_fpocket_8	364
Q9NT68_PF15636_2690_2767_fpocket_1	262
Q9NT68_PF25020_924_1009_fpocket_2	309
Q9NT68_PF25024_579_820_fpocket_1	864
Q9NTG1_PF02010_243_711_fpocket_34	713
Q9NTG1_PF20519_1750_1954_fpocket_16	1307
Q9NTI2_PF00122_150_214_fpocket_4	1184
Q9NTJ3_PF06470_613_728_fpocket_1	1037
Q9NTJ4_PF01074_252_510_fpocket_1	179
Q9NTJ4_PF07748_689_895_fpocket_12	1491
Q9NTJ4_PF07748_689_895_fpocket_5	146
Q9NTJ4_PF09261_517_614_fpocket_1	16
Q9NTJ4_PF17677_954_1030_fpocket_1	579
Q9NTJ4_PF22907_47_179_fpocket_2	624
Q9NTJ5_PF02383_58_345_fpocket_11	634
Q9NTK5_PF06071_305_388_fpocket_1	102
Q9NTK5_PF06071_305_388_fpocket_4	66
Q9NTM9_PF03932_27_226_fpocket_1	41
Q9NTM9_PF03932_27_226_fpocket_9	57
Q9NTN3_PF03151_44_328_fpocket_2	33
Q9NTN3_PF03151_44_328_fpocket_9	1021
Q9NTX5_PF00378_60_287_fpocket_1	1383
Q9NU22_PF07728_1079_1215_fpocket_3	1338
Q9NU22_PF07728_1079_1215_fpocket_6	1309
Q9NU22_PF07728_1749_1888_fpocket_1	320
Q9NU22_PF07728_1749_1888_fpocket_5	559
Q9NU22_PF07728_2062_2106_fpocket_2	29
Q9NU22_PF07728_2219_2302_fpocket_1	149
Q9NU22_PF07728_2219_2302_fpocket_2	1826
Q9NU22_PF17865_915_1015_fpocket_1	392
Q9NU22_PF17865_915_1015_fpocket_2	738
Q9NU22_PF17867_1227_1328_fpocket_1	400
Q9NU22_PF17867_1900_2000_fpocket_1	674
Q9NU22_PF17867_1900_2000_fpocket_3	867
Q9NU22_PF21108_1571_1643_fpocket_3	1220
Q9NU23_PF05347_20_78_fpocket_6	543
Q9NU39_PF00250_107_191_fpocket_2	864
Q9NUB1_PF00501_116_508_fpocket_1	33
Q9NUD5_PF23057_164_242_fpocket_1	147
Q9NUD5_PF23058_257_328_fpocket_1	512
Q9NUD5_PF23058_257_328_fpocket_3	754
Q9NUD7_PF15397_105_362_fpocket_14	651
Q9NUD7_PF15397_105_362_fpocket_5	1085
Q9NUD9_PF04188_8_493_fpocket_2	883
Q9NUE0_PF01529_190_314_fpocket_4	1578
Q9NUG4_PF16545_403_502_fpocket_2	1219
Q9NUJ1_PF00561_78_180_fpocket_6	331
Q9NUJ3_PF05794_78_502_fpocket_13	174
Q9NUJ3_PF05794_78_502_fpocket_28	1712
Q9NUJ7_PF26146_87_222_fpocket_3	614
Q9NUJ7_PF26146_87_222_fpocket_9	159
Q9NUK0_PF22628_211_248_fpocket_3	329
Q9NUK0_PF22628_49_87_fpocket_1	1711
Q9NUL3_PF00035_10_70_fpocket_2	852
Q9NUL3_PF16482_459_515_fpocket_2	867
Q9NUL5_PF15135_16_272_fpocket_15	708
Q9NUM3_PF02535_131_301_fpocket_12	1423
Q9NUM3_PF02535_131_301_fpocket_18	1176
Q9NUM3_PF02535_9_138_fpocket_1	445
Q9NUM4_PF07092_118_258_fpocket_2	1497
Q9NUN5_PF04791_17_287_fpocket_1	725
Q9NUN5_PF04791_17_287_fpocket_4	320
Q9NUN7_PF05875_12_251_fpocket_13	437
Q9NUP7_PF05206_165_469_fpocket_11	1679
Q9NUP7_PF05253_57_80_fpocket_1	641
Q9NUP7_PF11722_17_45_fpocket_1	401
Q9NUP7_PF11722_17_45_fpocket_2	197
Q9NUQ2_PF16076_251_326_fpocket_7	561
Q9NUQ7_PF07910_278_461_fpocket_3	899
Q9NUQ8_PF12848_395_474_fpocket_4	122
Q9NUQ8_PF26051_1_73_fpocket_1	1795
Q9NUQ9_PF07159_18_320_fpocket_23	39
Q9NUQ9_PF07159_18_320_fpocket_4	94
Q9NUR3_PF14927_122_202_fpocket_1	861
Q9NUT2_PF00664_149_425_fpocket_11	1319
Q9NUU6_PF16218_88_355_fpocket_1	1149
Q9NUU6_PF16218_88_355_fpocket_16	352
Q9NUU7_PF00271_318_433_fpocket_5	1638
Q9NUW8_PF06087_166_582_fpocket_1	217
Q9NUW8_PF06087_166_582_fpocket_18	50
Q9NUX5_PF02765_11_141_fpocket_10	110
Q9NUX5_PF16686_153_296_fpocket_1	1552
Q9NUX5_PF16686_153_296_fpocket_2	220
Q9NUX5_PF21375_396_537_fpocket_1	799
Q9NUX5_PF21375_396_537_fpocket_4	411
Q9NUY8_PF00566_48_245_fpocket_1	1029
Q9NUZ1_PF01756_435_544_fpocket_2	74
Q9NUZ1_PF02770_90_197_fpocket_2	673
Q9NUZ1_PF22924_234_390_fpocket_2	180
Q9NV06_PF04158_354_440_fpocket_1	586
Q9NV06_PF04158_354_440_fpocket_6	425
Q9NV12_PF14985_6_185_fpocket_8	332
Q9NV23_PF00975_28_252_fpocket_1	1
Q9NV23_PF00975_28_252_fpocket_7	24
Q9NV31_PF00163_4_94_fpocket_1	552
Q9NV31_PF01479_109_155_fpocket_2	37
Q9NV31_PF01479_109_155_fpocket_3	1280
Q9NV56_PF07904_36_95_fpocket_1	738
Q9NV66_PF00258_81_218_fpocket_4	1084
Q9NV66_PF04055_413_591_fpocket_14	292
Q9NV66_PF08608_595_657_fpocket_2	14
Q9NV66_PF08608_595_657_fpocket_4	31
Q9NV70_PF15277_31_121_fpocket_2	80
Q9NV88_PF10996_308_424_fpocket_2	1145
Q9NV88_PF16661_85_237_fpocket_2	628
Q9NV88_PF21382_587_657_fpocket_1	16
Q9NV88_PF21382_587_657_fpocket_2	1006
Q9NV92_PF10176_225_281_fpocket_1	445
Q9NV92_PF10176_291_325_fpocket_3	867
Q9NV96_PF03381_69_351_fpocket_2	757
Q9NVA1_PF03981_136_271_fpocket_4	1591
Q9NVA1_PF03981_136_271_fpocket_7	358
Q9NVA4_PF03619_48_317_fpocket_18	1195
Q9NVC3_PF01490_50_449_fpocket_10	229
Q9NVC3_PF01490_50_449_fpocket_2	764
Q9NVD3_PF00856_59_273_fpocket_5	222
Q9NVD3_PF09273_309_425_fpocket_1	103
Q9NVD3_PF09273_309_425_fpocket_2	357
Q9NVE4_PF03999_710_823_fpocket_7	444
Q9NVE7_PF01937_453_759_fpocket_22	1502
Q9NVE7_PF03630_36_367_fpocket_3	19
Q9NVF7_PF00646_67_94_fpocket_2	254
Q9NVF9_PF01633_86_373_fpocket_20	222
Q9NVF9_PF01633_86_373_fpocket_3	568
Q9NVG8_PF00566_209_367_fpocket_3	1176
Q9NVH1_PF00226_14_79_fpocket_1	1790
Q9NVH1_PF11875_422_549_fpocket_3	189
Q9NVH1_PF22774_162_374_fpocket_26	146
Q9NVH2_PF22965_805_918_fpocket_4	80
Q9NVH2_PF24437_539_719_fpocket_4	869
Q9NVH2_PF24437_539_719_fpocket_6	41
Q9NVH6_PF02668_161_404_fpocket_2	746
Q9NVH6_PF06155_54_133_fpocket_3	863
Q9NVH6_PF06155_54_133_fpocket_4	104
Q9NVM4_PF06325_65_141_fpocket_1	56
Q9NVM4_PF22528_176_349_fpocket_1	223
Q9NVM6_PF00226_11_73_fpocket_2	137
Q9NVN8_PF01926_254_322_fpocket_2	705
Q9NVP1_PF00271_416_518_fpocket_1	212
Q9NVP1_PF13959_572_619_fpocket_2	1093
Q9NVP2_PF04729_1_154_fpocket_3	1447
Q9NVP4_PF13287_32_100_fpocket_1	1282
Q9NVQ4_PF06905_4_176_fpocket_5	1152
Q9NVQ4_PF06905_4_176_fpocket_7	15
Q9NVR5_PF08190_43_207_fpocket_7	127
Q9NVR5_PF08190_43_207_fpocket_9	486
Q9NVR5_PF18201_250_349_fpocket_4	398
Q9NVR7_PF07986_330_444_fpocket_1	24
Q9NVR7_PF07986_330_444_fpocket_2	1265
Q9NVS9_PF01243_75_194_fpocket_10	859
Q9NVS9_PF01243_75_194_fpocket_9	1016
Q9NVS9_PF10590_206_261_fpocket_2	1577
Q9NVU0_PF04801_5_432_fpocket_2	1001
Q9NVU0_PF04801_5_432_fpocket_28	1276
Q9NVU0_PF19725_443_708_fpocket_2	368
Q9NVU7_PF21638_638_684_fpocket_2	1256
Q9NVU7_PF21638_638_684_fpocket_3	1572
Q9NVV4_PF03828_440_483_fpocket_2	332
Q9NVV4_PF17797_63_131_fpocket_1	703
Q9NVV4_PF17797_63_131_fpocket_3	1333
Q9NVV5_PF04750_13_219_fpocket_1	416
Q9NVV5_PF04750_13_219_fpocket_8	46
Q9NVW2_PF25914_17_75_fpocket_2	1188
Q9NVW2_PF25914_17_75_fpocket_3	1226
Q9NVX0_PF15003_8_190_fpocket_10	164
Q9NVX2_PF08154_18_77_fpocket_1	1136
Q9NVX7_PF00651_55_155_fpocket_1	750
Q9NVZ3_PF07933_6_162_fpocket_2	1330
Q9NVZ3_PF07933_6_162_fpocket_4	974
Q9NW08_PF00562_668_1041_fpocket_11	1493
Q9NW08_PF00562_668_1041_fpocket_7	1628
Q9NW08_PF04560_1043_1127_fpocket_2	483
Q9NW08_PF04565_438_502_fpocket_3	1179
Q9NW08_PF04566_539_600_fpocket_1	1
Q9NW08_PF04566_539_600_fpocket_2	708
Q9NW08_PF04567_621_653_fpocket_1	670
Q9NW08_PF04567_621_653_fpocket_2	721
Q9NW15_PF04547_200_626_fpocket_38	269
Q9NW38_PF09765_6_92_fpocket_1	253
Q9NW38_PF11793_304_371_fpocket_1	34
Q9NW38_PF11793_304_371_fpocket_2	1163
Q9NW38_PF18890_108_197_fpocket_3	9
Q9NW38_PF18890_108_197_fpocket_5	13
Q9NW38_PF18891_200_294_fpocket_1	1008
Q9NW38_PF18891_200_294_fpocket_5	839
Q9NW64_PF21369_21_107_fpocket_1	1100
Q9NW64_PF21369_21_107_fpocket_6	155
Q9NW64_PF25584_159_186_fpocket_1	585
Q9NW68_PF03909_146_203_fpocket_1	175
Q9NW68_PF03909_146_203_fpocket_2	1138
Q9NW97_PF15345_7_240_fpocket_16	997
Q9NWA0_PF07544_64_139_fpocket_4	269
Q9NWC5_PF04819_121_241_fpocket_3	16
Q9NWC5_PF04819_121_241_fpocket_5	40
Q9NWF4_PF06237_10_438_fpocket_23	248
Q9NWF9_PF26191_512_594_fpocket_2	1447
Q9NWF9_PF26191_512_594_fpocket_5	229
Q9NWH2_PF07096_11_124_fpocket_9	120
Q9NWK9_PF25790_307_453_fpocket_6	900
Q9NWL6_PF00733_513_589_fpocket_4	475
Q9NWM0_PF01593_308_544_fpocket_11	1382
Q9NWM0_PF01593_34_268_fpocket_17	665
Q9NWN3_PF12937_576_609_fpocket_1	1786
Q9NWQ9_PF14969_37_133_fpocket_11	1097
Q9NWS0_PF18201_216_285_fpocket_1	759
Q9NWS0_PF18201_216_285_fpocket_2	309
Q9NWS6_PF13289_143_247_fpocket_4	1435
Q9NWS8_PF02582_226_403_fpocket_14	1792
Q9NWS8_PF02582_226_403_fpocket_7	405
Q9NWT8_PF08213_127_158_fpocket_2	13
Q9NWT8_PF08213_127_158_fpocket_4	220
Q9NWU1_PF00109_42_291_fpocket_1	199
Q9NWU2_PF10607_64_206_fpocket_1	712
Q9NWU2_PF10607_64_206_fpocket_2	1446
Q9NWU5_PF00237_71_172_fpocket_3	222
Q9NWV4_PF05907_5_157_fpocket_1	52
Q9NWV4_PF05907_5_157_fpocket_4	1053
Q9NWW5_PF15156_33_308_fpocket_20	96
Q9NWW5_PF15156_33_308_fpocket_7	1793
Q9NWX6_PF04446_35_164_fpocket_1	1250
Q9NWX6_PF04446_35_164_fpocket_8	1108
Q9NWX6_PF14413_167_283_fpocket_1	474
Q9NWX6_PF14413_167_283_fpocket_2	485
Q9NWY4_PF10228_77_328_fpocket_12	288
Q9NWY4_PF10228_77_328_fpocket_19	747
Q9NWZ5_PF00485_101_287_fpocket_1	559
Q9NWZ5_PF00485_101_287_fpocket_3	700
Q9NWZ5_PF14681_329_532_fpocket_1	573
Q9NWZ8_PF15348_14_242_fpocket_13	1183
Q9NX01_PF02966_4_135_fpocket_4	682
Q9NX02_PF17776_503_620_fpocket_14	248
Q9NX02_PF17779_446_501_fpocket_3	335
Q9NX04_PF15011_13_174_fpocket_11	1493
Q9NX08_PF22838_12_101_fpocket_1	341
Q9NX08_PF22838_12_101_fpocket_2	20
Q9NX14_PF10183_23_141_fpocket_1	1349
Q9NX18_PF03937_68_143_fpocket_1	274
Q9NX18_PF03937_68_143_fpocket_2	510
Q9NX20_PF00252_61_190_fpocket_1	1538
Q9NX20_PF00252_61_190_fpocket_3	433
Q9NX36_PF09350_203_271_fpocket_3	1295
Q9NX38_PF01597_111_171_fpocket_1	1271
Q9NX38_PF01597_111_171_fpocket_2	297
Q9NX40_PF07051_24_109_fpocket_1	1035
Q9NX40_PF07051_24_109_fpocket_4	604
Q9NX46_PF03747_25_337_fpocket_1	1058
Q9NX55_PF19026_80_120_fpocket_4	941
Q9NX58_PF08790_31_58_fpocket_1	1177
Q9NX58_PF08790_31_58_fpocket_2	299
Q9NX58_PF17848_3_28_fpocket_1	861
Q9NX58_PF25879_306_378_fpocket_1	1105
Q9NX58_PF25879_306_378_fpocket_4	1430
Q9NX61_PF10268_2_476_fpocket_25	1860
Q9NX62_PF00459_62_351_fpocket_3	341
Q9NX63_PF05300_29_174_fpocket_2	380
Q9NX63_PF05300_29_174_fpocket_4	502
Q9NX65_PF02023_33_121_fpocket_5	1200
Q9NX74_PF01207_15_285_fpocket_3	1018
Q9NX76_PF01284_38_153_fpocket_4	445
Q9NX78_PF11028_52_211_fpocket_3	1137
Q9NX78_PF11028_52_211_fpocket_4	1219
Q9NX95_PF15290_211_503_fpocket_6	971
Q9NXA8_PF02146_58_256_fpocket_12	561
Q9NXB0_PF07162_313_493_fpocket_1	321
Q9NXB9_PF01151_30_264_fpocket_1	1716
Q9NXC2_PF22725_128_258_fpocket_2	78
Q9NXC5_PF17034_737_859_fpocket_8	1344
Q9NXD2_PF06602_221_320_fpocket_4	1519
Q9NXD2_PF06602_332_511_fpocket_3	444
Q9NXE8_PF10197_11_47_fpocket_2	1062
Q9NXG2_PF02926_171_253_fpocket_1	1442
Q9NXG2_PF02926_171_253_fpocket_2	110
Q9NXG6_PF13499_192_251_fpocket_2	877
Q9NXH3_PF05361_27_139_fpocket_1	396
Q9NXH3_PF05361_27_139_fpocket_2	645
Q9NXH8_PF06309_147_253_fpocket_1	1454
Q9NXJ0_PF04103_90_183_fpocket_3	172
Q9NXJ5_PF01470_7_172_fpocket_2	1148
Q9NXK6_PF03006_43_269_fpocket_10	383
Q9NXK8_PF12937_6_49_fpocket_5	191
Q9NXL2_PF00621_98_283_fpocket_8	142
Q9NXL2_PF07653_587_642_fpocket_1	1415
Q9NXL2_PF14604_720_771_fpocket_2	619
Q9NXL9_PF17855_522_604_fpocket_1	374
Q9NXL9_PF26066_4_104_fpocket_1	734
Q9NXL9_PF26066_4_104_fpocket_9	1109
Q9NXP7_PF00665_140_227_fpocket_6	682
Q9NXR1_PF04880_134_308_fpocket_1	28
Q9NXR7_PF06113_8_333_fpocket_5	899
Q9NXR7_PF06113_8_333_fpocket_9	1220
Q9NXS2_PF04389_150_374_fpocket_2	417
Q9NXV2_PF02214_46_134_fpocket_6	368
Q9NXW2_PF09320_267_366_fpocket_1	1333
Q9NXW2_PF09320_267_366_fpocket_2	1458
Q9NXX6_PF15412_133_187_fpocket_1	970
Q9NXZ1_PF15300_823_884_fpocket_2	1433
Q9NY12_PF04410_70_158_fpocket_2	147
Q9NY12_PF04410_70_158_fpocket_4	1191
Q9NY26_PF02535_27_318_fpocket_25	841
Q9NY27_PF09184_7_310_fpocket_5	210
Q9NY28_PF00652_497_620_fpocket_4	1253
Q9NY30_PF07742_1_112_fpocket_4	386
Q9NY30_PF07742_1_112_fpocket_7	169
Q9NY33_PF03571_143_704_fpocket_30	1295
Q9NY33_PF03571_143_704_fpocket_34	1100
Q9NY35_PF13903_17_234_fpocket_1	23
Q9NY47_PF08473_670_1111_fpocket_20	374
Q9NY56_PF00061_26_163_fpocket_8	421
Q9NY61_PF13339_220_373_fpocket_14	278
Q9NY64_PF00083_30_474_fpocket_28	1747
Q9NY99_PF23012_430_520_fpocket_4	825
Q9NYA1_PF00781_16_123_fpocket_3	1512
Q9NYA4_PF06602_150_518_fpocket_16	65
Q9NYB0_PF08914_136_195_fpocket_2	1495
Q9NYB0_PF11626_322_397_fpocket_1	806
Q9NYB0_PF11626_322_397_fpocket_2	1627
Q9NYB0_PF16589_21_100_fpocket_1	1065
Q9NYB9_PF07815_93_164_fpocket_1	783
Q9NYC9_PF03028_3895_4015_fpocket_1	326
Q9NYC9_PF08385_214_789_fpocket_11	280
Q9NYC9_PF12777_3067_3410_fpocket_10	1574
Q9NYC9_PF17852_2316_2433_fpocket_5	230
Q9NYC9_PF17857_2651_2750_fpocket_4	612
Q9NYC9_PF18198_4047_4183_fpocket_1	737
Q9NYC9_PF18199_4189_4484_fpocket_1	235
Q9NYF5_PF26116_840_909_fpocket_5	663
Q9NYF8_PF15440_108_761_fpocket_15	121
Q9NYG5_PF12861_20_84_fpocket_1	129
Q9NYG5_PF12861_20_84_fpocket_4	230
Q9NYI0_PF15410_787_898_fpocket_9	1217
Q9NYJ8_PF02845_11_50_fpocket_4	67
Q9NYL5_PF00067_30_444_fpocket_20	1077
Q9NYP7_PF01151_27_260_fpocket_10	183
Q9NYQ6_PF23592_1093_1187_fpocket_1	141
Q9NYQ7_PF16489_2184_2306_fpocket_2	507
Q9NYQ7_PF23592_1161_1256_fpocket_7	1184
Q9NYT0_PF00169_5_99_fpocket_4	331
Q9NYU1_PF06427_1093_1199_fpocket_1	1253
Q9NYU1_PF18400_45_226_fpocket_1	124
Q9NYU1_PF18400_45_226_fpocket_2	1276
Q9NYU1_PF18401_297_426_fpocket_11	343
Q9NYU1_PF18402_438_686_fpocket_1	275
Q9NYU1_PF18402_438_686_fpocket_8	133
Q9NYU1_PF18403_715_933_fpocket_12	876
Q9NYU1_PF18403_715_933_fpocket_2	1065
Q9NYU2_PF06427_1115_1221_fpocket_2	1371
Q9NYU2_PF18401_312_441_fpocket_9	1287
Q9NYU2_PF18402_451_699_fpocket_12	1011
Q9NYU2_PF18404_1256_1523_fpocket_5	1473
Q9NYV9_PF05296_1_298_fpocket_1	1615
Q9NYW0_PF05296_1_296_fpocket_24	707
Q9NYW1_PF05296_1_301_fpocket_29	1417
Q9NYW2_PF05296_1_304_fpocket_7	143
Q9NYW3_PF05296_1_303_fpocket_17	176
Q9NYW5_PF05296_1_299_fpocket_29	979
Q9NYY1_PF00726_36_173_fpocket_4	722
Q9NYY3_PF00659_512_566_fpocket_2	508
Q9NYY3_PF00659_512_566_fpocket_3	306
Q9NYY3_PF00659_609_673_fpocket_2	1115
Q9NYZ1_PF05832_32_174_fpocket_4	78
Q9NZ01_PF02544_155_308_fpocket_2	1057
Q9NZ01_PF21696_5_80_fpocket_1	538
Q9NZ01_PF21696_5_80_fpocket_2	73
Q9NZ08_PF01433_281_484_fpocket_2	954
Q9NZ09_PF22567_388_430_fpocket_1	320
Q9NZ09_PF22567_388_430_fpocket_3	363
Q9NZ20_PF05826_152_247_fpocket_2	282
Q9NZ20_PF05826_152_247_fpocket_3	955
Q9NZ20_PF05826_366_427_fpocket_2	1000
Q9NZ42_PF10251_7_99_fpocket_1	928
Q9NZ42_PF10251_7_99_fpocket_6	1457
Q9NZ45_PF10660_12_40_fpocket_1	49
Q9NZ52_PF02883_598_715_fpocket_3	681
Q9NZ52_PF02883_598_715_fpocket_6	1469
Q9NZ52_PF03127_222_299_fpocket_1	361
Q9NZ63_PF07052_101_197_fpocket_1	272
Q9NZ71_PF13307_547_730_fpocket_1	262
Q9NZ71_PF23116_881_973_fpocket_1	1354
Q9NZ71_PF23116_952_1137_fpocket_6	111
Q9NZ72_PF00836_39_174_fpocket_8	334
Q9NZA1_PF13410_301_378_fpocket_1	1206
Q9NZB8_PF01967_493_628_fpocket_1	60
Q9NZB8_PF01967_493_628_fpocket_2	950
Q9NZB8_PF06463_242_367_fpocket_3	638
Q9NZB8_PF13353_77_180_fpocket_10	1308
Q9NZC9_PF00271_714_822_fpocket_2	361
Q9NZC9_PF07443_248_302_fpocket_1	489
Q9NZC9_PF07443_248_302_fpocket_2	1361
Q9NZC9_PF07443_343_397_fpocket_6	898
Q9NZD2_PF08718_18_166_fpocket_9	396
Q9NZD4_PF09236_5_91_fpocket_2	124
Q9NZD4_PF09236_5_91_fpocket_3	143
Q9NZD8_PF00561_87_163_fpocket_1	1419
Q9NZE8_PF01632_102_161_fpocket_3	763
Q9NZE8_PF01632_102_161_fpocket_4	122
Q9NZF1_PF04749_26_104_fpocket_1	1534
Q9NZF1_PF04749_26_104_fpocket_5	1095
Q9NZG7_PF04923_25_125_fpocket_6	638
Q9NZH8_PF00340_69_156_fpocket_4	51
Q9NZI2_PF13499_136_209_fpocket_3	443
Q9NZI2_PF13833_78_126_fpocket_2	664
Q9NZI5_PF25416_529_617_fpocket_2	305
Q9NZI6_PF04516_45_238_fpocket_3	446
Q9NZI6_PF18016_305_362_fpocket_2	473
Q9NZI6_PF25416_398_476_fpocket_3	1829
Q9NZI6_PF25416_398_476_fpocket_7	1184
Q9NZI8_PF00013_198_262_fpocket_2	461
Q9NZJ4_PF05168_4447_4568_fpocket_1	486
Q9NZJ4_PF05168_4447_4568_fpocket_3	49
Q9NZJ4_PF25794_95_327_fpocket_10	396
Q9NZJ5_PF00069_594_660_fpocket_7	605
Q9NZJ6_PF08241_151_250_fpocket_1	349
Q9NZK5_PF00962_198_495_fpocket_15	633
Q9NZK5_PF00962_198_495_fpocket_19	1066
Q9NZK5_PF08451_18_102_fpocket_1	686
Q9NZL9_PF04321_30_322_fpocket_1	698
Q9NZL9_PF04321_30_322_fpocket_12	448
Q9NZM1_PF08150_768_841_fpocket_1	514
Q9NZM1_PF08150_768_841_fpocket_4	691
Q9NZM1_PF08165_678_741_fpocket_2	325
Q9NZM1_PF08165_678_741_fpocket_5	1444
Q9NZM1_PF16165_1961_2056_fpocket_4	861
Q9NZM1_PF22901_1646_1736_fpocket_3	838
Q9NZM3_PF12763_19_94_fpocket_5	1482
Q9NZM3_PF12763_19_94_fpocket_6	445
Q9NZM4_PF15249_1092_1191_fpocket_3	448
Q9NZM4_PF15249_1092_1191_fpocket_6	1241
Q9NZM5_PF07767_42_445_fpocket_1	877
Q9NZM5_PF07767_42_445_fpocket_28	24
Q9NZN1_PF00047_257_342_fpocket_3	643
Q9NZN3_PF16880_24_56_fpocket_1	442
Q9NZN3_PF16880_24_56_fpocket_2	1288
Q9NZN3_PF18150_288_394_fpocket_1	1825
Q9NZN5_PF09128_368_558_fpocket_12	1236
Q9NZN5_PF09128_368_558_fpocket_4	1028
Q9NZN8_PF04153_397_521_fpocket_4	433
Q9NZN8_PF04153_397_521_fpocket_5	967
Q9NZN9_PF23322_29_154_fpocket_1	558
Q9NZQ0_PF00226_218_269_fpocket_3	683
Q9NZQ3_PF09431_548_682_fpocket_1	1084
Q9NZQ3_PF09431_548_682_fpocket_8	321
Q9NZQ9_PF03250_4_143_fpocket_1	606
Q9NZR1_PF03250_5_146_fpocket_10	169
Q9NZT2_PF04664_88_292_fpocket_1	1755
Q9NZT2_PF04664_88_292_fpocket_8	698
Q9NZU1_PF01462_54_80_fpocket_1	145
Q9NZV1_PF02822_469_498_fpocket_1	63
Q9NZV1_PF23334_403_455_fpocket_1	1810
Q9NZV1_PF23334_613_660_fpocket_1	140
Q9NZV8_PF00520_186_416_fpocket_1	1542
Q9NZV8_PF02214_43_132_fpocket_1	823
Q9NZW5_PF02828_58_108_fpocket_1	436
Q9NZW5_PF02828_58_108_fpocket_2	998
Q9NZZ3_PF03357_13_195_fpocket_1	20
Q9P000_PF07258_119_188_fpocket_3	943
Q9P000_PF20923_21_95_fpocket_1	13
Q9P000_PF20923_21_95_fpocket_4	80
Q9P003_PF03311_4_130_fpocket_1	1262
Q9P003_PF03311_4_130_fpocket_9	1152
Q9P013_PF04889_1_229_fpocket_5	1522
Q9P015_PF00828_95_175_fpocket_1	993
Q9P015_PF00828_95_175_fpocket_3	1734
Q9P016_PF01878_56_218_fpocket_2	1296
Q9P016_PF01878_56_218_fpocket_3	517
Q9P021_PF10235_12_99_fpocket_2	1156
Q9P031_PF08524_125_239_fpocket_1	72
Q9P055_PF05571_9_300_fpocket_22	775
Q9P055_PF05571_9_300_fpocket_3	717
Q9P086_PF10280_8_113_fpocket_2	1140
Q9P086_PF10280_8_113_fpocket_3	486
Q9P0G3_PF00089_41_260_fpocket_3	642
Q9P0I2_PF01956_5_191_fpocket_18	1123
Q9P0J0_PF06212_5_126_fpocket_2	256
Q9P0J0_PF06212_5_126_fpocket_6	170
Q9P0J6_PF00444_66_103_fpocket_1	193
Q9P0J6_PF00444_66_103_fpocket_2	1185
Q9P0J7_PF05605_76_137_fpocket_1	715
Q9P0K1_PF01421_239_438_fpocket_5	859
Q9P0K8_PF00250_66_144_fpocket_2	87
Q9P0K9_PF03351_118_232_fpocket_3	681
Q9P0L0_PF00635_15_117_fpocket_10	678
Q9P0L0_PF00635_15_117_fpocket_5	1753
Q9P0L1_PF02023_51_136_fpocket_1	231
Q9P0L2_PF02149_753_795_fpocket_2	214
Q9P0L9_PF18109_702_735_fpocket_2	1279
Q9P0M2_PF10469_85_282_fpocket_6	1174
Q9P0M6_PF00125_6_85_fpocket_2	1461
Q9P0M6_PF01661_216_329_fpocket_1	1702
Q9P0M9_PF01016_31_102_fpocket_1	84
Q9P0M9_PF01016_31_102_fpocket_3	123
Q9P0N5_PF09799_22_128_fpocket_1	1268
Q9P0N5_PF09799_22_128_fpocket_5	342
Q9P0P8_PF25818_133_235_fpocket_1	3
Q9P0R6_PF05303_33_133_fpocket_1	604
Q9P0R6_PF05303_33_133_fpocket_2	595
Q9P0S2_PF14138_17_88_fpocket_2	1303
Q9P0S3_PF04061_11_146_fpocket_3	1706
Q9P0S3_PF04061_11_146_fpocket_7	627
Q9P0T4_PF13894_173_196_fpocket_1	1215
Q9P0T7_PF05434_42_182_fpocket_5	154
Q9P0U1_PF08038_9_53_fpocket_1	942
Q9P0U1_PF08038_9_53_fpocket_2	607
Q9P0U4_PF00628_29_73_fpocket_1	155
Q9P0U4_PF12269_400_636_fpocket_11	1315
Q9P0U4_PF12269_400_636_fpocket_3	703
Q9P0V3_PF00791_323_403_fpocket_2	622
Q9P0V3_PF23637_839_948_fpocket_6	1377
Q9P0V3_PF23640_470_614_fpocket_7	1759
Q9P0V9_PF00735_63_330_fpocket_19	1666
Q9P0W0_PF00143_33_202_fpocket_14	83
Q9P0W8_PF15244_10_422_fpocket_9	887
Q9P0X4_PF00520_78_408_fpocket_18	1310
Q9P0Z9_PF01266_9_364_fpocket_2	883
Q9P107_PF22699_91_354_fpocket_1	1050
Q9P121_PF13927_136_205_fpocket_2	76
Q9P126_PF00059_121_218_fpocket_1	1149
Q9P1F3_PF14705_2_79_fpocket_2	1697
Q9P1P5_PF00001_60_315_fpocket_5	1007
Q9P1Q0_PF07928_737_866_fpocket_2	1367
Q9P1Q0_PF07928_737_866_fpocket_3	323
Q9P1W3_PF02714_409_663_fpocket_25	227
Q9P1W3_PF14703_220_398_fpocket_3	286
Q9P1W8_PF07654_156_232_fpocket_3	1386
Q9P1W9_PF00069_32_286_fpocket_13	296
Q9P1Y5_PF08683_1110_1228_fpocket_1	442
Q9P1Y5_PF17095_589_642_fpocket_1	703
Q9P1Y5_PF25532_18_149_fpocket_2	159
Q9P1Y6_PF13639_107_149_fpocket_2	1007
Q9P1Y6_PF23030_1554_1637_fpocket_2	148
Q9P1Z3_PF00520_94_356_fpocket_5	1284
Q9P1Z3_PF08412_50_92_fpocket_3	1080
Q9P1Z9_PF14643_175_641_fpocket_22	332
Q9P1Z9_PF14643_175_641_fpocket_4	814
Q9P1Z9_PF14644_1389_1592_fpocket_1	1175
Q9P1Z9_PF14644_1389_1592_fpocket_20	793
Q9P202_PF00595_818_886_fpocket_1	1748
Q9P203_PF07707_413_478_fpocket_6	1718
Q9P212_PF00388_1395_1541_fpocket_1	573
Q9P212_PF00388_1395_1541_fpocket_2	256
Q9P212_PF09279_1327_1378_fpocket_1	202
Q9P219_PF19047_17_161_fpocket_5	1244
Q9P225_PF08385_242_392_fpocket_5	722
Q9P225_PF12774_1765_2091_fpocket_12	1026
Q9P225_PF12774_1765_2091_fpocket_20	561
Q9P225_PF12777_3006_3339_fpocket_13	151
Q9P225_PF12781_3365_3586_fpocket_2	865
Q9P225_PF17852_2253_2371_fpocket_3	183
Q9P227_PF17820_99_145_fpocket_2	550
Q9P232_PF00041_805_896_fpocket_3	637
Q9P241_PF16212_1082_1327_fpocket_2	352
Q9P246_PF07647_133_200_fpocket_3	427
Q9P246_PF16533_345_445_fpocket_4	709
Q9P253_PF26148_847_953_fpocket_2	40
Q9P253_PF26148_847_953_fpocket_4	535
Q9P265_PF00501_364_763_fpocket_22	866
Q9P265_PF23024_1465_1567_fpocket_1	284
Q9P273_PF15636_2615_2692_fpocket_1	1851
Q9P273_PF23093_383_511_fpocket_1	79
Q9P273_PF23538_2496_2610_fpocket_7	172
Q9P273_PF24329_1017_1102_fpocket_2	1497
Q9P273_PF24329_1017_1102_fpocket_5	661
Q9P273_PF25020_859_944_fpocket_2	894
Q9P278_PF14637_298_531_fpocket_9	1369
Q9P278_PF14638_927_1110_fpocket_8	1247
Q9P278_PF14638_927_1110_fpocket_9	1783
Q9P281_PF01426_2513_2630_fpocket_1	1447
Q9P281_PF01426_2513_2630_fpocket_14	1540
Q9P281_PF24912_1907_1964_fpocket_3	204
Q9P281_PF24912_1907_1964_fpocket_5	759
Q9P283_PF00090_668_719_fpocket_1	1351
Q9P283_PF23260_771_835_fpocket_3	598
Q9P287_PF13862_56_256_fpocket_11	563
Q9P287_PF13862_56_256_fpocket_3	106
Q9P2A4_PF07815_94_165_fpocket_1	514
Q9P2D1_PF07533_2641_2684_fpocket_1	472
Q9P2D6_PF05057_1245_1439_fpocket_4	350
Q9P2D6_PF05057_1245_1439_fpocket_9	264
Q9P2D6_PF12394_111_172_fpocket_1	1265
Q9P2D7_PF03028_3669_3782_fpocket_1	594
Q9P2D7_PF03028_3669_3782_fpocket_6	463
Q9P2D7_PF12774_1543_1869_fpocket_5	331
Q9P2D7_PF12775_2189_2368_fpocket_2	312
Q9P2D7_PF12777_2831_3175_fpocket_1	1335
Q9P2D7_PF17852_2038_2157_fpocket_5	814
Q9P2D7_PF18199_3959_4261_fpocket_16	658
Q9P2D7_PF18199_3959_4261_fpocket_21	1541
Q9P2D8_PF14776_117_645_fpocket_19	1583
Q9P2E3_PF13086_597_735_fpocket_14	1047
Q9P2E3_PF13087_1051_1234_fpocket_11	677
Q9P2E3_PF13087_1051_1234_fpocket_13	532
Q9P2E3_PF20173_1843_1888_fpocket_2	220
Q9P2E3_PF25396_404_509_fpocket_1	231
Q9P2E5_PF05679_242_759_fpocket_14	636
Q9P2E8_PF12906_163_208_fpocket_3	1841
Q9P2F5_PF10264_63_141_fpocket_1	208
Q9P2F6_PF00788_197_273_fpocket_2	583
Q9P2F6_PF22286_86_178_fpocket_2	835
Q9P2F6_PF22286_86_178_fpocket_5	653
Q9P2F8_PF00595_951_1021_fpocket_2	550
Q9P2F8_PF02145_624_806_fpocket_8	939
Q9P2F8_PF21022_484_539_fpocket_2	1696
Q9P2F9_PF13465_216_241_fpocket_1	1373
Q9P2G1_PF01485_402_478_fpocket_1	298
Q9P2G1_PF19422_597_713_fpocket_8	1287
Q9P2G1_PF22191_515_554_fpocket_1	1090
Q9P2G3_PF07707_211_279_fpocket_1	847
Q9P2G4_PF14924_56_185_fpocket_12	478
Q9P2I0_PF16661_22_199_fpocket_1	56
Q9P2I0_PF16661_22_199_fpocket_4	1369
Q9P2J5_PF00133_188_755_fpocket_1	444
Q9P2J5_PF00133_20_103_fpocket_1	264
Q9P2J5_PF00133_20_103_fpocket_4	225
Q9P2J5_PF08264_794_907_fpocket_1	893
Q9P2J5_PF08264_794_907_fpocket_4	143
Q9P2J5_PF22947_1064_1175_fpocket_2	930
Q9P2J5_PF22947_1064_1175_fpocket_3	317
Q9P2J5_PF24810_940_1013_fpocket_1	1711
Q9P2J8_PF00096_780_802_fpocket_1	588
Q9P2J9_PF00481_229_444_fpocket_18	1262
Q9P2K1_PF15625_646_819_fpocket_10	1382
Q9P2K1_PF15625_646_819_fpocket_6	953
Q9P2K1_PF17661_131_383_fpocket_22	450
Q9P2K1_PF24656_1349_1465_fpocket_1	138
Q9P2K2_PF24508_27_130_fpocket_1	1855
Q9P2K2_PF24509_131_250_fpocket_4	859
Q9P2K2_PF24510_251_341_fpocket_1	937
Q9P2K2_PF24510_251_341_fpocket_3	923
Q9P2K3_PF00249_289_332_fpocket_1	536
Q9P2K3_PF20878_215_279_fpocket_2	917
Q9P2K3_PF20878_215_279_fpocket_3	668
Q9P2K5_PF00076_235_303_fpocket_2	130
Q9P2K8_PF05773_21_134_fpocket_4	536
Q9P2K8_PF12745_1396_1643_fpocket_23	365
Q9P2K8_PF13393_1061_1381_fpocket_12	1125
Q9P2K9_PF03176_1185_1347_fpocket_1	906
Q9P2K9_PF03176_1185_1347_fpocket_2	1679
Q9P2K9_PF12349_485_614_fpocket_1	922
Q9P2N2_PF25442_642_725_fpocket_1	1573
Q9P2N2_PF25442_642_725_fpocket_2	541
Q9P2N4_PF05986_754_871_fpocket_7	907
Q9P2N4_PF19030_1501_1554_fpocket_1	1640
Q9P2N4_PF19030_939_993_fpocket_3	730
Q9P2N5_PF01480_7_74_fpocket_5	230
Q9P2N6_PF20408_333_451_fpocket_3	888
Q9P2N6_PF20408_333_451_fpocket_4	90
Q9P2N6_PF23154_134_235_fpocket_1	1398
Q9P2N7_PF00651_82_188_fpocket_2	242
Q9P2N7_PF07707_196_297_fpocket_2	385
Q9P2P1_PF11977_792_942_fpocket_3	364
Q9P2P1_PF23050_13_74_fpocket_1	744
Q9P2P1_PF23050_13_74_fpocket_7	886
Q9P2P5_PF16562_45_164_fpocket_5	114
Q9P2Q2_PF00373_106_221_fpocket_7	461
Q9P2R3_PF01363_1108_1163_fpocket_2	160
Q9P2R7_PF00549_321_441_fpocket_5	251
Q9P2R7_PF08442_55_262_fpocket_8	999
Q9P2S2_PF02210_57_186_fpocket_1	564
Q9P2W1_PF07106_12_73_fpocket_1	706
Q9P2W1_PF07106_12_73_fpocket_2	940
Q9P2W1_PF18517_154_210_fpocket_1	1722
Q9P2W1_PF18517_154_210_fpocket_3	674
Q9P2X0_PF08285_1_90_fpocket_7	271
Q9P2X3_PF01205_182_289_fpocket_1	593
Q9P2X3_PF01205_182_289_fpocket_4	507
Q9P2X3_PF05773_10_113_fpocket_1	32
Q9P2Y5_PF00168_46_108_fpocket_1	91
Q9P2Y5_PF10186_185_451_fpocket_2	445
Q9P2Y5_PF10186_185_451_fpocket_4	507
Q9P2Z0_PF05485_5_90_fpocket_1	1399
Q9P2Z0_PF05485_5_90_fpocket_2	746
Q9QC07_PF00075_462_588_fpocket_5	1445
Q9QC07_PF00665_661_739_fpocket_2	440
Q9UBB5_PF01429_148_214_fpocket_1	749
Q9UBB5_PF01429_148_214_fpocket_4	702
Q9UBB9_PF07842_397_666_fpocket_7	99
Q9UBC0_PF02376_289_365_fpocket_2	969
Q9UBC2_PF12763_126_215_fpocket_5	40
Q9UBC2_PF12763_275_348_fpocket_5	147
Q9UBC3_PF00145_575_707_fpocket_3	306
Q9UBC3_PF00145_575_707_fpocket_5	392
Q9UBC3_PF17980_416_471_fpocket_1	1106
Q9UBC3_PF21255_478_527_fpocket_3	557
Q9UBC5_PF06017_861_1028_fpocket_3	1408
Q9UBD5_PF07034_1_344_fpocket_3	1439
Q9UBD5_PF18137_596_708_fpocket_3	1113
Q9UBD5_PF18137_596_708_fpocket_6	532
Q9UBD6_PF00909_49_418_fpocket_11	241
Q9UBD6_PF00909_49_418_fpocket_26	1218
Q9UBF2_PF08752_611_756_fpocket_4	1260
Q9UBF2_PF08752_611_756_fpocket_5	1746
Q9UBF2_PF16381_758_870_fpocket_7	1417
Q9UBF6_PF12678_48_103_fpocket_3	372
Q9UBF8_PF00454_560_755_fpocket_13	33
Q9UBG0_PF24562_41_169_fpocket_1	821
Q9UBG3_PF01023_4_47_fpocket_1	287
Q9UBG7_PF09270_234_359_fpocket_3	830
Q9UBG7_PF20144_385_475_fpocket_7	582
Q9UBH0_PF00340_54_151_fpocket_4	1361
Q9UBH6_PF03105_114_169_fpocket_3	394
Q9UBH6_PF03105_114_169_fpocket_4	639
Q9UBH6_PF03105_1_34_fpocket_1	576
Q9UBH6_PF03105_45_100_fpocket_1	1122
Q9UBH6_PF03105_45_100_fpocket_2	1279
Q9UBH6_PF03124_269_617_fpocket_1	1676
Q9UBH6_PF03124_269_617_fpocket_13	282
Q9UBI1_PF07258_121_185_fpocket_3	603
Q9UBI1_PF21672_1_104_fpocket_3	483
Q9UBI4_PF01145_80_217_fpocket_4	1249
Q9UBI4_PF02036_302_394_fpocket_1	263
Q9UBI4_PF02036_302_394_fpocket_2	1095
Q9UBI9_PF15353_94_191_fpocket_1	658
Q9UBI9_PF16002_341_534_fpocket_1	1618
Q9UBI9_PF16002_341_534_fpocket_4	1586
Q9UBJ2_PF00005_496_637_fpocket_4	84
Q9UBJ2_PF06472_91_365_fpocket_17	313
Q9UBJ2_PF06472_91_365_fpocket_2	55
Q9UBK5_PF07213_35_93_fpocket_3	157
Q9UBL0_PF01424_167_223_fpocket_3	1187
Q9UBL3_PF21198_162_269_fpocket_3	254
Q9UBL3_PF21257_108_160_fpocket_1	931
Q9UBL3_PF21257_108_160_fpocket_4	1267
Q9UBL9_PF00864_26_379_fpocket_3	178
Q9UBM1_PF04191_90_190_fpocket_1	142
Q9UBM1_PF04191_90_190_fpocket_5	655
Q9UBM7_PF01222_92_475_fpocket_11	612
Q9UBM8_PF04666_66_330_fpocket_1	1657
Q9UBN7_PF02148_1133_1194_fpocket_2	62
Q9UBP0_PF00004_378_507_fpocket_1	446
Q9UBP0_PF17862_534_567_fpocket_2	1161
Q9UBP4_PF04706_146_196_fpocket_1	229
Q9UBP6_PF02390_77_253_fpocket_1	101
Q9UBP6_PF02390_77_253_fpocket_10	21
Q9UBQ0_PF12850_1_156_fpocket_1	690
Q9UBQ0_PF12850_1_156_fpocket_9	879
Q9UBQ5_PF10075_62_200_fpocket_11	1179
Q9UBQ5_PF10075_62_200_fpocket_4	1318
Q9UBQ6_PF09258_66_321_fpocket_12	1829
Q9UBQ6_PF09258_66_321_fpocket_7	403
Q9UBQ7_PF00389_9_326_fpocket_7	1154
Q9UBR1_PF00795_74_350_fpocket_3	120
Q9UBS3_PF00226_26_87_fpocket_3	942
Q9UBS3_PF00226_26_87_fpocket_4	1044
Q9UBS4_PF01556_136_327_fpocket_11	30
Q9UBS4_PF01556_136_327_fpocket_9	1291
Q9UBS5_PF00003_588_856_fpocket_23	1189
Q9UBS8_PF01485_290_350_fpocket_3	274
Q9UBS8_PF05773_7_133_fpocket_1	861
Q9UBS9_PF07738_323_452_fpocket_3	2
Q9UBT2_PF14732_452_538_fpocket_1	265
Q9UBT2_PF14732_452_538_fpocket_2	236
Q9UBT6_PF11799_413_526_fpocket_1	645
Q9UBT6_PF11799_413_526_fpocket_2	425
Q9UBT7_PF01044_31_525_fpocket_27	147
Q9UBT7_PF01044_576_675_fpocket_3	992
Q9UBU2_PF04706_77_128_fpocket_1	617
Q9UBU2_PF04706_77_128_fpocket_2	121
Q9UBU2_PF21479_211_258_fpocket_2	1388
Q9UBU3_PF04643_58_115_fpocket_1	375
Q9UBU3_PF04643_58_115_fpocket_4	34
Q9UBU8_PF05712_175_351_fpocket_5	125
Q9UBU8_PF11717_11_51_fpocket_2	1531
Q9UBU9_PF09162_119_198_fpocket_4	1661
Q9UBU9_PF22602_386_537_fpocket_3	1020
Q9UBV4_PF00110_52_365_fpocket_14	444
Q9UBV8_PF13405_185_214_fpocket_2	221
Q9UBV8_PF13499_123_179_fpocket_2	54
Q9UBW7_PF06467_636_671_fpocket_1	1031
Q9UBW8_PF18392_166_215_fpocket_1	162
Q9UBW8_PF18392_166_215_fpocket_3	303
Q9UBX1_PF08246_187_244_fpocket_3	793
Q9UBX8_PF02709_247_324_fpocket_1	96
Q9UBX8_PF02709_247_324_fpocket_6	1121
Q9UBX8_PF13733_108_242_fpocket_2	278
Q9UBY0_PF00999_88_484_fpocket_4	1248
Q9UBY0_PF00999_88_484_fpocket_5	1285
Q9UBY9_PF00011_76_159_fpocket_5	1011
Q9UBZ4_PF06839_467_515_fpocket_1	1174
Q9UBZ9_PF00533_45_118_fpocket_4	1
Q9UBZ9_PF00817_422_451_fpocket_1	747
Q9UBZ9_PF00817_505_622_fpocket_6	561
Q9UBZ9_PF11799_709_828_fpocket_5	1401
Q9UBZ9_PF11799_709_828_fpocket_7	415
Q9UBZ9_PF16727_1167_1248_fpocket_1	397
Q9UBZ9_PF16727_1167_1248_fpocket_2	409
Q9UBZ9_PF21999_647_699_fpocket_1	264
Q9UBZ9_PF21999_647_699_fpocket_2	1455
Q9UC07_PF00096_534_556_fpocket_1	130
Q9UD71_PF05395_2_180_fpocket_2	303
Q9UDR5_PF03435_483_598_fpocket_2	500
Q9UDR5_PF03435_483_598_fpocket_6	185
Q9UDR5_PF05222_28_157_fpocket_2	497
Q9UDR5_PF05222_28_157_fpocket_3	1359
Q9UDR5_PF16653_602_916_fpocket_1	1820
Q9UDR5_PF16653_602_916_fpocket_14	1413
Q9UDT6_PF01302_221_285_fpocket_1	333
Q9UDT6_PF01302_81_145_fpocket_2	1450
Q9UDW1_PF05365_9_60_fpocket_1	1461
Q9UDW1_PF05365_9_60_fpocket_2	197
Q9UDW3_PF06220_3_38_fpocket_1	33
Q9UDW3_PF06220_3_38_fpocket_2	56
Q9UDX4_PF00650_83_243_fpocket_16	171
Q9UDX5_PF10558_19_60_fpocket_1	490
Q9UDX5_PF10558_19_60_fpocket_2	77
Q9UDX5_PF10558_75_146_fpocket_3	1203
Q9UDX5_PF10558_75_146_fpocket_5	278
Q9UDY2_PF00625_776_877_fpocket_3	1669
Q9UDY4_PF01556_162_319_fpocket_2	404
Q9UDY4_PF01556_162_319_fpocket_6	404
Q9UDY6_PF00097_16_60_fpocket_1	1477
Q9UDY6_PF13765_312_359_fpocket_1	467
Q9UDY8_PF18703_583_719_fpocket_2	1234
Q9UEE9_PF07572_222_294_fpocket_4	533
Q9UEE9_PF07572_222_294_fpocket_5	417
Q9UEF7_PF00232_517_953_fpocket_9	1577
Q9UEF7_PF00232_58_370_fpocket_10	710
Q9UER7_PF03344_49_145_fpocket_1	365
Q9UER7_PF20920_296_380_fpocket_1	751
Q9UER7_PF20920_296_380_fpocket_2	39
Q9UEU0_PF05008_8_97_fpocket_1	23
Q9UEU0_PF05008_8_97_fpocket_3	516
Q9UEU0_PF12352_137_202_fpocket_1	186
Q9UEU0_PF12352_137_202_fpocket_2	1337
Q9UEW8_PF12202_452_509_fpocket_4	290
Q9UEY8_PF00596_140_321_fpocket_5	1709
Q9UF02_PF13903_19_195_fpocket_7	1159
Q9UF12_PF01619_186_434_fpocket_4	950
Q9UF33_PF00041_455_532_fpocket_6	158
Q9UF33_PF01404_36_207_fpocket_1	93
Q9UF33_PF07699_271_312_fpocket_2	947
Q9UF33_PF07714_631_712_fpocket_3	1632
Q9UFD9_PF07653_853_895_fpocket_1	54
Q9UFD9_PF25566_372_499_fpocket_2	117
Q9UFF9_PF04857_15_132_fpocket_1	171
Q9UFF9_PF04857_15_132_fpocket_8	665
Q9UFG5_PF15136_6_103_fpocket_1	1122
Q9UFH2_PF08385_190_767_fpocket_33	122
Q9UFH2_PF08385_190_767_fpocket_8	1084
Q9UFH2_PF08393_1269_1674_fpocket_15	800
Q9UFH2_PF12774_1809_2135_fpocket_23	754
Q9UFH2_PF12777_3043_3386_fpocket_1	1243
Q9UFH2_PF12777_3043_3386_fpocket_2	1574
Q9UFH2_PF12781_3413_3630_fpocket_14	299
Q9UFH2_PF12781_3413_3630_fpocket_2	766
Q9UFH2_PF17852_2294_2411_fpocket_1	1311
Q9UFH2_PF17852_2294_2411_fpocket_6	949
Q9UFH2_PF18199_4167_4460_fpocket_5	1745
Q9UFP1_PF15051_253_572_fpocket_1	907
Q9UFP1_PF15051_253_572_fpocket_2	1778
Q9UG56_PF02666_165_407_fpocket_12	913
Q9UG63_PF12848_296_368_fpocket_2	1263
Q9UGB7_PF05153_38_285_fpocket_1	403
Q9UGB7_PF05153_38_285_fpocket_11	365
Q9UGC6_PF00615_84_199_fpocket_10	895
Q9UGI6_PF02888_561_635_fpocket_1	198
Q9UGI6_PF03530_270_384_fpocket_1	577
Q9UGI6_PF03530_270_384_fpocket_2	956
Q9UGI6_PF07885_468_546_fpocket_3	1526
Q9UGI8_PF00412_301_356_fpocket_4	1784
Q9UGI8_PF06297_92_193_fpocket_1	1812
Q9UGI8_PF06297_92_193_fpocket_2	21
Q9UGJ0_PF00571_516_554_fpocket_1	1095
Q9UGJ1_PF04130_350_655_fpocket_4	459
Q9UGL1_PF08429_757_1088_fpocket_13	255
Q9UGL1_PF08429_757_1088_fpocket_36	1138
Q9UGM3_PF00530_105_202_fpocket_2	1010
Q9UGM3_PF00530_1254_1351_fpocket_1	1057
Q9UGM3_PF00530_1383_1480_fpocket_2	1057
Q9UGM3_PF00530_237_334_fpocket_2	1611
Q9UGM3_PF00530_497_594_fpocket_2	294
Q9UGN4_PF15330_181_274_fpocket_1	887
Q9UGN4_PF15330_181_274_fpocket_3	770
Q9UGN5_PF00644_376_577_fpocket_2	948
Q9UGN5_PF02877_232_362_fpocket_10	33
Q9UGN5_PF02877_232_362_fpocket_7	199
Q9UGN5_PF05406_115_194_fpocket_2	945
Q9UGP5_PF10391_337_383_fpocket_1	726
Q9UGP5_PF10391_337_383_fpocket_2	1646
Q9UGP5_PF14716_251_322_fpocket_3	1178
Q9UGP5_PF14791_502_573_fpocket_2	78
Q9UGP5_PF14792_386_495_fpocket_2	892
Q9UGP8_PF02889_229_487_fpocket_25	89
Q9UGP8_PF02889_616_711_fpocket_1	1748
Q9UGT4_PF03782_290_429_fpocket_1	1339
Q9UGT4_PF23263_670_718_fpocket_2	321
Q9UGT4_PF23263_670_718_fpocket_3	834
Q9UGY1_PF09805_20_97_fpocket_1	355
Q9UH03_PF00735_59_331_fpocket_10	947
Q9UH17_PF05240_302_377_fpocket_1	674
Q9UH17_PF05240_302_377_fpocket_3	967
Q9UH17_PF18782_10_189_fpocket_8	468
Q9UH36_PF07985_139_297_fpocket_1	638
Q9UH36_PF07985_139_297_fpocket_3	179
Q9UH65_PF25530_1_95_fpocket_2	198
Q9UH73_PF01833_262_342_fpocket_4	1518
Q9UH90_PF15965_12_103_fpocket_3	354
Q9UH99_PF18580_481_538_fpocket_4	1786
Q9UHA2_PF05030_13_72_fpocket_3	401
Q9UHA3_PF01246_1_65_fpocket_2	579
Q9UHA3_PF01246_1_65_fpocket_5	541
Q9UHA4_PF08923_3_121_fpocket_4	140
Q9UHA4_PF08923_3_121_fpocket_6	1835
Q9UHA7_PF00340_51_152_fpocket_1	556
Q9UHB4_PF00258_8_145_fpocket_1	1107
Q9UHB4_PF00667_203_421_fpocket_6	84
Q9UHB6_PF00412_390_446_fpocket_2	726
Q9UHB9_PF16969_75_598_fpocket_31	726
Q9UHC1_PF01119_213_269_fpocket_2	440
Q9UHC1_PF02518_21_81_fpocket_1	307
Q9UHC1_PF08676_1218_1370_fpocket_3	204
Q9UHC3_PF00858_20_459_fpocket_9	1009
Q9UHC6_PF00754_49_178_fpocket_3	271
Q9UHC6_PF02210_827_944_fpocket_1	1648
Q9UHC7_PF00097_281_334_fpocket_3	1451
Q9UHC7_PF18044_213_232_fpocket_2	147
Q9UHC7_PF18044_60_80_fpocket_3	640
Q9UHC9_PF12349_661_814_fpocket_7	81
Q9UHC9_PF22314_394_619_fpocket_12	1711
Q9UHC9_PF22314_394_619_fpocket_5	17
Q9UHD0_PF00726_23_168_fpocket_1	488
Q9UHD1_PF04968_155_216_fpocket_1	539
Q9UHD1_PF04968_4_64_fpocket_1	960
Q9UHD1_PF04968_4_64_fpocket_3	918
Q9UHD1_PF04969_230_306_fpocket_2	1586
Q9UHD2_PF18396_308_395_fpocket_2	193
Q9UHD4_PF02017_35_109_fpocket_2	1503
Q9UHD8_PF00735_295_571_fpocket_14	35
Q9UHD8_PF00735_295_571_fpocket_3	767
Q9UHD9_PF00240_35_104_fpocket_4	147
Q9UHD9_PF00627_583_618_fpocket_1	521
Q9UHE8_PF01794_120_263_fpocket_7	237
Q9UHF0_PF03823_1_54_fpocket_2	709
Q9UHF1_PF07546_28_94_fpocket_3	1517
Q9UHF1_PF07546_28_94_fpocket_4	44
Q9UHF4_PF01108_18_123_fpocket_1	1187
Q9UHF4_PF09294_135_239_fpocket_5	1759
Q9UHF4_PF09294_135_239_fpocket_7	1000
Q9UHF5_PF06083_97_179_fpocket_1	1694
Q9UHF5_PF06083_97_179_fpocket_2	396
Q9UHF7_PF00320_896_929_fpocket_1	3
Q9UHG0_PF03607_157_215_fpocket_3	512
Q9UHG3_PF07156_128_494_fpocket_32	803
Q9UHG3_PF07156_128_494_fpocket_33	422
Q9UHG3_PF13450_39_106_fpocket_4	816
Q9UHH9_PF03770_203_417_fpocket_5	593
Q9UHI5_PF13520_40_443_fpocket_3	751
Q9UHI6_PF00271_296_404_fpocket_5	617
Q9UHI7_PF00860_45_474_fpocket_7	491
Q9UHJ3_PF00536_795_857_fpocket_2	796
Q9UHJ3_PF02820_388_455_fpocket_1	569
Q9UHJ6_PF00370_7_262_fpocket_3	995
Q9UHJ9_PF10277_19_240_fpocket_1	662
Q9UHK0_PF10453_216_267_fpocket_1	1402
Q9UHK6_PF02515_3_350_fpocket_1	1031
Q9UHL0_PF00270_122_285_fpocket_1	508
Q9UHL3_PF15722_1_45_fpocket_2	414
Q9UHL3_PF15722_1_45_fpocket_3	0
Q9UHL4_PF05577_38_464_fpocket_2	24
Q9UHL9_PF02946_351_425_fpocket_1	600
Q9UHL9_PF02946_351_425_fpocket_5	469
Q9UHL9_PF02946_565_639_fpocket_4	969
Q9UHN6_PF15711_265_354_fpocket_4	812
Q9UHN6_PF24605_993_1174_fpocket_3	266
Q9UHN6_PF24605_993_1174_fpocket_9	1221
Q9UHP3_PF22566_16_60_fpocket_2	962
Q9UHP9_PF15355_3_87_fpocket_1	969
Q9UHQ1_PF02256_393_444_fpocket_1	1128
Q9UHQ1_PF02906_93_381_fpocket_15	672
Q9UHQ4_PF05529_1_131_fpocket_11	1057
Q9UHQ7_PF04538_2_102_fpocket_1	70
Q9UHQ7_PF04538_2_102_fpocket_6	856
Q9UHQ9_PF00175_181_288_fpocket_1	543
Q9UHQ9_PF00970_50_155_fpocket_1	1145
Q9UHR4_PF08397_16_236_fpocket_19	240
Q9UHR5_PF07818_119_212_fpocket_2	446
Q9UHR5_PF07818_119_212_fpocket_4	596
Q9UHV5_PF00617_427_603_fpocket_10	1492
Q9UHV7_PF18296_1367_1724_fpocket_6	1048
Q9UHV8_PF00337_6_135_fpocket_5	1234
Q9UHW5_PF03029_8_254_fpocket_5	331
Q9UHW9_PF00324_191_363_fpocket_3	841
Q9UHW9_PF00324_482_760_fpocket_27	463
Q9UHX3_PF07645_119_156_fpocket_1	1785
Q9UHY7_PF00702_11_224_fpocket_8	1431
Q9UI08_PF00568_4_105_fpocket_1	1619
Q9UI09_PF05071_36_139_fpocket_1	1357
Q9UI09_PF05071_36_139_fpocket_3	126
Q9UI10_PF01008_219_509_fpocket_3	1171
Q9UI14_PF03208_38_171_fpocket_6	1433
Q9UI17_PF01571_480_750_fpocket_4	1106
Q9UI17_PF08669_770_848_fpocket_3	331
Q9UI17_PF08669_770_848_fpocket_6	688
Q9UI17_PF16350_417_470_fpocket_1	1342
Q9UI17_PF16350_417_470_fpocket_4	895
Q9UI30_PF03966_2_112_fpocket_1	940
Q9UI30_PF03966_2_112_fpocket_2	367
Q9UI32_PF04960_177_463_fpocket_8	1652
Q9UI32_PF17959_73_155_fpocket_1	1482
Q9UI32_PF17959_73_155_fpocket_3	1004
Q9UI33_PF00520_128_409_fpocket_13	649
Q9UI40_PF01699_500_648_fpocket_1	1146
Q9UI43_PF01728_52_236_fpocket_1	588
Q9UI43_PF01728_52_236_fpocket_4	437
Q9UI47_PF01044_18_856_fpocket_24	24
Q9UI95_PF02301_20_103_fpocket_8	372
Q9UIA0_PF01369_62_243_fpocket_2	396
Q9UIA0_PF01369_62_243_fpocket_4	582
Q9UIC8_PF04072_32_216_fpocket_7	1815
Q9UIF3_PF03148_17_397_fpocket_1	446
Q9UIF3_PF03148_17_397_fpocket_9	1663
Q9UIF7_PF00730_129_263_fpocket_3	1138
Q9UIF7_PF14815_382_491_fpocket_1	1549
Q9UIF8_PF01429_740_812_fpocket_1	88
Q9UIF8_PF15613_1373_1416_fpocket_2	982
Q9UIF9_PF01429_547_619_fpocket_1	221
Q9UIF9_PF02791_850_910_fpocket_1	1412
Q9UIF9_PF02791_850_910_fpocket_2	49
Q9UIF9_PF15613_1112_1472_fpocket_1	926
Q9UIG0_PF10537_22_119_fpocket_9	127
Q9UIG8_PF03137_41_619_fpocket_47	237
Q9UII2_PF04568_35_94_fpocket_4	833
Q9UIJ7_PF00406_12_191_fpocket_12	118
Q9UIJ7_PF00406_12_191_fpocket_13	1811
Q9UIJ7_PF05191_128_163_fpocket_1	580
Q9UIQ6_PF01433_392_610_fpocket_1	150
Q9UIQ6_PF01433_392_610_fpocket_3	1844
Q9UIR0_PF22705_144_229_fpocket_1	1164
Q9UIR0_PF22705_361_446_fpocket_2	1484
Q9UIS9_PF01429_2_70_fpocket_3	364
Q9UIS9_PF02008_331_377_fpocket_6	95
Q9UIV1_PF04857_147_238_fpocket_3	575
Q9UIV1_PF04857_15_132_fpocket_1	312
Q9UIW2_PF18020_714_807_fpocket_1	1407
Q9UIW2_PF18020_714_807_fpocket_2	171
Q9UIW2_PF20170_1488_1600_fpocket_1	1648
Q9UIW2_PF20170_1488_1600_fpocket_2	960
Q9UIW2_PF24479_667_693_fpocket_1	867
Q9UIY3_PF05773_11_130_fpocket_1	266
Q9UIY3_PF05773_11_130_fpocket_4	1070
Q9UJ04_PF00956_248_362_fpocket_11	933
Q9UJ41_PF01754_17_40_fpocket_1	1009
Q9UJ41_PF01754_17_40_fpocket_2	942
Q9UJ41_PF02204_270_370_fpocket_6	1487
Q9UJ41_PF18151_158_220_fpocket_2	640
Q9UJ68_PF01625_68_220_fpocket_1	203
Q9UJ68_PF01625_68_220_fpocket_2	1018
Q9UJ70_PF01869_7_278_fpocket_18	101
Q9UJ70_PF01869_7_278_fpocket_3	970
Q9UJ83_PF00205_205_332_fpocket_4	408
Q9UJ83_PF02775_401_557_fpocket_1	1714
Q9UJ83_PF02776_15_128_fpocket_1	342
Q9UJ96_PF02214_19_118_fpocket_2	1800
Q9UJ96_PF02214_19_118_fpocket_7	1698
Q9UJA2_PF01066_107_270_fpocket_11	279
Q9UJA3_PF00493_391_612_fpocket_16	312
Q9UJA3_PF17207_207_337_fpocket_4	1017
Q9UJA3_PF26065_94_201_fpocket_3	159
Q9UJA3_PF26065_94_201_fpocket_4	99
Q9UJA5_PF04189_20_254_fpocket_7	293
Q9UJC3_PF19047_14_158_fpocket_4	1694
Q9UJC5_PF04908_1_98_fpocket_2	811
Q9UJC5_PF04908_1_98_fpocket_4	955
Q9UJD0_PF00168_169_276_fpocket_2	1304
Q9UJF2_PF00616_349_417_fpocket_1	1363
Q9UJF2_PF00616_418_519_fpocket_2	1781
Q9UJJ7_PF00849_17_182_fpocket_11	656
Q9UJJ9_PF07915_69_129_fpocket_1	1034
Q9UJK0_PF04034_96_222_fpocket_3	1617
Q9UJK0_PF04034_96_222_fpocket_6	1186
Q9UJK0_PF04068_60_92_fpocket_1	1329
Q9UJM8_PF01070_15_361_fpocket_7	24
Q9UJP4_PF00651_25_132_fpocket_5	365
Q9UJQ1_PF01299_44_213_fpocket_3	97
Q9UJT1_PF00091_2_213_fpocket_13	948
Q9UJT2_PF15358_66_592_fpocket_18	1575
Q9UJT2_PF15358_66_592_fpocket_34	1085
Q9UJT9_PF00646_114_155_fpocket_1	621
Q9UJU3_PF00096_609_631_fpocket_1	962
Q9UJU6_PF14604_378_427_fpocket_1	242
Q9UJV3_PF13445_30_76_fpocket_3	516
Q9UJV3_PF18568_343_394_fpocket_2	1335
Q9UJV8_PF04845_58_321_fpocket_15	620
Q9UJW0_PF05502_23_124_fpocket_1	479
Q9UJW0_PF05502_23_124_fpocket_5	553
Q9UJW2_PF00112_236_464_fpocket_2	184
Q9UJW3_PF17980_35_89_fpocket_1	832
Q9UJW3_PF21255_96_145_fpocket_1	900
Q9UJW8_PF23561_578_603_fpocket_2	318
Q9UJX4_PF21371_30_168_fpocket_1	201
Q9UJX5_PF12896_233_431_fpocket_5	796
Q9UJX6_PF26557_595_709_fpocket_4	1153
Q9UJY1_PF00011_95_173_fpocket_2	1633
Q9UJY1_PF00011_95_173_fpocket_3	1361
Q9UJY4_PF03127_239_316_fpocket_3	497
Q9UJY5_PF02883_514_631_fpocket_2	531
Q9UJY5_PF03127_222_300_fpocket_3	628
Q9UJZ1_PF16200_260_320_fpocket_3	781
Q9UKD1_PF01342_89_162_fpocket_2	1550
Q9UKD1_PF01342_89_162_fpocket_4	303
Q9UKD1_PF25892_228_338_fpocket_2	873
Q9UKD1_PF25892_228_338_fpocket_8	17
Q9UKD2_PF00466_21_119_fpocket_10	773
Q9UKD2_PF00466_21_119_fpocket_2	665
Q9UKF2_PF01562_36_117_fpocket_1	1146
Q9UKF2_PF01562_36_117_fpocket_2	431
Q9UKF5_PF01421_199_387_fpocket_6	1356
Q9UKF5_PF08516_483_595_fpocket_4	233
Q9UKF6_PF00753_24_191_fpocket_1	203
Q9UKF6_PF00753_24_191_fpocket_4	398
Q9UKF6_PF10996_246_367_fpocket_10	951
Q9UKF6_PF11718_479_682_fpocket_3	565
Q9UKF7_PF02121_1_243_fpocket_17	1132
Q9UKG1_PF00640_502_630_fpocket_2	856
Q9UKG1_PF16746_7_247_fpocket_23	1183
Q9UKG9_PF00755_23_594_fpocket_38	314
Q9UKG9_PF00755_23_594_fpocket_41	403
Q9UKJ5_PF10256_45_134_fpocket_2	858
Q9UKJ8_PF01421_209_398_fpocket_7	831
Q9UKK3_PF00644_389_565_fpocket_10	429
Q9UKK3_PF08487_623_733_fpocket_3	612
Q9UKK3_PF08487_623_733_fpocket_7	1702
Q9UKK3_PF26156_1575_1721_fpocket_8	446
Q9UKK6_PF02136_17_135_fpocket_4	320
Q9UKK9_PF00293_60_180_fpocket_1	1615
Q9UKL0_PF20878_311_374_fpocket_1	1133
Q9UKL3_PF21227_1929_1976_fpocket_2	1679
Q9UKL3_PF21227_1929_1976_fpocket_3	892
Q9UKL6_PF01852_12_211_fpocket_3	264
Q9UKN1_PF01390_5175_5267_fpocket_2	574
Q9UKN7_PF00063_1224_1887_fpocket_1	1184
Q9UKN7_PF00784_3098_3202_fpocket_6	172
Q9UKN7_PF26570_2696_2773_fpocket_2	1111
Q9UKN7_PF26570_2696_2773_fpocket_3	684
Q9UKN8_PF12660_738_789_fpocket_1	1289
Q9UKN8_PF12660_738_789_fpocket_3	887
Q9UKN8_PF19336_517_594_fpocket_1	1251
Q9UKN8_PF19336_517_594_fpocket_2	1455
Q9UKP3_PF04968_4_64_fpocket_1	1794
Q9UKP3_PF04968_4_64_fpocket_2	241
Q9UKP4_PF05986_699_809_fpocket_1	32
Q9UKP4_PF19236_620_697_fpocket_1	1445
Q9UKP5_PF17771_480_548_fpocket_1	328
Q9UKP5_PF17771_480_548_fpocket_2	978
Q9UKP5_PF19236_618_716_fpocket_1	304
Q9UKQ2_PF00200_416_488_fpocket_2	305
Q9UKQ2_PF08516_493_573_fpocket_6	795
Q9UKR3_PF00089_38_258_fpocket_1	991
Q9UKR5_PF03694_8_118_fpocket_1	737
Q9UKR5_PF03694_8_118_fpocket_2	1361
Q9UKS6_PF00611_22_96_fpocket_2	823
Q9UKS6_PF00611_22_96_fpocket_3	642
Q9UKS6_PF14604_370_420_fpocket_5	97
Q9UKT4_PF00646_257_288_fpocket_1	457
Q9UKU6_PF11838_723_1046_fpocket_19	662
Q9UKU6_PF17900_191_376_fpocket_6	316
Q9UKU7_PF00441_263_413_fpocket_4	470
Q9UKU7_PF02770_158_251_fpocket_4	161
Q9UKU9_PF00147_276_487_fpocket_4	1776
Q9UKV0_PF00850_654_972_fpocket_1	960
Q9UKV0_PF12203_37_124_fpocket_3	983
Q9UKV5_PF02845_458_497_fpocket_2	959
Q9UKV5_PF13639_339_379_fpocket_2	721
Q9UKV5_PF18442_574_600_fpocket_1	176
Q9UKV5_PF18442_574_600_fpocket_2	1697
Q9UKW4_PF00621_197_369_fpocket_2	560
Q9UKW4_PF00621_197_369_fpocket_4	1559
Q9UKX5_PF00092_164_343_fpocket_1	97
Q9UKX5_PF20805_781_940_fpocket_13	583
Q9UKX7_PF00638_352_465_fpocket_3	983
Q9UKY0_PF00377_63_176_fpocket_1	653
Q9UKY0_PF00377_63_176_fpocket_2	1235
Q9UKY1_PF11569_785_822_fpocket_3	497
Q9UKY1_PF18387_99_149_fpocket_2	1461
Q9UKY3_PF00135_24_267_fpocket_2	938
Q9UKY3_PF00135_24_267_fpocket_7	159
Q9UKY4_PF02366_63_305_fpocket_11	1362
Q9UKY4_PF02366_63_305_fpocket_2	626
Q9UKY4_PF02815_353_506_fpocket_1	1409
Q9UKY4_PF16192_541_748_fpocket_1	1073
Q9UKY4_PF16192_541_748_fpocket_6	1843
Q9UKZ1_PF10155_371_495_fpocket_4	850
Q9UKZ1_PF10155_371_495_fpocket_7	46
Q9UKZ4_PF15636_2641_2718_fpocket_3	165
Q9UKZ4_PF23538_2523_2636_fpocket_1	147
Q9UKZ4_PF24329_1040_1124_fpocket_1	601
Q9UKZ4_PF25020_881_966_fpocket_1	701
Q9UKZ4_PF25020_881_966_fpocket_3	17
Q9UKZ4_PF25024_535_775_fpocket_6	677
Q9UKZ9_PF01759_310_411_fpocket_1	1261
Q9UL03_PF13519_4_131_fpocket_5	428
Q9UL03_PF15300_808_869_fpocket_1	1451
Q9UL03_PF25462_261_398_fpocket_10	561
Q9UL03_PF25462_261_398_fpocket_3	116
Q9UL12_PF01266_69_427_fpocket_2	883
Q9UL12_PF01571_488_802_fpocket_24	1088
Q9UL12_PF01571_488_802_fpocket_7	118
Q9UL12_PF08669_823_907_fpocket_3	1789
Q9UL12_PF16350_430_485_fpocket_4	133
Q9UL15_PF02179_13_84_fpocket_2	545
Q9UL15_PF02179_13_84_fpocket_3	454
Q9UL15_PF02179_186_258_fpocket_2	178
Q9UL15_PF02179_279_348_fpocket_1	816
Q9UL18_PF16486_34_164_fpocket_9	159
Q9UL18_PF16487_427_508_fpocket_1	152
Q9UL18_PF16488_372_418_fpocket_1	1091
Q9UL18_PF16488_372_418_fpocket_2	998
Q9UL33_PF04628_7_136_fpocket_3	1426
Q9UL36_PF13912_285_308_fpocket_1	57
Q9UL40_PF12874_74_97_fpocket_2	157
Q9UL41_PF14893_167_327_fpocket_2	216
Q9UL41_PF20846_1_92_fpocket_4	542
Q9UL42_PF14893_168_328_fpocket_1	1364
Q9UL45_PF14712_50_140_fpocket_4	230
Q9UL45_PF14712_50_140_fpocket_5	308
Q9UL46_PF02251_12_71_fpocket_2	287
Q9UL46_PF02251_12_71_fpocket_3	1279
Q9UL46_PF02252_94_235_fpocket_10	405
Q9UL46_PF02252_94_235_fpocket_4	503
Q9UL51_PF00027_563_645_fpocket_2	98
Q9UL52_PF01390_51_156_fpocket_3	130
Q9UL62_PF08344_176_238_fpocket_1	1855
Q9UL62_PF08344_176_238_fpocket_3	37
Q9UL63_PF06588_12_207_fpocket_2	526
Q9UL63_PF06588_12_207_fpocket_4	1659
Q9UL68_PF01530_904_932_fpocket_2	1036
Q9ULA0_PF02127_34_472_fpocket_11	266
Q9ULA0_PF02127_34_472_fpocket_2	1694
Q9ULB1_PF02210_508_652_fpocket_2	1525
Q9ULB4_PF00028_273_359_fpocket_1	141
Q9ULC4_PF01472_95_170_fpocket_3	1281
Q9ULC4_PF17832_5_89_fpocket_1	450
Q9ULC4_PF17832_5_89_fpocket_5	72
Q9ULC5_PF00501_101_505_fpocket_1	1043
Q9ULC5_PF00501_101_505_fpocket_9	650
Q9ULC6_PF03068_282_660_fpocket_1	632
Q9ULC6_PF08527_115_273_fpocket_8	1076
Q9ULD0_PF16078_46_80_fpocket_2	182
Q9ULD0_PF16870_855_1000_fpocket_2	51
Q9ULD0_PF16870_855_1000_fpocket_3	521
Q9ULD6_PF19031_306_416_fpocket_5	826
Q9ULD6_PF19032_514_633_fpocket_3	247
Q9ULD6_PF19032_514_633_fpocket_4	150
Q9ULE3_PF02141_661_842_fpocket_9	105
Q9ULE3_PF03455_929_975_fpocket_2	962
Q9ULE6_PF14566_161_329_fpocket_11	123
Q9ULE6_PF14566_545_677_fpocket_13	313
Q9ULG1_PF00176_521_821_fpocket_21	280
Q9ULG1_PF00271_1105_1214_fpocket_6	903
Q9ULG1_PF13892_274_403_fpocket_11	233
Q9ULG1_PF13892_274_403_fpocket_3	142
Q9ULG3_PF15084_115_208_fpocket_1	397
Q9ULG3_PF15084_115_208_fpocket_2	1193
Q9ULH0_PF23307_1205_1288_fpocket_4	72
Q9ULH1_PF16746_54_286_fpocket_2	1558
Q9ULI1_PF25469_637_752_fpocket_1	1515
Q9ULI3_PF07645_1025_1056_fpocket_1	32
Q9ULI4_PF23081_67_146_fpocket_4	1469
Q9ULJ3_PF00651_20_120_fpocket_1	662
Q9ULJ6_PF02891_738_786_fpocket_2	1012
Q9ULJ6_PF25527_563_686_fpocket_2	649
Q9ULJ6_PF25527_563_686_fpocket_6	593
Q9ULJ7_PF24883_74_199_fpocket_3	1420
Q9ULJ7_PF25520_255_339_fpocket_2	1490
Q9ULJ7_PF25521_340_464_fpocket_3	948
Q9ULJ8_PF17817_434_497_fpocket_2	218
Q9ULK4_PF11573_2_1307_fpocket_58	1270
Q9ULL1_PF22697_318_413_fpocket_1	1816
Q9ULL1_PF22697_318_413_fpocket_2	618
Q9ULL4_PF01437_474_525_fpocket_3	392
Q9ULL4_PF17960_533_619_fpocket_1	1459
Q9ULL4_PF18020_691_786_fpocket_11	592
Q9ULL5_PF13926_1840_1944_fpocket_2	520
Q9ULL5_PF13926_1840_1944_fpocket_6	158
Q9ULL8_PF08687_1247_1486_fpocket_1	1199
Q9ULM0_PF00784_880_982_fpocket_7	1646
Q9ULM3_PF22951_1148_1243_fpocket_3	29
Q9ULM3_PF22951_1148_1243_fpocket_9	79
Q9ULP0_PF03096_8_289_fpocket_6	48
Q9ULP9_PF07534_340_445_fpocket_1	728
Q9ULP9_PF07534_340_445_fpocket_8	1465
Q9ULQ0_PF11882_433_626_fpocket_19	357
Q9ULQ0_PF11882_627_783_fpocket_3	26
Q9ULR0_PF06246_1_266_fpocket_1	1789
Q9ULR3_PF00481_240_316_fpocket_5	219
Q9ULR3_PF00481_379_474_fpocket_3	1471
Q9ULT6_PF17123_292_320_fpocket_1	92
Q9ULT6_PF18212_101_208_fpocket_1	1610
Q9ULT6_PF18212_101_208_fpocket_6	57
Q9ULT8_PF00632_2232_2609_fpocket_1	1687
Q9ULT8_PF07738_1112_1239_fpocket_4	255
Q9ULT8_PF18410_1900_1959_fpocket_4	1032
Q9ULU4_PF00855_280_348_fpocket_2	733
Q9ULU4_PF24324_1028_1062_fpocket_2	377
Q9ULV0_PF25966_1132_1270_fpocket_1	1576
Q9ULV3_PF23330_652_681_fpocket_1	745
Q9ULV8_PF02761_149_232_fpocket_2	1782
Q9ULV8_PF02761_149_232_fpocket_3	1547
Q9ULV8_PF13920_349_394_fpocket_1	347
Q9ULW0_PF06886_543_588_fpocket_1	1648
Q9ULW0_PF06886_660_734_fpocket_1	27
Q9ULW0_PF06886_660_734_fpocket_5	1640
Q9ULW0_PF12214_365_489_fpocket_7	570
Q9ULW2_PF01534_218_537_fpocket_19	1075
Q9ULW5_PF00071_65_226_fpocket_5	201
Q9ULW8_PF08527_115_273_fpocket_4	1636
Q9ULX3_PF08772_260_332_fpocket_2	1239
Q9ULX3_PF08772_260_332_fpocket_3	1596
Q9ULX3_PF17146_7_93_fpocket_1	745
Q9ULX3_PF17146_7_93_fpocket_2	617
Q9ULX5_PF00097_57_97_fpocket_2	1850
Q9ULX7_PF00194_28_278_fpocket_4	203
Q9ULZ9_PF00413_132_295_fpocket_4	558
Q9UM00_PF01956_59_216_fpocket_2	1735
Q9UM00_PF01956_59_216_fpocket_3	607
Q9UM07_PF08526_1_111_fpocket_1	1012
Q9UM13_PF03256_5_182_fpocket_7	702
Q9UM21_PF23524_394_527_fpocket_1	1802
Q9UM22_PF00811_88_210_fpocket_2	74
Q9UM22_PF00811_88_210_fpocket_4	975
Q9UM47_PF06816_1505_1559_fpocket_2	779
Q9UM47_PF06816_1505_1559_fpocket_3	11
Q9UM54_PF16521_1177_1267_fpocket_1	1429
Q9UM54_PF16521_1177_1267_fpocket_2	200
Q9UM54_PF21521_773_913_fpocket_4	451
Q9UM54_PF21521_773_913_fpocket_9	995
Q9UM82_PF21388_15_207_fpocket_13	925
Q9UMF0_PF03921_35_122_fpocket_2	783
Q9UMF0_PF03921_35_122_fpocket_3	654
Q9UMF0_PF21146_231_320_fpocket_1	33
Q9UMF0_PF21146_231_320_fpocket_3	514
Q9UMN6_PF00856_2586_2691_fpocket_1	1562
Q9UMN6_PF00856_2586_2691_fpocket_6	1070
Q9UMN6_PF05964_1729_1782_fpocket_3	985
Q9UMN6_PF13771_1608_1686_fpocket_5	137
Q9UMQ6_PF01067_395_539_fpocket_1	596
Q9UMR5_PF02089_38_283_fpocket_15	1476
Q9UMR5_PF02089_38_283_fpocket_3	584
Q9UMS0_PF01106_173_239_fpocket_1	702
Q9UMS0_PF08712_61_148_fpocket_1	1808
Q9UMS0_PF08712_61_148_fpocket_2	420
Q9UMS4_PF04564_3_54_fpocket_1	340
Q9UMS4_PF08606_68_134_fpocket_1	1862
Q9UMS4_PF08606_68_134_fpocket_2	1539
Q9UMS5_PF12129_5_150_fpocket_6	1049
Q9UMX1_PF05076_64_240_fpocket_10	784
Q9UMX2_PF02100_141_221_fpocket_8	302
Q9UMX3_PF00452_70_171_fpocket_2	180
Q9UMX9_PF07690_58_340_fpocket_12	702
Q9UMY1_PF08157_172_234_fpocket_1	571
Q9UN36_PF03096_41_318_fpocket_12	292
Q9UN37_PF09336_374_434_fpocket_2	463
Q9UN70_PF00028_585_667_fpocket_2	1236
Q9UN71_PF00028_139_233_fpocket_4	109
Q9UN71_PF00028_354_440_fpocket_5	564
Q9UN71_PF00028_579_659_fpocket_3	885
Q9UN71_PF00028_579_659_fpocket_6	317
Q9UN76_PF00209_36_587_fpocket_10	1297
Q9UN81_PF02994_155_252_fpocket_8	128
Q9UN81_PF17490_255_319_fpocket_2	1708
Q9UN86_PF00076_333_389_fpocket_1	142
Q9UN86_PF02136_11_133_fpocket_8	1025
Q9UN88_PF02932_272_627_fpocket_16	28
Q9UNA0_PF05986_734_852_fpocket_5	787
Q9UNA0_PF17771_487_554_fpocket_1	465
Q9UNA1_PF14604_763_812_fpocket_2	1019
Q9UNA1_PF16746_6_248_fpocket_1	33
Q9UNA3_PF04488_64_179_fpocket_1	123
Q9UNA3_PF04488_64_179_fpocket_10	349
Q9UNA3_PF04572_197_321_fpocket_1	1502
Q9UNA3_PF04572_197_321_fpocket_13	1536
Q9UNA4_PF00817_58_235_fpocket_12	1312
Q9UNA4_PF11799_324_439_fpocket_2	305
Q9UNA4_PF21999_262_314_fpocket_5	909
Q9UNE0_PF24979_358_431_fpocket_2	1422
Q9UNE7_PF04564_227_299_fpocket_1	175
Q9UNE7_PF04564_227_299_fpocket_3	586
Q9UNF0_PF00611_24_98_fpocket_2	1589
Q9UNF0_PF14604_433_483_fpocket_2	714
Q9UNF1_PF01454_286_453_fpocket_1	331
Q9UNH5_PF14671_13_152_fpocket_3	1813
Q9UNH5_PF22785_213_296_fpocket_7	165
Q9UNH7_PF00787_57_169_fpocket_1	961
Q9UNH7_PF09325_187_392_fpocket_17	452
Q9UNI1_PF00089_19_251_fpocket_3	232
Q9UNK0_PF05739_181_233_fpocket_5	1494
Q9UNK9_PF03372_248_608_fpocket_1	272
Q9UNN5_PF21021_337_481_fpocket_1	497
Q9UNN8_PF16497_8_192_fpocket_11	229
Q9UNP9_PF00076_8_78_fpocket_2	633
Q9UNQ0_PF01061_376_586_fpocket_5	1068
Q9UNQ0_PF01061_376_586_fpocket_7	1863
Q9UNQ2_PF00398_30_255_fpocket_2	1821
Q9UNQ2_PF00398_30_255_fpocket_4	883
Q9UNS1_PF04821_24_284_fpocket_7	1701
Q9UNS1_PF04821_24_284_fpocket_9	48
Q9UNS1_PF05029_1006_1092_fpocket_4	1091
Q9UNS1_PF05029_1006_1092_fpocket_5	1685
Q9UNS1_PF26019_888_937_fpocket_1	116
Q9UNS1_PF26019_888_937_fpocket_2	1728
Q9UNS2_PF21215_369_396_fpocket_1	280
Q9UNW9_PF00013_36_96_fpocket_1	67
Q9UNX3_PF16906_8_122_fpocket_1	277
Q9UNX3_PF16906_8_122_fpocket_4	446
Q9UNX9_PF01007_53_191_fpocket_1	1646
Q9UNX9_PF01007_53_191_fpocket_7	1633
Q9UNY4_PF06839_5_39_fpocket_2	185
Q9UNY4_PF06839_5_39_fpocket_3	918
Q9UNY5_PF00096_331_353_fpocket_1	242
Q9UNY5_PF02023_75_160_fpocket_1	1175
Q9UNZ2_PF08059_184_258_fpocket_1	110
Q9UNZ2_PF14555_6_47_fpocket_1	819
Q9UP52_PF02225_241_309_fpocket_1	178
Q9UP52_PF02225_241_309_fpocket_2	596
Q9UP52_PF04389_412_614_fpocket_7	536
Q9UP65_PF01735_44_242_fpocket_12	1674
Q9UP79_PF17771_445_513_fpocket_1	1832
Q9UP79_PF17771_445_513_fpocket_2	415
Q9UP79_PF19236_609_689_fpocket_3	1767
Q9UP95_PF00324_124_300_fpocket_13	422
Q9UP95_PF00324_124_300_fpocket_15	67
Q9UP95_PF03522_709_824_fpocket_12	1066
Q9UP95_PF03522_709_824_fpocket_6	1715
Q9UPA5_PF05715_464_521_fpocket_1	1429
Q9UPA5_PF05715_464_521_fpocket_2	1809
Q9UPE1_PF00069_388_565_fpocket_1	1367
Q9UPE1_PF00069_388_565_fpocket_2	470
Q9UPE1_PF00069_79_221_fpocket_14	101
Q9UPM8_PF14807_1033_1132_fpocket_1	547
Q9UPM8_PF14807_1033_1132_fpocket_6	456
Q9UPN3_PF00307_195_298_fpocket_1	737
Q9UPN3_PF00307_79_181_fpocket_1	299
Q9UPN3_PF00435_6225_6328_fpocket_3	791
Q9UPN3_PF00435_6443_6547_fpocket_2	1362
Q9UPN3_PF17902_857_923_fpocket_1	1534
Q9UPN3_PF21019_789_856_fpocket_1	368
Q9UPN3_PF21020_425_522_fpocket_1	1651
Q9UPN7_PF04499_128_518_fpocket_21	1564
Q9UPP1_PF17811_374_477_fpocket_1	1048
Q9UPP2_PF16453_859_996_fpocket_8	260
Q9UPQ3_PF01412_611_722_fpocket_3	738
Q9UPR0_PF09279_336_419_fpocket_2	77
Q9UPR0_PF16457_137_250_fpocket_1	1018
Q9UPR0_PF16457_137_250_fpocket_3	1519
Q9UPR3_PF13638_857_939_fpocket_6	1384
Q9UPR5_PF01699_75_245_fpocket_1	1175
Q9UPR6_PF07528_585_783_fpocket_6	1083
Q9UPR6_PF20965_788_901_fpocket_1	1825
Q9UPS8_PF12001_1523_1630_fpocket_2	744
Q9UPT6_PF09744_29_91_fpocket_1	618
Q9UPT6_PF09744_29_91_fpocket_2	995
Q9UPT9_PF02148_63_123_fpocket_3	787
Q9UPU3_PF00801_824_910_fpocket_3	74
Q9UPU5_PF22900_955_1034_fpocket_1	291
Q9UPU7_PF00566_665_876_fpocket_2	1140
Q9UPU9_PF25479_13_47_fpocket_1	88
Q9UPV7_PF16744_126_198_fpocket_1	1686
Q9UPW5_PF00246_877_984_fpocket_1	533
Q9UPW5_PF18027_712_787_fpocket_4	1459
Q9UPW6_PF02376_481_556_fpocket_1	1095
Q9UPW6_PF16534_59_156_fpocket_4	1645
Q9UPY3_PF00636_1313_1396_fpocket_1	1007
Q9UPY3_PF00636_1313_1396_fpocket_5	334
Q9UPY3_PF03368_630_718_fpocket_7	25
Q9UPY3_PF20930_268_366_fpocket_3	456
Q9UPY3_PF20931_761_886_fpocket_3	98
Q9UPY3_PF20931_761_886_fpocket_9	872
Q9UPY3_PF20932_1830_1918_fpocket_1	1414
Q9UPY5_PF13520_49_457_fpocket_20	867
Q9UPY5_PF13520_49_457_fpocket_3	1364
Q9UPY8_PF03271_219_257_fpocket_2	160
Q9UPZ6_PF19028_1287_1340_fpocket_2	1660
Q9UPZ6_PF19028_361_414_fpocket_1	657
Q9UQ10_PF01408_3_120_fpocket_4	1849
Q9UQ10_PF22725_134_247_fpocket_2	948
Q9UQ16_PF00350_34_207_fpocket_1	1568
Q9UQ16_PF01031_215_501_fpocket_1	246
Q9UQ26_PF00168_1270_1377_fpocket_6	663
Q9UQ26_PF22601_123_171_fpocket_2	898
Q9UQ26_PF22601_123_171_fpocket_3	1646
Q9UQ35_PF08312_58_101_fpocket_1	238
Q9UQ35_PF08312_58_101_fpocket_2	25
Q9UQ53_PF04666_112_387_fpocket_16	457
Q9UQ53_PF23524_401_541_fpocket_5	735
Q9UQ74_PF13895_335_413_fpocket_3	369
Q9UQ74_PF13927_148_221_fpocket_1	270
Q9UQ80_PF00557_23_197_fpocket_1	477
Q9UQ84_PF00752_1_98_fpocket_2	717
Q9UQ84_PF00752_1_98_fpocket_8	1450
Q9UQ84_PF00867_141_225_fpocket_1	1656
Q9UQB8_PF08397_17_237_fpocket_9	109
Q9UQC9_PF08434_33_292_fpocket_4	576
Q9UQD0_PF00520_1197_1473_fpocket_14	330
Q9UQD0_PF00520_131_420_fpocket_23	621
Q9UQD0_PF00520_753_983_fpocket_16	151
Q9UQD0_PF24609_1888_1914_fpocket_3	25
Q9UQE7_PF02463_2_1196_fpocket_114	1341
Q9UQE7_PF06470_530_642_fpocket_2	996
Q9UQG0_PF00078_76_245_fpocket_4	1338
Q9UQG0_PF00665_645_739_fpocket_1	99
Q9UQG0_PF00665_645_739_fpocket_3	76
Q9UQL6_PF00850_704_1022_fpocket_1	1453
Q9UQL6_PF12203_67_164_fpocket_10	174
Q9UQL6_PF12203_67_164_fpocket_12	1349
Q9UQN3_PF03357_16_185_fpocket_5	1117
Q9UQP3_PF00041_621_700_fpocket_3	1218
Q9UQP3_PF00147_1067_1276_fpocket_6	850
Q9UQQ1_PF02225_162_247_fpocket_1	314
Q9UQQ1_PF04253_616_735_fpocket_1	229
Q9UQQ1_PF04253_616_735_fpocket_6	707
Q9UQR0_PF02820_176_241_fpocket_1	571
Q9UQR0_PF02820_67_135_fpocket_3	1091
Q9UQR0_PF12140_356_465_fpocket_3	209
Q9UQV4_PF01299_224_366_fpocket_7	158
Q9UQV4_PF01299_224_366_fpocket_9	90
Q9WJR5_PF00078_76_246_fpocket_3	571
Q9WJR5_PF06817_257_320_fpocket_1	373
Q9Y210_PF08344_253_315_fpocket_2	1649
Q9Y216_PF06602_109_448_fpocket_1	49
Q9Y216_PF21098_8_100_fpocket_1	988
Q9Y216_PF21098_8_100_fpocket_4	997
Q9Y217_PF06602_107_446_fpocket_2	1476
Q9Y217_PF21098_8_99_fpocket_5	49
Q9Y219_PF01414_198_243_fpocket_2	156
Q9Y219_PF23575_959_1071_fpocket_2	1195
Q9Y221_PF03657_96_175_fpocket_1	1039
Q9Y221_PF03657_96_175_fpocket_2	604
Q9Y221_PF17833_1_83_fpocket_3	497
Q9Y221_PF17833_1_83_fpocket_7	909
Q9Y223_PF00480_410_714_fpocket_1	1124
Q9Y223_PF00480_410_714_fpocket_16	226
Q9Y223_PF02350_37_375_fpocket_16	226
Q9Y227_PF01150_83_540_fpocket_1	1069
Q9Y230_PF17856_370_435_fpocket_1	1366
Q9Y230_PF17856_370_435_fpocket_3	687
Q9Y232_PF00385_62_112_fpocket_4	1206
Q9Y233_PF01590_371_504_fpocket_1	207
Q9Y233_PF01590_544_688_fpocket_2	421
Q9Y233_PF01590_544_688_fpocket_7	421
Q9Y234_PF21948_40_235_fpocket_1	1302
Q9Y234_PF21948_40_235_fpocket_2	1792
Q9Y237_PF13616_31_130_fpocket_1	306
Q9Y238_PF23277_373_458_fpocket_1	1066
Q9Y238_PF23277_373_458_fpocket_2	465
Q9Y238_PF23316_966_1069_fpocket_5	356
Q9Y239_PF00619_21_98_fpocket_5	830
Q9Y239_PF17776_517_666_fpocket_1	1083
Q9Y241_PF04588_26_78_fpocket_6	105
Q9Y244_PF05348_26_138_fpocket_2	1722
Q9Y244_PF05348_26_138_fpocket_5	479
Q9Y247_PF04921_183_323_fpocket_2	428
Q9Y248_PF05916_65_169_fpocket_1	1026
Q9Y248_PF25005_3_60_fpocket_1	683
Q9Y251_PF03662_165_370_fpocket_3	231
Q9Y251_PF03662_165_370_fpocket_5	41
Q9Y252_PF25914_25_83_fpocket_3	889
Q9Y253_PF00817_12_227_fpocket_1	610
Q9Y253_PF11799_316_401_fpocket_1	989
Q9Y253_PF18439_631_661_fpocket_1	331
Q9Y253_PF18439_631_661_fpocket_2	231
Q9Y255_PF04707_16_171_fpocket_11	1735
Q9Y256_PF02517_164_267_fpocket_1	1095
Q9Y264_PF00147_289_500_fpocket_10	487
Q9Y264_PF00147_289_500_fpocket_8	1733
Q9Y264_PF25443_166_270_fpocket_5	180
Q9Y265_PF06068_14_368_fpocket_1	789
Q9Y265_PF06068_14_368_fpocket_22	258
Q9Y265_PF17856_374_439_fpocket_1	1157
Q9Y266_PF14050_9_59_fpocket_4	16
Q9Y266_PF14050_9_59_fpocket_7	717
Q9Y267_PF00083_189_569_fpocket_22	358
Q9Y274_PF00777_68_323_fpocket_17	1369
Q9Y274_PF00777_68_323_fpocket_3	64
Q9Y275_PF00229_178_284_fpocket_1	1057
Q9Y276_PF08740_25_191_fpocket_1	916
Q9Y276_PF25426_358_415_fpocket_2	593
Q9Y276_PF25426_358_415_fpocket_3	744
Q9Y277_PF01459_3_276_fpocket_8	802
Q9Y285_PF18552_3_61_fpocket_1	1709
Q9Y285_PF18552_3_61_fpocket_2	157
Q9Y285_PF18553_75_131_fpocket_1	155
Q9Y285_PF18553_75_131_fpocket_2	172
Q9Y285_PF18554_134_165_fpocket_1	228
Q9Y285_PF18554_134_165_fpocket_2	1117
Q9Y286_PF07686_31_131_fpocket_2	285
Q9Y287_PF04089_140_230_fpocket_2	1788
Q9Y289_PF00474_61_463_fpocket_2	1060
Q9Y291_PF08293_7_96_fpocket_1	665
Q9Y291_PF08293_7_96_fpocket_2	598
Q9Y294_PF04729_1_154_fpocket_5	960
Q9Y294_PF04729_1_154_fpocket_7	340
Q9Y295_PF02824_292_366_fpocket_2	1580
Q9Y295_PF02824_292_366_fpocket_3	129
Q9Y295_PF16897_186_291_fpocket_3	963
Q9Y296_PF04099_3_207_fpocket_12	1175
Q9Y297_PF12125_139_177_fpocket_1	271
Q9Y297_PF12125_139_177_fpocket_2	422
Q9Y297_PF12937_191_228_fpocket_2	342
Q9Y2A7_PF09735_9_1122_fpocket_3	991
Q9Y2A7_PF09735_9_1122_fpocket_71	226
Q9Y2A9_PF01762_122_310_fpocket_18	561
Q9Y2B0_PF11938_27_171_fpocket_10	850
Q9Y2B1_PF24785_249_438_fpocket_13	375
Q9Y2B1_PF24785_249_438_fpocket_4	1114
Q9Y2B1_PF24786_100_243_fpocket_2	276
Q9Y2B1_PF24786_100_243_fpocket_9	688
Q9Y2B2_PF02585_44_166_fpocket_1	406
Q9Y2B2_PF02585_44_166_fpocket_8	1165
Q9Y2B5_PF02204_511_623_fpocket_5	1825
Q9Y2C4_PF18026_302_350_fpocket_1	453
Q9Y2C4_PF18026_302_350_fpocket_3	95
Q9Y2C5_PF07690_45_383_fpocket_9	1832
Q9Y2C9_PF01582_644_791_fpocket_7	853
Q9Y2D2_PF04142_3_313_fpocket_21	755
Q9Y2E4_PF00501_976_1386_fpocket_3	456
Q9Y2E5_PF01074_29_351_fpocket_4	1553
Q9Y2E5_PF07748_584_797_fpocket_13	160
Q9Y2E6_PF00097_409_467_fpocket_2	30
Q9Y2E6_PF02825_8_78_fpocket_1	1262
Q9Y2E6_PF02825_91_155_fpocket_2	1159
Q9Y2E6_PF02825_91_155_fpocket_5	250
Q9Y2F5_PF25817_2065_2257_fpocket_8	97
Q9Y2F5_PF25817_2065_2257_fpocket_9	1819
Q9Y2F9_PF00651_113_219_fpocket_1	1133
Q9Y2F9_PF08005_376_521_fpocket_10	1377
Q9Y2G1_PF05224_394_540_fpocket_1	165
Q9Y2G1_PF05224_394_540_fpocket_3	1323
Q9Y2G1_PF13884_587_650_fpocket_1	390
Q9Y2G1_PF13887_667_702_fpocket_1	178
Q9Y2G1_PF13888_1017_1150_fpocket_10	504
Q9Y2G2_PF00619_453_535_fpocket_7	516
Q9Y2G2_PF13553_174_307_fpocket_4	229
Q9Y2G2_PF23679_315_432_fpocket_1	53
Q9Y2G2_PF23679_315_432_fpocket_3	273
Q9Y2G3_PF16209_36_90_fpocket_1	710
Q9Y2G3_PF16209_36_90_fpocket_3	1174
Q9Y2G3_PF16212_847_1100_fpocket_2	29
Q9Y2G3_PF16212_847_1100_fpocket_8	513
Q9Y2G5_PF10250_45_399_fpocket_19	1336
Q9Y2G5_PF10250_45_399_fpocket_2	1336
Q9Y2G9_PF13872_215_505_fpocket_5	769
Q9Y2H0_PF03359_661_992_fpocket_14	662
Q9Y2H2_PF02383_50_415_fpocket_22	666
Q9Y2H5_PF25541_524_662_fpocket_1	170
Q9Y2I7_PF00118_610_855_fpocket_5	111
Q9Y2I7_PF01504_1858_2027_fpocket_1	1265
Q9Y2I7_PF01504_2029_2082_fpocket_6	596
Q9Y2I9_PF00566_253_471_fpocket_10	634
Q9Y2I9_PF00566_253_471_fpocket_2	1573
Q9Y2J0_PF02318_49_159_fpocket_1	1197
Q9Y2J0_PF02318_49_159_fpocket_3	1736
Q9Y2J2_PF00373_192_301_fpocket_6	9
Q9Y2J8_PF03068_285_662_fpocket_7	148
Q9Y2J8_PF08526_1_114_fpocket_1	1435
Q9Y2J8_PF08526_1_114_fpocket_7	1583
Q9Y2J8_PF08527_116_274_fpocket_12	1041
Q9Y2J8_PF08527_116_274_fpocket_2	939
Q9Y2K2_PF00069_66_317_fpocket_3	1811
Q9Y2K2_PF23312_348_385_fpocket_1	40
Q9Y2K5_PF01424_171_222_fpocket_3	1211
Q9Y2K6_PF02148_30_90_fpocket_3	1123
Q9Y2K6_PF06337_817_889_fpocket_1	410
Q9Y2K7_PF02008_565_609_fpocket_1	807
Q9Y2L1_PF13638_68_193_fpocket_3	1454
Q9Y2L1_PF13638_68_193_fpocket_5	873
Q9Y2L1_PF17215_847_918_fpocket_1	62
Q9Y2L1_PF17216_227_319_fpocket_2	101
Q9Y2L1_PF17849_372_438_fpocket_1	227
Q9Y2L5_PF24542_1309_1411_fpocket_1	1681
Q9Y2L5_PF24544_927_1067_fpocket_2	1063
Q9Y2L5_PF24545_699_926_fpocket_18	146
Q9Y2L5_PF24545_699_926_fpocket_6	1223
Q9Y2L6_PF09379_63_123_fpocket_3	682
Q9Y2L6_PF09380_264_364_fpocket_4	1765
Q9Y2M0_PF08774_894_1007_fpocket_1	1309
Q9Y2M0_PF08774_894_1007_fpocket_2	1362
Q9Y2M0_PF21315_374_456_fpocket_3	1077
Q9Y2M0_PF21315_374_456_fpocket_5	1726
Q9Y2M5_PF07707_170_270_fpocket_1	949
Q9Y2P5_PF00501_120_442_fpocket_19	173
Q9Y2P8_PF01137_10_341_fpocket_6	331
Q9Y2P8_PF01137_10_341_fpocket_8	163
Q9Y2P8_PF05189_183_287_fpocket_1	901
Q9Y2P8_PF05189_183_287_fpocket_2	395
Q9Y2Q3_PF01323_7_210_fpocket_1	1474
Q9Y2Q3_PF01323_7_210_fpocket_6	1277
Q9Y2Q5_PF03259_8_95_fpocket_2	618
Q9Y2Q9_PF10246_75_177_fpocket_2	1512
Q9Y2Q9_PF10246_75_177_fpocket_3	1547
Q9Y2R2_PF00102_54_288_fpocket_1	254
Q9Y2R5_PF00366_15_82_fpocket_1	622
Q9Y2R5_PF00366_15_82_fpocket_6	605
Q9Y2R9_PF00177_82_234_fpocket_12	221
Q9Y2R9_PF00177_82_234_fpocket_2	897
Q9Y2S7_PF04379_254_337_fpocket_6	488
Q9Y2S7_PF04379_254_337_fpocket_7	289
Q9Y2S7_PF08755_76_199_fpocket_5	674
Q9Y2T1_PF00778_764_839_fpocket_4	12
Q9Y2T2_PF00928_165_418_fpocket_1	1789
Q9Y2T2_PF01217_1_127_fpocket_4	312
Q9Y2T3_PF01979_74_447_fpocket_13	1228
Q9Y2T7_PF00313_96_162_fpocket_1	1503
Q9Y2U2_PF07885_85_142_fpocket_2	1047
Q9Y2U8_PF03020_10_47_fpocket_2	1689
Q9Y2U8_PF09402_533_748_fpocket_2	1093
Q9Y2V0_PF14811_134_268_fpocket_3	397
Q9Y2V0_PF14811_134_268_fpocket_4	362
Q9Y2V2_PF00313_64_127_fpocket_8	909
Q9Y2W1_PF15440_123_792_fpocket_22	515
Q9Y2W2_PF09429_12_92_fpocket_4	1572
Q9Y2W2_PF09429_12_92_fpocket_6	1386
Q9Y2W3_PF07690_99_311_fpocket_13	598
Q9Y2W6_PF00013_55_117_fpocket_2	608
Q9Y2X0_PF20718_477_665_fpocket_16	1746
Q9Y2X3_PF01798_168_396_fpocket_13	220
Q9Y2X3_PF08156_2_66_fpocket_2	920
Q9Y2X3_PF08156_2_66_fpocket_6	575
Q9Y2X7_PF01412_5_118_fpocket_3	734
Q9Y2Y0_PF11527_20_134_fpocket_4	1
Q9Y2Y1_PF01096_68_107_fpocket_2	229
Q9Y2Y1_PF02150_4_34_fpocket_1	846
Q9Y2Z0_PF04969_173_248_fpocket_2	469
Q9Y2Z0_PF05002_285_365_fpocket_1	1589
Q9Y2Z2_PF01134_38_460_fpocket_2	1126
Q9Y2Z2_PF01134_38_460_fpocket_30	1404
Q9Y2Z2_PF13932_627_683_fpocket_1	53
Q9Y2Z2_PF13932_627_683_fpocket_2	1307
Q9Y2Z2_PF21680_523_617_fpocket_1	782
Q9Y2Z4_PF00579_74_374_fpocket_11	981
Q9Y2Z4_PF00579_74_374_fpocket_16	1718
Q9Y2Z9_PF01494_194_306_fpocket_1	1006
Q9Y303_PF01979_62_401_fpocket_1	1678
Q9Y303_PF01979_62_401_fpocket_7	1381
Q9Y305_PF03061_308_373_fpocket_2	35
Q9Y312_PF20981_17_150_fpocket_1	796
Q9Y312_PF20981_17_150_fpocket_2	97
Q9Y314_PF15906_4_78_fpocket_1	776
Q9Y314_PF15906_4_78_fpocket_2	794
Q9Y315_PF01791_52_273_fpocket_1	276
Q9Y315_PF01791_52_273_fpocket_13	163
Q9Y316_PF01875_9_291_fpocket_5	1068
Q9Y316_PF01875_9_291_fpocket_8	916
Q9Y324_PF04900_92_188_fpocket_6	1513
Q9Y334_PF23560_509_599_fpocket_1	632
Q9Y334_PF23560_509_599_fpocket_3	289
Q9Y334_PF23610_602_719_fpocket_1	113
Q9Y334_PF23610_602_719_fpocket_3	980
Q9Y334_PF23619_726_828_fpocket_1	1018
Q9Y334_PF25106_315_483_fpocket_10	530
Q9Y334_PF25107_84_304_fpocket_1	383
Q9Y334_PF25107_84_304_fpocket_15	1574
Q9Y366_PF21178_360_411_fpocket_1	1597
Q9Y366_PF21178_360_411_fpocket_4	1146
Q9Y366_PF23352_269_349_fpocket_1	104
Q9Y366_PF23355_8_253_fpocket_10	1556
Q9Y366_PF23355_8_253_fpocket_4	1145
Q9Y371_PF03114_19_253_fpocket_15	235
Q9Y375_PF08547_125_298_fpocket_1	471
Q9Y375_PF08547_125_298_fpocket_17	203
Q9Y397_PF01529_137_261_fpocket_7	301
Q9Y399_PF00318_188_259_fpocket_1	159
Q9Y399_PF00318_188_259_fpocket_4	980
Q9Y399_PF00318_84_180_fpocket_2	980
Q9Y3A0_PF05019_38_258_fpocket_10	491
Q9Y3A0_PF05019_38_258_fpocket_4	956
Q9Y3A2_PF03998_13_253_fpocket_15	1633
Q9Y3A4_PF12923_162_280_fpocket_8	970
Q9Y3A4_PF17799_22_90_fpocket_4	623
Q9Y3A4_PF17799_22_90_fpocket_5	583
Q9Y3A5_PF01172_14_100_fpocket_1	296
Q9Y3A5_PF09377_109_170_fpocket_2	1111
Q9Y3A5_PF09377_109_170_fpocket_5	679
Q9Y3A6_PF01105_36_222_fpocket_13	1193
Q9Y3A6_PF01105_36_222_fpocket_2	30
Q9Y3B1_PF04707_15_169_fpocket_1	1237
Q9Y3B2_PF10447_95_135_fpocket_2	263
Q9Y3B2_PF10447_95_135_fpocket_4	440
Q9Y3B2_PF14382_8_41_fpocket_3	1281
Q9Y3B3_PF01105_37_213_fpocket_15	105
Q9Y3B6_PF03665_3_191_fpocket_1	1084
Q9Y3B6_PF03665_3_191_fpocket_3	40
Q9Y3B7_PF00298_84_155_fpocket_1	1825
Q9Y3B7_PF00298_84_155_fpocket_3	1183
Q9Y3B7_PF03946_20_78_fpocket_2	771
Q9Y3B7_PF03946_20_78_fpocket_5	75
Q9Y3B8_PF00929_44_207_fpocket_1	1308
Q9Y3B9_PF07890_92_215_fpocket_1	305
Q9Y3C1_PF09420_14_75_fpocket_6	654
Q9Y3C1_PF09420_14_75_fpocket_9	755
Q9Y3C1_PF09420_70_155_fpocket_1	48
Q9Y3C1_PF09420_70_155_fpocket_4	1503
Q9Y3C4_PF08617_20_173_fpocket_1	218
Q9Y3C4_PF08617_20_173_fpocket_3	1154
Q9Y3C7_PF05669_16_108_fpocket_1	57
Q9Y3C7_PF05669_16_108_fpocket_4	305
Q9Y3C8_PF08694_6_160_fpocket_11	929
Q9Y3C8_PF08694_6_160_fpocket_5	1313
Q9Y3D0_PF01883_45_118_fpocket_1	485
Q9Y3D2_PF01641_58_179_fpocket_2	102
Q9Y3D2_PF01641_58_179_fpocket_7	1047
Q9Y3D3_PF00886_24_84_fpocket_6	1382
Q9Y3D7_PF03656_1_125_fpocket_8	1430
Q9Y3D7_PF03656_1_125_fpocket_9	180
Q9Y3D8_PF13238_6_126_fpocket_8	395
Q9Y3D9_PF10484_2_129_fpocket_10	308
Q9Y3E0_PF04178_14_113_fpocket_1	1084
Q9Y3E0_PF04178_14_113_fpocket_5	254
Q9Y3E1_PF00855_12_91_fpocket_4	977
Q9Y3E2_PF01722_40_113_fpocket_2	519
Q9Y3E5_PF01981_65_179_fpocket_3	1249
Q9Y3E7_PF03357_18_187_fpocket_1	417
Q9Y3I0_PF01139_68_505_fpocket_1	810
Q9Y3I1_PF00646_335_373_fpocket_1	682
Q9Y3L3_PF03114_2_250_fpocket_15	922
Q9Y3L5_PF00071_5_165_fpocket_8	53
Q9Y3M2_PF14645_2_116_fpocket_8	858
Q9Y3M8_PF01852_912_1098_fpocket_7	1548
Q9Y3P4_PF00627_326_359_fpocket_1	428
Q9Y3P4_PF01694_48_183_fpocket_12	828
Q9Y3P4_PF01694_48_183_fpocket_2	850
Q9Y3P9_PF00566_570_772_fpocket_16	1369
Q9Y3P9_PF12473_307_436_fpocket_2	842
Q9Y3Q0_PF02225_161_249_fpocket_3	1106
Q9Y3Q0_PF04253_617_737_fpocket_14	39
Q9Y3Q0_PF04389_347_550_fpocket_2	143
Q9Y3Q3_PF01105_28_205_fpocket_9	1647
Q9Y3Q4_PF00027_614_696_fpocket_3	224
Q9Y3R0_PF17820_503_557_fpocket_4	130
Q9Y3S1_PF12202_474_537_fpocket_1	1737
Q9Y3S1_PF24889_1187_1260_fpocket_2	451
Q9Y3S2_PF06524_1_295_fpocket_1	930
Q9Y3S2_PF06524_1_295_fpocket_5	1214
Q9Y3T6_PF01424_18_78_fpocket_3	1182
Q9Y3T9_PF03715_328_622_fpocket_15	1825
Q9Y3T9_PF03715_328_622_fpocket_9	314
Q9Y3U8_PF01158_4_99_fpocket_4	32
Q9Y3U8_PF01158_4_99_fpocket_6	592
Q9Y3Y4_PF00628_343_395_fpocket_1	97
Q9Y3Z3_PF01966_164_227_fpocket_1	1166
Q9Y3Z3_PF01966_164_227_fpocket_4	722
Q9Y3Z3_PF07647_42_107_fpocket_1	833
Q9Y421_PF08555_3_75_fpocket_2	1619
Q9Y426_PF18696_77_227_fpocket_2	1825
Q9Y426_PF18696_77_227_fpocket_8	516
Q9Y450_PF03143_574_682_fpocket_1	729
Q9Y450_PF03143_574_682_fpocket_2	1285
Q9Y450_PF03144_502_569_fpocket_4	561
Q9Y471_PF13483_34_160_fpocket_1	1828
Q9Y471_PF13483_34_160_fpocket_6	617
Q9Y478_PF04739_201_269_fpocket_1	1650
Q9Y478_PF04739_201_269_fpocket_4	629
Q9Y478_PF16561_79_160_fpocket_5	1583
Q9Y483_PF14061_544_591_fpocket_4	1265
Q9Y483_PF18104_49_84_fpocket_1	907
Q9Y483_PF18104_49_84_fpocket_2	1294
Q9Y485_PF12234_1451_1876_fpocket_41	1093
Q9Y487_PF01496_28_842_fpocket_74	1063
Q9Y490_PF01608_2386_2531_fpocket_3	1407
Q9Y490_PF09141_491_652_fpocket_4	1595
Q9Y490_PF16511_4_83_fpocket_4	885
Q9Y490_PF21692_916_1041_fpocket_3	480
Q9Y490_PF21692_916_1041_fpocket_7	95
Q9Y490_PF21865_1210_1354_fpocket_9	983
Q9Y490_PF21865_1657_1822_fpocket_2	971
Q9Y490_PF21865_1975_2139_fpocket_4	1546
Q9Y490_PF21896_1463_1579_fpocket_2	322
Q9Y490_PF21896_2142_2289_fpocket_2	55
Q9Y490_PF21896_665_754_fpocket_1	593
Q9Y493_PF00094_1156_1307_fpocket_2	598
Q9Y493_PF00629_211_366_fpocket_4	1305
Q9Y493_PF08742_1742_1809_fpocket_4	175
Q9Y493_PF12714_2268_2323_fpocket_1	95
Q9Y4A0_PF04218_4_52_fpocket_1	458
Q9Y4B4_PF00271_726_854_fpocket_2	799
Q9Y4C0_PF02210_713_842_fpocket_9	1184
Q9Y4C1_PF02373_1155_1264_fpocket_2	138
Q9Y4C1_PF22987_183_248_fpocket_1	86
Q9Y4C1_PF22987_183_248_fpocket_4	1581
Q9Y4C1_PF22988_88_177_fpocket_1	256
Q9Y4C1_PF22988_88_177_fpocket_4	760
Q9Y4C2_PF13402_633_888_fpocket_1	1077
Q9Y4C2_PF13402_633_888_fpocket_14	26
Q9Y4C2_PF17291_523_632_fpocket_1	1414
Q9Y4C2_PF17291_523_632_fpocket_3	469
Q9Y4D2_PF01764_394_529_fpocket_4	21
Q9Y4D7_PF01437_549_601_fpocket_1	54
Q9Y4D7_PF01833_981_1063_fpocket_1	1665
Q9Y4D7_PF20170_1541_1652_fpocket_1	75
Q9Y4E5_PF18479_884_1001_fpocket_1	586
Q9Y4E5_PF18479_884_1001_fpocket_9	225
Q9Y4E5_PF23103_311_345_fpocket_1	381
Q9Y4E5_PF23103_311_345_fpocket_2	1471
Q9Y4E5_PF23104_361_385_fpocket_1	34
Q9Y4E5_PF23107_751_809_fpocket_1	1625
Q9Y4E5_PF23107_751_809_fpocket_3	453
Q9Y4E8_PF14533_472_600_fpocket_3	6
Q9Y4E8_PF14836_136_222_fpocket_3	390
Q9Y4F1_PF00169_935_1028_fpocket_2	834
Q9Y4F1_PF00621_544_727_fpocket_10	1663
Q9Y4F3_PF01936_353_490_fpocket_1	24
Q9Y4F3_PF01936_353_490_fpocket_12	1637
Q9Y4F3_PF11608_512_588_fpocket_2	76
Q9Y4F3_PF12872_1102_1167_fpocket_1	1775
Q9Y4F3_PF12872_1411_1479_fpocket_1	1109
Q9Y4F3_PF12872_1411_1479_fpocket_2	1138
Q9Y4F3_PF12872_1486_1556_fpocket_5	97
Q9Y4G2_PF02759_50_181_fpocket_2	1713
Q9Y4G2_PF13901_846_1047_fpocket_1	1055
Q9Y4G2_PF13901_846_1047_fpocket_2	640
Q9Y4G6_PF01608_663_764_fpocket_8	746
Q9Y4G6_PF08913_1850_1974_fpocket_1	1107
Q9Y4G6_PF09141_494_655_fpocket_10	272
Q9Y4G6_PF09141_494_655_fpocket_8	1202
Q9Y4G6_PF09379_92_131_fpocket_2	1224
Q9Y4G6_PF21692_919_1043_fpocket_2	1667
Q9Y4G6_PF21692_919_1043_fpocket_5	44
Q9Y4G6_PF21865_1659_1823_fpocket_2	57
Q9Y4G6_PF21896_1047_1208_fpocket_2	199
Q9Y4G6_PF21896_1047_1208_fpocket_8	794
Q9Y4G6_PF25177_797_912_fpocket_6	966
Q9Y4G8_PF00617_720_898_fpocket_10	1616
Q9Y4I5_PF03638_368_403_fpocket_1	969
Q9Y4J8_PF00569_240_280_fpocket_2	336
Q9Y4J8_PF09068_17_140_fpocket_4	130
Q9Y4K0_PF00530_330_425_fpocket_3	695
Q9Y4K0_PF01186_548_746_fpocket_1	526
Q9Y4K0_PF01186_548_746_fpocket_5	709
Q9Y4K1_PF00030_1431_1500_fpocket_2	1590
Q9Y4K1_PF00030_1533_1612_fpocket_4	1096
Q9Y4K3_PF21355_373_496_fpocket_6	1077
Q9Y4P1_PF03416_40_335_fpocket_4	1065
Q9Y4P9_PF06294_13_108_fpocket_1	357
Q9Y4P9_PF06294_13_108_fpocket_2	488
Q9Y4R7_PF03133_215_502_fpocket_14	982
Q9Y4R8_PF10193_512_620_fpocket_1	1728
Q9Y4U1_PF16690_20_234_fpocket_16	1327
Q9Y4U1_PF16690_20_234_fpocket_9	599
Q9Y4W2_PF04031_43_186_fpocket_5	1144
Q9Y4W6_PF01434_562_743_fpocket_12	123
Q9Y4W6_PF01434_562_743_fpocket_4	1485
Q9Y4W6_PF06480_157_240_fpocket_1	1571
Q9Y4X5_PF19422_412_524_fpocket_3	863
Q9Y4X5_PF21235_111_151_fpocket_1	1167
Q9Y4Y9_PF01423_17_84_fpocket_1	78
Q9Y512_PF01103_151_468_fpocket_2	711
Q9Y512_PF01103_151_468_fpocket_7	341
Q9Y535_PF03876_9_64_fpocket_2	1295
Q9Y535_PF03876_9_64_fpocket_3	561
Q9Y535_PF08292_83_201_fpocket_1	1271
Q9Y535_PF08292_83_201_fpocket_5	977
Q9Y536_PF00160_7_162_fpocket_1	852
Q9Y543_PF00010_14_70_fpocket_5	1356
Q9Y543_PF07527_85_123_fpocket_1	1786
Q9Y543_PF07527_85_123_fpocket_2	845
Q9Y547_PF00754_18_125_fpocket_4	1184
Q9Y548_PF04893_101_273_fpocket_4	569
Q9Y566_PF17820_703_748_fpocket_2	636
Q9Y570_PF12697_79_362_fpocket_1	981
Q9Y573_PF07707_139_240_fpocket_2	334
Q9Y584_PF02466_69_186_fpocket_7	228
Q9Y586_PF03281_62_243_fpocket_7	1354
Q9Y597_PF02214_20_105_fpocket_2	1786
Q9Y5A7_PF18037_82_158_fpocket_3	342
Q9Y5A7_PF26285_8_69_fpocket_2	1631
Q9Y5A9_PF04146_411_544_fpocket_4	111
Q9Y5B0_PF00533_660_715_fpocket_3	770
Q9Y5B0_PF03031_184_321_fpocket_5	497
Q9Y5B0_PF26077_19_113_fpocket_1	151
Q9Y5B6_PF07842_596_807_fpocket_12	1011
Q9Y5B6_PF07842_596_807_fpocket_8	1084
Q9Y5B8_PF00334_239_372_fpocket_5	1834
Q9Y5B8_PF25364_1_87_fpocket_5	473
Q9Y5B9_PF00557_182_411_fpocket_1	813
Q9Y5B9_PF00557_182_411_fpocket_2	1754
Q9Y5B9_PF08512_813_895_fpocket_1	750
Q9Y5B9_PF08512_813_895_fpocket_2	388
Q9Y5B9_PF14826_5_166_fpocket_1	348
Q9Y5B9_PF14826_5_166_fpocket_2	1645
Q9Y5B9_PF24824_661_787_fpocket_7	1263
Q9Y5B9_PF24824_661_787_fpocket_8	523
Q9Y5E1_PF00028_456_552_fpocket_3	1449
Q9Y5E1_PF00028_580_661_fpocket_6	1226
Q9Y5E2_PF08266_31_112_fpocket_1	1310
Q9Y5E3_PF16492_683_766_fpocket_7	1161
Q9Y5E5_PF00028_579_660_fpocket_1	709
Q9Y5E5_PF00028_579_660_fpocket_6	1789
Q9Y5E5_PF08266_30_110_fpocket_3	352
Q9Y5E9_PF08266_31_112_fpocket_3	1691
Q9Y5E9_PF08266_31_112_fpocket_4	141
Q9Y5F2_PF16492_685_768_fpocket_2	363
Q9Y5F3_PF00028_459_553_fpocket_2	147
Q9Y5G2_PF08266_32_112_fpocket_2	1703
Q9Y5G4_PF00028_140_233_fpocket_3	630
Q9Y5G6_PF16492_688_772_fpocket_2	667
Q9Y5G8_PF00028_583_664_fpocket_4	1560
Q9Y5G9_PF16492_720_802_fpocket_5	18
Q9Y5H1_PF00028_583_664_fpocket_3	766
Q9Y5H1_PF16492_688_772_fpocket_5	1586
Q9Y5H2_PF00028_458_553_fpocket_1	1080
Q9Y5H3_PF00028_144_236_fpocket_3	12
Q9Y5H4_PF16492_688_772_fpocket_4	1436
Q9Y5H5_PF08266_30_111_fpocket_5	96
Q9Y5H8_PF00028_359_445_fpocket_2	167
Q9Y5I2_PF00028_586_668_fpocket_3	1372
Q9Y5I4_PF00028_262_355_fpocket_3	962
Q9Y5I4_PF08266_43_127_fpocket_10	141
Q9Y5J6_PF02953_6_68_fpocket_2	1233
Q9Y5J7_PF02953_9_69_fpocket_1	453
Q9Y5K1_PF04406_109_170_fpocket_1	368
Q9Y5K1_PF04406_109_170_fpocket_2	32
Q9Y5K1_PF21180_219_390_fpocket_4	341
Q9Y5K1_PF21180_219_390_fpocket_7	1090
Q9Y5K3_PF01467_80_208_fpocket_4	879
Q9Y5K5_PF01088_8_209_fpocket_12	333
Q9Y5K5_PF18031_265_309_fpocket_2	415
Q9Y5K5_PF18031_265_309_fpocket_3	917
Q9Y5K8_PF01813_17_207_fpocket_12	259
Q9Y5L2_PF15220_1_63_fpocket_1	943
Q9Y5L2_PF15220_1_63_fpocket_2	62
Q9Y5L3_PF01150_38_450_fpocket_11	41
Q9Y5L4_PF02953_25_85_fpocket_1	1182
Q9Y5L5_PF15221_1_61_fpocket_1	998
Q9Y5M8_PF09439_62_241_fpocket_1	1121
Q9Y5M8_PF09439_62_241_fpocket_2	1425
Q9Y5N5_PF05175_29_127_fpocket_1	1276
Q9Y5N5_PF05175_29_127_fpocket_3	120
Q9Y5N6_PF05460_7_93_fpocket_1	423
Q9Y5N6_PF05460_7_93_fpocket_4	904
Q9Y5N6_PF21913_96_182_fpocket_1	1259
Q9Y5P0_PF13853_29_305_fpocket_19	703
Q9Y5P4_PF01852_415_618_fpocket_13	748
Q9Y5P4_PF01852_415_618_fpocket_4	1426
Q9Y5P6_PF00483_2_230_fpocket_1	979
Q9Y5P8_PF21161_147_206_fpocket_3	931
Q9Y5Q0_PF00487_158_416_fpocket_18	638
Q9Y5Q0_PF00487_158_416_fpocket_19	1613
Q9Y5Q8_PF09734_168_322_fpocket_3	481
Q9Y5Q8_PF17682_25_132_fpocket_2	1856
Q9Y5Q8_PF17682_25_132_fpocket_4	293
Q9Y5R4_PF17827_43_115_fpocket_1	539
Q9Y5R4_PF17827_43_115_fpocket_3	1373
Q9Y5R8_PF04099_3_136_fpocket_1	858
Q9Y5R8_PF04099_3_136_fpocket_5	978
Q9Y5S2_PF25346_1089_1215_fpocket_4	1763
Q9Y5S8_PF08022_295_388_fpocket_5	418
Q9Y5S8_PF08030_395_544_fpocket_7	602
Q9Y5U2_PF15264_95_210_fpocket_1	233
Q9Y5W5_PF02019_38_171_fpocket_6	610
Q9Y5W5_PF02019_38_171_fpocket_9	1770
Q9Y5W7_PF02194_130_298_fpocket_3	3
Q9Y5W7_PF08628_807_910_fpocket_1	545
Q9Y5W8_PF02194_98_278_fpocket_8	198
Q9Y5X1_PF10456_358_592_fpocket_17	1414
Q9Y5X2_PF00787_98_177_fpocket_9	954
Q9Y5X2_PF19566_193_440_fpocket_2	620
Q9Y5X2_PF19566_193_440_fpocket_8	1274
Q9Y5Y3_PF00001_51_324_fpocket_22	221
Q9Y5Y5_PF08610_10_329_fpocket_18	1266
Q9Y5Y9_PF00520_129_407_fpocket_8	1493
Q9Y5Z4_PF04832_21_194_fpocket_6	1061
Q9Y5Z6_PF01762_93_281_fpocket_14	610
Q9Y5Z9_PF01040_62_314_fpocket_14	770
Q9Y605_PF15155_1_127_fpocket_2	1350
Q9Y605_PF15155_1_127_fpocket_8	596
Q9Y608_PF09738_31_74_fpocket_1	1258
Q9Y608_PF09738_31_74_fpocket_2	449
Q9Y608_PF09738_458_646_fpocket_2	242
Q9Y613_PF02181_618_987_fpocket_2	97
Q9Y613_PF02181_618_987_fpocket_22	12
Q9Y613_PF18382_17_101_fpocket_5	1184
Q9Y614_PF00022_48_415_fpocket_20	1002
Q9Y615_PF00022_69_435_fpocket_22	1751
Q9Y617_PF00266_8_357_fpocket_2	936
Q9Y617_PF00266_8_357_fpocket_7	885
Q9Y618_PF00249_614_657_fpocket_4	674
Q9Y618_PF15784_142_229_fpocket_2	1436
Q9Y620_PF00176_299_595_fpocket_1	125
Q9Y625_PF01153_22_535_fpocket_7	1010
Q9Y644_PF02434_55_305_fpocket_1	1414
Q9Y651_PF00505_8_76_fpocket_1	1072
Q9Y653_PF00002_403_654_fpocket_6	268
Q9Y653_PF18587_29_162_fpocket_5	1777
Q9Y657_PF02513_54_102_fpocket_1	1760
Q9Y657_PF02513_54_102_fpocket_3	962
Q9Y662_PF00685_138_373_fpocket_1	1486
Q9Y663_PF00685_153_388_fpocket_2	759
Q9Y666_PF00324_418_695_fpocket_6	181
Q9Y672_PF03155_16_488_fpocket_23	1093
Q9Y676_PF01084_112_163_fpocket_1	606
Q9Y676_PF01084_112_163_fpocket_4	225
Q9Y678_PF08752_612_759_fpocket_12	186
Q9Y678_PF08752_612_759_fpocket_8	507
Q9Y680_PF00254_46_141_fpocket_6	1030
Q9Y680_PF13202_194_214_fpocket_1	913
Q9Y691_PF03185_39_229_fpocket_1	1574
Q9Y691_PF03185_39_229_fpocket_5	364
Q9Y692_PF25892_251_361_fpocket_2	259
Q9Y693_PF10242_9_193_fpocket_2	249
Q9Y696_PF22441_17_102_fpocket_3	753
Q9Y6A1_PF02815_341_494_fpocket_9	1580
Q9Y6A1_PF16192_542_740_fpocket_1	131
Q9Y6A4_PF05018_1_184_fpocket_1	190
Q9Y6A9_PF06645_79_148_fpocket_1	56
Q9Y6C2_PF07546_57_126_fpocket_1	96
Q9Y6D5_PF20252_1554_1759_fpocket_7	599
Q9Y6D6_PF01369_698_882_fpocket_2	18
Q9Y6D6_PF01369_698_882_fpocket_9	1560
Q9Y6D6_PF09324_1220_1301_fpocket_4	172
Q9Y6D6_PF20252_1622_1827_fpocket_20	4
Q9Y6E0_PF20929_375_429_fpocket_1	569
Q9Y6F1_PF02877_183_319_fpocket_3	36
Q9Y6F1_PF02877_183_319_fpocket_4	555
Q9Y6F1_PF05406_66_143_fpocket_1	159
Q9Y6F1_PF05406_66_143_fpocket_3	229
Q9Y6F7_PF00378_295_537_fpocket_11	270
Q9Y6F7_PF00378_295_537_fpocket_12	585
Q9Y6F7_PF00385_6_57_fpocket_3	462
Q9Y6G3_PF10210_48_142_fpocket_1	1821
Q9Y6H3_PF09768_50_219_fpocket_1	85
Q9Y6H3_PF09768_50_219_fpocket_4	1721
Q9Y6H5_PF16700_512_555_fpocket_1	709
Q9Y6H5_PF16700_512_555_fpocket_2	1178
Q9Y6H6_PF02060_43_98_fpocket_4	1436
Q9Y6I7_PF07525_383_417_fpocket_1	74
Q9Y6I8_PF02466_26_132_fpocket_5	240
Q9Y6J8_PF00782_168_298_fpocket_7	807
Q9Y6J9_PF02969_10_73_fpocket_4	395
Q9Y6K1_PF17980_475_530_fpocket_1	1718
Q9Y6K1_PF21255_537_586_fpocket_1	1182
Q9Y6K1_PF22855_4_284_fpocket_7	546
Q9Y6K5_PF10421_560_744_fpocket_1	387
Q9Y6K5_PF10421_904_1085_fpocket_2	1193
Q9Y6K9_PF11577_44_111_fpocket_1	395
Q9Y6K9_PF11577_44_111_fpocket_3	13
Q9Y6K9_PF18414_393_418_fpocket_1	427
Q9Y6L6_PF03137_29_621_fpocket_38	643
Q9Y6L6_PF07648_460_506_fpocket_1	1100
Q9Y6L6_PF07648_460_506_fpocket_2	246
Q9Y6L7_PF00431_351_460_fpocket_2	1088
Q9Y6L7_PF00431_351_460_fpocket_5	972
Q9Y6L7_PF00431_620_729_fpocket_3	694
Q9Y6L7_PF01400_159_346_fpocket_6	4
Q9Y6M5_PF01545_12_272_fpocket_2	896
Q9Y6M5_PF16916_348_420_fpocket_1	432
Q9Y6M5_PF16916_348_420_fpocket_6	1808
Q9Y6M7_PF00955_580_1139_fpocket_3	662
Q9Y6M7_PF07565_403_531_fpocket_4	80
Q9Y6M7_PF07565_403_531_fpocket_8	1057
Q9Y6M9_PF05347_14_72_fpocket_1	1395
Q9Y6N5_PF07992_44_160_fpocket_5	621
Q9Y6N6_PF00052_541_671_fpocket_3	636
Q9Y6N6_PF24973_271_314_fpocket_4	136
Q9Y6N9_PF21219_3_76_fpocket_2	1655
Q9Y6Q1_PF01067_358_487_fpocket_2	517
Q9Y6Q1_PF01067_358_487_fpocket_4	822
Q9Y6Q3_PF23561_574_599_fpocket_2	191
Q9Y6Q5_PF01217_5_135_fpocket_2	1772
Q9Y6Q6_PF18278_89_129_fpocket_1	1262
Q9Y6Q6_PF18278_89_129_fpocket_2	1323
Q9Y6Q9_PF14598_265_374_fpocket_5	139
Q9Y6R0_PF00640_80_201_fpocket_1	1386
Q9Y6R1_PF00955_441_1006_fpocket_6	1820
Q9Y6R7_PF00094_1252_1406_fpocket_1	1250
Q9Y6R7_PF00094_2072_2222_fpocket_2	298
Q9Y6R7_PF00094_2453_2607_fpocket_2	760
Q9Y6R7_PF00094_2874_3033_fpocket_1	226
Q9Y6R7_PF00094_3273_3423_fpocket_3	71
Q9Y6R7_PF00094_4075_4234_fpocket_4	1596
Q9Y6R7_PF00094_4856_5002_fpocket_6	514
Q9Y6R7_PF01826_3934_3987_fpocket_3	355
Q9Y6R7_PF01826_745_799_fpocket_1	1581
Q9Y6R7_PF08742_1878_1947_fpocket_2	514
Q9Y6R7_PF08742_2266_2334_fpocket_1	237
Q9Y6R7_PF08742_3862_3931_fpocket_1	1607
Q9Y6R7_PF12714_1586_1639_fpocket_2	1749
Q9Y6R7_PF12714_3592_3646_fpocket_1	1677
Q9Y6R7_PF12714_3988_4041_fpocket_1	242
Q9Y6R7_PF17517_131_419_fpocket_1	694
Q9Y6R7_PF17517_131_419_fpocket_12	945
Q9Y6T7_PF00130_245_295_fpocket_3	5
Q9Y6U3_PF00626_526_590_fpocket_1	304
Q9Y6U3_PF00626_526_590_fpocket_6	304
Q9Y6U3_PF00626_628_703_fpocket_2	898
Q9Y6W3_PF00648_254_534_fpocket_2	882
Q9Y6W3_PF01067_693_799_fpocket_2	1740
Q9Y6X2_PF02891_323_371_fpocket_1	290
Q9Y6X2_PF14324_127_278_fpocket_2	10
Q9Y6X5_PF01663_28_339_fpocket_4	1063
Q9Y6X8_PF00046_537_581_fpocket_1	856
Q9Y6X8_PF00046_636_681_fpocket_1	1608
Q9Y6X9_PF17942_329_451_fpocket_3	1119
Q9Y6X9_PF17942_329_451_fpocket_5	661
Q9Y6X9_PF23327_792_855_fpocket_2	1225
Q9Y6Y1_PF03859_70_182_fpocket_6	981
Q9Y6Y8_PF00536_644_701_fpocket_1	987
Q9Y6Y8_PF02825_272_342_fpocket_1	1090
Q9Y6Y9_PF02221_32_151_fpocket_2	3
Q9Y6Y9_PF02221_32_151_fpocket_7	1533
