Pfam domain	Pocket	Included pockets
PF00293	0	P0C024_PF00293_41_156_pocket_1,Q8IU60_PF00293_98_210_pocket_1
PF00293	1	O95989_PF00293_20_139_pocket_0,P0C024_PF00293_41_156_pocket_0,P36639_PF00293_7_126_pocket_0,P50583_PF00293_20_129_pocket_0,Q8IU60_PF00293_98_210_pocket_0,Q9NV35_PF00293_13_132_pocket_0
PF00293	2	P36639_PF00293_7_126_pocket_1
PF01433	0	P09960_PF01433_235_440_pocket_0,P15144_PF01433_316_543_pocket_0,Q07075_PF01433_321_538_pocket_0,Q6P179_PF01433_298_502_pocket_0,Q9NZ08_PF01433_281_484_pocket_0,Q9UIQ6_PF01433_392_610_pocket_0
PF00018	0	Q99469_PF00018_291_336_pocket_0
PF00202	0	P04181_PF00202_50_436_pocket_0,Q8TBG4_PF00202_31_433_pocket_0
PF01896	0	P49642_PF01896_108_335_pocket_0
PF13469	0	O60507_PF13469_70_262_pocket_0,O60704_PF13469_69_262_pocket_0
PF01725	0	Q9BY32_PF01725_10_188_pocket_0
PF11838	0	Q9NZ08_PF11838_597_916_pocket_0
PF13833	0	P63316_PF13833_32_84_pocket_0
PF03522	0	P55017_PF03522_655_790_pocket_0,Q9UP95_PF03522_709_824_pocket_0
PF15024	0	Q09328_PF15024_172_726_pocket_1
PF15024	1	Q09328_PF15024_172_726_pocket_0
PF00576	0	P02766_PF00576_34_138_pocket_0
PF00152	0	O43776_PF00152_226_541_pocket_0,Q15046_PF00152_222_573_pocket_0
PF00152	1	Q15046_PF00152_222_573_pocket_1
PF00632	0	Q9HAU4_PF00632_444_747_pocket_0,Q9HCE7_PF00632_450_756_pocket_0
PF00632	1	P46934_PF00632_1014_1316_pocket_0
PF09258	0	O43909_PF09258_663_904_pocket_0,Q93063_PF09258_456_701_pocket_0
PF01055	0	O43451_PF01055_370_726_pocket_1,P10253_PF01055_361_712_pocket_0,P10253_PF01055_361_712_pocket_1
PF01055	1	O43451_PF01055_370_726_pocket_0,P14410_PF01055_345_702_pocket_0
PF00730	0	O15527_PF00730_143_285_pocket_0
PF07992	0	P09622_PF07992_43_370_pocket_0,P09622_PF07992_43_370_pocket_2,Q16881_PF07992_163_500_pocket_0,Q9BRQ8_PF07992_13_298_pocket_0,Q9Y6N5_PF07992_44_160_pocket_0
PF07992	1	P09622_PF07992_43_370_pocket_1,Q16881_PF07992_163_500_pocket_1,Q9BRQ8_PF07992_13_298_pocket_1
PF02350	0	Q9Y223_PF02350_37_375_pocket_0,Q9Y223_PF02350_37_375_pocket_1
PF00074	0	P10153_PF00074_33_158_pocket_0,P34096_PF00074_33_146_pocket_0,Q93091_PF00074_29_147_pocket_0
PF08007	0	Q9H6W3_PF08007_298_425_pocket_0
PF00300	0	P18669_PF00300_6_128_pocket_0
PF10436	0	Q15118_PF10436_56_220_pocket_0,Q15119_PF10436_30_192_pocket_1
PF10436	1	Q15119_PF10436_30_192_pocket_0
PF10436	2	O14874_PF10436_70_222_pocket_0
PF01553	0	Q9HCL2_PF01553_220_355_pocket_0,Q9HCL2_PF01553_220_355_pocket_1
PF01553	1	Q9HCL2_PF01553_220_355_pocket_2
PF02785	0	O00763_PF02785_651_757_pocket_0
PF01496	0	Q93050_PF01496_27_827_pocket_0
PF00349	0	P35557_PF00349_16_215_pocket_0
PF07885	0	P57789_PF07885_244_323_pocket_0,Q5JUK3_PF07885_260_327_pocket_0,Q9Y257_PF07885_181_257_pocket_0
PF07885	1	P57789_PF07885_244_323_pocket_1
PF14798	0	Q8N5C1_PF14798_1_250_pocket_0
PF14798	1	Q8IU99_PF14798_2_255_pocket_0
PF00782	0	Q9Y6W6_PF00782_329_460_pocket_0
PF00782	1	P51452_PF00782_37_175_pocket_0
PF07065	0	O75794_PF07065_14_314_pocket_0
PF01066	0	Q9Y6K0_PF01066_82_228_pocket_1
PF01066	1	Q9Y6K0_PF01066_82_228_pocket_0
PF03414	0	P16442_PF03414_41_353_pocket_2
PF03414	1	P16442_PF03414_41_353_pocket_1
PF03414	2	P16442_PF03414_41_353_pocket_0
PF02146	0	Q8IXJ6_PF02146_84_268_pocket_2,Q8N6T7_PF02146_86_221_pocket_1,Q96EB6_PF02146_261_447_pocket_2,Q9NTG7_PF02146_145_326_pocket_3,Q9NXA8_PF02146_58_256_pocket_0,Q9NXA8_PF02146_58_256_pocket_2
PF02146	1	Q8IXJ6_PF02146_84_268_pocket_1,Q8N6T7_PF02146_86_221_pocket_0,Q96EB6_PF02146_261_447_pocket_1,Q9NTG7_PF02146_145_326_pocket_0,Q9NTG7_PF02146_145_326_pocket_2
PF02146	2	Q8IXJ6_PF02146_84_268_pocket_0,Q96EB6_PF02146_261_447_pocket_0,Q9NTG7_PF02146_145_326_pocket_1,Q9NXA8_PF02146_58_256_pocket_1
PF01208	0	P06132_PF01208_15_360_pocket_0
PF00413	0	O60882_PF00413_116_271_pocket_0,P03956_PF00413_108_261_pocket_0,P08254_PF00413_108_264_pocket_0,P09237_PF00413_103_259_pocket_0,P09238_PF00413_107_263_pocket_0,P22894_PF00413_107_262_pocket_0,P39900_PF00413_109_263_pocket_0,P51512_PF00413_126_291_pocket_0
PF00413	1	P22894_PF00413_107_262_pocket_1,P45452_PF00413_112_267_pocket_0
PF00413	2	P22894_PF00413_107_262_pocket_2
PF00413	3	P08254_PF00413_108_264_pocket_1
PF02263	0	P32455_PF02263_19_282_pocket_0,P32456_PF02263_19_280_pocket_0,Q6DD88_PF02263_37_305_pocket_0,Q8WXF7_PF02263_43_313_pocket_0,Q96PP8_PF02263_18_280_pocket_0
PF01126	0	P09601_PF01126_12_216_pocket_0,P30519_PF01126_32_236_pocket_1
PF01126	1	P09601_PF01126_12_216_pocket_1,P30519_PF01126_32_236_pocket_0
PF12148	0	Q96T88_PF12148_133_284_pocket_1
PF12148	1	Q96T88_PF12148_133_284_pocket_0
PF03062	0	O75907_PF03062_155_474_pocket_0,P35610_PF03062_171_520_pocket_2,Q5VTY9_PF03062_125_441_pocket_0
PF03062	1	Q5VTY9_PF03062_125_441_pocket_1
PF03062	2	O75908_PF03062_151_494_pocket_0,O75908_PF03062_151_494_pocket_2,P35610_PF03062_171_520_pocket_1,Q5VTY9_PF03062_125_441_pocket_2
PF03062	3	O75907_PF03062_155_474_pocket_1
PF03062	4	P35610_PF03062_171_520_pocket_3
PF03062	5	O75908_PF03062_151_494_pocket_3,P35610_PF03062_171_520_pocket_0
PF03062	6	O75908_PF03062_151_494_pocket_1
PF03477	0	P23921_PF03477_1_89_pocket_0
PF04389	0	Q16769_PF04389_122_352_pocket_0,Q9NXS2_PF04389_150_374_pocket_0,Q9Y3Q0_PF04389_347_550_pocket_0
PF18102	0	Q86UW9_PF18102_480_614_pocket_0,Q86Y01_PF18102_479_613_pocket_0
PF01179	0	P19801_PF01179_301_708_pocket_0,Q16853_PF01179_316_716_pocket_0
PF01179	1	P19801_PF01179_301_708_pocket_1
PF18707	0	P14784_PF18707_32_123_pocket_0
PF03747	0	P54922_PF03747_6_324_pocket_0,Q9NX46_PF03747_25_337_pocket_0
PF02136	0	Q13283_PF02136_11_133_pocket_0
PF00850	0	P56524_PF00850_675_992_pocket_0,Q8WUI4_PF00850_541_859_pocket_0,Q92769_PF00850_29_319_pocket_0,Q9BY41_PF00850_35_320_pocket_0
PF00850	1	Q92769_PF00850_29_319_pocket_2
PF00850	2	Q92769_PF00850_29_319_pocket_1
PF00462	0	Q86SX6_PF00462_54_119_pocket_0
PF02441	0	Q96CD2_PF02441_19_194_pocket_0
PF02777	0	P04179_PF02777_113_216_pocket_0,P04179_PF02777_113_216_pocket_1,P04179_PF02777_113_216_pocket_3
PF02777	1	P04179_PF02777_113_216_pocket_2
PF00940	0	O00411_PF00940_831_1205_pocket_0
PF02423	0	Q14894_PF02423_4_313_pocket_0
PF04670	0	Q7L523_PF04670_9_235_pocket_0,Q9HB90_PF04670_63_289_pocket_0
PF00654	0	P51788_PF00654_146_546_pocket_0
PF01180	0	Q02127_PF01180_77_377_pocket_3,Q02127_PF01180_77_377_pocket_4
PF01180	1	Q02127_PF01180_77_377_pocket_2
PF01180	2	Q02127_PF01180_77_377_pocket_0
PF18139	0	O94759_PF18139_141_397_pocket_0
PF06237	0	Q9HAB3_PF06237_10_435_pocket_0
PF17286	0	O14744_PF17286_467_635_pocket_0
PF00120	0	P15104_PF00120_114_356_pocket_0
PF04777	0	O00391_PF04777_405_504_pocket_0,P55789_PF04777_104_196_pocket_0
PF00591	0	P19971_PF00591_110_340_pocket_0
PF00488	0	P43246_PF00488_666_852_pocket_0
PF02275	0	Q02083_PF02275_126_255_pocket_0,Q13510_PF02275_143_384_pocket_0
PF03366	0	O95619_PF03366_42_121_pocket_0,P42568_PF03366_28_107_pocket_0,Q03111_PF03366_28_107_pocket_0,Q03111_PF03366_28_107_pocket_1
PF00156	0	P00492_PF00156_42_195_pocket_0,P07741_PF00156_33_158_pocket_0,P11172_PF00156_46_162_pocket_0,Q9NRG1_PF00156_47_202_pocket_0
PF02267	0	P28907_PF02267_56_296_pocket_0,Q10588_PF02267_41_280_pocket_0
PF03109	0	Q8NI60_PF03109_300_538_pocket_0
PF01400	0	P13497_PF01400_130_317_pocket_1,Q16819_PF01400_75_257_pocket_0,Q16820_PF01400_70_253_pocket_0
PF01400	1	P13497_PF01400_130_317_pocket_0
PF00258	0	P16435_PF00258_82_219_pocket_0,P35228_PF00258_541_672_pocket_0,Q9UHB4_PF00258_8_145_pocket_0
PF01926	0	O43824_PF01926_297_390_pocket_0,Q13823_PF01926_313_399_pocket_0
PF01210	0	P21695_PF01210_5_172_pocket_0,Q8N335_PF01210_7_174_pocket_0
PF00443	0	P54578_PF00443_105_480_pocket_0,Q93009_PF00443_214_518_pocket_0
PF00443	1	Q93009_PF00443_214_518_pocket_2
PF00443	2	Q93009_PF00443_214_518_pocket_1
PF02167	0	P08574_PF02167_96_312_pocket_0
PF00350	0	O00429_PF00350_28_217_pocket_0,O60313_PF00350_291_469_pocket_0,O95140_PF00350_99_258_pocket_0,P20591_PF00350_73_248_pocket_0,Q05193_PF00350_34_207_pocket_0,Q8IWA4_PF00350_78_237_pocket_0
PF01301	0	P16278_PF01301_40_356_pocket_0
PF00193	0	P98066_PF00193_36_128_pocket_0
PF00485	0	Q9BZX2_PF00485_22_217_pocket_1,Q9HA47_PF00485_25_218_pocket_0
PF00485	1	Q9BZX2_PF00485_22_217_pocket_0
PF13869	0	O43809_PF13869_36_222_pocket_1
PF13869	1	O43809_PF13869_36_222_pocket_0
PF00106	0	P14061_PF00106_5_196_pocket_1,P15428_PF00106_6_198_pocket_0,P28845_PF00106_35_226_pocket_0,P35270_PF00106_9_211_pocket_1
PF00106	1	P35270_PF00106_9_211_pocket_2
PF00106	2	O75828_PF00106_6_148_pocket_0,P09417_PF00106_13_194_pocket_0,P14061_PF00106_5_196_pocket_0,P15428_PF00106_6_198_pocket_1,P16152_PF00106_7_146_pocket_0,P35270_PF00106_9_211_pocket_0,P51659_PF00106_10_196_pocket_0,Q6UWP2_PF00106_13_210_pocket_0,Q6YN16_PF00106_12_198_pocket_0,Q7Z5P4_PF00106_38_228_pocket_0,Q99714_PF00106_12_211_pocket_0
PF00117	0	Q9NRF8_PF00117_310_539_pocket_0
PF02629	0	P53597_PF02629_53_146_pocket_0
PF05063	0	Q86U44_PF05063_389_550_pocket_0,Q9HCE5_PF05063_186_362_pocket_0
PF01591	0	O60825_PF01591_27_249_pocket_0,P16118_PF01591_31_251_pocket_0,Q16875_PF01591_26_246_pocket_0
PF01591	1	Q16875_PF01591_26_246_pocket_1,Q16875_PF01591_26_246_pocket_2
PF21895	0	P42898_PF21895_344_644_pocket_1
PF21895	1	P42898_PF21895_344_644_pocket_0
PF00456	0	P29401_PF00456_17_269_pocket_0
PF01534	0	Q99835_PF01534_221_551_pocket_0,Q99835_PF01534_221_551_pocket_1
PF01534	1	Q99835_PF01534_221_551_pocket_2
PF02841	0	P32455_PF02841_284_580_pocket_0
PF01028	0	P11387_PF01028_432_664_pocket_0
PF01398	0	Q92905_PF01398_52_163_pocket_0
PF00081	0	P04179_PF00081_25_106_pocket_0,P04179_PF00081_25_106_pocket_3
PF00081	1	P04179_PF00081_25_106_pocket_2
PF00081	2	P04179_PF00081_25_106_pocket_1
PF13640	0	Q96KS0_PF13640_283_374_pocket_0,Q9GZT9_PF13640_299_390_pocket_0
PF13520	0	Q01650_PF13520_51_467_pocket_1
PF13520	1	Q01650_PF13520_51_467_pocket_0
PF01583	0	O43252_PF01583_51_203_pocket_1,O95340_PF01583_41_192_pocket_0
PF01583	1	O43252_PF01583_51_203_pocket_0,O95340_PF01583_41_192_pocket_1
PF01323	0	Q9Y2Q3_PF01323_7_210_pocket_0
PF00452	0	P10415_PF00452_97_195_pocket_1,Q07820_PF00452_213_312_pocket_0,Q16548_PF00452_37_140_pocket_0
PF00452	1	P10415_PF00452_97_195_pocket_0,Q07817_PF00452_90_188_pocket_0
PF00078	0	O00370_PF00078_517_773_pocket_0,Q9UQG0_PF00078_76_245_pocket_0
PF02991	0	Q9GZQ8_PF02991_15_120_pocket_1,Q9H492_PF02991_16_120_pocket_1
PF02991	1	Q9GZQ8_PF02991_15_120_pocket_0,Q9H492_PF02991_16_120_pocket_0
PF00009	0	O60841_PF00009_632_843_pocket_0,P13639_PF00009_18_229_pocket_0,P15170_PF00009_72_271_pocket_0,P41091_PF00009_41_244_pocket_0,P46199_PF00009_182_341_pocket_0,P49411_PF00009_58_251_pocket_0,P57772_PF00009_8_211_pocket_0,P68104_PF00009_5_237_pocket_0,Q15029_PF00009_129_365_pocket_0,Q969S9_PF00009_69_351_pocket_0,Q96RP9_PF00009_44_319_pocket_0,Q9Y450_PF00009_258_476_pocket_0
PF00448	0	P08240_PF00448_419_636_pocket_0,P61011_PF00448_102_296_pocket_0
PF00503	0	P08754_PF00503_14_343_pocket_0,P29992_PF00503_19_348_pocket_0,P50148_PF00503_20_348_pocket_0,P63092_PF00503_21_383_pocket_0,P63096_PF00503_14_343_pocket_0
PF00503	1	P29992_PF00503_19_348_pocket_1
PF04548	0	Q8NHV1_PF04548_9_215_pocket_0,Q8WWP7_PF04548_28_229_pocket_0,Q96F15_PF04548_28_230_pocket_0,Q9NUV9_PF04548_31_238_pocket_0,Q9UG22_PF04548_23_227_pocket_0
PF00378	0	P30084_PF00378_43_290_pocket_0,P42126_PF00378_54_298_pocket_0
PF04768	0	Q8N159_PF04768_357_519_pocket_0
PF16497	0	P29016_PF16497_1_198_pocket_1,P29017_PF16497_1_197_pocket_0,P29017_PF16497_1_197_pocket_1,Q9UNN8_PF16497_8_192_pocket_1
PF16497	1	P06126_PF16497_1_196_pocket_0,P15813_PF16497_1_198_pocket_0,P29016_PF16497_1_198_pocket_0,P29017_PF16497_1_197_pocket_3,Q9UNN8_PF16497_8_192_pocket_0
PF16497	2	P15813_PF16497_1_198_pocket_1,P29017_PF16497_1_197_pocket_2
PF01269	0	P22087_PF01269_88_314_pocket_0
PF01812	0	P49914_PF01812_10_198_pocket_0,P49914_PF01812_10_198_pocket_1
PF00510	0	P00414_PF00510_6_261_pocket_0
PF01063	0	O15382_PF01063_100_350_pocket_0,P54687_PF01063_94_343_pocket_0,P54687_PF01063_94_343_pocket_1
PF01063	1	O15382_PF01063_100_350_pocket_1
PF00648	0	P07384_PF00648_56_352_pocket_0,P20807_PF00648_75_415_pocket_0
PF07786	0	Q68CP4_PF07786_267_389_pocket_1
PF07786	1	Q68CP4_PF07786_267_389_pocket_0
PF01229	0	P35475_PF01229_30_525_pocket_0
PF01408	0	P53004_PF01408_9_125_pocket_0
PF03403	0	Q13093_PF03403_49_416_pocket_1
PF03403	1	Q13093_PF03403_49_416_pocket_0
PF03133	0	Q6ZT98_PF03133_90_378_pocket_0,Q8NG68_PF03133_85_365_pocket_0
PF04127	0	Q9HAB8_PF04127_171_268_pocket_0,Q9HAB8_PF04127_171_268_pocket_1
PF00653	0	P98170_PF00653_268_330_pocket_0,Q13490_PF00653_272_336_pocket_0,Q96CA5_PF00653_90_154_pocket_0
PF03328	0	Q8N0X4_PF03328_46_274_pocket_0
PF00135	0	P06276_PF00135_31_550_pocket_0,P19835_PF00135_26_542_pocket_0,P22303_PF00135_39_563_pocket_0
PF00135	1	P06276_PF00135_31_550_pocket_2,P23141_PF00135_23_547_pocket_2
PF00135	2	P23141_PF00135_23_547_pocket_3
PF00135	3	P23141_PF00135_23_547_pocket_1
PF00135	4	P06276_PF00135_31_550_pocket_1
PF00650	0	O76054_PF00650_84_243_pocket_0,P12271_PF00650_143_291_pocket_0,P49638_PF00650_99_247_pocket_0
PF00650	1	P49638_PF00650_99_247_pocket_1
PF03798	0	Q6ZMG9_PF03798_131_324_pocket_1
PF08016	0	Q8IZK6_PF08016_379_513_pocket_0,Q9GZU1_PF08016_385_524_pocket_0
PF03360	0	O94766_PF03360_96_312_pocket_0,Q9P2W7_PF03360_105_315_pocket_0
PF01467	0	Q96T66_PF01467_10_207_pocket_0,Q96T66_PF01467_10_207_pocket_1,Q99447_PF01467_218_309_pocket_0,Q99447_PF01467_26_150_pocket_0,Q9HAN9_PF01467_12_228_pocket_1
PF01467	1	Q96T66_PF01467_10_207_pocket_2,Q9HAN9_PF01467_12_228_pocket_0
PF05889	0	Q9HD40_PF05889_61_459_pocket_0
PF02115	0	P52565_PF02115_13_201_pocket_0
PF13365	0	Q92743_PF13365_204_342_pocket_0
PF05970	0	Q9H611_PF05970_206_404_pocket_0
PF05301	0	Q5SQI0_PF05301_9_190_pocket_0
PF00762	0	P22830_PF00762_68_388_pocket_1
PF00762	1	P22830_PF00762_68_388_pocket_0
PF03381	0	Q9NV96_PF03381_69_351_pocket_0
PF00033	0	P00156_PF00033_19_204_pocket_1
PF00033	1	P00156_PF00033_19_204_pocket_0
PF03301	0	P48775_PF03301_27_372_pocket_1
PF03301	1	P48775_PF03301_27_372_pocket_0
PF00459	0	O95861_PF00459_12_295_pocket_0,P29218_PF00459_7_267_pocket_0
PF03124	0	Q9UBH6_PF03124_269_617_pocket_2
PF03124	1	Q9UBH6_PF03124_269_617_pocket_1
PF03124	2	Q9UBH6_PF03124_269_617_pocket_0
PF00628	0	Q9UIF8_PF00628_1934_1978_pocket_0,Q9UIF9_PF00628_1679_1723_pocket_0
PF13602	0	Q99536_PF13602_233_385_pocket_0
PF00199	0	P04040_PF00199_28_410_pocket_0,P04040_PF00199_28_410_pocket_2
PF00199	1	P04040_PF00199_28_410_pocket_1
PF03630	0	Q9BZ23_PF03630_213_564_pocket_0,Q9H999_PF03630_13_364_pocket_0
PF08327	0	O95433_PF08327_217_331_pocket_0
PF08511	0	O75208_PF08511_213_284_pocket_0
PF00970	0	P00387_PF00970_45_151_pocket_0
PF00854	0	Q8N697_PF00854_104_512_pocket_0
PF00565	0	Q7KZF4_PF00565_220_327_pocket_0
PF05347	0	L0R8F8_PF05347_8_58_pocket_0,Q9Y6M9_PF05347_14_72_pocket_0
PF00567	0	Q9H7E2_PF00567_554_611_pocket_0
PF22191	0	Q96EP0_PF22191_866_911_pocket_0
PF07851	0	Q9BXJ8_PF07851_14_335_pocket_0
PF10236	0	P51398_PF10236_99_393_pocket_1
PF10236	1	P51398_PF10236_99_393_pocket_0
PF01704	0	Q16222_PF01704_46_451_pocket_0,Q16851_PF01704_56_473_pocket_0
PF00809	0	Q99707_PF00809_375_613_pocket_0
PF00491	0	P05089_PF00491_7_301_pocket_0,P78540_PF00491_25_321_pocket_0
PF13191	0	O43913_PF13191_8_154_pocket_0
PF04622	0	Q99720_PF04622_15_215_pocket_1,Q99720_PF04622_15_215_pocket_2
PF04622	1	Q99720_PF04622_15_215_pocket_3
PF04622	2	Q99720_PF04622_15_215_pocket_4
PF04622	3	Q99720_PF04622_15_215_pocket_0
PF00273	0	P02768_PF00273_223_394_pocket_0,P02768_PF00273_414_592_pocket_1,P02771_PF00273_222_393_pocket_1,P02774_PF00273_27_199_pocket_0,P43652_PF00273_222_394_pocket_0,P43652_PF00273_222_394_pocket_1
PF00273	1	P02768_PF00273_31_202_pocket_1,P02768_PF00273_414_592_pocket_2,P02768_PF00273_414_592_pocket_5,P02768_PF00273_414_592_pocket_7,P02771_PF00273_415_592_pocket_1
PF00273	2	P02768_PF00273_31_202_pocket_0,P02768_PF00273_414_592_pocket_6,P02768_PF00273_414_592_pocket_9
PF00273	3	P02768_PF00273_414_592_pocket_8
PF00273	4	P02768_PF00273_31_202_pocket_2,P02768_PF00273_414_592_pocket_0,P02768_PF00273_414_592_pocket_3,P02771_PF00273_415_592_pocket_0,P43652_PF00273_31_202_pocket_0
PF00273	5	P02768_PF00273_223_394_pocket_1,P02768_PF00273_31_202_pocket_3,P02771_PF00273_222_393_pocket_0
PF00273	6	P02768_PF00273_223_394_pocket_2
PF00273	7	P02768_PF00273_414_592_pocket_4
PF01852	0	Q9UKL6_PF01852_12_211_pocket_0,Q9Y5P4_PF01852_415_618_pocket_0
PF04960	0	O94925_PF04960_244_530_pocket_0
PF00003	0	P41180_PF00003_606_856_pocket_1,P41594_PF00003_573_821_pocket_0
PF00003	1	Q14833_PF00003_581_841_pocket_0
PF00003	2	O75899_PF00003_477_743_pocket_0,P41180_PF00003_606_856_pocket_0,Q14416_PF00003_562_813_pocket_0,Q14833_PF00003_581_841_pocket_1,Q8NFN8_PF00003_46_311_pocket_0,Q9UBS5_PF00003_588_856_pocket_0
PF00151	0	P06858_PF00151_30_338_pocket_0,P16233_PF00151_17_352_pocket_0,P16233_PF00151_17_352_pocket_1
PF01590	0	P51160_PF01590_77_223_pocket_0
PF00067	0	P04798_PF00067_40_491_pocket_1,P05093_PF00067_28_492_pocket_1,P05177_PF00067_42_493_pocket_0,P05181_PF00067_33_489_pocket_0,P08684_PF00067_39_493_pocket_0,P08686_PF00067_49_479_pocket_1,P11509_PF00067_34_490_pocket_1,P11511_PF00067_49_484_pocket_1,P11712_PF00067_30_487_pocket_0,P20815_PF00067_39_492_pocket_2,P24462_PF00067_39_492_pocket_1,P33261_PF00067_30_487_pocket_1,Q16678_PF00067_51_519_pocket_1,Q16696_PF00067_34_490_pocket_0,Q6VVX0_PF00067_40_497_pocket_1
PF00067	1	P20813_PF00067_31_487_pocket_2,P20813_PF00067_31_487_pocket_4
PF00067	2	P04798_PF00067_40_491_pocket_0,P05093_PF00067_28_492_pocket_0,P05108_PF00067_52_511_pocket_0,P05177_PF00067_42_493_pocket_1,P08686_PF00067_49_479_pocket_0,P10632_PF00067_30_487_pocket_0,P10635_PF00067_34_493_pocket_0,P11509_PF00067_34_490_pocket_0,P11511_PF00067_49_484_pocket_0,P11712_PF00067_30_487_pocket_1,P15538_PF00067_42_489_pocket_0,P19099_PF00067_42_491_pocket_0,P20813_PF00067_31_487_pocket_0,P20815_PF00067_39_492_pocket_1,P22680_PF00067_32_495_pocket_0,P22680_PF00067_32_495_pocket_1,P24462_PF00067_39_492_pocket_2,P33261_PF00067_30_487_pocket_0,Q16647_PF00067_269_491_pocket_0,Q16678_PF00067_51_519_pocket_0,Q16696_PF00067_34_490_pocket_1,Q6VVX0_PF00067_40_497_pocket_0,Q9UNU6_PF00067_37_491_pocket_0,Q9Y6A2_PF00067_34_469_pocket_0
PF00067	3	P05108_PF00067_52_511_pocket_1,P10632_PF00067_30_487_pocket_1,P11712_PF00067_30_487_pocket_2,P24462_PF00067_39_492_pocket_0,Q16696_PF00067_34_490_pocket_2,Q16850_PF00067_71_498_pocket_0,Q9UNU6_PF00067_37_491_pocket_2,Q9Y6A2_PF00067_34_469_pocket_1
PF00067	4	P10632_PF00067_30_487_pocket_2
PF00067	5	P20813_PF00067_31_487_pocket_1,P24462_PF00067_39_492_pocket_3
PF00067	6	P05093_PF00067_28_492_pocket_2
PF00067	7	P11511_PF00067_49_484_pocket_2
PF00067	8	P10635_PF00067_34_493_pocket_1,P15538_PF00067_42_489_pocket_1,P20815_PF00067_39_492_pocket_0,Q16850_PF00067_71_498_pocket_1
PF00474	0	P13866_PF00474_58_492_pocket_0,P31639_PF00474_55_492_pocket_0,Q9GZV3_PF00474_43_442_pocket_0
PF00474	1	P31639_PF00474_55_492_pocket_1
PF00474	2	Q9GZV3_PF00474_43_442_pocket_1
PF04072	0	Q9UIC8_PF04072_32_216_pocket_0
PF06472	0	P33897_PF06472_78_352_pocket_0
PF16491	0	O75844_PF16491_41_225_pocket_1
PF16491	1	O75844_PF16491_41_225_pocket_0
PF22732	0	Q8N5Y2_PF22732_11_87_pocket_0
PF00781	0	Q9NYA1_PF00781_16_123_pocket_0
PF00907	0	O15178_PF00907_44_218_pocket_2
PF00907	1	O15178_PF00907_44_218_pocket_0
PF00907	2	O15178_PF00907_44_218_pocket_1
PF01392	0	Q13467_PF01392_33_138_pocket_0,Q13467_PF01392_33_138_pocket_1,Q14332_PF01392_39_144_pocket_0
PF01392	1	Q9ULV1_PF01392_45_151_pocket_0
PF00227	0	P28062_PF00227_69_250_pocket_0,P28065_PF00227_17_198_pocket_0,P28072_PF00227_31_212_pocket_0,P28074_PF00227_56_238_pocket_0,P40306_PF00227_37_217_pocket_0,Q99436_PF00227_41_221_pocket_0
PF00227	1	P60900_PF00227_35_220_pocket_0
PF00227	2	P49721_PF00227_5_183_pocket_0
PF00227	3	P25786_PF00227_29_215_pocket_0
PF00348	0	O95749_PF00348_10_250_pocket_0
PF13880	0	Q5FWF5_PF13880_763_831_pocket_0
PF22215	0	Q8NB16_PF22215_4_146_pocket_1
PF22215	1	Q8NB16_PF22215_4_146_pocket_0
PF01073	0	Q15738_PF01073_42_292_pocket_0
PF05362	0	P36776_PF05362_737_947_pocket_0
PF08367	0	Q5JRX3_PF08367_504_752_pocket_2
PF08367	1	Q5JRX3_PF08367_504_752_pocket_0
PF08367	2	Q5JRX3_PF08367_504_752_pocket_1
PF02931	0	P02708_PF02931_24_230_pocket_0,P14867_PF02931_43_250_pocket_0,P24046_PF02931_81_280_pocket_0,P28472_PF02931_39_242_pocket_0,P31644_PF02931_50_257_pocket_0,P32297_PF02931_35_240_pocket_0,P36544_PF02931_27_230_pocket_0,P43681_PF02931_37_242_pocket_0,Q15822_PF02931_59_264_pocket_0,Q15825_PF02931_34_239_pocket_0
PF02931	1	P18505_PF02931_39_242_pocket_0
PF18358	0	Q15047_PF18358_348_397_pocket_0
PF01546	0	Q96KP4_PF01546_95_468_pocket_0
PF01571	0	P48728_PF01571_38_293_pocket_0
PF10237	0	Q9H5U6_PF10237_167_343_pocket_0
PF00089	0	P00734_PF00089_364_613_pocket_3,P00740_PF00089_227_454_pocket_1
PF00089	1	O15393_PF00089_256_484_pocket_1,P08709_PF00089_213_447_pocket_2
PF00089	2	O15393_PF00089_256_484_pocket_2,P00749_PF00089_179_419_pocket_1,Q9Y5K2_PF00089_31_247_pocket_1
PF00089	3	P00734_PF00089_364_613_pocket_1,P00734_PF00089_364_613_pocket_2,P03951_PF00089_388_618_pocket_1
PF00089	4	O15393_PF00089_256_484_pocket_3,P00746_PF00089_26_248_pocket_0,P00747_PF00089_581_803_pocket_1,P00748_PF00089_373_609_pocket_0,P00749_PF00089_179_419_pocket_0,P05981_PF00089_163_400_pocket_0,P08311_PF00089_21_238_pocket_0,P09871_PF00089_438_675_pocket_0,P20231_PF00089_31_267_pocket_1,P49862_PF00089_30_245_pocket_0,Q92876_PF00089_23_237_pocket_0
PF00089	5	Q15661_PF00089_31_267_pocket_1
PF00089	6	P00734_PF00089_364_613_pocket_4
PF00089	7	O00187_PF00089_445_679_pocket_0,O15393_PF00089_256_484_pocket_0,P00734_PF00089_364_613_pocket_0,P00740_PF00089_227_454_pocket_0,P00742_PF00089_235_462_pocket_0,P00747_PF00089_581_803_pocket_0,P00750_PF00089_311_556_pocket_0,P00751_PF00089_489_730_pocket_0,P03951_PF00089_388_618_pocket_0,P03952_PF00089_391_621_pocket_0,P03952_PF00089_391_621_pocket_1,P04070_PF00089_213_445_pocket_0,P08246_PF00089_30_242_pocket_0,P08709_PF00089_213_447_pocket_0,P12544_PF00089_29_254_pocket_0,P20151_PF00089_25_253_pocket_0,P20231_PF00089_31_267_pocket_0,P20231_PF00089_31_267_pocket_2,P23946_PF00089_22_240_pocket_0,P35030_PF00089_81_296_pocket_0,P98073_PF00089_785_1014_pocket_0,Q15661_PF00089_31_267_pocket_0,Q16651_PF00089_45_281_pocket_0,Q16651_PF00089_45_281_pocket_1,Q6UWY2_PF00089_34_258_pocket_0,Q9UL52_PF00089_192_417_pocket_0,Q9Y337_PF00089_67_285_pocket_0,Q9Y5K2_PF00089_31_247_pocket_0,Q9Y5Y6_PF00089_615_849_pocket_0
PF00089	8	P00749_PF00089_179_419_pocket_2
PF00089	9	P98073_PF00089_785_1014_pocket_1
PF00089	10	P08311_PF00089_21_238_pocket_1,P49862_PF00089_30_245_pocket_1
PF00089	11	P08709_PF00089_213_447_pocket_1
PF01135	0	P22061_PF01135_9_221_pocket_0
PF00881	0	Q6PHW0_PF00881_98_267_pocket_0
PF21238	0	Q3MIT2_PF21238_289_520_pocket_0
PF22934	0	Q9H040_PF22934_164_211_pocket_0
PF04051	0	O43617_PF04051_19_165_pocket_0
PF00856	0	O96028_PF00856_1074_1180_pocket_0,Q15910_PF00856_623_726_pocket_0,Q53H47_PF00856_150_262_pocket_0,Q86TU7_PF00856_105_314_pocket_0,Q8TBK2_PF00856_74_286_pocket_0,Q8WTS6_PF00856_227_336_pocket_1,Q92800_PF00856_624_727_pocket_0,Q96KQ7_PF00856_1049_1155_pocket_1,Q96L73_PF00856_1953_2059_pocket_0,Q9BYW2_PF00856_1561_1667_pocket_0,Q9BZ95_PF00856_1156_1262_pocket_0,Q9H5I1_PF00856_262_373_pocket_0,Q9H5I1_PF00856_262_373_pocket_1,Q9H7B4_PF00856_15_239_pocket_0,Q9NQR1_PF00856_268_378_pocket_0,Q9NQR1_PF00856_268_378_pocket_1,Q9NR48_PF00856_2156_2261_pocket_0,Q9NRG4_PF00856_18_240_pocket_0
PF00856	1	Q8WTS6_PF00856_227_336_pocket_0,Q96KQ7_PF00856_1049_1155_pocket_0,Q9H9B1_PF00856_1137_1243_pocket_0,Q9NRG4_PF00856_18_240_pocket_1
PF00856	2	Q4FZB7_PF00856_209_308_pocket_0,Q9H7B4_PF00856_15_239_pocket_1,Q9NRG4_PF00856_18_240_pocket_2
PF00856	3	Q15910_PF00856_623_726_pocket_1
PF00939	0	Q86YT5_PF00939_14_552_pocket_0,Q8WWT9_PF00939_11_571_pocket_0
PF00939	1	Q8WWT9_PF00939_11_571_pocket_1
PF00167	0	P05230_PF00167_27_148_pocket_0
PF00999	0	P19634_PF00999_110_503_pocket_0,Q86UD5_PF00999_136_509_pocket_0
PF00999	1	P48764_PF00999_62_462_pocket_0
PF03068	0	Q9ULW8_PF03068_284_661_pocket_0,Q9UM07_PF03068_284_660_pocket_0,Q9UM07_PF03068_284_660_pocket_1
PF03068	1	Q9UM07_PF03068_284_660_pocket_2,Q9Y2J8_PF03068_285_662_pocket_0
PF03226	0	Q96SW2_PF03226_321_432_pocket_0
PF06293	0	Q96S44_PF06293_71_225_pocket_0
PF00789	0	Q9UNN5_PF00789_569_647_pocket_0
PF01642	0	P22033_PF01642_63_575_pocket_2
PF01642	1	P22033_PF01642_63_575_pocket_1
PF01642	2	P22033_PF01642_63_575_pocket_0
PF10613	0	Q05586_PF10613_454_545_pocket_0
PF12775	0	Q14204_PF12775_2561_2737_pocket_0
PF00909	0	Q02094_PF00909_15_402_pocket_0,Q9UBD6_PF00909_49_418_pocket_0
PF04906	0	Q9BSA4_PF04906_10_437_pocket_0
PF00115	0	P00395_PF00115_14_460_pocket_1
PF00115	1	P00395_PF00115_14_460_pocket_0
PF08030	0	P04839_PF08030_401_550_pocket_0,Q9NRD9_PF08030_1381_1534_pocket_0
PF00005	0	P13569_PF00005_441_575_pocket_0
PF00055	0	P11047_PF00055_50_284_pocket_0
PF04909	0	Q8TDX5_PF04909_3_330_pocket_0
PF01650	0	Q99538_PF01650_29_285_pocket_0
PF00493	0	P25205_PF00493_282_505_pocket_0,P33991_PF00493_446_669_pocket_0,P33992_PF00493_319_540_pocket_0,P33993_PF00493_322_541_pocket_0,P49736_PF00493_461_683_pocket_0,Q14566_PF00493_334_556_pocket_0,Q9NXL9_PF00493_304_508_pocket_0,Q9UJA3_PF00493_391_612_pocket_0
PF00225	0	P52732_PF00225_24_359_pocket_1,P52732_PF00225_24_359_pocket_4
PF00225	1	O14782_PF00225_16_257_pocket_0,O15066_PF00225_15_340_pocket_0,P33176_PF00225_14_325_pocket_0,P52732_PF00225_24_359_pocket_0,Q02224_PF00225_12_327_pocket_0,Q12756_PF00225_11_354_pocket_0,Q14807_PF00225_49_368_pocket_0,Q2M1P5_PF00225_21_349_pocket_0,Q8NI77_PF00225_17_355_pocket_0,Q99661_PF00225_264_587_pocket_0,Q9BVG8_PF00225_451_768_pocket_0,Q9NQT8_PF00225_11_353_pocket_0,Q9NS87_PF00225_32_363_pocket_0
PF00225	2	P52732_PF00225_24_359_pocket_3
PF00225	3	Q02224_PF00225_12_327_pocket_1
PF00225	4	P52732_PF00225_24_359_pocket_5
PF00225	5	P52732_PF00225_24_359_pocket_2
PF02866	0	P00338_PF02866_164_324_pocket_0
PF03435	0	Q9UDR5_PF03435_483_598_pocket_0
PF00389	0	O43175_PF00389_9_317_pocket_0,P56545_PF00389_44_358_pocket_0,Q13363_PF00389_38_352_pocket_0,Q9UBQ7_PF00389_9_326_pocket_0
PF00389	1	Q13363_PF00389_38_352_pocket_1
PF17725	0	Q15561_PF17725_222_431_pocket_1,Q15562_PF17725_227_444_pocket_1,Q99594_PF17725_223_432_pocket_1
PF17725	1	Q99594_PF17725_223_432_pocket_2
PF17725	2	P28347_PF17725_215_423_pocket_0,Q15562_PF17725_227_444_pocket_0
PF17725	3	Q15562_PF17725_227_444_pocket_2
PF00644	0	O95271_PF00644_1116_1281_pocket_0,P09874_PF00644_808_1007_pocket_0,Q460N3_PF00644_504_676_pocket_0,Q460N5_PF00644_1628_1747_pocket_0,Q53GL7_PF00644_829_952_pocket_0,Q8N5Y8_PF00644_103_272_pocket_0,Q8N5Y8_PF00644_103_272_pocket_1,Q9H0J9_PF00644_507_678_pocket_0,Q9H0J9_PF00644_507_678_pocket_1,Q9H2K2_PF00644_963_1128_pocket_0,Q9UGN5_PF00644_376_577_pocket_0,Q9UKK3_PF00644_389_565_pocket_0,Q9Y6F1_PF00644_335_532_pocket_0
PF00644	1	Q9H2K2_PF00644_963_1128_pocket_1
PF00701	0	Q86XE5_PF00701_35_318_pocket_0
PF00362	0	P05556_PF00362_138_382_pocket_0
PF00454	0	O00329_PF00454_774_990_pocket_0,P42336_PF00454_798_1015_pocket_0,P42345_PF00454_2182_2430_pocket_0,P48736_PF00454_828_1043_pocket_0,P78527_PF00454_3749_4014_pocket_0,Q13315_PF00454_2715_2961_pocket_0,Q13535_PF00454_2324_2566_pocket_0,Q8NEB9_PF00454_631_831_pocket_0,Q96Q15_PF00454_2150_2426_pocket_0,Q9BTU6_PF00454_134_428_pocket_0,Q9UBF8_PF00454_560_755_pocket_0
PF00454	1	P42336_PF00454_798_1015_pocket_2
PF00454	2	P42336_PF00454_798_1015_pocket_1
PF09815	0	Q9H6D3_PF09815_15_343_pocket_0
PF00368	0	P04035_PF00368_492_871_pocket_2
PF00368	1	P04035_PF00368_492_871_pocket_1
PF00368	2	P04035_PF00368_492_871_pocket_0
PF08240	0	P00325_PF08240_35_162_pocket_0,P00326_PF08240_34_162_pocket_0,P07327_PF08240_34_162_pocket_0
PF01130	0	P16671_PF01130_14_462_pocket_0,Q14108_PF01130_12_456_pocket_0
PF01130	1	P16671_PF01130_14_462_pocket_1
PF01130	2	P16671_PF01130_14_462_pocket_2
PF00621	0	Q92974_PF00621_239_429_pocket_1
PF00621	1	Q92974_PF00621_239_429_pocket_0
PF08033	0	O95486_PF08033_744_828_pocket_0
PF02574	0	Q93088_PF02574_23_314_pocket_0
PF00625	0	Q16774_PF00625_5_187_pocket_0
PF04547	0	Q9NW15_PF04547_200_626_pocket_1,Q9NW15_PF04547_200_626_pocket_2
PF04547	1	Q9NW15_PF04547_200_626_pocket_3,Q9NW15_PF04547_200_626_pocket_4
PF04547	2	Q9NW15_PF04547_200_626_pocket_0
PF07531	0	O00268_PF07531_592_682_pocket_2
PF07531	1	O00268_PF07531_592_682_pocket_0
PF07531	2	O00268_PF07531_592_682_pocket_1
PF02372	0	P40933_PF02372_33_160_pocket_0
PF03949	0	P23368_PF03949_280_534_pocket_0,P48163_PF03949_270_522_pocket_0,Q16798_PF03949_305_557_pocket_0
PF03949	1	P48163_PF03949_270_522_pocket_1
PF21283	0	P16422_PF21283_141_253_pocket_0
PF01755	0	Q8NBJ5_PF01755_341_524_pocket_0
PF00171	0	O94788_PF00171_46_509_pocket_0,P00352_PF00171_29_492_pocket_0,P05091_PF00171_45_508_pocket_0,P30837_PF00171_45_508_pocket_0,P30837_PF00171_45_508_pocket_5,P30837_PF00171_45_508_pocket_7,P30838_PF00171_3_425_pocket_0,P47895_PF00171_40_503_pocket_1,P49189_PF00171_27_483_pocket_0,P49419_PF00171_64_520_pocket_0,P51649_PF00171_71_530_pocket_0
PF00171	1	P30837_PF00171_45_508_pocket_3,P49419_PF00171_64_520_pocket_2
PF00171	2	P00352_PF00171_29_492_pocket_1,P30837_PF00171_45_508_pocket_6
PF00171	3	P30837_PF00171_45_508_pocket_1,P47895_PF00171_40_503_pocket_0
PF00171	4	P30837_PF00171_45_508_pocket_4
PF00171	5	P30837_PF00171_45_508_pocket_8
PF00171	6	O94788_PF00171_46_509_pocket_1,P00352_PF00171_29_492_pocket_2,P05091_PF00171_45_508_pocket_1,P30038_PF00171_81_545_pocket_0,P30838_PF00171_3_425_pocket_1,P49419_PF00171_64_520_pocket_1
PF00171	7	P30837_PF00171_45_508_pocket_2
PF00365	0	P17858_PF00365_18_323_pocket_0,Q01813_PF00365_27_332_pocket_0
PF02036	0	P51659_PF02036_628_731_pocket_0
PF05148	0	O43159_PF05148_238_456_pocket_0
PF13733	0	P15291_PF13733_130_262_pocket_0,Q9UBV7_PF13733_84_175_pocket_0
PF03016	0	Q16394_PF03016_111_395_pocket_0
PF01112	0	Q7L266_PF01112_1_293_pocket_0
PF00406	0	P00568_PF00406_13_168_pocket_0,P27144_PF00406_10_189_pocket_0,Q9UIJ7_PF00406_12_191_pocket_0,Q9UIJ7_PF00406_12_191_pocket_1
PF01227	0	P30793_PF01227_73_249_pocket_0
PF00278	0	P11926_PF00278_40_387_pocket_0
PF00916	0	P40879_PF00916_73_475_pocket_1,P40879_PF00916_73_475_pocket_2
PF00916	1	P58743_PF00916_81_475_pocket_3
PF00916	2	P58743_PF00916_81_475_pocket_1
PF00916	3	P40879_PF00916_73_475_pocket_0
PF00916	4	P58743_PF00916_81_475_pocket_2
PF00916	5	P40879_PF00916_73_475_pocket_3
PF00916	6	P58743_PF00916_81_475_pocket_0
PF05221	0	O43865_PF05221_239_529_pocket_0,P23526_PF05221_141_431_pocket_0,Q96HN2_PF05221_320_610_pocket_0
PF05221	1	P23526_PF05221_141_431_pocket_1
PF00102	0	P10586_PF00102_1664_1897_pocket_0,P54829_PF00102_324_552_pocket_2
PF00102	1	P23470_PF00102_874_1118_pocket_0,P23471_PF00102_1750_1991_pocket_0,Q06124_PF00102_273_519_pocket_0
PF00102	2	P17706_PF00102_42_274_pocket_0,P18031_PF00102_40_276_pocket_0,P23467_PF00102_1727_1960_pocket_0,P54829_PF00102_324_552_pocket_1
PF00102	3	P18031_PF00102_40_276_pocket_1,P23467_PF00102_1727_1960_pocket_1
PF00102	4	P18031_PF00102_40_276_pocket_10,P18031_PF00102_40_276_pocket_7
PF00102	5	O14522_PF00102_912_1142_pocket_0,P18031_PF00102_40_276_pocket_5
PF00102	6	P18031_PF00102_40_276_pocket_6
PF00102	7	P18031_PF00102_40_276_pocket_9
PF00102	8	P18031_PF00102_40_276_pocket_3
PF00102	9	P18031_PF00102_40_276_pocket_2
PF00102	10	P18031_PF00102_40_276_pocket_4
PF00102	11	P54829_PF00102_324_552_pocket_0
PF00102	12	P18031_PF00102_40_276_pocket_8
PF01369	0	Q99418_PF01369_61_243_pocket_0
PF01070	0	Q9UJM8_PF01070_15_361_pocket_0,Q9UJM8_PF01070_15_361_pocket_1
PF01070	1	Q9UJM8_PF01070_15_361_pocket_2
PF01070	2	Q9UJM8_PF01070_15_361_pocket_3
PF03372	0	Q5VTE6_PF03372_170_486_pocket_0,Q6L8Q7_PF03372_299_599_pocket_0,Q9UK39_PF03372_146_414_pocket_0
PF03372	1	P27695_PF03372_65_309_pocket_0
PF03372	2	O00370_PF03372_11_230_pocket_0,Q96LI5_PF03372_193_529_pocket_0
PF00063	0	P12883_PF00063_88_766_pocket_0,P35749_PF00063_87_771_pocket_1,Q9HD67_PF00063_65_727_pocket_0,Q9NQX4_PF00063_70_741_pocket_0,Q9UM54_PF00063_59_759_pocket_0
PF00063	1	P35749_PF00063_87_771_pocket_0
PF00063	2	P12883_PF00063_88_766_pocket_2
PF00063	3	P12883_PF00063_88_766_pocket_1
PF01234	0	O95050_PF01234_4_259_pocket_0,P11086_PF01234_16_279_pocket_0,P40261_PF01234_2_259_pocket_0,P40261_PF01234_2_259_pocket_1
PF00110	0	P56703_PF00110_48_355_pocket_0,P56703_PF00110_48_355_pocket_1
PF00110	1	P56703_PF00110_48_355_pocket_4
PF00110	2	P56703_PF00110_48_355_pocket_5
PF00110	3	P56703_PF00110_48_355_pocket_2
PF00110	4	P56703_PF00110_48_355_pocket_3
PF12146	0	Q99685_PF12146_40_275_pocket_1
PF12146	1	Q99685_PF12146_40_275_pocket_0
PF00303	0	P04818_PF00303_32_313_pocket_0
PF02525	0	P15559_PF02525_5_210_pocket_0,P15559_PF02525_5_210_pocket_1,P16083_PF02525_4_212_pocket_0
PF02525	1	P16083_PF02525_4_212_pocket_1
PF22327	0	Q96DE0_PF22327_21_181_pocket_0
PF03137	0	Q92959_PF03137_33_602_pocket_0,Q9Y6L6_PF03137_29_621_pocket_0
PF03137	1	Q9NPD5_PF03137_29_618_pocket_0
PF12780	0	Q14204_PF12780_2908_3186_pocket_0,Q8NCM8_PF12780_2625_2881_pocket_0
PF00652	0	Q10471_PF00652_451_563_pocket_0,Q8N4A0_PF00652_445_574_pocket_0
PF00229	0	P29965_PF00229_138_261_pocket_0
PF17047	0	A0FGR8_PF17047_191_370_pocket_1
PF17047	1	A0FGR8_PF17047_191_370_pocket_0
PF00334	0	P15531_PF00334_5_138_pocket_0,P22392_PF00334_5_138_pocket_0,Q13232_PF00334_22_155_pocket_0
PF07690	0	O75751_PF07690_159_485_pocket_0,P53985_PF07690_27_397_pocket_0,P54219_PF07690_137_431_pocket_0,P54219_PF07690_308_488_pocket_0,Q05940_PF07690_127_423_pocket_0,Q05940_PF07690_301_478_pocket_0,Q8IVW8_PF07690_108_469_pocket_0
PF07690	1	P36021_PF07690_140_440_pocket_0,P53985_PF07690_27_397_pocket_1,Q7L0J3_PF07690_599_734_pocket_0,Q7L1I2_PF07690_538_678_pocket_0,Q96S37_PF07690_147_484_pocket_0,Q9NRA2_PF07690_47_441_pocket_0
PF01243	0	Q9NVS9_PF01243_75_194_pocket_0
PF00264	0	P17643_PF00264_184_416_pocket_0
PF00884	0	P51688_PF00884_23_327_pocket_0
PF00884	1	P34059_PF00884_31_354_pocket_0
PF00884	2	P08842_PF00884_27_413_pocket_0
PF00812	0	P52799_PF00812_30_164_pocket_0
PF20256	0	P47989_PF20256_972_1237_pocket_0
PF00288	0	P51570_PF00288_108_194_pocket_0,Q01415_PF00288_109_196_pocket_0
PF00282	0	O95470_PF00282_196_448_pocket_0,P19113_PF00282_36_414_pocket_0,P19113_PF00282_36_414_pocket_1,P20711_PF00282_35_414_pocket_0,Q05329_PF00282_138_508_pocket_0,Q99259_PF00282_151_517_pocket_0,Q9Y600_PF00282_49_416_pocket_0
PF13589	0	A6NHR9_PF13589_143_277_pocket_0,P07900_PF13589_43_159_pocket_0,P08238_PF13589_39_154_pocket_0,P14625_PF13589_101_221_pocket_0,P40692_PF13589_29_131_pocket_0,P54278_PF13589_34_137_pocket_0,Q14149_PF13589_30_139_pocket_0,Q8TE76_PF13589_50_165_pocket_0,Q9Y6X9_PF13589_30_169_pocket_0
PF13589	1	P07900_PF13589_43_159_pocket_1
PF16187	0	P14735_PF16187_422_702_pocket_0
PF17285	0	O14744_PF17285_37_290_pocket_0
PF00855	0	O95696_PF00855_931_1037_pocket_0,O96028_PF00855_223_303_pocket_0,P55201_PF00855_1087_1196_pocket_0,Q7Z4V5_PF00855_8_87_pocket_0,Q9BZ95_PF00855_271_349_pocket_0,Q9UBC3_PF00855_226_309_pocket_0,Q9Y6K1_PF00855_293_374_pocket_0
PF00230	0	O14520_PF00230_30_272_pocket_0
PF01979	0	Q16555_PF01979_64_453_pocket_0,Q9Y2T3_PF01979_74_447_pocket_0
PF02515	0	Q9HAC7_PF02515_41_408_pocket_0
PF03095	0	Q15257_PF03095_26_351_pocket_0
PF00682	0	P35914_PF00682_32_306_pocket_0
PF00682	1	P11498_PF00682_698_806_pocket_0
PF05577	0	Q9UHL4_PF05577_38_464_pocket_0
PF00233	0	O00408_PF00233_655_887_pocket_0,O60658_PF00233_555_807_pocket_0,O76074_PF00233_612_845_pocket_0,O76083_PF00233_311_539_pocket_0,P27815_PF00233_432_671_pocket_0,P51160_PF00233_561_803_pocket_0,Q01064_PF00233_222_449_pocket_0,Q07343_PF00233_405_644_pocket_0,Q08499_PF00233_461_700_pocket_0,Q13370_PF00233_736_1002_pocket_0,Q13946_PF00233_211_438_pocket_0,Q14432_PF00233_751_1015_pocket_0,Q9Y233_PF00233_790_1020_pocket_0
PF00233	1	O76074_PF00233_612_845_pocket_1
PF02485	0	Q86Y38_PF02485_328_581_pocket_0
PF00068	0	O15496_PF00068_46_149_pocket_0,P14555_PF00068_22_130_pocket_0,Q9NZK7_PF00068_21_127_pocket_0
PF00025	0	P18085_PF00025_6_176_pocket_0,P36404_PF00025_4_175_pocket_0,P40616_PF00025_5_176_pocket_0,P61204_PF00025_7_176_pocket_0,P62330_PF00025_2_172_pocket_0,P84077_PF00025_6_176_pocket_0,P84085_PF00025_7_176_pocket_0,Q96BM9_PF00025_12_180_pocket_0,Q96KC2_PF00025_5_175_pocket_0,Q9H0F7_PF00025_11_181_pocket_0,Q9NR31_PF00025_12_197_pocket_0,Q9NVJ2_PF00025_11_180_pocket_0,Q9Y689_PF00025_12_174_pocket_0,Q9Y6B6_PF00025_12_197_pocket_0
PF00025	1	P84077_PF00025_6_176_pocket_1
PF16317	0	Q5SRI9_PF16317_98_448_pocket_1
PF16317	1	Q5SRI9_PF16317_98_448_pocket_0
PF00155	0	P17174_PF00155_32_405_pocket_1,Q8N5Z0_PF00155_65_416_pocket_1
PF00155	1	O15270_PF00155_169_528_pocket_0,P00505_PF00155_58_425_pocket_0,P17174_PF00155_32_405_pocket_0,P17735_PF00155_72_434_pocket_0,P22557_PF00155_190_536_pocket_0,Q16773_PF00155_29_409_pocket_0,Q8N5Z0_PF00155_65_416_pocket_0,Q8TD30_PF00155_111_510_pocket_0
PF00155	2	P17174_PF00155_32_405_pocket_2
PF01068	0	P18858_PF01068_542_746_pocket_0,P49916_PF01068_483_677_pocket_0,P49917_PF01068_248_451_pocket_0
PF00147	0	O00602_PF00147_115_325_pocket_0,Q15485_PF00147_102_312_pocket_0
PF00147	1	Q9BY76_PF00147_185_399_pocket_0
PF00147	2	P02671_PF00147_630_862_pocket_0
PF00147	3	P24821_PF00147_1980_2189_pocket_0
PF00147	4	Q8NI99_PF00147_258_467_pocket_0
PF01189	0	Q8TEA1_PF01189_229_400_pocket_0,Q96CB9_PF01189_167_340_pocket_0,Q96P11_PF01189_219_421_pocket_0
PF02373	0	B2RXH2_PF02373_176_292_pocket_0,O14607_PF02373_1080_1188_pocket_0,O15054_PF02373_1377_1485_pocket_0,O15550_PF02373_1133_1241_pocket_0,O75164_PF02373_175_291_pocket_0,O94953_PF02373_176_292_pocket_0,P29375_PF02373_470_586_pocket_0,P41229_PF02373_501_617_pocket_0,Q6B0I6_PF02373_179_295_pocket_0,Q6NYC1_PF02373_174_288_pocket_0,Q9H3R0_PF02373_177_293_pocket_0,Q9UGL1_PF02373_486_602_pocket_1
PF02373	1	Q7LBC6_PF02373_1599_1704_pocket_0
PF02373	2	Q6B0I6_PF02373_179_295_pocket_1,Q9UGL1_PF02373_486_602_pocket_0
PF02373	3	Q15652_PF02373_2383_2481_pocket_0
PF00656	0	P55210_PF00656_68_300_pocket_0,P55212_PF00656_44_286_pocket_0
PF00656	1	Q9UDY8_PF00656_343_556_pocket_0
PF00656	2	P42574_PF00656_45_274_pocket_0,Q9UDY8_PF00656_343_556_pocket_1
PF00656	3	P55210_PF00656_68_300_pocket_1
PF00236	0	P01215_PF00236_28_115_pocket_0
PF04146	0	Q96MU7_PF04146_355_492_pocket_0,Q9BYJ9_PF04146_390_523_pocket_0,Q9Y5A9_PF04146_411_544_pocket_0
PF00029	0	P17302_PF00029_3_232_pocket_1,P29033_PF00029_2_214_pocket_1
PF00029	1	P17302_PF00029_3_232_pocket_0,P29033_PF00029_2_214_pocket_0
PF03308	0	Q8IVH4_PF03308_101_382_pocket_1
PF03308	1	Q8IVH4_PF03308_101_382_pocket_0
PF00595	0	O00560_PF00595_115_191_pocket_0,O00560_PF00595_200_270_pocket_0,P55196_PF00595_1010_1089_pocket_0,Q92997_PF00595_250_333_pocket_0,Q9NRD5_PF00595_23_99_pocket_0
PF00595	1	O00151_PF00595_5_81_pocket_0,O00560_PF00595_200_270_pocket_1,P50479_PF00595_8_80_pocket_0
PF04446	0	Q9NWX6_PF04446_35_164_pocket_0
PF00175	0	P16435_PF00175_530_640_pocket_0,Q7L1T6_PF00175_395_500_pocket_0,Q9UBK8_PF00175_542_661_pocket_0
PF01435	0	O75844_PF01435_229_472_pocket_0
PF02887	0	P30613_PF02887_454_571_pocket_0
PF13532	0	Q13686_PF13532_101_344_pocket_0,Q6P6C2_PF13532_114_274_pocket_0,Q96Q83_PF13532_90_275_pocket_0
PF00048	0	P02778_PF00048_29_88_pocket_0
PF03727	0	P19367_PF03727_674_907_pocket_0,P35557_PF03727_222_455_pocket_0
PF00180	0	O75874_PF00180_11_380_pocket_2,P48735_PF00180_45_437_pocket_1
PF00180	1	O75874_PF00180_11_380_pocket_0,P48735_PF00180_45_437_pocket_0,P50213_PF00180_33_358_pocket_0,P51553_PF00180_56_379_pocket_0
PF00180	2	O75874_PF00180_11_380_pocket_1
PF00180	3	O75874_PF00180_11_380_pocket_3
PF05219	0	Q9H1A3_PF05219_56_317_pocket_0
PF08242	0	Q8TCB7_PF08242_84_182_pocket_0
PF04321	0	Q9NZL9_PF04321_30_322_pocket_1
PF04321	1	Q9NZL9_PF04321_30_322_pocket_0
PF00890	0	P31040_PF00890_63_457_pocket_0
PF16179	0	Q13469_PF16179_580_678_pocket_0
PF01494	0	O15229_PF01494_10_324_pocket_0
PF05971	0	Q86W50_PF05971_1_291_pocket_0
PF02798	0	O60760_PF02798_5_72_pocket_0,P08263_PF02798_6_77_pocket_0,P09210_PF02798_6_77_pocket_0,P09211_PF02798_6_74_pocket_0,P09488_PF02798_5_82_pocket_0,P28161_PF02798_3_82_pocket_0,Q16772_PF02798_6_77_pocket_0
PF00328	0	P15309_PF00328_34_331_pocket_0,P15309_PF00328_34_331_pocket_1
PF02867	0	P23921_PF02867_216_738_pocket_1
PF05060	0	Q10469_PF05060_92_440_pocket_0
PF01733	0	Q99808_PF01733_144_454_pocket_1
PF01733	1	Q99808_PF01733_144_454_pocket_0
PF00490	0	P13716_PF00490_10_326_pocket_0
PF00587	0	P07814_PF00587_1113_1284_pocket_0,P07814_PF00587_1113_1284_pocket_1,P26639_PF00587_399_608_pocket_0,P26639_PF00587_399_608_pocket_1,P49591_PF00587_259_444_pocket_0,Q9NP81_PF00587_292_468_pocket_0
PF00294	0	P55263_PF00294_45_356_pocket_0,P55263_PF00294_45_356_pocket_2
PF00294	1	P50053_PF00294_4_289_pocket_0,P55263_PF00294_45_356_pocket_1,Q9H477_PF00294_17_312_pocket_0
PF00778	0	O14641_PF00778_13_89_pocket_0
PF06003	0	O75940_PF06003_72_122_pocket_0,Q16637_PF06003_91_144_pocket_0
PF05175	0	Q9NRN9_PF05175_51_145_pocket_0,Q9Y5N5_PF05175_29_127_pocket_0
PF01401	0	P12821_PF01401_41_623_pocket_2,P12821_PF01401_644_1221_pocket_2
PF01401	1	P12821_PF01401_41_623_pocket_0,P12821_PF01401_644_1221_pocket_1,Q9BYF1_PF01401_21_606_pocket_0
PF01401	2	P12821_PF01401_41_623_pocket_1,P12821_PF01401_644_1221_pocket_3
PF01401	3	Q9BYF1_PF01401_21_606_pocket_1
PF01401	4	Q9BYF1_PF01401_21_606_pocket_2
PF01401	5	P12821_PF01401_644_1221_pocket_0
PF01401	6	P12821_PF01401_41_623_pocket_3
PF01087	0	P07902_PF01087_23_196_pocket_0
PF00254	0	P62942_PF00254_14_105_pocket_0,Q02790_PF00254_44_134_pocket_0,Q13451_PF00254_44_135_pocket_0
PF00254	1	Q9NWM8_PF00254_38_132_pocket_0
PF03662	0	Q9Y251_PF03662_165_370_pocket_0
PF01795	0	A6NJ78_PF01795_71_405_pocket_0
PF00651	0	Q14145_PF00651_67_178_pocket_0
PF00651	1	P41182_PF00651_22_128_pocket_0
PF05296	0	Q9NYV7_PF05296_2_286_pocket_0,Q9NYV8_PF05296_1_298_pocket_0
PF05296	1	Q9NYV8_PF05296_1_298_pocket_1
PF16113	0	Q6NVY1_PF16113_47_376_pocket_0
PF06418	0	P17812_PF06418_2_272_pocket_0,P17812_PF06418_2_272_pocket_1,Q9NRF8_PF06418_2_272_pocket_0,Q9NRF8_PF06418_2_272_pocket_1
PF02678	0	O00625_PF02678_22_118_pocket_0
PF02661	0	Q9BVA6_PF02661_285_381_pocket_1
PF02661	1	Q9BVA6_PF02661_285_381_pocket_0
PF01661	0	A1Z1Q3_PF01661_88_201_pocket_0,O75367_PF01661_213_326_pocket_0,Q460N3_PF01661_322_420_pocket_0,Q460N5_PF01661_1043_1146_pocket_0,Q460N5_PF01661_1043_1146_pocket_1,Q460N5_PF01661_1245_1346_pocket_0,Q460N5_PF01661_820_936_pocket_0,Q8IXQ6_PF01661_136_254_pocket_0,Q8IXQ6_PF01661_335_445_pocket_0,Q9BQ69_PF01661_170_282_pocket_0,Q9Y530_PF01661_36_134_pocket_0
PF00834	0	Q96AT9_PF00834_6_200_pocket_1
PF00834	1	Q96AT9_PF00834_6_200_pocket_0
PF00439	0	O15164_PF00439_908_988_pocket_0,O60885_PF00439_357_444_pocket_0,O60885_PF00439_70_151_pocket_0,O95696_PF00439_572_653_pocket_0,P21675_PF00439_1411_1491_pocket_0,P21675_PF00439_1537_1616_pocket_0,P25440_PF00439_353_440_pocket_0,P25440_PF00439_86_167_pocket_0,P51531_PF00439_1419_1491_pocket_0,P51532_PF00439_1478_1549_pocket_0,P55201_PF00439_638_719_pocket_0,Q09472_PF00439_1068_1143_pocket_0,Q12830_PF00439_2936_3018_pocket_0,Q15059_PF00439_315_402_pocket_0,Q15059_PF00439_46_127_pocket_0,Q58F21_PF00439_276_362_pocket_0,Q58F21_PF00439_39_120_pocket_0,Q6PL18_PF00439_1004_1066_pocket_0,Q86U86_PF00439_198_274_pocket_0,Q86U86_PF00439_678_749_pocket_0,Q8IZX4_PF00439_1535_1614_pocket_0,Q8WWQ0_PF00439_1325_1406_pocket_0,Q92793_PF00439_1104_1178_pocket_0,Q92830_PF00439_738_818_pocket_0,Q92831_PF00439_733_814_pocket_0,Q9BXF3_PF00439_445_524_pocket_0,Q9H8M2_PF00439_146_228_pocket_0,Q9NPI1_PF00439_141_223_pocket_0,Q9UIF8_PF00439_2069_2148_pocket_0,Q9UIF9_PF00439_1802_1883_pocket_0,Q9UPN9_PF00439_966_1050_pocket_0
PF00439	1	O60885_PF00439_70_151_pocket_2
PF00439	2	O60885_PF00439_70_151_pocket_3
PF00439	3	O60885_PF00439_70_151_pocket_1
PF01529	0	Q5W0Z9_PF01529_123_245_pocket_0,Q9Y397_PF01529_137_261_pocket_0
PF14822	0	Q7L8A9_PF14822_58_302_pocket_0,Q86V25_PF14822_48_291_pocket_0
PF00266	0	P21549_PF00266_44_376_pocket_0,Q96I15_PF00266_32_429_pocket_0,Q9Y617_PF00266_8_357_pocket_0,Q9Y697_PF00266_60_421_pocket_0
PF00266	1	Q9Y697_PF00266_60_421_pocket_1
PF00266	2	P21549_PF00266_44_376_pocket_1
PF10294	0	Q5VZV1_PF10294_80_239_pocket_0,Q7Z624_PF10294_125_276_pocket_0,Q8WXB1_PF10294_27_189_pocket_0,Q96AZ1_PF10294_38_195_pocket_0,Q96G04_PF10294_134_288_pocket_0,Q9H867_PF10294_23_193_pocket_0
PF08917	0	P37173_PF08917_49_157_pocket_0
PF06068	0	Q9Y230_PF06068_21_364_pocket_0,Q9Y265_PF06068_14_368_pocket_0
PF06941	0	Q8TCD5_PF06941_3_190_pocket_0,Q9NPB1_PF06941_38_224_pocket_0
PF06941	1	Q9NPB1_PF06941_38_224_pocket_1
PF00617	0	Q07889_PF00617_783_962_pocket_0,Q07890_PF00617_781_960_pocket_0
PF00617	1	Q07890_PF00617_781_960_pocket_1
PF04577	0	Q8NAT1_PF04577_259_362_pocket_0
PF00210	0	P02794_PF00210_19_159_pocket_1
PF00210	1	P02794_PF00210_19_159_pocket_0
PF00698	0	P49327_PF00698_493_809_pocket_0,Q8IVS2_PF00698_66_336_pocket_0
PF02784	0	P11926_PF02784_45_281_pocket_0
PF00079	0	P01011_PF00079_52_420_pocket_3,P01011_PF00079_52_420_pocket_6
PF00079	1	P05121_PF00079_35_402_pocket_1
PF00079	2	P01009_PF00079_54_415_pocket_0,P01011_PF00079_52_420_pocket_1
PF00079	3	P05121_PF00079_35_402_pocket_0
PF00079	4	P01011_PF00079_52_420_pocket_2
PF00079	5	P01011_PF00079_52_420_pocket_0
PF00079	6	P05543_PF00079_46_412_pocket_0,P08185_PF00079_42_404_pocket_0
PF00079	7	P01011_PF00079_52_420_pocket_5
PF00079	8	P01011_PF00079_52_420_pocket_4
PF00079	9	P01008_PF00079_86_461_pocket_0
PF16363	0	O60547_PF16363_27_358_pocket_0,Q14376_PF16363_6_332_pocket_1,Q8NBZ7_PF16363_92_386_pocket_1
PF16363	1	Q8NBZ7_PF16363_92_386_pocket_2
PF16363	2	O60547_PF16363_27_358_pocket_1,Q14376_PF16363_6_332_pocket_0,Q8NBZ7_PF16363_92_386_pocket_0
PF00864	0	Q99571_PF00864_13_373_pocket_0
PF05351	0	O43924_PF05351_10_149_pocket_0,Q13432_PF05351_80_236_pocket_0,Q13432_PF05351_80_236_pocket_1
PF00069	0	O00141_PF00069_98_355_pocket_0,O00311_PF00069_58_207_pocket_0,O00444_PF00069_12_265_pocket_0,O00506_PF00069_20_270_pocket_0,O14733_PF00069_122_380_pocket_0,O14757_PF00069_11_264_pocket_0,O14920_PF00069_16_290_pocket_0,O14936_PF00069_12_276_pocket_0,O14965_PF00069_133_383_pocket_0,O14965_PF00069_133_383_pocket_1,O14976_PF00069_43_312_pocket_0,O15075_PF00069_390_647_pocket_0,O15111_PF00069_16_290_pocket_0,O15530_PF00069_83_330_pocket_1,O43293_PF00069_13_275_pocket_0,O43683_PF00069_790_1004_pocket_0,O43781_PF00069_209_522_pocket_0,O75116_PF00069_92_354_pocket_0,O75385_PF00069_17_278_pocket_0,O75460_PF00069_575_832_pocket_0,O75582_PF00069_429_686_pocket_0,O75716_PF00069_22_286_pocket_0,O75914_PF00069_283_534_pocket_0,O76039_PF00069_14_296_pocket_0,O94768_PF00069_36_293_pocket_0,O94804_PF00069_37_294_pocket_0,O95747_PF00069_17_291_pocket_0,O95819_PF00069_25_289_pocket_0,O96013_PF00069_326_572_pocket_0,O96017_PF00069_221_486_pocket_0,P05771_PF00069_343_598_pocket_0,P06493_PF00069_4_287_pocket_0,P0C1S8_PF00069_214_482_pocket_0,P11309_PF00069_38_290_pocket_0,P11802_PF00069_6_295_pocket_0,P15735_PF00069_24_291_pocket_0,P17252_PF00069_340_583_pocket_0,P17612_PF00069_44_298_pocket_0,P19525_PF00069_267_534_pocket_0,P19784_PF00069_40_325_pocket_0,P21127_PF00069_441_723_pocket_0,P23443_PF00069_91_352_pocket_0,P24723_PF00069_355_614_pocket_0,P24941_PF00069_4_286_pocket_0,P25098_PF00069_191_453_pocket_0,P27037_PF00069_200_472_pocket_0,P27361_PF00069_42_330_pocket_1,P27448_PF00069_56_307_pocket_0,P28482_PF00069_25_313_pocket_0,P30291_PF00069_299_568_pocket_0,P31749_PF00069_150_408_pocket_0,P31751_PF00069_154_409_pocket_0,P32298_PF00069_189_447_pocket_0,P33981_PF00069_525_791_pocket_0,P34947_PF00069_187_448_pocket_0,P36507_PF00069_72_369_pocket_0,P36897_PF00069_208_489_pocket_0,P41279_PF00069_145_386_pocket_0,P41743_PF00069_255_521_pocket_0,P43250_PF00069_187_448_pocket_0,P45983_PF00069_26_321_pocket_0,P45984_PF00069_26_321_pocket_1,P45985_PF00069_104_367_pocket_0,P48729_PF00069_17_235_pocket_0,P48730_PF00069_9_226_pocket_0,P49137_PF00069_67_325_pocket_0,P49336_PF00069_26_335_pocket_0,P49674_PF00069_9_227_pocket_0,P49759_PF00069_161_477_pocket_0,P49760_PF00069_163_479_pocket_0,P49761_PF00069_156_472_pocket_0,P49840_PF00069_119_403_pocket_0,P49841_PF00069_56_340_pocket_0,P50613_PF00069_12_295_pocket_0,P50750_PF00069_19_315_pocket_0,P51617_PF00069_214_514_pocket_0,P51812_PF00069_422_679_pocket_0,P51812_PF00069_68_327_pocket_0,P51955_PF00069_8_270_pocket_0,P52564_PF00069_56_314_pocket_0,P53350_PF00069_53_305_pocket_0,P53355_PF00069_13_275_pocket_0,P53778_PF00069_27_311_pocket_0,P53779_PF00069_64_359_pocket_0,P54646_PF00069_16_268_pocket_0,P68400_PF00069_39_324_pocket_0,P68400_PF00069_39_324_pocket_1,P68400_PF00069_39_324_pocket_2,P68400_PF00069_39_324_pocket_4,P68400_PF00069_39_324_pocket_7,P78362_PF00069_81_223_pocket_0,P78368_PF00069_46_262_pocket_0,P80192_PF00069_146_401_pocket_0,Q00534_PF00069_13_300_pocket_0,Q00536_PF00069_165_446_pocket_1,Q02750_PF00069_68_361_pocket_1,Q04759_PF00069_382_634_pocket_0,Q05823_PF00069_387_512_pocket_0,Q09013_PF00069_71_339_pocket_0,Q13043_PF00069_31_281_pocket_0,Q13131_PF00069_29_279_pocket_0,Q13131_PF00069_29_279_pocket_1,Q13153_PF00069_270_521_pocket_0,Q13164_PF00069_55_347_pocket_0,Q13177_PF00069_249_500_pocket_0,Q13188_PF00069_28_278_pocket_0,Q13464_PF00069_76_338_pocket_0,Q13523_PF00069_688_1003_pocket_0,Q13554_PF00069_14_272_pocket_0,Q13555_PF00069_14_272_pocket_0,Q13557_PF00069_14_272_pocket_0,Q13627_PF00069_159_479_pocket_0,Q13873_PF00069_205_496_pocket_0,Q13976_PF00069_361_619_pocket_0,Q14004_PF00069_707_997_pocket_0,Q14004_PF00069_707_997_pocket_1,Q14012_PF00069_20_276_pocket_0,Q14680_PF00069_11_263_pocket_0,Q15208_PF00069_89_369_pocket_0,Q15418_PF00069_62_320_pocket_0,Q15759_PF00069_27_308_pocket_0,Q15831_PF00069_52_309_pocket_0,Q16512_PF00069_616_874_pocket_0,Q16513_PF00069_661_916_pocket_0,Q16539_PF00069_24_308_pocket_1,Q16539_PF00069_24_308_pocket_3,Q16539_PF00069_24_308_pocket_4,Q16566_PF00069_46_300_pocket_0,Q16644_PF00069_47_304_pocket_0,Q16659_PF00069_21_316_pocket_0,Q16816_PF00069_20_288_pocket_0,Q2M2I8_PF00069_48_307_pocket_0,Q5S007_PF00069_1884_2129_pocket_0,Q5S007_PF00069_1884_2129_pocket_2,Q5TCY1_PF00069_35_273_pocket_0,Q6IQ55_PF00069_22_241_pocket_0,Q6PHR2_PF00069_17_270_pocket_0,Q7KZI7_PF00069_53_304_pocket_0,Q7RTN6_PF00069_69_379_pocket_0,Q86UE8_PF00069_464_741_pocket_0,Q86Y07_PF00069_31_263_pocket_0,Q86YV6_PF00069_108_361_pocket_0,Q8IU85_PF00069_23_279_pocket_0,Q8IVH8_PF00069_16_273_pocket_0,Q8IVW4_PF00069_4_286_pocket_0,Q8IYT8_PF00069_9_271_pocket_0,Q8N5S9_PF00069_128_409_pocket_0,Q8TDX7_PF00069_34_286_pocket_0,Q8TDX7_PF00069_34_286_pocket_1,Q8WU08_PF00069_23_280_pocket_0,Q92630_PF00069_222_535_pocket_0,Q92772_PF00069_4_287_pocket_0,Q92918_PF00069_17_273_pocket_0,Q96C45_PF00069_7_279_pocket_0,Q96GD4_PF00069_77_327_pocket_0,Q96GX5_PF00069_36_195_pocket_0,Q96L34_PF00069_59_310_pocket_0,Q96NX5_PF00069_25_277_pocket_0,Q96PY6_PF00069_4_257_pocket_0,Q96RG2_PF00069_999_1251_pocket_0,Q96RR4_PF00069_165_446_pocket_0,Q96SB4_PF00069_80_228_pocket_0,Q99558_PF00069_405_646_pocket_0,Q99570_PF00069_27_310_pocket_0,Q99640_PF00069_110_357_pocket_0,Q99986_PF00069_41_272_pocket_0,Q9BUB5_PF00069_52_164_pocket_0,Q9BYP7_PF00069_152_405_pocket_0,Q9BYT3_PF00069_116_381_pocket_0,Q9H2G2_PF00069_35_292_pocket_0,Q9H2K8_PF00069_27_277_pocket_0,Q9H2X6_PF00069_199_527_pocket_0,Q9H422_PF00069_197_525_pocket_0,Q9H4A3_PF00069_226_479_pocket_0,Q9H4B4_PF00069_63_314_pocket_0,Q9HAZ1_PF00069_159_475_pocket_0,Q9HBH9_PF00069_87_368_pocket_0,Q9HCP0_PF00069_44_262_pocket_0,Q9NQU5_PF00069_411_658_pocket_0,Q9NSY1_PF00069_54_311_pocket_0,Q9NYV4_PF00069_729_1020_pocket_0,Q9NYY3_PF00069_84_334_pocket_0,Q9P1W9_PF00069_32_286_pocket_0,Q9P286_PF00069_454_700_pocket_0,Q9UEE5_PF00069_65_321_pocket_0,Q9UHD2_PF00069_13_232_pocket_0,Q9UIK4_PF00069_23_285_pocket_0,Q9UK32_PF00069_73_330_pocket_0,Q9UKE5_PF00069_25_289_pocket_0,Q9UQB9_PF00069_43_293_pocket_0,Q9UQB9_PF00069_43_293_pocket_1,Q9UQM7_PF00069_13_271_pocket_0,Q9Y2K2_PF00069_66_317_pocket_0,Q9Y463_PF00069_111_431_pocket_0,Q9Y572_PF00069_22_280_pocket_0,Q9Y5S2_PF00069_76_342_pocket_0,Q9Y6M4_PF00069_43_259_pocket_0
PF00069	1	O75460_PF00069_575_832_pocket_1,P31749_PF00069_150_408_pocket_1,P31751_PF00069_154_409_pocket_1,P36507_PF00069_72_369_pocket_1,Q02750_PF00069_68_361_pocket_0,Q02750_PF00069_68_361_pocket_2,Q13153_PF00069_270_521_pocket_1,Q16539_PF00069_24_308_pocket_15,Q92918_PF00069_17_273_pocket_1,Q9H4A3_PF00069_226_479_pocket_1
PF00069	2	O15075_PF00069_390_647_pocket_1,O15264_PF00069_28_308_pocket_0,O43683_PF00069_790_1004_pocket_1,P27361_PF00069_42_330_pocket_0,P33981_PF00069_525_791_pocket_1,P45984_PF00069_26_321_pocket_0,P49761_PF00069_156_472_pocket_1,P68400_PF00069_39_324_pocket_5,Q00536_PF00069_165_446_pocket_0,Q13164_PF00069_55_347_pocket_1,Q13523_PF00069_688_1003_pocket_1,Q15759_PF00069_27_308_pocket_1,Q16539_PF00069_24_308_pocket_0,Q16539_PF00069_24_308_pocket_10,Q16539_PF00069_24_308_pocket_11,Q16539_PF00069_24_308_pocket_12,Q16539_PF00069_24_308_pocket_14,Q16539_PF00069_24_308_pocket_2,Q16539_PF00069_24_308_pocket_5,Q16539_PF00069_24_308_pocket_6,Q16539_PF00069_24_308_pocket_7,Q16539_PF00069_24_308_pocket_8,Q16539_PF00069_24_308_pocket_9,Q8IU85_PF00069_23_279_pocket_1,Q9NZJ5_PF00069_881_1074_pocket_0,Q9P289_PF00069_24_274_pocket_0,Q9Y6E0_PF00069_36_286_pocket_0
PF00069	3	P45983_PF00069_26_321_pocket_1,P68400_PF00069_39_324_pocket_11
PF00069	4	P68400_PF00069_39_324_pocket_9,Q9HCP0_PF00069_44_262_pocket_1
PF00069	5	P28482_PF00069_25_313_pocket_2,P49841_PF00069_56_340_pocket_1,P68400_PF00069_39_324_pocket_12,Q13627_PF00069_159_479_pocket_1
PF00069	6	P28482_PF00069_25_313_pocket_1,P45983_PF00069_26_321_pocket_3,P45984_PF00069_26_321_pocket_2,Q13627_PF00069_159_479_pocket_2
PF00069	7	O14976_PF00069_43_312_pocket_1,P27361_PF00069_42_330_pocket_2,Q9UK32_PF00069_73_330_pocket_1
PF00069	8	Q9Y6E0_PF00069_36_286_pocket_1
PF00069	9	P33981_PF00069_525_791_pocket_6,P45983_PF00069_26_321_pocket_2,P68400_PF00069_39_324_pocket_14
PF00069	10	O14757_PF00069_11_264_pocket_1,P33981_PF00069_525_791_pocket_5
PF00069	11	P68400_PF00069_39_324_pocket_10,P68400_PF00069_39_324_pocket_3,P68400_PF00069_39_324_pocket_6,P68400_PF00069_39_324_pocket_8
PF00069	12	O14965_PF00069_133_383_pocket_3,O15530_PF00069_83_330_pocket_0,P49759_PF00069_161_477_pocket_1
PF00069	13	P24941_PF00069_4_286_pocket_3
PF00069	14	P68400_PF00069_39_324_pocket_13
PF00069	15	P33981_PF00069_525_791_pocket_3
PF00069	16	P68400_PF00069_39_324_pocket_15
PF00069	17	O14965_PF00069_133_383_pocket_4
PF00069	18	P33981_PF00069_525_791_pocket_2
PF00069	19	P33981_PF00069_525_791_pocket_4
PF00069	20	O14757_PF00069_11_264_pocket_2,O15530_PF00069_83_330_pocket_2,P11309_PF00069_38_290_pocket_2,P49137_PF00069_67_325_pocket_1
PF00069	21	O14965_PF00069_133_383_pocket_2,P11309_PF00069_38_290_pocket_1,P28482_PF00069_25_313_pocket_3,Q99570_PF00069_27_310_pocket_1
PF03034	0	P48651_PF03034_96_372_pocket_2,Q9BVG9_PF03034_120_399_pocket_0
PF03034	1	P48651_PF03034_96_372_pocket_3,Q9BVG9_PF03034_120_399_pocket_1
PF03034	2	P48651_PF03034_96_372_pocket_1
PF03034	3	P48651_PF03034_96_372_pocket_0
PF00354	0	P02741_PF00354_25_220_pocket_0,P02743_PF00354_26_219_pocket_0
PF04114	0	O43292_PF04114_125_615_pocket_0
PF06325	0	O60678_PF06325_255_328_pocket_0,Q86X55_PF06325_183_257_pocket_0
PF00929	0	O43414_PF00929_147_319_pocket_0,Q8IV48_PF00929_132_305_pocket_0,Q96AZ6_PF00929_8_162_pocket_0
PF01596	0	P21964_PF01596_77_225_pocket_0,P21964_PF01596_77_225_pocket_1,Q86VU5_PF01596_61_262_pocket_0
PF13661	0	Q8N543_PF13661_141_238_pocket_0
PF02882	0	P11586_PF02882_146_293_pocket_0,P13995_PF02882_174_330_pocket_0,Q9H903_PF02882_188_344_pocket_0
PF02882	1	P13995_PF02882_174_330_pocket_1
PF05729	0	Q96P20_PF05729_220_389_pocket_0
PF24948	0	P53396_PF24948_2_233_pocket_0
PF03159	0	Q8IZH2_PF03159_1_227_pocket_0
PF01163	0	Q9BRS2_PF01163_193_380_pocket_0,Q9BVS4_PF01163_108_279_pocket_0
PF05368	0	Q9HBL8_PF05368_4_288_pocket_1
PF05368	1	Q9HBL8_PF05368_4_288_pocket_0
PF01965	0	Q99497_PF01965_4_170_pocket_0
PF00343	0	P06737_PF00343_114_828_pocket_0,P11216_PF00343_114_828_pocket_0,P11217_PF00343_115_828_pocket_0
PF00343	1	P06737_PF00343_114_828_pocket_2
PF00343	2	P06737_PF00343_114_828_pocket_1
PF00870	0	P04637_PF00870_100_288_pocket_1,P04637_PF00870_100_288_pocket_2
PF00870	1	P04637_PF00870_100_288_pocket_3
PF00870	2	P04637_PF00870_100_288_pocket_4
PF00870	3	P04637_PF00870_100_288_pocket_0
PF07714	0	Q08881_PF07714_363_612_pocket_1,Q12866_PF07714_589_853_pocket_1,Q9UM73_PF07714_1116_1382_pocket_1
PF07714	1	P00519_PF07714_242_492_pocket_2,P08581_PF07714_1078_1336_pocket_2,P42684_PF07714_288_538_pocket_2
PF07714	2	O00238_PF07714_204_489_pocket_0,O43318_PF07714_36_283_pocket_0,O43353_PF07714_22_288_pocket_0,O60674_PF07714_546_805_pocket_0,O60674_PF07714_849_1120_pocket_0,P00519_PF07714_242_492_pocket_0,P00533_PF07714_714_966_pocket_0,P04626_PF07714_722_975_pocket_0,P04629_PF07714_512_781_pocket_0,P06239_PF07714_245_493_pocket_1,P06241_PF07714_271_520_pocket_1,P07332_PF07714_562_814_pocket_0,P07948_PF07714_247_496_pocket_0,P07949_PF07714_725_1005_pocket_1,P08581_PF07714_1078_1336_pocket_0,P08631_PF07714_262_511_pocket_0,P08922_PF07714_1948_2215_pocket_0,P09769_PF07714_263_512_pocket_0,P10398_PF07714_311_565_pocket_0,P10721_PF07714_590_922_pocket_1,P11362_PF07714_479_754_pocket_0,P12931_PF07714_271_518_pocket_0,P15056_PF07714_457_712_pocket_0,P21802_PF07714_481_757_pocket_0,P21860_PF07714_711_964_pocket_0,P22455_PF07714_468_743_pocket_0,P22607_PF07714_472_748_pocket_0,P23458_PF07714_876_1147_pocket_1,P29317_PF07714_614_871_pocket_0,P29320_PF07714_622_878_pocket_0,P29597_PF07714_590_866_pocket_0,P29597_PF07714_898_1167_pocket_0,P30530_PF07714_537_803_pocket_0,P37023_PF07714_204_488_pocket_0,P37173_PF07714_244_537_pocket_0,P41240_PF07714_195_440_pocket_0,P42684_PF07714_288_538_pocket_0,P43403_PF07714_342_592_pocket_0,P43405_PF07714_374_623_pocket_0,P51813_PF07714_417_665_pocket_0,P52333_PF07714_823_1094_pocket_1,P53671_PF07714_334_599_pocket_0,P54753_PF07714_633_892_pocket_0,P54762_PF07714_619_878_pocket_1,Q04771_PF07714_209_494_pocket_0,Q04912_PF07714_1084_1338_pocket_0,Q05397_PF07714_422_676_pocket_0,Q06187_PF07714_402_650_pocket_0,Q07912_PF07714_127_384_pocket_0,Q08345_PF07714_610_905_pocket_1,Q08881_PF07714_363_612_pocket_0,Q12852_PF07714_131_363_pocket_0,Q12866_PF07714_589_853_pocket_0,Q13418_PF07714_194_444_pocket_0,Q13546_PF07714_21_284_pocket_1,Q13882_PF07714_192_441_pocket_0,Q14289_PF07714_427_679_pocket_1,Q59H18_PF07714_463_719_pocket_0,Q5TCX8_PF07714_124_398_pocket_0,Q6VAB6_PF07714_666_928_pocket_0,Q8IVT5_PF07714_614_876_pocket_0,Q9UM73_PF07714_1116_1382_pocket_0
PF07714	3	P08069_PF07714_999_1265_pocket_1,P08581_PF07714_1078_1336_pocket_3,P12931_PF07714_271_518_pocket_2
PF07714	4	P06213_PF07714_1023_1289_pocket_0,P07333_PF07714_582_910_pocket_0,P08069_PF07714_999_1265_pocket_0,P09769_PF07714_263_512_pocket_1,P10721_PF07714_590_922_pocket_0,P12931_PF07714_271_518_pocket_1,P35968_PF07714_834_1160_pocket_0,P42684_PF07714_288_538_pocket_1,P53667_PF07714_342_602_pocket_0,P54760_PF07714_615_874_pocket_0,Q01973_PF07714_474_746_pocket_0,Q02763_PF07714_824_1091_pocket_0,Q08345_PF07714_610_905_pocket_0,Q13546_PF07714_21_284_pocket_0,Q13882_PF07714_192_441_pocket_1,Q14289_PF07714_427_679_pocket_0,Q15303_PF07714_719_973_pocket_0,Q15375_PF07714_633_888_pocket_0,Q16288_PF07714_539_823_pocket_0,Q16620_PF07714_539_806_pocket_0,Q16832_PF07714_563_846_pocket_0,Q8NB16_PF07714_218_466_pocket_0,Q9NYL2_PF07714_17_259_pocket_0
PF07714	5	O60674_PF07714_849_1120_pocket_1,P00519_PF07714_242_492_pocket_1,P06213_PF07714_1023_1289_pocket_1,P06239_PF07714_245_493_pocket_0,P06241_PF07714_271_520_pocket_0,P07332_PF07714_562_814_pocket_1,P07949_PF07714_725_1005_pocket_0,P07949_PF07714_725_1005_pocket_2,P08069_PF07714_999_1265_pocket_2,P08581_PF07714_1078_1336_pocket_1,P11362_PF07714_479_754_pocket_1,P21802_PF07714_481_757_pocket_1,P22607_PF07714_472_748_pocket_1,P23458_PF07714_876_1147_pocket_0,P29317_PF07714_614_871_pocket_1,P29322_PF07714_635_892_pocket_0,P43405_PF07714_374_623_pocket_1,P52333_PF07714_823_1094_pocket_2,P54762_PF07714_619_878_pocket_0,Q07912_PF07714_127_384_pocket_1
PF07714	6	Q04771_PF07714_209_494_pocket_1
PF07714	7	P52333_PF07714_823_1094_pocket_0
PF07714	8	P52333_PF07714_823_1094_pocket_3
PF07714	9	P12931_PF07714_271_518_pocket_3,P21802_PF07714_481_757_pocket_2
PF07714	10	P29320_PF07714_622_878_pocket_1
PF00071	0	P01111_PF00071_5_164_pocket_1,P01112_PF00071_5_164_pocket_3,P01116_PF00071_5_164_pocket_1,P11233_PF00071_16_176_pocket_1,Q15382_PF00071_8_167_pocket_1
PF00071	1	O00194_PF00071_11_182_pocket_0,O00212_PF00071_19_188_pocket_0,O14807_PF00071_15_176_pocket_0,O14966_PF00071_9_174_pocket_0,O95057_PF00071_9_165_pocket_0,O95716_PF00071_24_183_pocket_0,P01111_PF00071_5_164_pocket_0,P01112_PF00071_5_164_pocket_0,P01112_PF00071_5_164_pocket_1,P01112_PF00071_5_164_pocket_2,P01116_PF00071_5_164_pocket_0,P08134_PF00071_7_177_pocket_0,P10114_PF00071_5_165_pocket_0,P10301_PF00071_31_191_pocket_0,P11233_PF00071_16_176_pocket_0,P11234_PF00071_16_177_pocket_0,P15153_PF00071_5_176_pocket_0,P17081_PF00071_11_182_pocket_0,P20337_PF00071_24_183_pocket_0,P20338_PF00071_15_175_pocket_0,P20339_PF00071_22_181_pocket_0,P20340_PF00071_15_173_pocket_0,P51148_PF00071_23_182_pocket_0,P51149_PF00071_10_174_pocket_0,P51151_PF00071_9_173_pocket_0,P51157_PF00071_14_177_pocket_0,P51159_PF00071_11_182_pocket_0,P55040_PF00071_77_240_pocket_0,P55042_PF00071_93_252_pocket_0,P57729_PF00071_11_178_pocket_0,P57735_PF00071_14_173_pocket_0,P60763_PF00071_5_176_pocket_0,P60953_PF00071_5_174_pocket_0,P61006_PF00071_10_170_pocket_0,P61018_PF00071_10_170_pocket_0,P61019_PF00071_8_168_pocket_0,P61020_PF00071_22_181_pocket_0,P61026_PF00071_11_171_pocket_0,P61106_PF00071_13_173_pocket_0,P61224_PF00071_5_166_pocket_0,P61586_PF00071_7_178_pocket_0,P61587_PF00071_25_193_pocket_0,P62070_PF00071_16_176_pocket_0,P62491_PF00071_13_173_pocket_0,P62745_PF00071_7_178_pocket_0,P62820_PF00071_13_173_pocket_0,P62826_PF00071_12_168_pocket_0,P62834_PF00071_5_166_pocket_0,P63000_PF00071_5_176_pocket_0,P84095_PF00071_5_177_pocket_0,Q13636_PF00071_8_167_pocket_0,Q13637_PF00071_27_192_pocket_0,Q15286_PF00071_10_168_pocket_0,Q15382_PF00071_8_167_pocket_0,Q15771_PF00071_11_168_pocket_0,Q15907_PF00071_13_173_pocket_0,Q6IQ22_PF00071_45_205_pocket_0,Q7L0Q8_PF00071_51_219_pocket_0,Q86YS6_PF00071_20_180_pocket_0,Q8IXI2_PF00071_6_166_pocket_0,Q8IYK8_PF00071_116_278_pocket_0,Q8IZ41_PF00071_543_709_pocket_0,Q8TAI7_PF00071_8_168_pocket_0,Q8WUD1_PF00071_8_168_pocket_0,Q92730_PF00071_15_183_pocket_0,Q92963_PF00071_23_183_pocket_0,Q96A58_PF00071_8_168_pocket_0,Q96DA2_PF00071_10_172_pocket_0,Q96E17_PF00071_32_191_pocket_0,Q96HU8_PF00071_10_167_pocket_0,Q9H082_PF00071_35_200_pocket_0,Q9H0U4_PF00071_10_170_pocket_0,Q9NP72_PF00071_10_170_pocket_0,Q9NP90_PF00071_9_173_pocket_0,Q9NRW1_PF00071_15_173_pocket_0,Q9UL25_PF00071_21_180_pocket_0,Q9ULC3_PF00071_11_169_pocket_0,Q9ULW5_PF00071_65_226_pocket_0
PF00071	2	P61586_PF00071_7_178_pocket_3,P61586_PF00071_7_178_pocket_5
PF00071	3	P61586_PF00071_7_178_pocket_4
PF00071	4	P61586_PF00071_7_178_pocket_1
PF00071	5	P01116_PF00071_5_164_pocket_2
PF00071	6	P61586_PF00071_7_178_pocket_2,Q13637_PF00071_27_192_pocket_1
PF00071	7	P01112_PF00071_5_164_pocket_4
PF00071	8	P60953_PF00071_5_174_pocket_1
PF00054	0	P04278_PF00054_75_204_pocket_0
PF03299	0	P05549_PF03299_211_405_pocket_0
PF00704	0	P36222_PF00704_23_357_pocket_0,Q13231_PF00704_23_363_pocket_0,Q9BZP6_PF00704_24_365_pocket_0
PF00704	1	Q13231_PF00704_23_363_pocket_1
PF12831	0	P00390_PF12831_66_177_pocket_1
PF12831	1	P00390_PF12831_66_177_pocket_0
PF00133	0	Q9P2J5_PF00133_188_755_pocket_0
PF17900	0	P15144_PF17900_81_279_pocket_0
PF02737	0	Q16836_PF02737_29_214_pocket_0,Q9Y2S2_PF02737_9_189_pocket_0
PF08534	0	P30044_PF08534_57_200_pocket_0
PF01244	0	P16444_PF01244_26_351_pocket_0
PF03167	0	P13051_PF03167_141_301_pocket_0
PF09380	0	Q9Y2J2_PF09380_305_390_pocket_0
PF16690	0	Q9Y4U1_PF16690_20_234_pocket_2
PF16690	1	Q9Y4U1_PF16690_20_234_pocket_1
PF16690	2	Q9Y4U1_PF16690_20_234_pocket_0
PF01151	0	A1L3X0_PF01151_30_266_pocket_0
PF13328	0	Q8N4P3_PF13328_11_136_pocket_0
PF05193	0	Q5JRX3_PF05193_245_429_pocket_0
PF07942	0	Q8N4J0_PF07942_146_408_pocket_0,Q8N4J0_PF07942_146_408_pocket_1
PF05686	0	Q8NBL1_PF05686_50_388_pocket_0
PF03332	0	Q92871_PF03332_36_255_pocket_0
PF01071	0	P22102_PF01071_105_298_pocket_0
PF00579	0	P23381_PF00579_152_439_pocket_0,P23381_PF00579_152_439_pocket_1,P54577_PF00579_32_321_pocket_1,Q9UGM6_PF00579_33_314_pocket_1,Q9Y2Z4_PF00579_74_374_pocket_0
PF00579	1	P54577_PF00579_32_321_pocket_0,Q9UGM6_PF00579_33_314_pocket_0
PF13238	0	Q9NWW6_PF13238_6_147_pocket_1
PF13238	1	Q9NWW6_PF13238_6_147_pocket_0
PF01728	0	Q8N1G2_PF01728_233_448_pocket_0,Q9UET6_PF01728_21_199_pocket_0,Q9UI43_PF01728_52_236_pocket_0
PF02201	0	Q00987_PF02201_34_95_pocket_0
PF00501	0	Q08AH3_PF00501_77_426_pocket_0,Q08AH3_PF00501_77_426_pocket_1
PF00685	0	O00204_PF00685_60_304_pocket_1,O43704_PF00685_38_288_pocket_1,P0DMM9_PF00685_38_287_pocket_1,P49888_PF00685_37_286_pocket_1,P50225_PF00685_38_287_pocket_1,P50225_PF00685_38_287_pocket_2,Q06520_PF00685_34_277_pocket_1
PF00685	1	O00204_PF00685_60_304_pocket_0,O00338_PF00685_39_288_pocket_0,O14792_PF00685_55_294_pocket_0,O43704_PF00685_38_288_pocket_0,O75897_PF00685_45_294_pocket_0,P0DMM9_PF00685_38_287_pocket_0,P49888_PF00685_37_286_pocket_0,P50225_PF00685_38_287_pocket_0,P50226_PF00685_38_287_pocket_0,P52848_PF00685_605_858_pocket_0,Q06520_PF00685_34_277_pocket_0,Q6IMI6_PF00685_46_296_pocket_0,Q8IZT8_PF00685_91_335_pocket_0,Q9Y663_PF00685_153_388_pocket_0
PF00685	2	O00204_PF00685_60_304_pocket_2
PF05053	0	O00255_PF05053_3_499_pocket_2
PF05053	1	O00255_PF05053_3_499_pocket_1
PF05053	2	O00255_PF05053_3_499_pocket_0
PF13499	0	P0DP23_PF13499_12_73_pocket_0,P63316_PF13499_94_158_pocket_1
PF13499	1	P0DP23_PF13499_83_147_pocket_0,P62166_PF13499_99_172_pocket_0,P63316_PF13499_94_158_pocket_0
PF00551	0	O75891_PF00551_1_180_pocket_0,P22102_PF00551_809_988_pocket_0
PF00551	1	P22102_PF00551_809_988_pocket_1
PF00019	0	P18075_PF00019_330_430_pocket_0
PF08423	0	O43502_PF08423_100_348_pocket_0,Q06609_PF08423_95_337_pocket_0,Q14565_PF08423_94_338_pocket_0
PF25342	0	O60568_PF25342_37_279_pocket_0
PF00777	0	O43173_PF00777_117_370_pocket_0,P15907_PF00777_173_384_pocket_0,Q9UJ37_PF00777_97_368_pocket_0
PF00777	1	Q9UJ37_PF00777_97_368_pocket_1
PF00639	0	Q13526_PF00639_59_162_pocket_0
PF01853	0	O95251_PF01853_393_570_pocket_1,Q92794_PF01853_565_741_pocket_1,Q92993_PF01853_288_471_pocket_0,Q9H7Z6_PF01853_235_412_pocket_1
PF01853	1	O95251_PF01853_393_570_pocket_0,Q92794_PF01853_565_741_pocket_0,Q92993_PF01853_288_471_pocket_1,Q9H7Z6_PF01853_235_412_pocket_0
PF05185	0	O14744_PF05185_297_464_pocket_1
PF05185	1	O14744_PF05185_297_464_pocket_0
PF04683	0	Q16186_PF04683_23_121_pocket_0
PF00794	0	P42336_PF00794_174_291_pocket_0
PF05292	0	O95822_PF05292_193_456_pocket_0
PF01847	0	P40337_PF01847_63_144_pocket_0
PF13246	0	O43520_PF13246_524_711_pocket_0,P13637_PF13246_408_587_pocket_0,P16615_PF13246_410_604_pocket_0,P98194_PF13246_401_550_pocket_0,Q8NB49_PF13246_465_656_pocket_0,Q9NQ11_PF13246_626_730_pocket_0,Q9Y2Q0_PF13246_479_664_pocket_0
PF00209	0	P23975_PF00209_56_579_pocket_1,P31641_PF00209_41_568_pocket_0
PF00209	1	P31645_PF00209_79_598_pocket_1,P48067_PF00209_100_634_pocket_2
PF00209	2	P30531_PF00209_44_558_pocket_0,P48066_PF00209_50_575_pocket_0,P48067_PF00209_100_634_pocket_0,Q01959_PF00209_60_582_pocket_1,Q9NP91_PF00209_5_579_pocket_0
PF00209	3	P23975_PF00209_56_579_pocket_2,P31645_PF00209_79_598_pocket_2,Q01959_PF00209_60_582_pocket_3
PF00209	4	Q01959_PF00209_60_582_pocket_2
PF00209	5	P23975_PF00209_56_579_pocket_0,P31645_PF00209_79_598_pocket_0,Q01959_PF00209_60_582_pocket_0
PF00209	6	P31645_PF00209_79_598_pocket_3
PF00209	7	P31645_PF00209_79_598_pocket_4
PF00209	8	P48067_PF00209_100_634_pocket_3
PF00209	9	P48067_PF00209_100_634_pocket_1
PF00209	10	P23975_PF00209_56_579_pocket_3
PF00209	11	P31645_PF00209_79_598_pocket_5,Q01959_PF00209_60_582_pocket_4
PF00209	12	P23975_PF00209_56_579_pocket_4
PF02513	0	Q9Y657_PF02513_54_102_pocket_0
PF01794	0	P04839_PF01794_79_219_pocket_0,Q687X5_PF01794_249_394_pocket_0,Q8NFT2_PF01794_261_404_pocket_0,Q96PH1_PF01794_286_412_pocket_1,Q9NRD9_PF01794_1097_1236_pocket_0,Q9UHE8_PF01794_120_263_pocket_1
PF01794	1	Q687X5_PF01794_249_394_pocket_1,Q9UHE8_PF01794_120_263_pocket_0
PF01794	2	Q96PH1_PF01794_286_412_pocket_0
PF01187	0	P14174_PF01187_2_115_pocket_0,P30046_PF01187_2_116_pocket_0
PF00340	0	P01584_PF00340_147_264_pocket_1
PF00340	1	P01584_PF00340_147_264_pocket_0
PF13574	0	O14672_PF13574_243_445_pocket_0,P78536_PF13574_246_461_pocket_0
PF02223	0	P23919_PF02223_11_191_pocket_1
PF02223	1	P23919_PF02223_11_191_pocket_0
PF01762	0	Q9NY97_PF01762_156_347_pocket_0,Q9Y2C3_PF01762_72_260_pocket_0
PF01012	0	P38117_PF01012_29_211_pocket_0
PF00062	0	P61626_PF00062_19_146_pocket_1
PF00062	1	P61626_PF00062_19_146_pocket_0
PF00953	0	Q9H3H5_PF00953_99_269_pocket_0
PF02826	0	O43175_PF02826_112_285_pocket_0,P56545_PF02826_141_323_pocket_0,Q13363_PF02826_135_317_pocket_0,Q9UBQ7_PF02826_117_295_pocket_0
PF00194	0	O43570_PF00194_39_289_pocket_0,P00915_PF00194_12_261_pocket_0,P22748_PF00194_41_284_pocket_0,P43166_PF00194_14_262_pocket_0,Q16790_PF00194_148_390_pocket_0,Q8N1Q1_PF00194_12_261_pocket_0,Q9ULX7_PF00194_28_278_pocket_0
PF03071	0	Q8WZA1_PF03071_301_560_pocket_0
PF07700	0	Q02153_PF07700_2_166_pocket_1
PF07700	1	Q02153_PF07700_2_166_pocket_0
PF06814	0	Q8NBN3_PF06814_225_467_pocket_0,Q8NBN3_PF06814_225_467_pocket_2
PF06814	1	Q8NBN3_PF06814_225_467_pocket_1
PF00622	0	P19474_PF00622_341_459_pocket_0,Q7KYR7_PF00622_385_491_pocket_1
PF00622	1	Q7KYR7_PF00622_385_491_pocket_0
PF00041	0	P13591_PF00041_510_603_pocket_0,P16871_PF00041_131_221_pocket_0
PF01161	0	P30086_PF01161_48_157_pocket_0
PF00004	0	P17980_PF00004_223_355_pocket_0,P55072_PF00004_241_370_pocket_0,P55072_PF00004_514_647_pocket_0
PF09445	0	Q96RS0_PF09445_692_844_pocket_0
PF00383	0	P32320_PF00383_15_116_pocket_0,Q9BWV3_PF00383_320_443_pocket_0
PF02219	0	P42898_PF02219_48_337_pocket_0
PF05770	0	Q13572_PF05770_119_317_pocket_0
PF00342	0	P06744_PF00342_54_546_pocket_0
PF00271	0	P26196_PF00271_321_429_pocket_0
PF13460	0	P30043_PF13460_10_191_pocket_0,Q9BUP3_PF13460_25_173_pocket_0
PF13460	1	P30043_PF13460_10_191_pocket_1
PF08768	0	Q8WY91_PF08768_422_574_pocket_0
PF01652	0	P06730_PF01652_38_197_pocket_1
PF01652	1	P06730_PF01652_38_197_pocket_0
PF01641	0	Q8IXL7_PF01641_54_168_pocket_2
PF01641	1	Q8IXL7_PF01641_54_168_pocket_1
PF01641	2	Q8IXL7_PF01641_54_168_pocket_0
PF02221	0	P17900_PF02221_33_189_pocket_0,Q9Y6Y9_PF02221_32_151_pocket_0
PF02221	1	P17900_PF02221_33_189_pocket_1,P61916_PF02221_22_147_pocket_0
PF00185	0	P00480_PF00185_187_340_pocket_0
PF07855	0	Q9BSB4_PF07855_9_171_pocket_0
PF00860	0	Q9UHI7_PF00860_45_474_pocket_1
PF00860	1	Q9UHI7_PF00860_45_474_pocket_0
PF00001	0	O00398_PF00001_52_305_pocket_0,O15552_PF00001_25_272_pocket_0,O43613_PF00001_63_358_pocket_0,O43614_PF00001_71_364_pocket_0,O95136_PF00001_50_288_pocket_0,P08913_PF00001_65_441_pocket_0,P21453_PF00001_62_311_pocket_0,P21554_PF00001_133_397_pocket_0,P25090_PF00001_43_302_pocket_0,P25105_PF00001_33_293_pocket_0,P25106_PF00001_62_315_pocket_0,P28336_PF00001_60_322_pocket_0,P29275_PF00001_24_290_pocket_0,P30556_PF00001_45_302_pocket_0,P30872_PF00001_75_323_pocket_0,P31391_PF00001_64_311_pocket_0,P32247_PF00001_64_328_pocket_0,P32249_PF00001_48_308_pocket_1,P34972_PF00001_50_299_pocket_0,P35372_PF00001_87_338_pocket_0,P41143_PF00001_66_318_pocket_0,P41145_PF00001_76_330_pocket_0,P41595_PF00001_71_380_pocket_0,P43657_PF00001_35_291_pocket_1,P47898_PF00001_58_338_pocket_0,P51685_PF00001_52_300_pocket_0,Q15391_PF00001_57_295_pocket_0,Q15722_PF00001_35_285_pocket_0,Q8TDS7_PF00001_44_276_pocket_0,Q8TDU6_PF00001_32_249_pocket_0,Q92847_PF00001_60_323_pocket_0,Q96LB2_PF00001_44_272_pocket_1,Q99500_PF00001_56_298_pocket_0,Q9BXC0_PF00001_32_278_pocket_0,Q9BXC1_PF00001_36_292_pocket_0,Q9H244_PF00001_49_298_pocket_0,Q9NS75_PF00001_55_305_pocket_0,Q9UPC5_PF00001_71_327_pocket_0
PF00001	1	O43613_PF00001_63_358_pocket_8,P30989_PF00001_80_364_pocket_0,P51686_PF00001_65_317_pocket_0
PF00001	2	P41231_PF00001_51_306_pocket_0,P47900_PF00001_68_324_pocket_0,P51582_PF00001_56_306_pocket_0,P55085_PF00001_93_344_pocket_0,Q96LB1_PF00001_47_279_pocket_0
PF00001	3	O14842_PF00001_23_274_pocket_1,O15552_PF00001_25_272_pocket_4,P16473_PF00001_431_678_pocket_1,P21730_PF00001_54_300_pocket_1,P25106_PF00001_62_315_pocket_1,P29274_PF00001_23_288_pocket_0,P43657_PF00001_35_291_pocket_0,P46093_PF00001_35_286_pocket_0,P47211_PF00001_50_303_pocket_0,P49238_PF00001_48_293_pocket_0,Q15743_PF00001_39_286_pocket_0,Q8TDS4_PF00001_44_294_pocket_0,Q8TDU6_PF00001_32_249_pocket_1,Q99788_PF00001_57_316_pocket_0,Q9BXC1_PF00001_36_292_pocket_2,Q9HC97_PF00001_38_276_pocket_0
PF00001	4	O43613_PF00001_63_358_pocket_4,O43613_PF00001_63_358_pocket_5
PF00001	5	O14843_PF00001_32_276_pocket_0,O43613_PF00001_63_358_pocket_1,P29274_PF00001_23_288_pocket_2
PF00001	6	P24530_PF00001_118_384_pocket_0,P28223_PF00001_91_380_pocket_1,P35372_PF00001_87_338_pocket_1
PF00001	7	P0DMS8_PF00001_29_282_pocket_0,P16473_PF00001_431_678_pocket_0,P21728_PF00001_40_331_pocket_3,P22888_PF00001_376_623_pocket_0,P23945_PF00001_379_626_pocket_0,P29274_PF00001_23_288_pocket_1,P30559_PF00001_56_329_pocket_0,P30874_PF00001_60_312_pocket_0,P32238_PF00001_58_370_pocket_0,P32245_PF00001_61_302_pocket_0,P32249_PF00001_48_308_pocket_0,P35414_PF00001_45_309_pocket_0,P49682_PF00001_70_318_pocket_0,P61073_PF00001_55_302_pocket_0,Q8TDU9_PF00001_56_309_pocket_0,Q92633_PF00001_67_311_pocket_0,Q92847_PF00001_60_323_pocket_1,Q99527_PF00001_76_324_pocket_0,Q9HC97_PF00001_38_276_pocket_1,Q9Y2T6_PF00001_56_288_pocket_0,Q9Y5Y4_PF00001_50_304_pocket_0
PF00001	8	O14842_PF00001_23_274_pocket_0,P21554_PF00001_133_397_pocket_1
PF00001	9	O43613_PF00001_63_358_pocket_7
PF00001	10	Q8TDS4_PF00001_44_294_pocket_2
PF00001	11	O15552_PF00001_25_272_pocket_1,O43613_PF00001_63_358_pocket_2,P08913_PF00001_65_441_pocket_1,P21462_PF00001_43_301_pocket_0,P21728_PF00001_40_331_pocket_0,P21730_PF00001_54_300_pocket_0
PF00001	12	P04000_PF00001_71_322_pocket_0,P04001_PF00001_71_322_pocket_0,P07550_PF00001_50_326_pocket_0,P08588_PF00001_75_377_pocket_0,P11229_PF00001_42_418_pocket_0,P21728_PF00001_40_331_pocket_1,P28222_PF00001_67_369_pocket_0,P28223_PF00001_91_380_pocket_0,P46089_PF00001_57_297_pocket_0,P46089_PF00001_57_297_pocket_1,P48039_PF00001_44_295_pocket_0,P49286_PF00001_57_308_pocket_0,P50406_PF00001_44_320_pocket_0,Q5NUL3_PF00001_58_321_pocket_0,Q8TDV5_PF00001_22_279_pocket_0,Q96RJ0_PF00001_40_304_pocket_0,Q99500_PF00001_56_298_pocket_1
PF00001	13	O43613_PF00001_63_358_pocket_9
PF00001	14	O15552_PF00001_25_272_pocket_3,P21728_PF00001_40_331_pocket_2,P25103_PF00001_49_305_pocket_0,P41143_PF00001_66_318_pocket_1,Q13258_PF00001_59_323_pocket_0,Q9BXC1_PF00001_36_292_pocket_1
PF00001	15	O43613_PF00001_63_358_pocket_3
PF00001	16	P21731_PF00001_42_308_pocket_0,P34995_PF00001_67_351_pocket_0,P35408_PF00001_34_329_pocket_0,P43088_PF00001_44_304_pocket_0,P43115_PF00001_65_346_pocket_0,P43116_PF00001_65_314_pocket_0,P43119_PF00001_30_291_pocket_0,Q13258_PF00001_59_323_pocket_1
PF00001	17	O15552_PF00001_25_272_pocket_2,P46093_PF00001_35_286_pocket_1,P49019_PF00001_44_294_pocket_0,Q96LB2_PF00001_44_272_pocket_0,Q9BXA5_PF00001_40_295_pocket_0,Q9Y2T5_PF00001_57_317_pocket_0
PF00479	0	P11413_PF00479_35_210_pocket_0
PF00169	0	O75689_PF00169_131_228_pocket_0,Q06187_PF00169_5_133_pocket_0
PF02786	0	P11498_PF02786_151_358_pocket_0,P31327_PF02786_1088_1290_pocket_0,P31327_PF02786_546_749_pocket_0
PF00162	0	P00558_PF00162_9_406_pocket_1
PF00162	1	P00558_PF00162_9_406_pocket_0
PF02762	0	Q13191_PF02762_256_341_pocket_0
PF02142	0	P31327_PF02142_1375_1465_pocket_0,P31939_PF02142_16_130_pocket_0
PF08449	0	P78383_PF08449_16_311_pocket_0,P78383_PF08449_16_311_pocket_1
PF00076	0	P09651_PF00076_107_166_pocket_0
PF03547	0	Q7Z3F1_PF03547_45_360_pocket_0,Q7Z3F1_PF03547_45_360_pocket_3
PF03547	1	Q7Z3F1_PF03547_45_360_pocket_4
PF03547	2	Q7Z3F1_PF03547_45_360_pocket_2
PF03547	3	Q7Z3F1_PF03547_45_360_pocket_1
PF00887	0	P07108_PF00887_3_78_pocket_0,Q8N6N7_PF00887_4_78_pocket_0,Q8NC06_PF00887_13_91_pocket_0
PF13676	0	Q99836_PF13676_164_278_pocket_0
PF08659	0	P49327_PF08659_1886_2064_pocket_0
PF21549	0	Q9NQV7_PF21549_248_367_pocket_0
PF00136	0	P09884_PF00136_775_1227_pocket_0,P28340_PF00136_541_973_pocket_0
PF01747	0	O43252_PF01747_394_617_pocket_0,O95340_PF01747_384_606_pocket_0
PF23322	0	Q9NZN9_PF23322_29_154_pocket_0
PF12330	0	Q8TF76_PF12330_413_781_pocket_0,Q8TF76_PF12330_413_781_pocket_1
PF03770	0	P23677_PF03770_245_455_pocket_0
PF01207	0	Q9NX74_PF01207_15_285_pocket_0
PF02195	0	Q9BYN0_PF02195_40_132_pocket_0
PF01565	0	Q8N465_PF01565_101_238_pocket_0
PF00027	0	O60741_PF00027_494_576_pocket_0,O95398_PF00027_268_347_pocket_0,P10644_PF00027_274_359_pocket_0,P29973_PF00027_494_583_pocket_0,Q13237_PF00027_187_268_pocket_0,Q13237_PF00027_305_390_pocket_0,Q13976_PF00027_122_203_pocket_0,Q13976_PF00027_240_325_pocket_0,Q14028_PF00027_982_1067_pocket_0,Q16281_PF00027_502_590_pocket_0,Q9NQW8_PF00027_545_629_pocket_0,Q9P1Z3_PF00027_447_528_pocket_0,Q9UL51_PF00027_563_645_pocket_0,Q9Y3Q4_PF00027_614_696_pocket_0
PF00535	0	Q10471_PF00535_139_318_pocket_0,Q86SF2_PF00535_210_395_pocket_0,Q86SR1_PF00535_148_328_pocket_0,Q8IXK2_PF00535_139_322_pocket_0,Q8N4A0_PF00535_138_321_pocket_0
PF02782	0	O75191_PF02782_296_479_pocket_0
PF07555	0	O60502_PF07555_62_342_pocket_0
PF13718	0	Q9H0A0_PF13718_528_752_pocket_0
PF01039	0	Q9HCC0_PF01039_76_554_pocket_0
PF01259	0	P22234_PF01259_12_238_pocket_0,P22234_PF01259_12_238_pocket_2
PF01259	1	P22234_PF01259_12_238_pocket_1
PF01501	0	P46976_PF01501_7_116_pocket_0
PF00670	0	O43865_PF00670_289_449_pocket_0,P23526_PF00670_191_352_pocket_0,Q96HN2_PF00670_370_530_pocket_0
PF13233	0	P56556_PF13233_32_81_pocket_0
PF00520	0	O43526_PF00520_96_321_pocket_1,O75762_PF00520_745_971_pocket_1,Q13936_PF00520_952_1196_pocket_0,Q15858_PF00520_1191_1466_pocket_0,Q9H1D0_PF00520_394_627_pocket_0,Q9UL62_PF00520_376_635_pocket_1
PF00520	1	O43526_PF00520_96_321_pocket_0,Q8NET8_PF00520_442_688_pocket_0,Q9H1D0_PF00520_394_627_pocket_1,Q9H1D0_PF00520_394_627_pocket_4,Q9HBA0_PF00520_475_729_pocket_0,Q9UL62_PF00520_376_635_pocket_0
PF00520	2	Q00975_PF00520_95_365_pocket_0,Q15858_PF00520_1515_1770_pocket_0
PF00520	3	Q15858_PF00520_1515_1770_pocket_1,Q8NER1_PF00520_435_694_pocket_1,Q9H1D0_PF00520_394_627_pocket_3,Q9HBA0_PF00520_475_729_pocket_1,Q9NY46_PF00520_1526_1781_pocket_0
PF00520	4	O60741_PF00520_143_403_pocket_0,Q00975_PF00520_482_718_pocket_0,Q8NER1_PF00520_435_694_pocket_2,Q9Y210_PF00520_486_738_pocket_0,Q9Y3Q4_PF00520_263_523_pocket_1
PF00520	5	Q9Y3Q4_PF00520_263_523_pocket_0
PF00520	6	Q12791_PF00520_181_396_pocket_0
PF00520	7	O60741_PF00520_143_403_pocket_1
PF00520	8	Q9Y5Y9_PF00520_1151_1427_pocket_0,Q9Y5Y9_PF00520_1476_1732_pocket_0
PF00520	9	O75762_PF00520_745_971_pocket_0,Q12791_PF00520_181_396_pocket_1,Q8NET8_PF00520_442_688_pocket_1,Q9H1D0_PF00520_394_627_pocket_2
PF00520	10	Q8NER1_PF00520_435_694_pocket_0
PF00520	11	Q9H1D0_PF00520_394_627_pocket_5
PF02516	0	P46977_PF02516_17_417_pocket_0,Q8TCJ2_PF02516_72_471_pocket_0
PF02516	1	P46977_PF02516_17_417_pocket_1
PF06664	0	Q5T9L3_PF06664_227_496_pocket_0
PF00026	0	P00797_PF00026_85_404_pocket_0,P0DJD7_PF00026_75_387_pocket_0,P56817_PF00026_75_416_pocket_0
PF00059	0	P07306_PF00059_172_279_pocket_0,Q8IUN9_PF00059_199_305_pocket_0
PF00059	1	Q12918_PF00059_113_212_pocket_1
PF00059	2	Q12918_PF00059_113_212_pocket_0
PF00483	0	Q96IJ6_PF00483_3_195_pocket_0,Q9Y5P6_PF00483_2_230_pocket_0
PF16414	0	O15118_PF16414_23_266_pocket_0
PF00112	0	O60911_PF00112_114_332_pocket_0,P07711_PF00112_115_332_pocket_0,P25774_PF00112_115_329_pocket_0,P43235_PF00112_116_327_pocket_0,P53634_PF00112_231_457_pocket_0
PF00112	1	P07858_PF00112_80_328_pocket_0,P25774_PF00112_115_329_pocket_1
PF00112	2	P07711_PF00112_115_332_pocket_1
PF00112	3	P43235_PF00112_116_327_pocket_1
PF08491	0	Q14534_PF08491_277_548_pocket_0
PF03291	0	O43148_PF03291_137_475_pocket_0
PF00787	0	O60493_PF00787_58_147_pocket_0,Q9Y5X0_PF00787_42_123_pocket_1
PF00787	1	Q9Y5X0_PF00787_42_123_pocket_0
PF00028	0	Q08174_PF00028_175_271_pocket_0
PF11032	0	O95445_PF11032_1_186_pocket_0
PF00450	0	P10619_PF00450_39_476_pocket_0
PF00104	0	O00482_PF00104_332_522_pocket_0,O75469_PF00104_243_411_pocket_0,O95718_PF00104_241_415_pocket_0,P03372_PF00104_337_530_pocket_0,P04150_PF00104_558_735_pocket_0,P06401_PF00104_715_887_pocket_0,P08235_PF00104_767_943_pocket_0,P10275_PF00104_699_878_pocket_0,P10276_PF00104_227_399_pocket_0,P10826_PF00104_227_399_pocket_0,P10827_PF00104_215_376_pocket_0,P10828_PF00104_269_435_pocket_0,P11473_PF00104_228_402_pocket_0,P11474_PF00104_226_394_pocket_0,P13631_PF00104_228_398_pocket_0,P19793_PF00104_265_441_pocket_0,P20393_PF00104_437_611_pocket_0,P28702_PF00104_336_512_pocket_0,P35398_PF00104_327_492_pocket_0,P37231_PF00104_319_485_pocket_0,P48443_PF00104_258_442_pocket_0,P51449_PF00104_321_486_pocket_0,P55055_PF00104_262_443_pocket_0,P62508_PF00104_266_440_pocket_0,Q03181_PF00104_239_420_pocket_0,Q07869_PF00104_270_448_pocket_0,Q13133_PF00104_252_430_pocket_0,Q13285_PF00104_256_438_pocket_0,Q14541_PF00104_125_312_pocket_0,Q14994_PF00104_159_329_pocket_0,Q14995_PF00104_403_577_pocket_0,Q92731_PF00104_287_480_pocket_0,Q96RI1_PF00104_298_469_pocket_0
PF00104	1	P22736_PF00104_402_578_pocket_1,P43354_PF00104_398_578_pocket_0
PF00104	2	P19793_PF00104_265_441_pocket_1,P51449_PF00104_321_486_pocket_1
PF00104	3	P51449_PF00104_321_486_pocket_2
PF00104	4	P22736_PF00104_402_578_pocket_2
PF00104	5	P10275_PF00104_699_878_pocket_3
PF00104	6	P04150_PF00104_558_735_pocket_2
PF00104	7	P10275_PF00104_699_878_pocket_1
PF00104	8	P04150_PF00104_558_735_pocket_1
PF00104	9	P22736_PF00104_402_578_pocket_0
PF00104	10	P10275_PF00104_699_878_pocket_2
PF13489	0	O95568_PF13489_182_322_pocket_0,P50135_PF13489_32_216_pocket_1,Q5T8I9_PF13489_42_190_pocket_0
PF13489	1	P50135_PF13489_32_216_pocket_2
PF13489	2	P50135_PF13489_32_216_pocket_0
PF01026	0	Q6P1N9_PF01026_8_293_pocket_0
PF09749	0	Q9BQ65_PF09749_44_263_pocket_0
PF00735	0	Q14141_PF00735_39_307_pocket_0,Q15019_PF00735_34_312_pocket_0,Q16181_PF00735_47_318_pocket_0,Q8IYM1_PF00735_47_319_pocket_0,Q92599_PF00735_41_309_pocket_0,Q9NVA2_PF00735_38_306_pocket_0,Q9UH03_PF00735_59_331_pocket_0,Q9UHD8_PF00735_295_571_pocket_0
PF16114	0	P53396_PF16114_244_420_pocket_0
PF08214	0	Q09472_PF08214_1306_1611_pocket_1
PF08214	1	Q09472_PF08214_1306_1611_pocket_0
PF05822	0	Q969T7_PF05822_44_288_pocket_0
PF08718	0	Q5TA50_PF08718_28_176_pocket_0,Q96JA3_PF08718_330_470_pocket_0,Q9NZD2_PF08718_18_166_pocket_1
PF08718	1	Q9NZD2_PF08718_18_166_pocket_0
PF08704	0	Q96FX7_PF08704_64_286_pocket_0
PF13409	0	O43708_PF13409_14_81_pocket_0,P78417_PF13409_31_95_pocket_0
PF13344	0	Q96GD0_PF13344_22_127_pocket_0
PF14598	0	Q9Y2N7_PF14598_241_344_pocket_0
PF02872	0	P21589_PF02872_341_512_pocket_1
PF02872	1	P21589_PF02872_341_512_pocket_0
PF01421	0	O75173_PF01421_218_428_pocket_0,P78325_PF01421_200_400_pocket_0,Q9BZ11_PF01421_210_409_pocket_0,Q9UHI8_PF01421_258_467_pocket_0,Q9UNA0_PF01421_269_476_pocket_0
PF22516	0	Q5JRX3_PF22516_856_1001_pocket_1,Q5JRX3_PF22516_856_1001_pocket_2
PF22516	1	Q5JRX3_PF22516_856_1001_pocket_0
PF01048	0	O95045_PF01048_60_310_pocket_0,P00491_PF01048_27_276_pocket_0,Q13126_PF01048_11_255_pocket_0,Q16831_PF01048_54_304_pocket_0
PF00277	0	P0DJI8_PF00277_23_122_pocket_0
PF03188	0	Q53TN4_PF03188_49_185_pocket_1
PF03188	1	Q53TN4_PF03188_49_185_pocket_0
PF00574	0	Q16740_PF00574_68_246_pocket_1
PF00574	1	Q16740_PF00574_68_246_pocket_0
PF00375	0	P43004_PF00375_46_495_pocket_2,P43004_PF00375_46_495_pocket_3,P43004_PF00375_46_495_pocket_4
PF00375	1	Q15758_PF00375_54_483_pocket_0
PF00375	2	P43004_PF00375_46_495_pocket_0,P43005_PF00375_22_464_pocket_0
PF00375	3	P43004_PF00375_46_495_pocket_1
PF01729	0	Q15274_PF01729_114_284_pocket_0
PF02390	0	Q9UBP6_PF02390_77_253_pocket_0
PF02019	0	Q9Y5W5_PF02019_38_171_pocket_1
PF02019	1	Q9Y5W5_PF02019_38_171_pocket_0
PF14792	0	P06746_PF14792_149_262_pocket_0,Q9NP87_PF14792_292_362_pocket_1
PF14792	1	Q9NP87_PF14792_292_362_pocket_0
PF00002	0	P34998_PF00002_118_359_pocket_0,Q03431_PF00002_186_455_pocket_0
PF00002	1	Q6QNK2_PF00002_565_802_pocket_0,Q86Y34_PF00002_268_517_pocket_1
PF00002	2	Q02643_PF00002_127_372_pocket_0,Q86Y34_PF00002_268_517_pocket_0
PF00002	3	P43220_PF00002_144_398_pocket_0
PF00728	0	P07686_PF00728_200_516_pocket_0
PF05127	0	Q9H0A0_PF05127_282_488_pocket_0
PF01062	0	O76090_PF01062_1_324_pocket_0,Q8NFU1_PF01062_1_324_pocket_0
PF00821	0	P35558_PF00821_260_618_pocket_0,P35558_PF00821_260_618_pocket_1
PF02055	0	P04062_PF02055_117_466_pocket_0
PF13704	0	Q8NBJ5_PF13704_61_175_pocket_0
PF01564	0	P19623_PF01564_76_260_pocket_1,P52788_PF01564_176_364_pocket_0
PF01564	1	P19623_PF01564_76_260_pocket_0,P52788_PF01564_176_364_pocket_1,Q8N6R0_PF01564_477_613_pocket_0
PF10275	0	Q96DC9_PF10275_3_229_pocket_0
PF01699	0	P32418_PF01699_81_250_pocket_0
PF03253	0	Q13336_PF03253_59_353_pocket_0,Q15849_PF03253_581_875_pocket_0,Q15849_PF03253_581_875_pocket_2
PF03253	1	Q13336_PF03253_59_353_pocket_1,Q15849_PF03253_581_875_pocket_1
PF00092	0	P20701_PF00092_156_325_pocket_0
PF03232	0	Q99807_PF03232_48_214_pocket_0
PF01593	0	O60341_PF01593_288_825_pocket_1,P21397_PF01593_23_460_pocket_1,P27338_PF01593_14_451_pocket_0,P27338_PF01593_14_451_pocket_1,P50336_PF01593_12_471_pocket_1,Q8NB78_PF01593_393_819_pocket_1
PF01593	1	O60341_PF01593_288_825_pocket_0,P21397_PF01593_23_460_pocket_0,P27338_PF01593_14_451_pocket_2,P50336_PF01593_12_471_pocket_0,Q8NB78_PF01593_393_819_pocket_0
PF01593	2	Q9NWM0_PF01593_34_268_pocket_0
PF00051	0	P00747_PF00051_103_181_pocket_0,P00747_PF00051_185_262_pocket_0,P08519_PF00051_1274_1351_pocket_0,P08519_PF00051_1616_1693_pocket_0,P14210_PF00051_128_206_pocket_0,P14210_PF00051_211_288_pocket_0
PF00224	0	P14618_PF00224_43_375_pocket_0
PF00240	0	P62987_PF00240_3_74_pocket_2,P62987_PF00240_3_74_pocket_3,P62987_PF00240_3_74_pocket_4
PF00240	1	P0CG47_PF00240_155_226_pocket_0,P0CG47_PF00240_155_226_pocket_1,P62987_PF00240_3_74_pocket_0,P62987_PF00240_3_74_pocket_1
PF00240	2	P62987_PF00240_3_74_pocket_5
PF00006	0	P06576_PF00006_186_405_pocket_0,P38606_PF00006_230_455_pocket_0
PF00324	0	P55011_PF00324_290_792_pocket_0,Q9UP95_PF00324_124_300_pocket_0
PF00324	1	P55017_PF00324_141_646_pocket_1
PF00324	2	P55017_PF00324_141_646_pocket_0
PF00149	0	P36873_PF00149_59_251_pocket_0,P53041_PF00149_236_429_pocket_0,P62136_PF00149_59_251_pocket_0,P62136_PF00149_59_251_pocket_2
PF00149	1	P62136_PF00149_59_251_pocket_1
PF00561	0	P34913_PF00561_259_531_pocket_0,Q86WA6_PF00561_62_190_pocket_0,Q9BV23_PF00561_72_313_pocket_0
PF00561	1	Q9BV23_PF00561_72_313_pocket_1
PF00091	0	P07437_PF00091_3_211_pocket_0,P23258_PF00091_4_214_pocket_0,P68363_PF00091_3_213_pocket_0,P68371_PF00091_3_211_pocket_0,Q13509_PF00091_3_211_pocket_0,Q71U36_PF00091_3_213_pocket_0,Q9BVA1_PF00091_3_211_pocket_0
PF00373	0	Q9Y2J2_PF00373_192_301_pocket_0
PF00265	0	P04183_PF00265_19_189_pocket_0
PF02825	0	Q7Z6Z7_PF02825_1617_1678_pocket_0,Q86Y01_PF02825_107_171_pocket_0,Q86Y01_PF02825_26_94_pocket_0,Q9NTX7_PF02825_104_168_pocket_0
PF05241	0	Q15125_PF05241_96_206_pocket_0
PF22528	0	Q96LA8_PF22528_188_364_pocket_0
PF22528	1	O60678_PF22528_364_522_pocket_0
PF00480	0	Q9Y223_PF00480_410_714_pocket_1
PF00480	1	Q9Y223_PF00480_410_714_pocket_0
PF10510	0	Q96S52_PF10510_22_546_pocket_0
PF00351	0	P00439_PF00351_119_449_pocket_0,P00439_PF00351_119_449_pocket_1,P07101_PF00351_195_524_pocket_0,P17752_PF00351_106_435_pocket_0
PF00435	0	P35609_PF00435_282_390_pocket_1
PF00435	1	P35609_PF00435_282_390_pocket_0
PF00435	2	P02549_PF00435_1714_1817_pocket_0
PF01451	0	P24666_PF01451_9_154_pocket_1
PF01451	1	P24666_PF01451_9_154_pocket_0
PF00160	0	P30405_PF00160_50_204_pocket_0,P62937_PF00160_7_162_pocket_0
PF00160	1	P30405_PF00160_50_204_pocket_2
PF00160	2	P30405_PF00160_50_204_pocket_1
PF00588	0	Q13395_PF00588_1464_1605_pocket_0
PF04095	0	P43490_PF04095_188_465_pocket_0
PF02301	0	Q13257_PF02301_16_191_pocket_0
PF00786	0	P42768_PF00786_237_294_pocket_0
PF01507	0	Q8NFF5_PF01507_399_553_pocket_0
PF02750	0	O14994_PF02750_193_395_pocket_0
PF10343	0	Q5T6V5_PF10343_55_341_pocket_0
PF01053	0	P32929_PF01053_19_395_pocket_0
PF03283	0	Q6P988_PF03283_87_450_pocket_2
PF03283	1	Q6P988_PF03283_87_450_pocket_1
PF03283	2	Q6P988_PF03283_87_450_pocket_0
PF00291	0	P20132_PF00291_8_303_pocket_0,Q96GA7_PF00291_16_310_pocket_0
PF00291	1	Q9GZT4_PF00291_20_314_pocket_1
PF00145	0	P26358_PF00145_1140_1593_pocket_0,Q9UBC3_PF00145_575_707_pocket_0,Q9Y6K1_PF00145_634_766_pocket_0
PF05014	0	O43598_PF05014_23_119_pocket_0
PF07965	0	P05106_PF07965_632_717_pocket_0
PF05761	0	P49902_PF05761_35_488_pocket_3
PF05761	1	P49902_PF05761_35_488_pocket_2
PF05761	2	P49902_PF05761_35_488_pocket_0
PF05761	3	P49902_PF05761_35_488_pocket_1
PF00176	0	P51531_PF00176_727_1021_pocket_0,P51532_PF00176_757_1051_pocket_0,Q86WJ1_PF00176_49_327_pocket_0
PF09783	0	Q8IVV7_PF09783_122_289_pocket_0
PF05724	0	P51580_PF05724_25_245_pocket_0
PF00179	0	P61088_PF00179_7_143_pocket_0,Q9NPD8_PF00179_6_146_pocket_0
PF00179	1	P49427_PF00179_15_154_pocket_0,Q712K3_PF00179_13_153_pocket_0
PF00179	2	Q9NPD8_PF00179_6_146_pocket_1
PF00179	3	Q9NPD8_PF00179_6_146_pocket_2
PF00179	4	P63279_PF00179_8_151_pocket_0
PF00285	0	O75390_PF00285_71_450_pocket_0,P53396_PF00285_888_1081_pocket_0
PF04851	0	P19447_PF04851_315_471_pocket_0,Q9BYX4_PF04851_306_491_pocket_0
PF18104	0	O43189_PF18104_34_69_pocket_0
PF03807	0	P32322_PF03807_3_98_pocket_0,Q658P3_PF03807_30_117_pocket_0,Q687X5_PF03807_21_107_pocket_0,Q8NFT2_PF03807_32_119_pocket_0
PF00464	0	P34896_PF00464_26_425_pocket_0,P34897_PF00464_49_448_pocket_0
PF00464	1	P34897_PF00464_49_448_pocket_1
PF21399	0	O14746_PF21399_968_1097_pocket_0
PF04061	0	Q8N138_PF04061_11_146_pocket_1
PF04061	1	Q8N138_PF04061_11_146_pocket_0
PF12237	0	Q9H4Z3_PF12237_446_621_pocket_0
PF01770	0	O60779_PF01770_28_458_pocket_0,P41440_PF01770_24_433_pocket_0,Q9BZV2_PF01770_10_441_pocket_0
PF01770	1	P41440_PF01770_24_433_pocket_1
PF01633	0	P35790_PF01633_114_449_pocket_1,Q9Y259_PF01633_72_382_pocket_0
PF01633	1	P35790_PF01633_114_449_pocket_0,Q9Y259_PF01633_72_382_pocket_1
PF01633	2	P35790_PF01633_114_449_pocket_2
PF01633	3	P35790_PF01633_114_449_pocket_3
PF01379	0	P08397_PF01379_21_232_pocket_0,P08397_PF01379_21_232_pocket_1
PF00476	0	O75417_PF00476_2098_2584_pocket_1
PF00476	1	O75417_PF00476_2098_2584_pocket_0
PF00012	0	P0DMV8_PF00012_6_611_pocket_0,P11021_PF00012_30_635_pocket_0
PF20266	0	Q8N884_PF20266_405_509_pocket_0
PF13895	0	Q8N423_PF13895_28_113_pocket_0
PF01875	0	Q9Y316_PF01875_9_291_pocket_0
PF00108	0	P24752_PF00108_42_298_pocket_0
PF00061	0	P05090_PF00061_44_182_pocket_0,P07360_PF00061_48_184_pocket_0,P12104_PF00061_6_131_pocket_0,P19652_PF00061_40_179_pocket_0,P41222_PF00061_41_184_pocket_0,P80188_PF00061_48_190_pocket_0,P80188_PF00061_48_190_pocket_1
PF00061	1	O15540_PF00061_8_131_pocket_0,P05413_PF00061_7_132_pocket_0,P09455_PF00061_6_133_pocket_0,P15090_PF00061_6_131_pocket_0,P29373_PF00061_5_138_pocket_0,P29762_PF00061_5_137_pocket_0,P50120_PF00061_6_133_pocket_0,P82980_PF00061_7_131_pocket_0,Q01469_PF00061_9_133_pocket_0,Q0Z7S8_PF00061_7_131_pocket_0,Q96R05_PF00061_6_133_pocket_0
PF00061	2	P15090_PF00061_6_131_pocket_1
PF00061	3	P05413_PF00061_7_132_pocket_1
PF00061	4	P29373_PF00061_5_138_pocket_1
PF01231	0	P14902_PF01231_13_397_pocket_10,P14902_PF01231_13_397_pocket_11,P14902_PF01231_13_397_pocket_12,P14902_PF01231_13_397_pocket_13,P14902_PF01231_13_397_pocket_14,P14902_PF01231_13_397_pocket_15,P14902_PF01231_13_397_pocket_16,P14902_PF01231_13_397_pocket_2,P14902_PF01231_13_397_pocket_3,P14902_PF01231_13_397_pocket_6,P14902_PF01231_13_397_pocket_7,P14902_PF01231_13_397_pocket_8,P14902_PF01231_13_397_pocket_9
PF01231	1	P14902_PF01231_13_397_pocket_1,P14902_PF01231_13_397_pocket_4
PF01231	2	P14902_PF01231_13_397_pocket_17,P14902_PF01231_13_397_pocket_5
PF01231	3	P14902_PF01231_13_397_pocket_19
PF01231	4	P14902_PF01231_13_397_pocket_21
PF01231	5	P14902_PF01231_13_397_pocket_18
PF01231	6	P14902_PF01231_13_397_pocket_20
PF00129	0	P01889_PF00129_25_203_pocket_0,P25311_PF00129_26_201_pocket_0,Q95460_PF00129_24_198_pocket_1
PF00129	1	P55899_PF00129_28_197_pocket_0,Q95460_PF00129_24_198_pocket_0
PF00129	2	P04439_PF00129_25_203_pocket_0
PF10250	0	Q9H488_PF10250_34_368_pocket_0,Q9Y2G5_PF10250_45_399_pocket_0
PF14604	0	Q15811_PF14604_747_800_pocket_0
PF00702	0	P34913_PF00702_4_197_pocket_0,P34913_PF00702_4_197_pocket_1,P35670_PF00702_1021_1279_pocket_0,Q9UHY7_PF00702_11_224_pocket_0
PF00702	1	O00167_PF00702_269_513_pocket_0
PF02544	0	P31213_PF02544_106_254_pocket_0
PF00083	0	P11169_PF00083_14_465_pocket_1,P11169_PF00083_14_465_pocket_3
PF00083	1	P11169_PF00083_14_465_pocket_2
PF00083	2	O15244_PF00083_149_524_pocket_0,O15245_PF00083_148_523_pocket_0,P11166_PF00083_19_466_pocket_0,P14672_PF00083_28_483_pocket_0,Q4U2R8_PF00083_136_512_pocket_0,Q7L0J3_PF00083_195_471_pocket_0,Q9NRM0_PF00083_63_514_pocket_0,Q9NSA0_PF00083_144_520_pocket_0
PF00083	3	P11169_PF00083_14_465_pocket_0
PF00042	0	P02008_PF00042_28_137_pocket_0,P02042_PF00042_27_142_pocket_0,P02100_PF00042_27_141_pocket_0,P02144_PF00042_28_141_pocket_0,P68871_PF00042_27_142_pocket_0,P69891_PF00042_27_142_pocket_0,P69892_PF00042_27_142_pocket_0,P69905_PF00042_27_137_pocket_0,P69905_PF00042_27_137_pocket_1,P69905_PF00042_27_137_pocket_10,P69905_PF00042_27_137_pocket_2,P69905_PF00042_27_137_pocket_3,P69905_PF00042_27_137_pocket_4,P69905_PF00042_27_137_pocket_5,P69905_PF00042_27_137_pocket_6,P69905_PF00042_27_137_pocket_7,Q8WWM9_PF00042_44_160_pocket_0,Q9NPG2_PF00042_27_144_pocket_0
PF00042	1	P68871_PF00042_27_142_pocket_1,P69905_PF00042_27_137_pocket_9
PF00085	0	P10599_PF00085_6_102_pocket_0,Q15084_PF00085_27_126_pocket_0
PF00085	1	P10599_PF00085_6_102_pocket_1
PF14732	0	Q9UBT2_PF14732_452_538_pocket_0
PF03587	0	Q92979_PF03587_45_238_pocket_0
PF00657	0	P28039_PF00657_257_542_pocket_1
PF00657	1	P28039_PF00657_257_542_pocket_0
PF00676	0	P08559_PF00676_67_361_pocket_0,P12694_PF00676_106_405_pocket_0,Q02218_PF00676_257_581_pocket_0,Q96HY7_PF00676_260_498_pocket_0
PF00676	1	P12694_PF00676_106_405_pocket_1
PF00731	0	P22234_PF00731_267_404_pocket_0
PF08123	0	Q8TEK3_PF08123_115_317_pocket_1
PF08123	1	Q8TEK3_PF08123_115_317_pocket_0
PF01088	0	P15374_PF01088_6_214_pocket_0
PF01088	1	P09936_PF01088_5_205_pocket_0
PF00941	0	P47989_PF00941_234_411_pocket_0,Q06278_PF00941_241_418_pocket_0
PF00316	0	O00757_PF00316_13_198_pocket_0,P09467_PF00316_13_198_pocket_0
PF00316	1	P09467_PF00316_13_198_pocket_1
PF00715	0	P60568_PF00715_7_150_pocket_1
PF00715	1	P60568_PF00715_7_150_pocket_0
PF02450	0	Q8NCC3_PF02450_72_397_pocket_0
PF01139	0	Q9Y3I0_PF01139_68_505_pocket_0
PF16672	0	O43504_PF16672_1_88_pocket_0
PF03881	0	Q9H479_PF03881_21_309_pocket_1
PF03881	1	Q9H479_PF03881_21_309_pocket_0
PF13419	0	Q08623_PF13419_12_194_pocket_0
PF01094	0	O00222_PF01094_75_477_pocket_0,P41180_PF01094_70_495_pocket_0,P41594_PF01094_69_472_pocket_0,Q13255_PF01094_79_486_pocket_0,Q14416_PF01094_61_458_pocket_0,Q14416_PF01094_61_458_pocket_1,Q14832_PF01094_68_472_pocket_0,Q9UBS5_PF01094_188_544_pocket_0
PF01094	1	P41180_PF01094_70_495_pocket_1
PF00017	0	O14508_PF00017_48_129_pocket_0,P08631_PF00017_144_226_pocket_0,P09769_PF00017_144_226_pocket_0,P12931_PF00017_151_233_pocket_0,P46108_PF00017_13_104_pocket_0,P62993_PF00017_60_135_pocket_0
PF03917	0	P48637_PF03917_13_472_pocket_1
PF03917	1	P48637_PF03917_13_472_pocket_0
PF08477	0	Q38SD2_PF08477_640_760_pocket_0,Q5S007_PF08477_1336_1455_pocket_0
PF08543	0	O00764_PF08543_94_274_pocket_0
PF01237	0	Q9BXW6_PF01237_548_942_pocket_1,Q9H4L5_PF01237_527_873_pocket_0
PF01237	1	P22059_PF01237_418_795_pocket_0,Q9BXW6_PF01237_548_942_pocket_0
PF00975	0	P49327_PF00975_2242_2500_pocket_0
PF05028	0	Q86W56_PF05028_706_908_pocket_0
PF00335	0	P60033_PF00335_10_228_pocket_0
PF00232	0	Q9H227_PF00232_2_464_pocket_1
PF00232	1	Q9H227_PF00232_2_464_pocket_0
PF07679	0	Q7Z3B1_PF07679_46_135_pocket_0,Q9P121_PF07679_37_132_pocket_0
PF00215	0	P11172_PF00215_252_466_pocket_0,P11172_PF00215_252_466_pocket_1
PF00557	0	P50579_PF00557_169_372_pocket_0,P53582_PF00557_137_365_pocket_0,Q9NQH7_PF00557_253_482_pocket_0,Q9NQW7_PF00557_328_542_pocket_0
PF01712	0	Q16854_PF01712_41_275_pocket_0
PF01712	1	P27707_PF01712_24_257_pocket_0
PF00398	0	Q8WVM0_PF00398_28_278_pocket_0,Q9UNQ2_PF00398_30_255_pocket_0
PF14651	0	P07148_PF14651_1_127_pocket_1,P51161_PF14651_1_128_pocket_1,P51161_PF14651_1_128_pocket_2
PF14651	1	P07148_PF14651_1_127_pocket_2,P51161_PF14651_1_128_pocket_0
PF14651	2	P07148_PF14651_1_127_pocket_0
PF03721	0	O60701_PF03721_5_190_pocket_0
PF12774	0	Q14204_PF12774_1868_2231_pocket_0,Q8NCM8_PF12774_1651_1986_pocket_0
PF00962	0	P00813_PF00962_10_349_pocket_0,Q6DHV7_PF00962_19_344_pocket_0,Q9NZK5_PF00962_198_495_pocket_0
PF00817	0	Q9UNA4_PF00817_58_235_pocket_0,Q9Y253_PF00817_12_227_pocket_0
PF01459	0	P21796_PF01459_4_276_pocket_1
PF01459	1	P21796_PF01459_4_276_pocket_0
PF00583	0	P21673_PF00583_47_144_pocket_0,P41227_PF00583_19_124_pocket_0,P61599_PF00583_16_128_pocket_0,Q147X3_PF00583_225_338_pocket_0,Q86UY6_PF00583_89_188_pocket_0,Q92830_PF00583_535_627_pocket_0,Q92831_PF00583_531_622_pocket_0,Q93015_PF00583_114_188_pocket_0,Q96EK6_PF00583_69_170_pocket_0,Q96F10_PF00583_50_144_pocket_0,Q9GZZ1_PF00583_20_129_pocket_0,Q9H7X0_PF00583_27_155_pocket_0
PF00583	1	Q9GZZ1_PF00583_20_129_pocket_1
PF01916	0	P49366_PF01916_45_353_pocket_2
PF01916	1	P49366_PF01916_45_353_pocket_0
PF01916	2	P49366_PF01916_45_353_pocket_1
PF00754	0	O14786_PF00754_290_421_pocket_0
PF03024	0	P14207_PF03024_30_205_pocket_0,P15328_PF03024_36_211_pocket_0
PF03024	1	P15328_PF03024_36_211_pocket_1
PF00852	0	Q9Y231_PF00852_183_356_pocket_0
PF00186	0	P00374_PF00186_5_185_pocket_0
PF00307	0	P35609_PF00307_152_257_pocket_0,P35609_PF00307_39_142_pocket_1
PF00307	1	P35609_PF00307_39_142_pocket_2
PF00307	2	P35609_PF00307_39_142_pocket_0
PF02148	0	P45974_PF02148_199_271_pocket_0,Q9UBN7_PF02148_1133_1194_pocket_0
PF14465	0	Q6P4R8_PF14465_379_478_pocket_0
PF01869	0	Q9UJ70_PF01869_7_278_pocket_1
PF01869	1	Q9UJ70_PF01869_7_278_pocket_0
PF05995	0	Q16878_PF05995_1_170_pocket_0
PF09038	0	Q12888_PF09038_1483_1604_pocket_0
PF08241	0	O43709_PF08241_58_130_pocket_0,P0DPD7_PF08241_64_172_pocket_0
PF00211	0	Q96PN6_PF00211_291_418_pocket_0,Q96PN6_PF00211_43_207_pocket_0
PF02121	0	Q00169_PF02121_3_251_pocket_0
PF00248	0	O60218_PF00248_17_292_pocket_4,O60218_PF00248_17_292_pocket_5
PF00248	1	O60218_PF00248_17_292_pocket_0,O60218_PF00248_17_292_pocket_2
PF00248	2	O60218_PF00248_17_292_pocket_7
PF00248	3	O60218_PF00248_17_292_pocket_6,P15121_PF00248_16_289_pocket_0,P42330_PF00248_19_300_pocket_1,P51857_PF00248_21_303_pocket_1,P52895_PF00248_19_300_pocket_1,Q04828_PF00248_19_300_pocket_1
PF00248	4	O43488_PF00248_41_346_pocket_0,O60218_PF00248_17_292_pocket_3,O95154_PF00248_13_318_pocket_0,P17516_PF00248_19_300_pocket_0,P42330_PF00248_19_300_pocket_0,P51857_PF00248_21_303_pocket_0,P52895_PF00248_19_300_pocket_0,Q04828_PF00248_19_300_pocket_0,Q13303_PF00248_52_354_pocket_0
PF00248	5	O60218_PF00248_17_292_pocket_1
PF01035	0	P16455_PF01035_96_173_pocket_0
PF00797	0	P18440_PF00797_20_280_pocket_0
PF00797	1	P11245_PF00797_20_279_pocket_0
PF00080	0	P00441_PF00080_15_150_pocket_0,P00441_PF00080_15_150_pocket_1
PF00080	1	P00441_PF00080_15_150_pocket_3
PF00080	2	P00441_PF00080_15_150_pocket_2
PF05118	0	Q12797_PF05118_591_745_pocket_0
PF21297	0	Q9NQG6_PF21297_153_345_pocket_0
PF07686	0	A6NGN9_PF07686_42_123_pocket_0,Q8IWT1_PF07686_41_145_pocket_0
PF07686	1	Q8TDQ0_PF07686_25_127_pocket_0
PF07686	2	Q8TDQ0_PF07686_25_127_pocket_1
PF07686	3	O14931_PF07686_23_127_pocket_0
PF07686	4	O75144_PF07686_20_129_pocket_0
PF13023	0	Q7Z4H3_PF13023_24_176_pocket_0
PF01569	0	P35575_PF01569_59_199_pocket_0
PF01702	0	Q9BXR0_PF01702_26_380_pocket_0
PF01687	0	Q969G6_PF01687_4_129_pocket_1
PF01687	1	Q969G6_PF01687_4_129_pocket_0
PF01663	0	O14638_PF01663_161_486_pocket_0,P22413_PF01663_212_538_pocket_0,Q9Y6X5_PF01663_28_339_pocket_0
PF01663	1	Q13822_PF01663_166_478_pocket_1
PF01663	2	Q13822_PF01663_166_478_pocket_0
PF00060	0	O15399_PF00060_584_856_pocket_0
PF01885	0	Q86TN4_PF01885_26_203_pocket_0
PF22669	0	Q92835_PF22669_409_706_pocket_2,Q92835_PF22669_409_706_pocket_4
PF22669	1	Q92835_PF22669_409_706_pocket_1
PF22669	2	Q92835_PF22669_409_706_pocket_3
PF22669	3	Q92835_PF22669_409_706_pocket_0
PF05891	0	Q5VVY1_PF05891_66_277_pocket_0,Q9BV86_PF05891_8_223_pocket_0
PF05891	1	Q9BV86_PF05891_8_223_pocket_1
PF00118	0	P10809_PF00118_47_546_pocket_0,P17987_PF00118_28_533_pocket_0,P40227_PF00118_30_524_pocket_0,P48643_PF00118_44_533_pocket_0,P49368_PF00118_33_524_pocket_0,P50990_PF00118_39_529_pocket_0,P50991_PF00118_44_538_pocket_0,P78371_PF00118_36_524_pocket_0,Q99832_PF00118_32_522_pocket_0
PF01124	0	O14684_PF01124_16_146_pocket_0,Q16873_PF01124_9_123_pocket_0,Q16873_PF01124_9_123_pocket_1
PF01124	1	O14684_PF01124_16_146_pocket_1
PF00755	0	P28329_PF00755_134_713_pocket_0,P43155_PF00755_38_609_pocket_0
PF00755	1	P28329_PF00755_134_713_pocket_1
PF00246	0	P15085_PF00246_128_405_pocket_0,Q96IY4_PF00246_129_410_pocket_0
PF00246	1	P15085_PF00246_128_405_pocket_1
PF02518	0	O14874_PF02518_268_401_pocket_0,P11388_PF02518_80_176_pocket_0,Q02880_PF02518_101_197_pocket_0,Q15118_PF02518_270_390_pocket_0,Q15119_PF02518_242_361_pocket_0,Q15120_PF02518_238_359_pocket_0,Q16654_PF02518_245_365_pocket_0
PF02816	0	O00418_PF02816_139_318_pocket_0
PF03281	0	Q8N884_PF03281_214_389_pocket_0,Q8N884_PF03281_214_389_pocket_1
PF16499	0	P06280_PF16499_39_322_pocket_0,P17050_PF16499_25_308_pocket_0
PF16499	1	P06280_PF16499_39_322_pocket_2
PF16499	2	P06280_PF16499_39_322_pocket_1
PF13561	0	Q16698_PF13561_69_302_pocket_0,Q7Z4W1_PF13561_14_241_pocket_0,Q8N4T8_PF13561_12_233_pocket_0,Q92506_PF13561_18_259_pocket_0,Q9BPX1_PF13561_19_249_pocket_0,Q9BTZ2_PF13561_39_273_pocket_0,Q9BUT1_PF13561_14_244_pocket_0,Q9NUI1_PF13561_38_270_pocket_0
PF13561	1	Q9BPX1_PF13561_19_249_pocket_1
PF13561	2	Q9NUI1_PF13561_38_270_pocket_1
PF02230	0	O75608_PF02230_11_225_pocket_0,O95372_PF02230_13_227_pocket_0,O95372_PF02230_13_227_pocket_1,Q5VWZ2_PF02230_12_225_pocket_0
PF13965	0	Q9NXL6_PF13965_184_827_pocket_0
PF04707	0	Q9Y255_PF04707_16_171_pocket_0
PF00337	0	O00214_PF00337_18_150_pocket_0,P09382_PF00337_10_134_pocket_0,P17931_PF00337_117_246_pocket_0
PF00478	0	P12268_PF00478_29_504_pocket_11,P12268_PF00478_29_504_pocket_14,P12268_PF00478_29_504_pocket_16,P12268_PF00478_29_504_pocket_18,P12268_PF00478_29_504_pocket_24,P12268_PF00478_29_504_pocket_25,P12268_PF00478_29_504_pocket_29,P12268_PF00478_29_504_pocket_7,P20839_PF00478_29_504_pocket_10,P20839_PF00478_29_504_pocket_9
PF00478	1	P12268_PF00478_29_504_pocket_10,P12268_PF00478_29_504_pocket_13,P12268_PF00478_29_504_pocket_17,P12268_PF00478_29_504_pocket_23,P12268_PF00478_29_504_pocket_26,P12268_PF00478_29_504_pocket_4,P20839_PF00478_29_504_pocket_0,P20839_PF00478_29_504_pocket_11,P20839_PF00478_29_504_pocket_3,P20839_PF00478_29_504_pocket_8
PF00478	2	P12268_PF00478_29_504_pocket_30,P20839_PF00478_29_504_pocket_7
PF00478	3	P12268_PF00478_29_504_pocket_0,P12268_PF00478_29_504_pocket_19,P12268_PF00478_29_504_pocket_2,P12268_PF00478_29_504_pocket_27,P12268_PF00478_29_504_pocket_5,P12268_PF00478_29_504_pocket_6,P12268_PF00478_29_504_pocket_9,P20839_PF00478_29_504_pocket_1,P20839_PF00478_29_504_pocket_2,P36959_PF00478_10_339_pocket_0,Q9P2T1_PF00478_10_339_pocket_0
PF00478	4	P12268_PF00478_29_504_pocket_1,P12268_PF00478_29_504_pocket_20,P12268_PF00478_29_504_pocket_21,P12268_PF00478_29_504_pocket_22,P12268_PF00478_29_504_pocket_28,P12268_PF00478_29_504_pocket_3,P20839_PF00478_29_504_pocket_4,P20839_PF00478_29_504_pocket_5,P20839_PF00478_29_504_pocket_6,Q9P2T1_PF00478_10_339_pocket_1
PF00323	0	P59665_PF00323_66_94_pocket_0,P59665_PF00323_66_94_pocket_1
PF01512	0	P49821_PF01512_80_249_pocket_0
PF00431	0	P98073_PF00431_225_331_pocket_0
PF13621	0	Q8N371_PF13621_194_416_pocket_0,Q9NWT6_PF13621_53_299_pocket_0
PF00270	0	P60842_PF00270_57_222_pocket_0,Q14562_PF00270_572_721_pocket_0,Q86TM3_PF00270_246_416_pocket_0
PF00270	1	Q9Y2R4_PF00270_189_361_pocket_0
PF00270	2	O75417_PF00270_104_272_pocket_0,Q08211_PF00270_395_547_pocket_0
PF00270	3	P60842_PF00270_57_222_pocket_1
PF00270	4	O75643_PF00270_482_660_pocket_0
PF00766	0	P13804_PF00766_211_291_pocket_0
PF11969	0	Q7Z2E3_PF11969_188_292_pocket_0,Q96C86_PF11969_174_292_pocket_0
PF00664	0	O15439_PF00664_714_991_pocket_0,P08183_PF00664_52_343_pocket_0
PF00664	1	P08183_PF00664_712_986_pocket_0,P13569_PF00664_863_1147_pocket_0,P21439_PF00664_58_345_pocket_0
PF00664	2	Q9NUT2_PF00664_149_425_pocket_1
PF00664	3	Q9NUT2_PF00664_149_425_pocket_0
PF00664	4	Q9NRK6_PF00664_174_438_pocket_0
PF00664	5	P13569_PF00664_82_350_pocket_0
PF13417	0	P30711_PF13417_5_79_pocket_0,Q9H4Y5_PF13417_27_100_pocket_0
PF00022	0	O96019_PF00022_8_428_pocket_0,P60709_PF00022_3_375_pocket_1,P60709_PF00022_3_375_pocket_2,P61158_PF00022_5_238_pocket_0,P61160_PF00022_7_388_pocket_0,P61163_PF00022_9_375_pocket_0,P63261_PF00022_3_375_pocket_0,P63267_PF00022_4_376_pocket_0,P68032_PF00022_5_377_pocket_0,P68133_PF00022_5_377_pocket_0,Q9GZN1_PF00022_2_394_pocket_0
PF00022	1	P60709_PF00022_3_375_pocket_0,P63261_PF00022_3_375_pocket_1,P63267_PF00022_4_376_pocket_1,P68032_PF00022_5_377_pocket_1,P68133_PF00022_5_377_pocket_1
PF00173	0	O43169_PF00173_29_99_pocket_0,P00167_PF00173_13_84_pocket_0,P51687_PF00173_86_160_pocket_0,Q7L1T6_PF00173_58_129_pocket_0
PF04109	0	Q7Z3C6_PF04109_37_525_pocket_2
PF04109	1	Q7Z3C6_PF04109_37_525_pocket_1
PF04109	2	Q7Z3C6_PF04109_37_525_pocket_0
PF13716	0	P21359_PF13716_1602_1735_pocket_0
PF02732	0	Q96NY9_PF02732_276_414_pocket_0
PF00955	0	P02730_PF00955_378_554_pocket_0,P02730_PF00955_565_889_pocket_0,P48751_PF00955_681_852_pocket_0
PF04137	0	Q96HE7_PF04137_61_456_pocket_0
PF01266	0	P14920_PF01266_2_329_pocket_0,Q99489_PF01266_5_324_pocket_0,Q9UI17_PF01266_52_414_pocket_0
PF01266	1	P14920_PF01266_2_329_pocket_1
PF01233	0	O60551_PF01233_143_296_pocket_0,P30419_PF01233_141_294_pocket_0,P30419_PF01233_141_294_pocket_1
PF00899	0	A0AVT1_PF00899_449_931_pocket_0,Q8TBC4_PF00899_64_365_pocket_0,Q9GZZ9_PF00899_53_304_pocket_0,Q9UBT2_PF00899_14_442_pocket_0
PF00899	1	Q9UBT2_PF00899_14_442_pocket_1
PF16207	0	Q99496_PF16207_246_330_pocket_0
PF03031	0	Q9GZU7_PF03031_92_250_pocket_0
PF03446	0	P31937_PF03446_42_200_pocket_0,Q49A26_PF03446_269_428_pocket_0
PF19326	0	Q01433_PF19326_163_806_pocket_1
PF19326	1	Q01433_PF19326_163_806_pocket_0
PF00494	0	P37268_PF00494_48_319_pocket_0
PF00107	0	P00325_PF00107_203_331_pocket_0,P00326_PF00107_203_336_pocket_0,P07327_PF00107_203_335_pocket_0,P08319_PF00107_208_331_pocket_0,P11766_PF00107_202_331_pocket_0,P40394_PF00107_214_347_pocket_0,Q00796_PF00107_183_312_pocket_0,Q14914_PF00107_153_284_pocket_0,Q8N4Q0_PF00107_184_319_pocket_0
PF00082	0	P09958_PF00082_144_427_pocket_0,Q14703_PF00082_209_464_pocket_0
PF00082	1	Q8NBP7_PF00082_181_419_pocket_0
PF00891	0	P46597_PF00891_117_327_pocket_1
PF00891	1	P46597_PF00891_117_327_pocket_0
PF03098	0	P05164_PF03098_173_717_pocket_0,P05164_PF03098_173_717_pocket_1
PF03098	1	P35354_PF03098_207_513_pocket_0
PF00305	0	O15296_PF00305_211_656_pocket_0,P09917_PF00305_222_658_pocket_0,P18054_PF00305_211_644_pocket_0,P18054_PF00305_211_644_pocket_1
PF02898	0	P29474_PF02898_121_481_pocket_0,P29475_PF02898_357_717_pocket_0,P35228_PF02898_137_497_pocket_0,P35228_PF02898_137_497_pocket_1
PF00709	0	P30520_PF00709_32_453_pocket_0
PF09439	0	Q9Y5M8_PF09439_62_241_pocket_0
PF02886	0	P11597_PF02886_245_478_pocket_0,P11597_PF02886_245_478_pocket_1,P17213_PF02886_249_486_pocket_0
PF02820	0	Q969R5_PF02820_540_605_pocket_0,Q96JM7_PF02820_375_442_pocket_0,Q9Y468_PF02820_417_484_pocket_0,Q9Y468_PF02820_521_587_pocket_0
PF00056	0	P00338_PF00056_22_160_pocket_0,P00338_PF00056_22_160_pocket_1,P07195_PF00056_23_161_pocket_0,P07864_PF00056_21_160_pocket_0,P40926_PF00056_26_168_pocket_0
PF06268	0	Q16658_PF06268_268_377_pocket_0
PF06268	1	Q16658_PF06268_21_134_pocket_0
PF01370	0	Q13630_PF01370_10_245_pocket_1,Q9NRG7_PF01370_3_208_pocket_1
PF01370	1	Q13630_PF01370_10_245_pocket_0,Q16795_PF01370_57_260_pocket_0,Q9NRG7_PF01370_3_208_pocket_0
PF08332	0	Q9UQM7_PF08332_346_473_pocket_0,Q9UQM7_PF08332_346_473_pocket_1
PF06602	0	Q13614_PF06602_192_528_pocket_0
PF07654	0	P61769_PF07654_27_106_pocket_0
PF01431	0	P08473_PF01431_543_749_pocket_0
PF05090	0	P38435_PF05090_56_315_pocket_0
PF01327	0	Q9HBH1_PF01327_66_231_pocket_0
PF00344	0	P61619_PF00344_75_458_pocket_0
PF05693	0	P13807_PF05693_31_662_pocket_0
PF04057	0	P27694_PF04057_5_104_pocket_0
PF06309	0	O14656_PF06309_44_169_pocket_0
PF13649	0	Q96LA8_PF13649_86_182_pocket_0,Q99873_PF13649_92_189_pocket_0
PF01255	0	Q86SQ9_PF01255_32_251_pocket_0
PF06087	0	Q9NUW8_PF06087_166_582_pocket_0
PF02540	0	Q6IA69_PF02540_339_603_pocket_0
PF09243	0	Q9H7H0_PF09243_155_438_pocket_0
PF15009	0	Q86WV6_PF15009_154_337_pocket_0
PF03006	0	Q86V24_PF03006_140_363_pocket_0,Q96A54_PF03006_129_352_pocket_0,Q96A54_PF03006_129_352_pocket_2
PF03006	1	Q86V24_PF03006_140_363_pocket_1,Q96A54_PF03006_129_352_pocket_1
PF03006	2	Q86V24_PF03006_140_363_pocket_2
PF03006	3	Q86V24_PF03006_140_363_pocket_3
PF25788	0	P14784_PF25788_141_231_pocket_0
PF08447	0	P35869_PF08447_300_382_pocket_0
PF01230	0	P49773_PF01230_24_120_pocket_0,P49789_PF01230_11_104_pocket_0,P49789_PF01230_11_104_pocket_1,Q9BX68_PF01230_64_157_pocket_0
PF02598	0	Q5T280_PF02598_74_364_pocket_1
PF00326	0	P27487_PF00326_561_763_pocket_0,Q6V1X1_PF00326_687_890_pocket_1,Q86TI2_PF00326_663_863_pocket_0
PF00326	1	Q6V1X1_PF00326_687_890_pocket_0
PF00034	0	P99999_PF00034_4_101_pocket_0
PF04055	0	O43766_PF04055_133_295_pocket_0,Q9H9T3_PF04055_107_295_pocket_0
PF02781	0	P11413_PF02781_212_503_pocket_0,P11413_PF02781_212_503_pocket_1
PF19444	0	P55157_PF19444_592_884_pocket_0,P55157_PF19444_592_884_pocket_1
PF00217	0	P12277_PF00217_154_366_pocket_0,P12532_PF00217_186_399_pocket_0,P17540_PF00217_187_400_pocket_0
