Domain	Ref pocket	Buriedness	min pLDDT	Centroid X	Centroid Y	Centroid Z
A0AVT1_PF00899_449_931	CTR_0	15	85.94	-3.408	-4.075	-9.891
A0FGR8_PF17047_191_370	CTR_0	15	83.23	-7.084	-4.567	-13.852
A0FGR8_PF17047_191_370	CTR_1	14	74.38	-5.432	6.07	-15.85
A1L3X0_PF01151_30_266	CTR_0	12	90.0	-6.91	0.78	8.196
A1Z1Q3_PF01661_88_201	CTR_0	17	95.09	-3.87	8.022	-12.135
A6NGN9_PF07686_42_123	CTR_0	14	87.54	28.967	11.438	-18.555
A6NHR9_PF13589_143_277	CTR_0	22	76.95	16.396	0.706	-47.787
A6NJ78_PF01795_71_405	CTR_0	20	88.94	-0.26	-0.936	3.59
B2RXH2_PF02373_176_292	CTR_0	18	95.84	3.993	2.831	-0.348
L0R8F8_PF05347_8_58	CTR_0	10	86.11	-7.116	-1.026	7.328
O00141_PF00069_98_355	CTR_0	18	86.36	2.933	2.014	-7.989
O00151_PF00595_5_81	CTR_0	15	88.66	13.633	-2.61	4.913
O00159_PF00063_49_718	CTR_0	20	74.98	7.313	7.064	-7.405
O00167_PF00702_269_513	CTR_0	21	98.41	-17.486	-3.329	3.892
O00194_PF00071_11_182	CTR_0	19	83.97	5.696	5.056	-10.748
O00204_PF00685_60_304	CTR_0	19	96.48	-4.836	11.362	-3.259
O00204_PF00685_60_304	CTR_1	10	92.91	5.252	2.63	0.978
O00204_PF00685_60_304	CTR_2	17	96.16	0.87	13.27	-19.283
O00212_PF00071_19_188	CTR_0	18	86.07	8.547	-6.497	-4.744
O00214_PF00337_18_150	CTR_0	9	96.55	16.549	12.364	-13.83
O00222_PF01094_75_477	CTR_0	16	83.75	12.012	4.477	-25.912
O00238_PF07714_204_489	CTR_0	21	86.7	-14.829	9.568	-3.767
O00255_PF05053_3_499	CTR_0	8	97.14	-5.559	0.448	0.718
O00255_PF05053_3_499	CTR_1	11	80.78	-3.432	-13.806	-17.091
O00255_PF05053_3_499	CTR_2	14	98.49	-4.862	20.162	0.324
O00268_PF07531_592_682	CTR_0	16	85.32	-41.342	11.574	-1.317
O00268_PF07531_592_682	CTR_2	20	80.56	-54.73	8.124	5.655
O00311_PF00069_58_207	CTR_0	20	92.07	-11.064	-0.516	8.373
O00327_PF14598_339_441	CTR_0	24	95.1	-19.276	-1.095	15.147
O00329_PF00454_774_990	CTR_0	13	86.15	-21.781	8.469	-2.856
O00338_PF00685_39_288	CTR_0	18	97.43	8.7	3.481	4.156
O00370_PF00078_517_773	CTR_0	14	85.5	0.84	1.502	19.127
O00370_PF03372_11_230	CTR_0	16	82.21	38.794	32.337	-24.414
O00391_PF04777_405_504	CTR_0	12	97.59	-14.795	10.216	9.635
O00408_PF00233_655_887	CTR_0	12	89.99	30.156	-1.203	-5.707
O00411_PF00940_831_1205	CTR_0	18	74.8	8.163	-6.162	-12.809
O00418_PF02816_139_318	CTR_0	15	83.82	21.262	-3.679	-16.688
O00429_PF00350_28_217	CTR_0	12	78.69	32.121	-5.267	-29.341
O00444_PF00069_12_265	CTR_0	19	80.17	-7.584	9.877	18.084
O00506_PF00069_20_270	CTR_0	18	87.19	-6.326	-10.767	2.301
O00560_PF00595_115_191	CTR_0	12	90.06	-18.749	1.314	10.728
O00560_PF00595_200_270	CTR_1	13	93.02	-9.102	-0.127	-8.662
O00560_PF00595_200_270	CTR_0	12	93.29	2.184	5.766	-17.66
O00602_PF00147_115_325	CTR_0	17	97.77	-14.497	-3.929	-2.883
O00625_PF02678_22_118	CTR_0	16	87.28	-11.694	-0.853	2.44
O00757_PF00316_13_198	CTR_0	21	81.18	16.573	2.208	-3.503
O00763_PF02785_651_757	CTR_0	1	89.02	-27.458	-8.713	58.834
O00764_PF08543_94_274	CTR_0	14	88.19	-2.41	0.893	-11.973
O14520_PF00230_30_272	CTR_0	21	96.58	-10.84	-1.541	3.709
O14522_PF00102_912_1142	CTR_0	9	91.34	17.65	-0.076	11.291
O14607_PF02373_1080_1188	CTR_0	11	97.6	-7.986	19.497	-2.245
O14638_PF01663_161_486	CTR_0	18	94.91	-6.163	-8.46	15.416
O14641_PF00778_13_89	CTR_0	12	80.64	-16.617	15.306	-12.431
O14656_PF06309_44_169	CTR_0	10	92.35	-6.403	-0.805	4.57
O14684_PF01124_16_146	CTR_0	11	98.04	-15.141	4.367	-7.914
O14684_PF01124_16_146	CTR_1	12	98.31	-13.617	7.456	9.686
O14733_PF00069_122_380	CTR_0	21	71.01	-7.199	11.359	-7.492
O14744_PF05185_297_464	CTR_0	20	91.0	9.502	11.683	-21.855
O14744_PF05185_297_464	CTR_1	14	86.1	4.512	10.01	-10.773
O14744_PF17285_37_290	CTR_0	10	91.63	-2.782	14.835	31.879
O14744_PF17286_467_635	CTR_0	14	95.51	10.145	-0.647	-12.26
O14746_PF21399_968_1097	CTR_0	8	88.62	-3.202	-8.253	-8.353
O14757_PF00069_11_264	CTR_2	12	84.46	-1.382	4.951	-12.47
O14757_PF00069_11_264	CTR_1	13	85.17	-3.904	10.415	-5.791
O14757_PF00069_11_264	CTR_0	19	72.13	-8.501	0.631	6.542
O14782_PF00225_16_257	CTR_0	11	88.31	14.937	-9.02	-6.174
O14786_PF00754_290_421	CTR_0	10	94.83	-41.822	-5.884	15.325
O14792_PF00685_55_294	CTR_0	22	90.11	-13.435	-1.929	-4.383
O14807_PF00071_15_176	CTR_0	19	75.69	4.757	-1.434	-11.4
O14842_PF00001_23_274	CTR_0	22	91.54	6.306	-6.927	-6.07
O14842_PF00001_23_274	CTR_1	14	89.43	-15.637	-9.246	5.769
O14843_PF00001_32_276	CTR_0	25	90.84	3.202	7.274	-4.876
O14874_PF10436_70_222	CTR_0	21	92.67	-7.48	-2.686	5.26
O14920_PF00069_16_290	CTR_0	19	75.02	21.043	8.132	-14.585
O14931_PF07686_23_127	CTR_0	16	79.12	7.095	-3.604	-20.447
O14936_PF00069_12_276	CTR_0	16	73.22	0.658	9.373	-15.324
O14965_PF00069_133_383	CTR_0	21	82.49	-6.935	-0.365	8.398
O14965_PF00069_133_383	CTR_1	21	82.49	-6.99	-0.865	8.265
O14965_PF00069_133_383	CTR_2	14	72.63	-11.301	11.057	5.591
O14965_PF00069_133_383	CTR_3	13	85.72	-22.703	12.695	10.387
O14966_PF00071_9_174	CTR_0	20	82.72	14.488	-2.777	-1.866
O14976_PF00069_43_312	CTR_0	18	84.03	-0.081	-21.234	-0.824
O14976_PF00069_43_312	CTR_1	17	83.14	-1.991	-6.106	-16.138
O14994_PF02750_193_395	CTR_0	17	84.89	2.008	-0.634	-12.342
O15054_PF02373_1377_1485	CTR_0	14	97.85	2.475	-1.149	-10.558
O15066_PF00225_15_340	CTR_0	13	84.9	12.028	7.134	1.649
O15075_PF00069_390_647	CTR_0	13	87.4	-5.568	-10.287	0.177
O15075_PF00069_390_647	CTR_1	14	82.96	-10.308	-4.107	5.305
O15111_PF00069_16_290	CTR_0	19	76.75	15.475	-8.663	-23.661
O15118_PF16414_23_266	CTR_0	18	72.28	30.395	24.431	-24.985
O15164_PF00439_908_988	CTR_0	13	86.6	5.295	-7.567	5.366
O15178_PF00907_44_218	CTR_2	13	93.19	-9.365	14.85	-7.802
O15229_PF01494_10_324	CTR_0	16	78.53	-5.01	-3.574	2.056
O15244_PF00083_149_524	CTR_0	13	85.89	-0.701	-0.327	4.552
O15245_PF00083_148_523	CTR_0	14	87.05	-1.814	1.417	5.009
O15264_PF00069_28_308	CTR_0	14	79.37	1.968	3.976	-6.392
O15270_PF00155_169_528	CTR_0	20	92.25	1.852	0.63	4.43
O15294_PF13844_476_1016	CTR_0	19	93.75	-17.615	1.415	8.478
O15296_PF00305_211_656	CTR_0	18	86.37	2.798	11.424	-3.007
O15382_PF01063_100_350	CTR_0	20	91.03	-6.772	3.125	-1.663
O15382_PF01063_100_350	CTR_1	19	84.98	2.612	5.103	-2.438
O15393_PF00089_256_484	CTR_1	13	89.12	19.443	-9.815	-2.914
O15393_PF00089_256_484	CTR_2	14	87.45	4.338	-15.918	-15.664
O15393_PF00089_256_484	CTR_3	13	70.77	17.543	6.036	-6.473
O15399_PF00060_584_856	CTR_0	18	74.68	4.394	17.259	-28.933
O15439_PF00664_714_991	CTR_0	14	90.77	-25.284	-26.913	24.671
O15496_PF00068_46_149	CTR_0	19	83.34	-4.344	1.153	-0.718
O15527_PF00730_143_285	CTR_0	11	88.25	-12.135	7.342	-5.468
O15530_PF00069_83_330	CTR_0	13	93.23	-20.614	-6.588	20.751
O15530_PF00069_83_330	CTR_1	20	82.97	-15.336	-4.647	2.611
O15530_PF00069_83_330	CTR_2	11	75.63	0.22	-5.306	-8.461
O15540_PF00061_8_131	CTR_0	20	89.15	3.488	-0.525	-3.951
O15550_PF02373_1133_1241	CTR_0	16	97.42	-8.783	17.057	0.178
O15552_PF00001_25_272	CTR_3	11	93.3	1.865	-15.396	8.408
O15552_PF00001_25_272	CTR_2	18	84.71	13.283	4.175	-6.702
O15552_PF00001_25_272	CTR_4	15	95.52	-10.719	-11.901	2.528
O15552_PF00001_25_272	CTR_0	20	85.65	8.27	-1.609	-14.044
O15552_PF00001_25_272	CTR_1	12	90.86	-17.217	-13.396	7.467
O43148_PF03291_137_475	CTR_0	19	83.14	-5.917	10.37	1.075
O43159_PF05148_238_456	CTR_0	22	95.02	0.817	2.155	-3.457
O43169_PF00173_29_99	CTR_0	15	93.28	-10.578	-1.592	6.018
O43173_PF00777_117_370	CTR_0	18	83.79	7.755	-4.817	-0.256
O43175_PF00389_9_317	CTR_0	20	92.53	-9.198	4.459	7.591
O43175_PF02826_112_285	CTR_0	18	92.53	-9.148	5.845	8.02
O43189_PF18104_34_69	CTR_0	14	93.19	0.647	7.513	7.828
O43252_PF01583_51_203	CTR_1	12	90.75	-33.748	16.081	15.526
O43252_PF01583_51_203	CTR_0	15	80.6	-43.232	10.211	25.17
O43252_PF01747_394_617	CTR_0	17	93.21	0.486	7.506	-24.66
O43292_PF04114_125_615	CTR_0	20	90.16	-13.011	9.594	1.504
O43293_PF00069_13_275	CTR_0	18	83.16	1.036	-7.454	-8.34
O43353_PF07714_22_288	CTR_0	20	84.59	4.021	9.87	-6.66
O43414_PF00929_147_319	CTR_0	13	94.51	-1.576	-5.975	7.3
O43451_PF01055_370_726	CTR_0	16	94.53	-39.083	13.554	55.146
O43451_PF01055_370_726	CTR_1	19	95.1	-38.312	15.628	25.734
O43488_PF00248_41_346	CTR_0	21	93.25	2.967	-1.362	-4.336
O43502_PF08423_100_348	CTR_0	15	92.92	-9.407	10.733	-9.771
O43504_PF16672_1_88	CTR_0	12	94.65	-4.814	-8.618	-2.335
O43520_PF13246_524_711	CTR_0	11	74.88	-15.812	-2.86	29.045
O43526_PF00520_96_321	CTR_1	11	95.36	-2.7	2.316	15.072
O43570_PF00194_39_289	CTR_0	17	95.9	2.837	5.955	-6.482
O43613_PF00001_63_358	CTR_8	11	86.15	19.145	3.04	-11.187
O43613_PF00001_63_358	CTR_7	11	96.48	1.999	-12.148	-7.029
O43613_PF00001_63_358	CTR_6	13	78.51	-18.547	14.099	13.776
O43613_PF00001_63_358	CTR_5	8	84.06	27.852	14.3	-1.763
O43613_PF00001_63_358	CTR_9	11	93.14	-4.434	-4.877	26.791
O43613_PF00001_63_358	CTR_3	12	92.51	12.929	-10.303	-8.252
O43613_PF00001_63_358	CTR_2	14	84.06	20.841	3.359	0.334
O43613_PF00001_63_358	CTR_1	11	94.66	4.703	15.751	-1.458
O43613_PF00001_63_358	CTR_0	15	89.22	-9.554	0.016	12.149
O43613_PF00001_63_358	CTR_4	10	90.47	20.693	19.379	-3.518
O43614_PF00001_71_364	CTR_0	19	90.6	3.431	2.119	-10.511
O43617_PF04051_19_165	CTR_0	18	94.59	-6.703	4.471	6.464
O43683_PF00069_790_1004	CTR_0	19	74.88	-2.478	9.058	-1.802
O43683_PF00069_790_1004	CTR_1	20	87.23	-2.455	11.045	-6.893
O43704_PF00685_38_288	CTR_0	17	97.44	-2.189	10.064	-4.885
O43704_PF00685_38_288	CTR_1	18	89.78	9.598	7.711	1.186
O43708_PF13409_14_81	CTR_0	14	96.8	7.287	6.483	-6.185
O43709_PF08241_58_130	CTR_0	19	94.95	7.779	-0.91	-4.035
O43766_PF04055_133_295	CTR_0	12	92.3	5.785	-2.549	0.539
O43776_PF00152_226_541	CTR_0	20	77.57	2.177	2.198	-15.548
O43781_PF00069_209_522	CTR_0	20	83.63	-7.979	1.265	6.992
O43809_PF13869_36_222	CTR_0	18	88.56	2.528	-3.125	0.305
O43809_PF13869_36_222	CTR_1	12	95.47	3.313	10.283	-5.321
O43824_PF01926_297_390	CTR_0	13	89.89	-7.557	-6.256	-7.701
O43865_PF00670_289_449	CTR_0	20	77.05	-0.638	1.641	-10.321
O43865_PF05221_239_529	CTR_0	21	77.05	0.464	0.947	-10.821
O43913_PF13191_8_154	CTR_0	9	87.61	-16.136	-2.653	4.401
O43924_PF05351_10_149	CTR_0	20	95.82	4.037	2.246	-3.399
O60218_PF00248_17_292	CTR_7	14	96.05	1.522	14.205	24.239
O60218_PF00248_17_292	CTR_5	14	95.36	5.972	-10.889	15.244
O60218_PF00248_17_292	CTR_4	17	95.36	0.307	-16.109	10.785
O60218_PF00248_17_292	CTR_6	10	92.93	12.829	0.592	0.621
O60218_PF00248_17_292	CTR_2	18	98.03	-9.764	-15.443	9.728
O60218_PF00248_17_292	CTR_1	17	97.23	-8.558	8.647	21.795
O60218_PF00248_17_292	CTR_3	19	91.79	4.196	0.213	10.667
O60218_PF00248_17_292	CTR_0	16	98.23	-5.045	-14.731	12.743
O60313_PF00350_291_469	CTR_0	11	78.66	21.115	-4.838	-43.738
O60341_PF01593_288_825	CTR_0	25	97.02	-2.406	10.484	-9.062
O60341_PF01593_288_825	CTR_1	13	90.98	-4.061	2.977	1.965
O60493_PF00787_58_147	CTR_0	10	81.5	7.728	3.926	-14.024
O60502_PF07555_62_342	CTR_0	17	90.39	-5.723	1.251	14.674
O60507_PF13469_70_262	CTR_0	12	96.76	2.063	-3.376	-9.946
O60547_PF16363_27_358	CTR_1	22	95.68	-11.581	5.056	-3.08
O60547_PF16363_27_358	CTR_0	20	91.68	2.02	7.867	-8.061
O60551_PF01233_143_296	CTR_0	14	84.48	-14.744	9.925	8.768
O60658_PF00233_555_807	CTR_0	16	82.42	12.151	-5.099	-6.237
O60674_PF07714_546_805	CTR_0	18	88.06	7.674	13.362	-10.485
O60674_PF07714_849_1120	CTR_0	19	87.2	29.824	14.466	-28.751
O60674_PF07714_849_1120	CTR_1	17	83.03	41.279	-6.891	-34.764
O60678_PF06325_255_328	CTR_0	12	90.73	-9.066	-4.171	6.511
O60678_PF22528_364_522	CTR_0	13	91.32	10.445	4.738	-12.628
O60701_PF03721_5_190	CTR_0	17	89.15	4.025	9.443	-6.596
O60704_PF13469_69_262	CTR_0	12	96.16	5.355	2.249	-8.265
O60741_PF00027_494_576	CTR_0	16	89.86	-36.173	-1.733	36.617
O60741_PF00520_143_403	CTR_0	15	84.77	8.237	6.943	-17.223
O60741_PF00520_143_403	CTR_1	13	90.18	9.343	15.937	-12.011
O60760_PF02798_5_72	CTR_0	11	96.85	8.923	10.042	-6.921
O60779_PF01770_28_458	CTR_0	14	93.78	2.131	0.849	-4.816
O60825_PF01591_27_249	CTR_0	14	79.57	-16.828	7.658	-0.445
O60841_PF00009_632_843	CTR_0	14	79.62	4.731	-11.323	-6.515
O60882_PF00413_116_271	CTR_0	18	91.52	11.979	1.444	-15.207
O60885_PF00439_357_444	CTR_0	14	89.79	-0.844	26.972	-8.95
O60885_PF00439_70_151	CTR_3	19	93.9	8.433	-14.957	-9.169
O60885_PF00439_70_151	CTR_2	18	91.64	-12.956	-11.315	-11.505
O60885_PF00439_70_151	CTR_0	13	92.46	10.316	-4.019	-15.083
O60885_PF00439_70_151	CTR_1	15	92.32	5.948	-10.349	-22.467
O60911_PF00112_114_332	CTR_0	15	94.28	4.39	7.976	6.315
O75116_PF00069_92_354	CTR_0	23	84.99	-7.228	-12.549	9.009
O75144_PF07686_20_129	CTR_0	10	86.29	-21.582	6.07	19.829
O75164_PF02373_175_291	CTR_0	13	94.04	0.613	3.009	-14.301
O75173_PF01421_218_428	CTR_0	21	72.38	-4.212	-10.961	16.575
O75191_PF02782_296_479	CTR_0	15	84.02	8.794	-11.279	-17.393
O75208_PF08511_213_284	CTR_0	13	96.79	-6.592	8.925	-3.067
O75367_PF01661_213_326	CTR_0	17	86.22	7.07	-2.675	-11.1
O75385_PF00069_17_278	CTR_0	16	86.61	7.834	7.132	-0.614
O75390_PF00285_71_450	CTR_0	7	78.42	10.563	-12.163	-3.642
O75417_PF00476_2098_2584	CTR_1	26	71.8	36.198	31.667	-1.802
O75460_PF00069_575_832	CTR_1	20	73.2	-11.415	-13.109	2.028
O75469_PF00104_243_411	CTR_0	13	93.45	1.743	1.905	-10.562
O75608_PF02230_11_225	CTR_0	23	85.02	12.409	2.26	-6.283
O75628_PF00071_82_243	CTR_0	13	93.39	5.212	-4.523	-8.024
O75689_PF00169_131_228	CTR_0	12	89.83	15.295	-11.71	-7.467
O75716_PF00069_22_286	CTR_0	17	88.82	4.073	-4.135	-8.154
O75751_PF07690_159_485	CTR_0	16	87.02	0.628	2.826	3.408
O75762_PF00520_745_971	CTR_0	9	84.69	-33.614	0.326	45.738
O75762_PF00520_745_971	CTR_1	13	84.58	-38.572	12.386	50.388
O75794_PF07065_14_314	CTR_0	16	91.92	-2.014	3.951	0.291
O75828_PF00106_6_148	CTR_0	15	92.97	-3.576	-2.94	-6.571
O75844_PF01435_229_472	CTR_0	15	90.93	11.959	2.736	-3.899
O75844_PF16491_41_225	CTR_0	16	96.46	-9.366	-13.524	-3.939
O75844_PF16491_41_225	CTR_1	17	95.53	-21.332	-4.17	-0.933
O75874_PF00180_11_380	CTR_0	11	82.19	7.427	0.997	13.181
O75874_PF00180_11_380	CTR_1	13	83.8	9.146	0.674	2.286
O75874_PF00180_11_380	CTR_2	19	90.89	-1.541	12.713	3.868
O75874_PF00180_11_380	CTR_3	13	92.56	3.501	3.538	20.576
O75891_PF00551_1_180	CTR_0	19	84.34	30.689	16.29	-48.348
O75897_PF00685_45_294	CTR_0	17	96.64	-5.505	-5.757	-5.369
O75899_PF00003_477_743	CTR_0	14	86.59	-32.562	-5.775	37.05
O75907_PF03062_155_474	CTR_0	18	91.09	-7.316	0.792	-8.856
O75908_PF03062_151_494	CTR_0	14	86.85	5.85	-3.519	-2.66
O75908_PF03062_151_494	CTR_1	11	85.91	1.076	8.382	-5.006
O75908_PF03062_151_494	CTR_2	17	86.85	3.601	-2.623	2.07
O75908_PF03062_151_494	CTR_3	17	95.85	-4.877	6.543	2.962
O75914_PF00069_283_534	CTR_0	17	77.23	-11.639	7.272	3.377
O75936_PF02668_114_366	CTR_0	20	72.61	16.204	2.481	-2.809
O75936_PF02668_114_366	CTR_1	20	73.7	15.791	4.409	-8.827
O75940_PF06003_72_122	CTR_0	10	85.49	-13.65	-2.297	17.938
O76039_PF00069_14_296	CTR_0	21	83.25	-11.762	-1.715	8.75
O76054_PF00650_84_243	CTR_0	17	96.48	-0.168	0.967	0.362
O76074_PF00233_612_845	CTR_0	17	87.54	14.318	16.774	-31.978
O76074_PF00233_612_845	CTR_1	16	95.19	23.834	7.579	-32.662
O76083_PF00233_311_539	CTR_0	13	85.39	10.64	1.868	-6.171
O76090_PF01062_1_324	CTR_0	18	84.38	25.228	-4.203	-28.114
O94759_PF18139_141_397	CTR_0	17	80.52	-19.876	17.048	33.308
O94766_PF03360_96_312	CTR_0	13	71.37	3.538	-4.746	-8.634
O94768_PF00069_36_293	CTR_0	20	91.8	5.024	3.874	-3.302
O94788_PF00171_46_509	CTR_0	20	98.19	8.967	1.22	8.547
O94788_PF00171_46_509	CTR_1	18	96.66	0.025	5.363	-6.723
O94804_PF00069_37_294	CTR_0	19	78.8	-21.067	-18.597	-1.455
O94953_PF02373_176_292	CTR_0	11	94.87	0.958	6.321	-7.136
O95045_PF01048_60_310	CTR_0	16	96.63	1.772	-7.893	6.982
O95050_PF01234_4_259	CTR_0	23	98.21	-0.731	3.706	-7.247
O95057_PF00071_9_165	CTR_0	19	86.03	3.795	8.49	-6.852
O95136_PF00001_50_288	CTR_0	16	93.24	1.804	2.232	-7.279
O95140_PF00350_99_258	CTR_0	13	77.58	28.203	15.227	-42.237
O95154_PF00248_13_318	CTR_0	19	93.7	0.196	6.275	7.973
O95251_PF01853_393_570	CTR_0	20	76.95	-4.959	-5.228	-6.325
O95251_PF01853_393_570	CTR_1	17	75.06	-1.946	-1.427	8.848
O95340_PF01583_41_192	CTR_0	12	82.37	-11.551	-14.339	21.766
O95340_PF01583_41_192	CTR_1	18	86.57	-26.207	-14.635	25.517
O95340_PF01747_384_606	CTR_0	16	75.92	6.361	14.43	4.102
O95372_PF02230_13_227	CTR_1	18	92.17	9.902	6.862	-7.279
O95372_PF02230_13_227	CTR_0	24	88.63	11.746	-0.989	-8.071
O95398_PF00027_268_347	CTR_0	18	87.02	-7.01	21.323	19.669
O95433_PF08327_217_331	CTR_0	16	79.72	-3.594	6.855	-9.617
O95445_PF11032_1_186	CTR_0	19	92.32	-4.991	2.29	-6.986
O95470_PF00282_196_448	CTR_0	20	97.3	-8.015	1.835	-2.477
O95486_PF08033_744_828	CTR_0	10	94.15	-10.003	7.676	-24.322
O95568_PF13489_182_322	CTR_0	15	91.28	-1.824	-3.833	-5.908
O95619_PF03366_42_121	CTR_0	13	90.85	-17.808	-0.262	-12.765
O95696_PF00439_572_653	CTR_0	11	92.61	-41.122	9.138	48.343
O95696_PF00855_931_1037	CTR_0	10	85.02	-8.075	-1.287	-21.884
O95716_PF00071_24_183	CTR_0	20	78.86	-2.632	4.937	-14.932
O95718_PF00104_241_415	CTR_0	17	96.31	4.245	3.684	-10.881
O95749_PF00348_10_250	CTR_0	18	74.13	-5.282	4.123	-2.18
O95819_PF00069_25_289	CTR_0	18	75.57	-28.327	8.586	9.564
O95861_PF00459_12_295	CTR_0	22	79.36	10.319	-3.865	-0.094
O95989_PF00293_20_139	CTR_0	9	93.54	11.852	4.565	-3.837
O96013_PF00069_326_572	CTR_0	22	77.3	4.097	2.937	-7.54
O96017_PF00069_221_486	CTR_0	19	81.65	-4.172	-0.596	-6.214
O96019_PF00022_8_428	CTR_0	20	90.87	2.017	1.242	-2.44
O96028_PF00855_223_303	CTR_0	10	72.72	-21.868	7.669	41.348
O96028_PF00856_1074_1180	CTR_0	13	72.73	8.714	15.785	-17.528
P00156_PF00033_19_204	CTR_1	18	97.91	-4.968	-3.944	9.781
P00156_PF00033_19_204	CTR_0	20	98.41	6.393	-7.085	-8.653
P00167_PF00173_13_84	CTR_0	20	88.64	9.694	-2.912	-6.928
P00325_PF00107_203_331	CTR_0	12	94.72	0.845	9.025	9.208
P00325_PF08240_35_162	CTR_0	12	89.28	6.765	0.32	4.16
P00326_PF00107_203_336	CTR_0	12	96.23	0.413	8.774	9.053
P00326_PF08240_34_162	CTR_0	13	90.76	7.006	0.221	3.899
P00338_PF00056_22_160	CTR_0	18	83.15	-1.217	-0.636	10.059
P00338_PF00056_22_160	CTR_1	13	89.23	-4.338	-7.578	15.966
P00338_PF02866_164_324	CTR_0	15	84.56	7.388	1.202	2.735
P00352_PF00171_29_492	CTR_1	16	98.21	14.973	7.517	7.096
P00352_PF00171_29_492	CTR_2	18	97.89	-7.055	-0.202	0.556
P00352_PF00171_29_492	CTR_0	19	98.21	9.049	4.74	7.414
P00374_PF00186_5_185	CTR_0	22	92.81	-2.045	-3.12	-4.654
P00387_PF00970_45_151	CTR_0	9	95.31	3.625	8.948	-4.681
P00390_PF12831_66_177	CTR_0	18	97.96	-11.971	13.044	5.999
P00390_PF12831_66_177	CTR_1	15	98.37	-4.581	19.839	1.698
P00395_PF00115_14_460	CTR_0	19	82.1	9.791	2.616	2.894
P00395_PF00115_14_460	CTR_1	19	97.03	-1.59	12.982	-2.902
P00414_PF00510_6_261	CTR_0	10	98.45	-5.506	7.1	7.102
P00439_PF00351_119_449	CTR_0	20	73.94	6.475	-0.762	-8.345
P00439_PF00351_119_449	CTR_1	16	88.19	1.73	-1.326	-0.867
P00441_PF00080_15_150	CTR_3	14	95.76	5.496	-0.551	-10.596
P00441_PF00080_15_150	CTR_2	15	87.13	11.847	9.03	13.042
P00441_PF00080_15_150	CTR_0	11	97.03	-3.327	6.381	17.805
P00441_PF00080_15_150	CTR_1	10	98.56	-7.193	3.267	14.718
P00480_PF00185_187_340	CTR_0	12	78.23	-6.102	11.319	-5.296
P00491_PF01048_27_276	CTR_0	24	88.47	7.599	7.96	-4.682
P00492_PF00156_42_195	CTR_0	12	88.91	1.401	-7.056	-4.9
P00505_PF00155_58_425	CTR_0	21	89.19	-6.791	5.645	-3.688
P00519_PF07714_242_492	CTR_0	22	76.57	-1.492	7.43	-15.069
P00519_PF07714_242_492	CTR_2	17	95.05	0.427	15.735	9.593
P00533_PF07714_714_966	CTR_0	17	73.46	-21.774	32.529	8.38
P00558_PF00162_9_406	CTR_1	16	90.46	21.939	-3.351	-7.919
P00558_PF00162_9_406	CTR_0	17	84.24	13.048	0.138	-3.997
P00568_PF00406_13_168	CTR_0	22	90.28	1.458	3.327	-4.878
P00734_PF00089_364_613	CTR_1	15	94.8	-9.319	-9.297	14.205
P00734_PF00089_364_613	CTR_2	22	95.08	-13.771	-8.987	8.583
P00734_PF00089_364_613	CTR_3	23	76.08	-9.337	-12.577	-2.998
P00734_PF00089_364_613	CTR_4	15	95.23	-22.246	2.335	4.26
P00747_PF00051_103_181	CTR_0	10	93.29	29.747	-7.232	-42.177
P00747_PF00051_185_262	CTR_0	10	82.94	7.822	8.242	2.771
P00749_PF00089_179_419	CTR_2	14	81.41	16.092	13.084	-11.557
P00751_PF00089_489_730	CTR_0	16	81.9	28.558	12.092	-21.092
P00813_PF00962_10_349	CTR_0	26	97.14	7.831	0.286	-1.203
P00915_PF00194_12_261	CTR_0	18	96.06	-5.474	8.982	-1.19
P00918_PF00194_11_259	CTR_15	18	95.91	9.465	0.746	-14.795
P00918_PF00194_11_259	CTR_13	19	96.17	15.902	-3.838	4.222
P00918_PF00194_11_259	CTR_14	9	95.61	1.06	-4.138	-14.63
P00918_PF00194_11_259	CTR_16	20	97.62	-8.574	8.165	10.052
P00918_PF00194_11_259	CTR_12	23	97.7	7.476	-0.671	2.927
P00918_PF00194_11_259	CTR_18	19	94.68	3.952	-1.122	12.646
P00918_PF00194_11_259	CTR_19	25	98.62	-6.729	2.639	0.652
P00918_PF00194_11_259	CTR_20	17	97.34	11.01	11.988	8.149
P00918_PF00194_11_259	CTR_21	11	97.72	-10.18	15.253	10.602
P00918_PF00194_11_259	CTR_17	18	96.17	13.025	-0.425	8.094
P00918_PF00194_11_259	CTR_11	21	97.67	7.378	4.134	-1.18
P00918_PF00194_11_259	CTR_3	22	97.54	-8.496	12.274	4.855
P00918_PF00194_11_259	CTR_9	19	95.61	2.723	2.343	-14.226
P00918_PF00194_11_259	CTR_8	19	97.73	7.858	-6.43	6.811
P00918_PF00194_11_259	CTR_7	21	96.71	10.76	0.391	-3.392
P00918_PF00194_11_259	CTR_6	23	97.67	10.37	6.603	-5.808
P00918_PF00194_11_259	CTR_5	23	97.9	-11.464	4.955	0.181
P00918_PF00194_11_259	CTR_4	25	98.05	0.269	13.658	-0.26
P00918_PF00194_11_259	CTR_10	17	95.61	-3.81	-0.881	-15.347
P00918_PF00194_11_259	CTR_2	14	97.7	20.891	4.504	-7.069
P00918_PF00194_11_259	CTR_1	19	95.01	0.666	8.884	-11.228
P00918_PF00194_11_259	CTR_0	18	96.77	-0.72	-5.645	-4.108
P01008_PF00079_86_461	CTR_0	11	84.87	-10.248	-3.103	-18.157
P01009_PF00079_54_415	CTR_0	18	84.02	3.633	-3.138	-15.05
P01011_PF00079_52_420	CTR_0	16	94.23	-3.728	-11.353	3.921
P01011_PF00079_52_420	CTR_2	18	91.19	-19.932	10.609	18.767
P01011_PF00079_52_420	CTR_3	20	84.6	-3.054	12.94	1.527
P01011_PF00079_52_420	CTR_5	15	87.27	-14.969	19.886	7.495
P01011_PF00079_52_420	CTR_6	17	84.28	-2.843	21.36	6.25
P01111_PF00071_5_164	CTR_0	18	78.13	1.602	9.605	-11.61
P01111_PF00071_5_164	CTR_1	14	86.08	-7.821	14.934	7.171
P01112_PF00071_5_164	CTR_4	11	86.62	-4.382	-7.126	-15.386
P01112_PF00071_5_164	CTR_3	16	92.32	-14.494	1.146	-9.323
P01112_PF00071_5_164	CTR_0	19	79.9	6.163	-1.297	-10.817
P01112_PF00071_5_164	CTR_1	25	79.9	3.36	-1.356	-10.644
P01112_PF00071_5_164	CTR_2	18	79.9	6.528	-1.859	-10.864
P01116_PF00071_5_164	CTR_0	19	79.81	6.39	7.209	-7.311
P01116_PF00071_5_164	CTR_1	24	81.12	2.771	-2.001	6.033
P01116_PF00071_5_164	CTR_2	11	80.94	12.367	-0.036	5.228
P01215_PF00236_28_115	CTR_0	10	91.14	-20.567	2.327	10.852
P01584_PF00340_147_264	CTR_0	17	73.68	8.961	7.835	-7.182
P01584_PF00340_147_264	CTR_1	12	88.04	9.027	-6.442	4.22
P01889_PF00129_25_203	CTR_0	20	97.57	-11.581	1.97	14.12
P02008_PF00042_28_137	CTR_0	14	98.11	8.671	5.754	-3.981
P02042_PF00042_27_142	CTR_0	15	95.68	4.329	-0.808	-3.106
P02100_PF00042_27_141	CTR_0	14	97.06	9.707	4.351	-1.247
P02144_PF00042_28_141	CTR_0	13	96.67	6.936	-2.439	5.093
P02549_PF00435_1714_1817	CTR_0	14	83.75	5.545	-7.17	32.551
P02671_PF00147_630_862	CTR_0	13	77.93	-11.91	-6.517	-9.826
P02689_PF00061_7_131	CTR_0	22	84.68	5.879	0.835	-1.541
P02708_PF02931_24_230	CTR_0	7	88.33	22.977	15.131	-11.828
P02730_PF00955_378_554	CTR_0	13	88.76	-11.994	-3.404	13.766
P02730_PF00955_565_889	CTR_0	10	84.8	-6.705	2.121	14.583
P02741_PF00354_25_220	CTR_0	10	98.52	1.787	-9.653	2.32
P02743_PF00354_26_219	CTR_0	11	97.43	4.858	-3.463	6.534
P02753_PF00061_39_173	CTR_0	17	83.32	1.507	7.623	-1.984
P02766_PF00576_34_138	CTR_0	10	98.54	-9.727	-5.479	-3.168
P02768_PF00273_223_394	CTR_0	18	95.58	-9.457	1.318	-11.691
P02768_PF00273_223_394	CTR_1	16	94.3	4.04	10.312	-17.519
P02768_PF00273_223_394	CTR_2	10	94.64	-23.339	3.225	-7.698
P02768_PF00273_31_202	CTR_0	11	92.42	-21.731	11.565	-4.849
P02768_PF00273_31_202	CTR_1	11	87.9	-16.827	-4.677	9.726
P02768_PF00273_31_202	CTR_2	19	93.07	-31.388	18.725	0.311
P02768_PF00273_31_202	CTR_3	15	94.64	-27.048	-0.585	1.99
P02768_PF00273_414_592	CTR_8	18	91.06	5.289	8.925	12.46
P02768_PF00273_414_592	CTR_7	16	72.85	16.164	-3.498	25.977
P02768_PF00273_414_592	CTR_6	11	86.76	18.31	-9.626	8.597
P02768_PF00273_414_592	CTR_5	21	75.03	13.176	-9.348	22.507
P02768_PF00273_414_592	CTR_9	11	86.76	17.293	-14.193	12.416
P02768_PF00273_414_592	CTR_3	18	95.65	10.579	-2.89	-0.577
P02768_PF00273_414_592	CTR_2	22	72.85	13.209	-8.727	23.055
P02768_PF00273_414_592	CTR_1	22	75.03	13.144	-6.646	17.876
P02768_PF00273_414_592	CTR_0	21	95.32	10.318	-1.575	0.018
P02768_PF00273_414_592	CTR_4	20	72.85	5.818	-6.605	26.669
P02771_PF00273_222_393	CTR_0	19	91.91	12.838	-2.15	-14.102
P02771_PF00273_222_393	CTR_1	16	89.68	7.47	12.557	-2.789
P02771_PF00273_415_592	CTR_0	21	91.93	-10.57	-4.873	-11.221
P02771_PF00273_415_592	CTR_1	22	84.65	-26.79	-19.495	2.782
P02774_PF00273_27_199	CTR_0	12	91.56	-12.307	-11.243	13.826
P02778_PF00048_29_88	CTR_0	16	94.25	-6.1	0.933	-0.108
P02794_PF00210_19_159	CTR_1	13	97.82	3.347	-9.749	-11.961
P02794_PF00210_19_159	CTR_0	16	98.05	-6.643	-4.907	-0.916
P03372_PF00104_337_530	CTR_0	18	92.56	2.284	3.577	-11.866
P03952_PF00089_391_621	CTR_0	20	71.38	-19.774	-6.585	23.325
P03952_PF00089_391_621	CTR_1	13	78.23	-18.344	-5.627	28.005
P03956_PF00413_108_261	CTR_0	14	95.79	-17.608	-4.165	4.265
P03999_PF00001_49_300	CTR_0	22	91.65	0.036	4.827	-2.492
P04000_PF00001_71_322	CTR_0	20	78.33	1.198	2.293	-6.383
P04001_PF00001_71_322	CTR_0	22	88.47	-0.026	7.402	-4.738
P04035_PF00368_492_871	CTR_1	14	87.49	18.392	9.928	8.202
P04035_PF00368_492_871	CTR_2	14	70.24	-10.772	-8.337	23.413
P04040_PF00199_28_410	CTR_1	9	98.57	-5.018	-2.421	16.905
P04040_PF00199_28_410	CTR_0	20	98.21	-8.938	-1.048	-5.389
P04040_PF00199_28_410	CTR_2	25	97.55	-10.008	3.303	-2.613
P04049_PF07714_351_605	CTR_0	17	81.82	-16.73	-4.908	7.805
P04150_PF00104_558_735	CTR_0	18	93.6	3.134	2.761	-14.467
P04150_PF00104_558_735	CTR_1	8	86.32	9.354	-3.127	-21.575
P04150_PF00104_558_735	CTR_2	13	75.64	-16.302	-6.173	11.556
P04179_PF00081_25_106	CTR_0	17	97.42	-20.377	-0.896	16.271
P04179_PF00081_25_106	CTR_1	19	98.57	-3.659	-0.581	9.149
P04179_PF00081_25_106	CTR_2	16	98.28	7.654	-9.409	0.658
P04179_PF00081_25_106	CTR_3	14	97.42	-13.735	-2.848	21.197
P04179_PF02777_113_216	CTR_3	15	96.6	12.38	6.598	-3.349
P04179_PF02777_113_216	CTR_2	13	98.06	-13.5	1.25	-16.574
P04179_PF02777_113_216	CTR_1	19	96.6	7.636	7.746	0.68
P04179_PF02777_113_216	CTR_0	19	96.85	6.441	6.308	-4.32
P04181_PF00202_50_436	CTR_0	14	95.75	-3.006	6.017	0.313
P04183_PF00265_19_189	CTR_0	22	71.26	5.525	4.813	-7.129
P04278_PF00054_75_204	CTR_0	22	74.96	20.802	2.904	-12.106
P04439_PF00129_25_203	CTR_0	12	96.42	-8.96	13.317	-24.034
P04626_PF07714_722_975	CTR_0	21	73.67	25.216	-19.317	2.681
P04637_PF00870_100_288	CTR_3	14	88.03	-5.54	16.208	2.496
P04637_PF00870_100_288	CTR_2	11	96.53	8.251	11.016	-9.0
P04637_PF00870_100_288	CTR_4	13	87.74	3.316	21.467	-5.89
P04637_PF00870_100_288	CTR_0	17	93.35	-19.932	3.593	12.228
P04637_PF00870_100_288	CTR_1	15	96.28	0.908	6.77	-12.821
P04798_PF00067_40_491	CTR_0	18	96.06	0.203	7.206	2.361
P04818_PF00303_32_313	CTR_0	21	81.0	1.34	2.485	-10.33
P04839_PF01794_79_219	CTR_0	10	90.24	1.076	6.127	-0.58
P04839_PF08030_401_550	CTR_0	17	87.7	-6.31	0.11	20.738
P05089_PF00491_7_301	CTR_0	22	96.5	7.721	5.689	-11.16
P05090_PF00061_44_182	CTR_0	19	90.06	-1.151	1.125	-4.427
P05091_PF00171_45_508	CTR_0	17	97.89	-12.849	-2.137	-9.901
P05091_PF00171_45_508	CTR_1	20	96.45	-4.945	4.503	4.695
P05093_PF00067_28_492	CTR_2	17	80.41	-1.019	3.137	-24.1
P05093_PF00067_28_492	CTR_0	18	92.71	5.083	1.369	1.234
P05093_PF00067_28_492	CTR_1	20	86.79	4.05	9.197	-0.373
P05108_PF00067_52_511	CTR_0	18	96.85	5.124	-0.08	1.487
P05108_PF00067_52_511	CTR_1	15	98.23	7.232	5.085	-3.475
P05121_PF00079_35_402	CTR_0	17	87.88	-5.348	-12.656	7.121
P05121_PF00079_35_402	CTR_1	12	87.92	8.342	-9.644	-18.224
P05164_PF03098_173_717	CTR_0	16	91.38	1.401	-0.233	6.021
P05164_PF03098_173_717	CTR_1	9	72.88	-0.464	9.574	8.495
P05177_PF00067_42_493	CTR_1	19	97.17	2.147	-2.035	0.362
P05177_PF00067_42_493	CTR_0	22	94.09	7.691	3.12	3.435
P05181_PF00067_33_489	CTR_0	18	96.84	4.535	2.22	0.427
P05230_PF00167_27_148	CTR_0	15	93.43	2.25	-9.712	-5.237
P05413_PF00061_7_132	CTR_0	22	83.76	4.337	6.75	-3.158
P05413_PF00061_7_132	CTR_1	10	91.89	10.259	12.199	8.259
P05543_PF00079_46_412	CTR_0	17	84.15	15.773	1.352	3.96
P05549_PF03299_211_405	CTR_0	14	88.51	-5.754	8.33	-0.56
P05556_PF00362_138_382	CTR_0	12	90.25	-23.861	2.526	35.848
P05771_PF00069_343_598	CTR_0	18	84.12	-19.584	-8.215	10.886
P05981_PF00089_163_400	CTR_0	17	80.01	6.949	2.226	-18.878
P06126_PF16497_1_196	CTR_0	14	90.78	14.434	1.264	-12.251
P06132_PF01208_15_360	CTR_0	16	88.33	-1.09	7.759	-7.24
P06239_PF07714_245_493	CTR_1	22	83.77	12.288	-3.636	5.49
P06241_PF07714_271_520	CTR_0	6	72.82	20.706	9.157	-6.034
P06241_PF07714_271_520	CTR_1	20	86.09	3.966	-7.431	-7.538
P06276_PF00135_31_550	CTR_0	17	91.36	4.109	4.084	-5.014
P06276_PF00135_31_550	CTR_1	15	97.28	5.142	12.471	7.965
P06276_PF00135_31_550	CTR_2	13	97.94	0.074	-9.042	18.955
P06280_PF16499_39_322	CTR_0	19	98.16	-10.441	-8.451	3.966
P06280_PF16499_39_322	CTR_1	14	98.17	-5.344	-12.748	-6.394
P06280_PF16499_39_322	CTR_2	13	98.47	-11.345	-8.118	21.862
P06401_PF00104_715_887	CTR_0	16	92.27	5.31	0.424	-11.0
P06493_PF00069_4_287	CTR_0	20	81.7	9.993	8.683	-5.048
P06576_PF00006_186_405	CTR_0	15	72.29	-15.134	13.722	1.232
P06730_PF01652_38_197	CTR_0	11	93.28	1.989	2.042	-14.368
P06730_PF01652_38_197	CTR_1	19	97.4	-14.843	3.011	-6.226
P06737_PF00343_114_828	CTR_0	22	82.12	-2.493	-4.675	3.634
P06737_PF00343_114_828	CTR_1	20	82.12	5.191	-6.279	-0.591
P06737_PF00343_114_828	CTR_2	14	70.04	-2.134	-12.118	-12.255
P06744_PF00342_54_546	CTR_0	21	89.23	1.993	3.203	14.425
P06746_PF14792_149_262	CTR_0	15	95.47	2.541	0.212	4.834
P06858_PF00151_30_338	CTR_0	9	85.51	4.471	-4.193	17.72
P07101_PF00351_195_524	CTR_0	17	84.13	-0.197	-7.362	4.255
P07108_PF00887_3_78	CTR_0	13	95.12	1.404	-6.013	5.845
P07148_PF14651_1_127	CTR_0	20	94.84	-6.611	2.35	-9.671
P07148_PF14651_1_127	CTR_1	17	83.75	-5.335	1.796	-1.908
P07148_PF14651_1_127	CTR_2	21	83.75	-8.629	-3.004	4.995
P07195_PF00056_23_161	CTR_0	19	83.87	-0.742	-1.944	9.742
P07306_PF00059_172_279	CTR_0	14	96.72	2.992	-11.424	-3.302
P07327_PF00107_203_335	CTR_0	13	95.21	-0.147	9.631	8.328
P07327_PF08240_34_162	CTR_0	10	94.55	5.495	0.973	2.691
P07332_PF07714_562_814	CTR_0	19	89.58	-32.227	6.389	-13.22
P07360_PF00061_48_184	CTR_0	12	94.59	-3.647	-2.999	-1.264
P07384_PF00648_56_352	CTR_0	17	86.6	0.022	4.028	-18.763
P07437_PF00091_3_211	CTR_0	18	88.19	-7.235	-0.41	-15.89
P07550_PF00001_50_326	CTR_0	19	92.85	5.116	-0.911	-7.48
P07686_PF00728_200_516	CTR_0	16	96.02	-20.092	-2.986	-1.797
P07711_PF00112_115_332	CTR_0	18	96.07	-8.255	-0.003	-7.538
P07711_PF00112_115_332	CTR_1	11	98.11	2.367	23.797	-5.892
P07741_PF00156_33_158	CTR_0	11	83.12	9.778	8.345	-3.432
P07814_PF00587_1113_1284	CTR_1	13	84.22	20.483	11.912	-8.953
P07858_PF00112_80_328	CTR_0	19	95.84	6.174	-3.859	8.151
P07864_PF00056_21_160	CTR_0	19	82.95	2.689	11.22	9.305
P07900_PF13589_43_159	CTR_0	20	82.06	17.945	11.615	-32.945
P07900_PF13589_43_159	CTR_1	1	93.47	11.524	25.058	-21.684
P07902_PF01087_23_196	CTR_0	14	85.7	8.39	13.828	-7.388
P07948_PF07714_247_496	CTR_0	22	84.76	-8.386	6.641	-15.54
P07949_PF07714_725_1005	CTR_1	22	74.69	-9.421	26.921	0.276
P08134_PF00071_7_177	CTR_0	18	83.86	2.774	7.719	-9.106
P08183_PF00664_52_343	CTR_0	10	89.81	29.674	22.734	-32.14
P08183_PF00664_712_986	CTR_0	13	74.51	24.292	3.661	-23.667
P08185_PF00079_42_404	CTR_0	14	86.23	9.71	10.883	4.442
P08235_PF00104_767_943	CTR_0	16	94.53	4.272	1.535	-11.051
P08240_PF00448_419_636	CTR_0	17	88.19	-5.569	-8.269	14.812
P08246_PF00089_30_242	CTR_0	13	93.05	-7.7	-2.13	-13.536
P08254_PF00413_108_264	CTR_1	10	82.89	3.878	2.228	-2.291
P08254_PF00413_108_264	CTR_0	17	85.73	6.29	8.254	-10.021
P08263_PF02798_6_77	CTR_0	10	98.0	8.209	10.355	-10.713
P08311_PF00089_21_238	CTR_0	13	88.62	-4.25	-7.847	-9.805
P08311_PF00089_21_238	CTR_1	12	95.65	-3.228	-11.576	12.806
P08319_PF00107_208_331	CTR_0	12	91.65	7.632	-3.979	-3.195
P08473_PF01431_543_749	CTR_0	17	96.56	1.581	3.631	-9.058
P08519_PF00051_1274_1351	CTR_0	9	86.22	0.701	32.544	-19.029
P08519_PF00051_1616_1693	CTR_0	10	87.38	47.734	-4.601	-19.847
P08559_PF00676_67_361	CTR_0	17	97.39	9.721	-0.929	-2.278
P08574_PF02167_96_312	CTR_0	17	95.86	-7.06	7.363	9.651
P08581_PF07714_1078_1336	CTR_2	12	76.13	-19.146	24.325	17.544
P08588_PF00001_75_377	CTR_0	24	86.97	2.324	5.94	-10.43
P08631_PF00017_144_226	CTR_0	14	88.67	0.882	5.916	18.64
P08631_PF07714_262_511	CTR_0	20	86.26	-7.889	1.462	-16.245
P08684_PF00067_39_493	CTR_0	14	83.87	5.652	2.568	0.178
P08686_PF00067_49_479	CTR_0	19	96.68	2.245	-0.932	-0.475
P08686_PF00067_49_479	CTR_1	18	86.3	9.4	3.724	1.728
P08709_PF00089_213_447	CTR_1	12	84.12	22.135	13.073	-7.406
P08754_PF00503_14_343	CTR_0	21	94.09	0.598	-1.847	-0.96
P08842_PF00884_27_413	CTR_0	14	93.32	-13.951	-14.003	-10.895
P08913_PF00001_65_441	CTR_1	6	90.95	6.723	17.484	-13.587
P08913_PF00001_65_441	CTR_0	16	84.55	-10.233	-2.38	6.637
P09210_PF02798_6_77	CTR_0	10	98.34	7.779	10.26	-10.671
P09211_PF02798_6_74	CTR_0	11	97.89	6.453	-1.053	-10.036
P09237_PF00413_103_259	CTR_0	13	80.56	-2.296	2.504	-7.489
P09238_PF00413_107_263	CTR_0	16	87.39	7.982	8.462	-5.874
P09382_PF00337_10_134	CTR_0	10	95.06	8.631	4.362	5.815
P09417_PF00106_13_194	CTR_0	21	92.83	5.436	-4.651	-2.539
P09455_PF00061_6_133	CTR_0	19	89.36	-0.481	2.023	-5.962
P09467_PF00316_13_198	CTR_0	19	81.87	-25.528	-1.642	0.352
P09467_PF00316_13_198	CTR_1	12	80.65	5.848	20.217	11.417
P09488_PF02798_5_82	CTR_0	10	98.42	5.019	8.129	-9.445
P09601_PF01126_12_216	CTR_0	21	85.28	-7.775	-3.646	1.357
P09601_PF01126_12_216	CTR_1	14	85.28	-5.095	-8.172	-3.869
P09622_PF07992_43_370	CTR_0	24	96.72	-6.012	-2.25	6.709
P09622_PF07992_43_370	CTR_1	17	96.14	-5.049	-8.996	-7.531
P09622_PF07992_43_370	CTR_2	13	97.76	-3.091	-8.69	9.832
P09651_PF00076_107_166	CTR_0	11	95.18	-6.256	4.708	18.458
P09769_PF00017_144_226	CTR_0	14	88.53	-20.725	-14.989	-0.159
P09769_PF07714_263_512	CTR_0	22	87.31	7.46	8.553	-3.469
P09769_PF07714_263_512	CTR_1	19	72.72	2.224	10.336	-7.21
P09874_PF00644_808_1007	CTR_0	12	71.83	11.296	8.517	-10.984
P09884_PF00136_775_1227	CTR_0	13	83.55	-4.51	-9.858	-10.135
P09917_PF00305_222_658	CTR_0	17	97.12	-14.658	9.522	-1.331
P09958_PF00082_144_427	CTR_0	13	85.78	-1.177	-12.116	4.103
P09960_PF01433_235_440	CTR_0	14	86.11	2.754	1.327	4.974
P09960_PF17900_20_202	CTR_0	15	94.23	19.901	-9.5	-21.588
P0C024_PF00293_41_156	CTR_0	19	84.95	0.191	5.69	-8.89
P0C024_PF00293_41_156	CTR_1	14	87.63	-12.596	5.292	6.812
P0C1S8_PF00069_214_482	CTR_0	16	90.71	5.379	4.578	-6.601
P0CG47_PF00240_155_226	CTR_0	2	93.16	19.65	-0.386	11.731
P0CG47_PF00240_155_226	CTR_1	3	94.03	18.52	-3.377	5.982
P0DJI8_PF00277_23_122	CTR_0	14	90.97	-6.905	1.09	-10.119
P0DMM9_PF00685_38_287	CTR_0	18	96.54	5.841	9.198	0.495
P0DMM9_PF00685_38_287	CTR_1	18	93.67	8.174	-3.321	3.316
P0DMS8_PF00001_29_282	CTR_0	20	91.98	-12.2	-1.898	10.346
P0DMV8_PF00012_6_611	CTR_0	21	93.11	-4.171	9.128	-10.096
P0DP23_PF13499_12_73	CTR_0	12	74.34	6.579	0.6	-10.662
P0DP23_PF13499_83_147	CTR_0	15	84.51	-8.204	-12.998	14.713
P0DPD7_PF08241_64_172	CTR_0	18	96.62	7.745	0.819	-1.752
P10114_PF00071_5_165	CTR_0	19	82.91	6.996	-2.72	-8.659
P10153_PF00074_33_158	CTR_0	12	96.39	-0.075	-6.269	-2.606
P10253_PF01055_361_712	CTR_1	11	97.98	-16.894	2.657	-22.888
P10253_PF01055_361_712	CTR_0	20	96.92	-16.732	2.807	-17.319
P10275_PF00104_699_878	CTR_0	19	93.67	2.327	3.709	-11.895
P10275_PF00104_699_878	CTR_1	10	89.49	-17.034	7.573	11.285
P10275_PF00104_699_878	CTR_2	11	90.55	-4.105	16.063	-3.751
P10275_PF00104_699_878	CTR_3	13	90.32	1.736	15.019	8.984
P10276_PF00104_227_399	CTR_0	17	93.88	-0.294	2.184	-12.855
P10398_PF07714_311_565	CTR_0	16	75.9	-19.516	-1.302	4.289
P10415_PF00452_97_195	CTR_0	17	72.0	-0.27	3.419	8.629
P10586_PF00102_1664_1897	CTR_0	15	79.22	27.725	-3.565	-10.295
P10599_PF00085_6_102	CTR_1	20	95.58	5.493	10.086	4.163
P10599_PF00085_6_102	CTR_0	18	95.09	9.134	0.576	4.312
P10619_PF00450_39_476	CTR_0	26	90.67	1.038	-1.249	-6.118
P10632_PF00067_30_487	CTR_0	20	90.25	-1.501	5.867	1.956
P10632_PF00067_30_487	CTR_1	17	71.58	0.211	0.097	9.995
P10632_PF00067_30_487	CTR_2	19	78.83	4.993	-9.772	16.713
P10635_PF00067_34_493	CTR_0	17	85.18	-2.031	-1.252	-4.818
P10635_PF00067_34_493	CTR_1	16	79.2	6.503	9.047	-9.065
P10644_PF00027_274_359	CTR_0	17	82.79	12.879	4.498	-26.96
P10809_PF00118_47_546	CTR_0	19	88.21	7.955	10.509	-3.11
P10826_PF00104_227_399	CTR_0	18	94.1	-17.887	5.355	-3.459
P10827_PF00104_215_376	CTR_0	15	82.15	14.325	12.252	-15.414
P10828_PF00104_269_435	CTR_0	18	93.94	14.671	9.286	-9.387
P11021_PF00012_30_635	CTR_0	23	94.63	-1.684	9.057	5.426
P11047_PF00055_50_284	CTR_0	12	92.05	35.881	27.173	-94.228
P11086_PF01234_16_279	CTR_0	23	96.4	1.991	3.705	-7.136
P11086_PF01234_16_279	CTR_1	22	92.16	9.561	-0.972	-0.679
P11166_PF00083_19_466	CTR_0	22	93.55	-2.812	2.895	2.852
P11169_PF00083_14_465	CTR_2	15	79.79	10.465	5.327	-10.605
P11169_PF00083_14_465	CTR_3	17	83.72	12.186	-3.947	-6.329
P11169_PF00083_14_465	CTR_0	11	98.02	1.253	16.236	6.533
P11169_PF00083_14_465	CTR_1	19	83.72	4.337	0.537	-5.14
P11172_PF00156_46_162	CTR_0	10	87.87	-18.901	-0.227	15.868
P11172_PF00215_252_466	CTR_0	20	90.28	-1.539	-3.143	-15.71
P11172_PF00215_252_466	CTR_1	15	96.14	4.162	-3.799	-9.735
P11216_PF00343_114_828	CTR_0	22	83.64	-1.839	-4.744	4.449
P11217_PF00343_115_828	CTR_0	19	84.77	-2.647	2.877	6.137
P11229_PF00001_42_418	CTR_0	19	91.88	-0.595	7.855	-8.356
P11233_PF00071_16_176	CTR_0	20	73.03	7.635	-2.278	-11.545
P11234_PF00071_16_177	CTR_0	18	70.56	8.259	6.699	-6.271
P11245_PF00797_20_279	CTR_0	15	86.91	6.906	19.206	-4.838
P11309_PF00069_38_290	CTR_2	13	95.73	-9.369	15.782	4.203
P11309_PF00069_38_290	CTR_1	18	74.84	-2.183	8.295	-12.904
P11309_PF00069_38_290	CTR_0	19	74.84	-12.5	3.371	-9.856
P11362_PF07714_479_754	CTR_0	21	72.92	-21.022	-1.732	5.702
P11387_PF01028_432_664	CTR_0	10	92.16	-5.695	3.915	6.785
P11388_PF02518_80_176	CTR_0	21	74.11	59.055	-2.258	-40.148
P11413_PF00479_35_210	CTR_0	16	91.49	18.108	-3.26	-1.491
P11413_PF02781_212_503	CTR_0	12	95.83	-16.106	-6.825	11.096
P11413_PF02781_212_503	CTR_1	15	97.74	-22.008	-3.658	7.244
P11473_PF00104_228_402	CTR_0	17	92.85	12.01	-3.678	-15.694
P11474_PF00104_226_394	CTR_0	14	92.72	7.082	1.121	-10.301
P11498_PF00682_698_806	CTR_0	15	94.81	24.27	-1.194	-29.079
P11509_PF00067_34_490	CTR_0	19	97.97	-0.193	-1.856	-2.834
P11509_PF00067_34_490	CTR_1	17	97.95	5.174	0.497	-1.247
P11511_PF00067_49_484	CTR_0	18	95.36	-4.36	-2.815	-3.92
P11511_PF00067_49_484	CTR_1	17	93.41	-0.907	1.967	-4.38
P11511_PF00067_49_484	CTR_2	13	89.15	-10.322	-10.559	-10.388
P11586_PF02882_146_293	CTR_0	16	88.28	-34.779	4.486	41.256
P11597_PF02886_245_478	CTR_0	18	96.95	-17.369	0.525	14.707
P11597_PF02886_245_478	CTR_1	11	97.13	-15.283	-6.564	13.131
P11712_PF00067_30_487	CTR_1	20	94.13	1.959	-3.969	-2.474
P11712_PF00067_30_487	CTR_2	17	79.46	9.554	5.901	-4.583
P11712_PF00067_30_487	CTR_0	19	85.64	9.733	-0.095	1.937
P11766_PF00107_202_331	CTR_0	12	94.42	10.981	-1.711	-0.512
P11802_PF00069_6_295	CTR_0	21	73.84	4.469	-3.219	-11.048
P11926_PF00278_40_387	CTR_0	20	72.61	-3.451	4.819	2.025
P11926_PF02784_45_281	CTR_0	20	72.61	-3.471	4.77	1.999
P12104_PF00061_6_131	CTR_0	21	78.05	2.022	5.68	-3.54
P12268_PF00478_29_504	CTR_16	23	90.94	-5.443	2.172	7.382
P12268_PF00478_29_504	CTR_17	14	80.43	-24.442	12.228	21.237
P12268_PF00478_29_504	CTR_18	9	77.74	-17.531	11.011	21.656
P12268_PF00478_29_504	CTR_19	26	78.56	7.287	-2.481	-1.343
P12268_PF00478_29_504	CTR_20	19	86.73	-10.859	-0.238	9.682
P12268_PF00478_29_504	CTR_21	19	86.73	-10.858	-0.238	9.682
P12268_PF00478_29_504	CTR_23	13	89.57	-27.666	14.154	21.675
P12268_PF00478_29_504	CTR_26	14	81.54	-27.266	14.39	23.264
P12268_PF00478_29_504	CTR_25	18	77.74	-20.819	7.343	16.164
P12268_PF00478_29_504	CTR_27	28	78.56	7.992	-2.775	-1.635
P12268_PF00478_29_504	CTR_28	20	73.94	6.462	-15.052	-1.764
P12268_PF00478_29_504	CTR_29	10	77.74	-17.633	10.899	21.393
P12268_PF00478_29_504	CTR_30	9	77.27	-25.841	9.693	-0.523
P12268_PF00478_29_504	CTR_24	23	90.94	-6.52	1.98	7.845
P12268_PF00478_29_504	CTR_15	27	93.34	-7.964	4.276	-0.048
P12268_PF00478_29_504	CTR_22	21	73.94	6.243	-14.561	-1.627
P12268_PF00478_29_504	CTR_13	18	77.74	-22.642	9.042	17.278
P12268_PF00478_29_504	CTR_0	21	75.08	7.227	-8.625	-1.489
P12268_PF00478_29_504	CTR_1	27	92.86	-7.516	-3.605	7.048
P12268_PF00478_29_504	CTR_2	25	92.86	-6.723	2.51	7.194
P12268_PF00478_29_504	CTR_3	22	75.08	7.059	-8.743	-1.682
P12268_PF00478_29_504	CTR_4	20	77.74	-23.139	8.892	17.075
P12268_PF00478_29_504	CTR_5	20	80.01	-10.363	4.841	8.733
P12268_PF00478_29_504	CTR_6	25	75.08	7.423	-7.037	-1.518
P12268_PF00478_29_504	CTR_14	18	77.74	-21.341	8.718	17.197
P12268_PF00478_29_504	CTR_7	21	81.54	-27.939	12.491	19.474
P12268_PF00478_29_504	CTR_8	26	94.13	-9.324	-2.414	-0.147
P12268_PF00478_29_504	CTR_9	19	80.01	-9.949	4.94	8.531
P12268_PF00478_29_504	CTR_10	18	80.01	-10.94	5.622	9.751
P12268_PF00478_29_504	CTR_11	18	81.54	-27.482	12.859	20.072
P12268_PF00478_29_504	CTR_12	28	94.64	-8.594	3.562	-0.626
P12271_PF00650_143_291	CTR_0	20	87.2	1.686	0.659	13.735
P12544_PF00089_29_254	CTR_0	15	90.92	-7.008	-1.601	-13.805
P12694_PF00676_106_405	CTR_1	12	97.13	-15.817	-10.844	15.968
P12694_PF00676_106_405	CTR_0	16	94.69	-14.632	-1.687	-9.966
P12821_PF01401_41_623	CTR_0	16	87.59	31.962	3.187	-23.657
P12821_PF01401_41_623	CTR_1	13	88.32	11.526	18.571	0.366
P12821_PF01401_41_623	CTR_2	12	92.14	44.932	-0.023	-27.838
P12821_PF01401_41_623	CTR_3	16	91.87	50.631	4.243	-41.138
P12821_PF01401_644_1221	CTR_0	16	73.23	-42.217	3.315	33.491
P12821_PF01401_644_1221	CTR_1	16	86.41	-33.839	-0.347	16.603
P12821_PF01401_644_1221	CTR_2	12	93.44	-26.64	-1.982	5.654
P12821_PF01401_644_1221	CTR_3	11	94.26	-43.125	-10.01	47.653
P12883_PF00063_88_766	CTR_1	14	71.57	-35.301	22.83	-15.338
P12883_PF00063_88_766	CTR_0	14	75.36	-7.847	-0.19	-28.209
P12931_PF00017_151_233	CTR_0	15	89.06	-23.924	15.531	-0.73
P12931_PF07714_271_518	CTR_0	23	85.94	3.625	-8.395	-6.559
P12931_PF07714_271_518	CTR_1	17	71.7	6.632	-0.724	-3.323
P12931_PF07714_271_518	CTR_3	13	93.03	13.566	-12.73	4.172
P13051_PF03167_141_301	CTR_0	14	89.08	7.365	2.533	-1.851
P13497_PF01400_130_317	CTR_0	11	87.28	14.448	-15.698	-7.662
P13497_PF01400_130_317	CTR_1	15	86.96	15.885	-8.188	-1.516
P13569_PF00664_82_350	CTR_0	12	89.2	8.148	-10.07	-34.695
P13569_PF00664_863_1147	CTR_0	14	78.04	19.385	3.954	-30.475
P13591_PF00041_510_603	CTR_0	13	86.66	29.014	20.744	-43.851
P13631_PF00104_228_398	CTR_0	16	95.17	3.36	0.524	-10.668
P13637_PF13246_408_587	CTR_0	12	73.21	-31.795	-2.851	26.464
P13716_PF00490_10_326	CTR_0	23	80.37	-1.973	1.717	-7.158
P13804_PF00766_211_291	CTR_0	15	95.99	-0.117	7.141	-22.723
P13807_PF05693_31_662	CTR_0	15	85.69	2.715	1.548	0.72
P13866_PF00474_58_492	CTR_0	20	83.37	-3.153	-0.882	-9.958
P13995_PF02882_174_330	CTR_0	19	93.48	-16.735	7.651	-3.56
P13995_PF02882_174_330	CTR_1	14	96.69	-26.46	7.583	0.015
P14061_PF00106_5_196	CTR_0	21	78.7	1.504	0.06	0.893
P14061_PF00106_5_196	CTR_1	16	78.0	2.378	8.432	-11.478
P14174_PF01187_2_115	CTR_0	15	97.78	7.671	-1.444	-10.402
P14207_PF03024_30_205	CTR_0	13	85.63	10.559	0.809	1.593
P14210_PF00051_128_206	CTR_0	10	91.99	-32.557	5.206	36.315
P14210_PF00051_211_288	CTR_0	18	83.95	-8.191	2.494	3.095
P14324_PF00348_110_374	CTR_0	19	87.6	-10.795	-1.011	0.185
P14324_PF00348_110_374	CTR_1	10	92.75	-6.843	9.987	-2.97
P14324_PF00348_110_374	CTR_2	11	87.6	-25.018	1.376	1.359
P14410_PF01055_345_702	CTR_0	15	94.28	-41.45	42.087	-9.059
P14555_PF00068_22_130	CTR_0	19	81.06	0.742	2.737	-4.312
P14618_PF00224_43_375	CTR_0	13	90.03	-2.279	5.269	15.674
P14625_PF13589_101_221	CTR_0	20	81.82	21.122	12.186	-30.042
P14672_PF00083_28_483	CTR_0	21	88.98	0.568	1.706	-1.119
P14735_PF16187_422_702	CTR_0	13	96.88	5.925	14.772	-12.098
P14784_PF18707_32_123	CTR_0	14	93.37	-5.096	2.282	-24.195
P14784_PF25788_141_231	CTR_0	16	84.43	-0.853	-5.724	-3.008
P14867_PF02931_43_250	CTR_0	11	93.47	-29.163	6.922	1.796
P14902_PF01231_13_397	CTR_21	13	92.65	12.409	-5.795	4.139
P14902_PF01231_13_397	CTR_20	11	98.41	7.591	-9.14	-9.899
P14902_PF01231_13_397	CTR_19	17	96.69	17.481	8.994	-16.729
P14902_PF01231_13_397	CTR_18	12	97.87	-10.035	13.065	-15.091
P14902_PF01231_13_397	CTR_17	20	88.89	-7.738	2.697	9.052
P14902_PF01231_13_397	CTR_15	19	86.66	-1.644	5.515	5.69
P14902_PF01231_13_397	CTR_14	19	86.66	-1.643	5.775	5.74
P14902_PF01231_13_397	CTR_12	17	88.17	-3.859	2.286	4.86
P14902_PF01231_13_397	CTR_7	20	86.66	-1.906	6.179	5.378
P14902_PF01231_13_397	CTR_9	18	86.66	-1.516	5.993	5.642
P14902_PF01231_13_397	CTR_8	21	88.17	-1.015	3.063	3.552
P14902_PF01231_13_397	CTR_6	18	86.66	-1.847	6.695	5.59
P14902_PF01231_13_397	CTR_5	20	88.89	-7.858	2.728	8.896
P14902_PF01231_13_397	CTR_3	19	86.66	-1.544	5.371	5.666
P14902_PF01231_13_397	CTR_2	19	86.66	-1.502	6.124	5.567
P14902_PF01231_13_397	CTR_0	24	97.04	4.188	2.036	-11.471
P14902_PF01231_13_397	CTR_11	18	88.17	-3.655	2.292	5.046
P14920_PF01266_2_329	CTR_1	18	92.25	2.78	0.528	-7.05
P14920_PF01266_2_329	CTR_0	24	97.58	-2.976	3.312	4.161
P15085_PF00246_128_405	CTR_0	20	91.91	7.648	7.026	-3.464
P15085_PF00246_128_405	CTR_1	12	94.81	-18.893	9.029	7.987
P15090_PF00061_6_131	CTR_0	19	92.03	5.355	0.935	-1.617
P15090_PF00061_6_131	CTR_1	19	94.74	-8.378	1.678	7.138
P15104_PF00120_114_356	CTR_0	18	98.26	-3.14	16.55	0.073
P15121_PF00248_16_289	CTR_0	18	96.1	-0.839	4.87	-7.434
P15144_PF01433_316_543	CTR_0	14	75.8	3.478	3.422	-4.11
P15144_PF17900_81_279	CTR_0	10	98.07	27.017	2.473	-23.267
P15153_PF00071_5_176	CTR_0	17	79.95	4.5	-6.923	-6.686
P15170_PF00009_72_271	CTR_0	20	79.79	4.61	11.968	-16.11
P15291_PF13733_130_262	CTR_0	10	96.08	1.127	-5.153	-8.7
P15309_PF00328_34_331	CTR_0	15	94.56	3.188	2.798	-4.916
P15309_PF00328_34_331	CTR_1	13	94.56	4.579	-4.898	-6.46
P15328_PF03024_36_211	CTR_0	15	84.86	0.253	-4.005	-9.869
P15328_PF03024_36_211	CTR_1	8	90.81	0.235	-19.625	-0.497
P15374_PF01088_6_214	CTR_0	20	94.62	7.717	4.412	-9.985
P15428_PF00106_6_198	CTR_0	13	94.8	9.898	10.852	-11.935
P15428_PF00106_6_198	CTR_1	21	94.61	9.153	1.394	-1.075
P15531_PF00334_5_138	CTR_0	14	92.95	11.061	-5.369	-1.845
P15538_PF00067_42_489	CTR_1	16	84.8	9.916	9.932	-9.31
P15538_PF00067_42_489	CTR_0	18	87.96	-1.889	-0.35	-4.675
P15559_PF02525_5_210	CTR_0	14	97.74	-1.373	-16.085	-4.846
P15559_PF02525_5_210	CTR_1	14	97.74	-4.537	-16.457	-9.337
P15735_PF00069_24_291	CTR_0	17	85.8	3.706	11.669	-9.365
P15813_PF16497_1_198	CTR_0	20	94.65	-17.687	0.503	15.729
P15813_PF16497_1_198	CTR_1	18	96.67	-9.601	-3.174	9.436
P15907_PF00777_173_384	CTR_0	18	94.7	-10.255	-3.992	-1.707
P16083_PF02525_4_212	CTR_0	16	98.1	8.177	8.127	-13.924
P16083_PF02525_4_212	CTR_1	16	98.24	9.962	11.212	-9.666
P16118_PF01591_31_251	CTR_0	19	75.98	-21.26	3.384	4.666
P16152_PF00106_7_146	CTR_0	16	96.91	-2.272	-2.45	-6.804
P16233_PF00151_17_352	CTR_0	23	74.9	-18.779	-10.592	-4.319
P16233_PF00151_17_352	CTR_1	22	80.49	-21.209	-6.093	-4.199
P16278_PF01301_40_356	CTR_0	18	95.66	3.357	-3.137	12.927
P16422_PF21283_141_253	CTR_0	20	90.53	-4.287	-15.303	0.753
P16435_PF00175_530_640	CTR_0	14	92.13	-4.102	-8.82	15.782
P16435_PF00258_82_219	CTR_0	15	83.56	-7.873	-4.814	-5.367
P16442_PF03414_41_353	CTR_1	17	89.6	-3.8	-0.553	10.61
P16442_PF03414_41_353	CTR_2	17	97.83	0.112	16.387	-9.266
P16442_PF03414_41_353	CTR_0	15	89.6	4.903	-4.916	5.907
P16444_PF01244_26_351	CTR_0	17	97.7	-3.365	-8.146	-6.246
P16455_PF01035_96_173	CTR_0	24	87.16	-1.757	7.432	0.432
P16473_PF00001_431_678	CTR_1	12	89.57	-15.52	-10.639	33.17
P16615_PF13246_410_604	CTR_0	10	84.21	20.55	1.43	-26.546
P16671_PF01130_14_462	CTR_0	12	93.62	16.414	2.236	9.554
P16671_PF01130_14_462	CTR_1	15	95.04	-10.431	2.004	12.524
P16671_PF01130_14_462	CTR_2	20	92.09	3.38	0.685	-2.256
P16871_PF00041_131_221	CTR_0	14	91.25	2.529	8.434	-0.935
P17050_PF16499_25_308	CTR_0	20	98.23	-4.458	5.9	-14.913
P17081_PF00071_11_182	CTR_0	18	80.2	3.508	7.558	-10.754
P17174_PF00155_32_405	CTR_0	22	87.63	-2.089	-2.128	-2.616
P17174_PF00155_32_405	CTR_1	19	95.81	7.613	-10.058	13.254
P17174_PF00155_32_405	CTR_2	19	97.77	-4.347	-14.102	15.608
P17213_PF02886_249_486	CTR_0	17	96.3	9.112	2.793	-19.202
P17252_PF00069_340_583	CTR_0	18	82.15	11.031	11.743	-14.829
P17302_PF00029_3_232	CTR_0	12	84.39	-5.155	1.913	11.977
P17516_PF00248_19_300	CTR_0	17	92.9	-2.295	0.114	7.858
P17612_PF00069_44_298	CTR_0	15	91.74	-5.714	-3.448	5.042
P17643_PF00264_184_416	CTR_0	22	96.68	-7.051	-8.238	3.772
P17706_PF00102_42_274	CTR_0	16	80.04	5.099	-2.891	5.353
P17735_PF00155_72_434	CTR_0	20	90.76	-2.165	4.422	-1.562
P17752_PF00351_106_435	CTR_0	17	75.23	4.348	-5.039	0.743
P17812_PF06418_2_272	CTR_1	11	89.0	8.664	10.962	2.074
P17812_PF06418_2_272	CTR_0	11	83.62	11.381	4.083	0.276
P17858_PF00365_18_323	CTR_0	16	87.63	21.638	15.504	-9.155
P17900_PF02221_33_189	CTR_0	9	96.56	-2.271	0.932	2.206
P17900_PF02221_33_189	CTR_1	18	76.05	10.799	1.344	-6.279
P17931_PF00337_117_246	CTR_0	10	97.43	-8.401	-8.756	-9.343
P17980_PF00004_223_355	CTR_0	10	84.85	8.878	2.794	-16.489
P17987_PF00118_28_533	CTR_0	21	85.1	7.161	6.139	-5.008
P18031_PF00102_40_276	CTR_10	15	95.25	-4.629	8.73	-19.397
P18031_PF00102_40_276	CTR_9	12	97.52	-22.095	10.847	1.941
P18031_PF00102_40_276	CTR_8	11	98.37	-29.022	1.938	-1.807
P18031_PF00102_40_276	CTR_7	12	95.36	-7.033	3.28	-20.142
P18031_PF00102_40_276	CTR_6	14	93.3	5.9	16.887	-8.099
P18031_PF00102_40_276	CTR_0	14	80.51	4.558	-6.715	2.64
P18031_PF00102_40_276	CTR_4	14	88.35	-18.109	5.819	17.415
P18031_PF00102_40_276	CTR_3	17	97.09	-8.575	16.389	-2.702
P18031_PF00102_40_276	CTR_2	16	97.45	-17.177	-8.193	12.267
P18031_PF00102_40_276	CTR_1	15	95.24	-13.115	-11.479	-7.958
P18031_PF00102_40_276	CTR_5	11	97.47	-22.333	1.194	-9.691
P18054_PF00305_211_644	CTR_0	18	87.93	3.659	-5.351	8.734
P18054_PF00305_211_644	CTR_1	11	87.48	6.985	-9.949	14.079
P18075_PF00019_330_430	CTR_0	10	83.1	-25.017	6.274	19.62
P18085_PF00025_6_176	CTR_0	16	74.72	12.295	1.675	-4.738
P18440_PF00797_20_280	CTR_0	22	97.78	6.304	3.089	4.58
P18505_PF02931_39_242	CTR_0	10	93.92	-11.28	0.586	-13.362
P18669_PF00300_6_128	CTR_0	16	79.21	7.027	-5.049	-9.996
P18858_PF01068_542_746	CTR_0	20	88.73	-10.273	-3.604	9.678
P19099_PF00067_42_491	CTR_0	21	86.49	0.085	3.245	-2.526
P19113_PF00282_36_414	CTR_1	16	97.36	-4.464	4.036	0.743
P19113_PF00282_36_414	CTR_0	12	97.36	0.184	5.399	-1.316
P19367_PF03727_674_907	CTR_0	17	89.29	-8.7	5.122	26.667
P19447_PF04851_315_471	CTR_0	13	77.09	-1.124	-10.637	3.418
P19474_PF00622_341_459	CTR_0	13	92.46	9.743	2.22	-30.147
P19525_PF00069_267_534	CTR_0	16	85.03	1.523	5.502	-5.9
P19623_PF01564_76_260	CTR_1	12	80.74	0.478	1.064	-6.123
P19634_PF00999_110_503	CTR_0	19	73.98	-2.761	-8.915	-10.8
P19652_PF00061_40_179	CTR_0	20	87.84	-5.03	7.43	-1.274
P19784_PF00069_40_325	CTR_0	17	92.27	-3.164	-3.945	-16.171
P19784_PF00069_40_325	CTR_1	21	88.49	-7.096	-9.495	-4.875
P19793_PF00104_265_441	CTR_0	18	87.25	-7.037	5.616	14.479
P19793_PF00104_265_441	CTR_1	9	79.16	2.958	2.016	13.524
P19801_PF01179_301_708	CTR_1	11	89.19	6.733	4.118	-8.768
P19801_PF01179_301_708	CTR_0	22	89.19	-2.141	8.599	-11.045
P19835_PF00135_26_542	CTR_0	22	93.05	-7.711	-1.308	0.991
P19971_PF00591_110_340	CTR_0	21	76.62	-5.077	-2.787	2.459
P20132_PF00291_8_303	CTR_0	21	93.65	2.253	3.709	-0.596
P20151_PF00089_25_253	CTR_0	19	87.13	-10.969	-6.417	1.455
P20231_PF00089_31_267	CTR_2	18	93.28	-0.503	9.313	-6.334
P20231_PF00089_31_267	CTR_0	12	93.28	5.065	10.642	-8.688
P20231_PF00089_31_267	CTR_1	14	93.15	0.805	11.258	0.863
P20337_PF00071_24_183	CTR_0	19	81.52	4.97	0.93	-10.659
P20339_PF00071_22_181	CTR_0	19	93.0	6.534	-2.387	-8.93
P20340_PF00071_15_173	CTR_0	19	87.07	10.737	-3.485	-4.468
P20591_PF00350_73_248	CTR_0	14	73.96	40.371	4.759	-18.87
P20701_PF00092_156_325	CTR_0	13	78.78	17.191	5.785	-29.772
P20711_PF00282_35_414	CTR_0	17	97.24	-4.257	3.627	-1.36
P20813_PF00067_31_487	CTR_3	27	85.65	11.016	5.209	-7.828
P20813_PF00067_31_487	CTR_2	13	90.51	0.67	-19.645	6.024
P20813_PF00067_31_487	CTR_4	18	90.51	-2.891	-14.536	6.336
P20813_PF00067_31_487	CTR_0	18	93.6	-3.336	-0.295	-5.987
P20813_PF00067_31_487	CTR_1	15	83.7	18.82	11.242	-5.007
P20815_PF00067_39_492	CTR_0	18	79.37	7.535	8.117	-4.594
P20815_PF00067_39_492	CTR_1	18	95.7	-5.84	-2.51	-4.554
P20815_PF00067_39_492	CTR_2	12	79.89	2.537	0.305	-3.788
P20839_PF00478_29_504	CTR_7	11	79.93	-8.968	14.372	14.573
P20839_PF00478_29_504	CTR_10	11	79.24	-14.102	-4.864	22.422
P20839_PF00478_29_504	CTR_9	19	78.04	-16.15	1.165	18.727
P20839_PF00478_29_504	CTR_8	16	90.74	-17.333	3.22	30.191
P20839_PF00478_29_504	CTR_6	22	79.6	-6.774	-6.683	-15.406
P20839_PF00478_29_504	CTR_11	11	87.07	-17.311	-2.791	33.359
P20839_PF00478_29_504	CTR_4	22	79.6	-8.162	-6.551	-15.305
P20839_PF00478_29_504	CTR_0	15	81.32	-16.15	-0.339	26.154
P20839_PF00478_29_504	CTR_1	21	79.6	-6.928	-6.509	-14.402
P20839_PF00478_29_504	CTR_5	27	94.27	-11.264	4.283	-1.94
P20839_PF00478_29_504	CTR_3	11	79.24	-14.444	-4.553	23.689
P20839_PF00478_29_504	CTR_2	26	83.65	-4.274	-6.412	-12.576
P21127_PF00069_441_723	CTR_0	18	82.18	-2.86	13.054	0.663
P21359_PF13716_1602_1735	CTR_0	14	78.74	19.644	-15.334	-37.977
P21397_PF01593_23_460	CTR_0	28	98.22	-10.835	-3.877	2.167
P21397_PF01593_23_460	CTR_1	18	97.59	2.242	-0.161	-6.615
P21439_PF00664_58_345	CTR_0	13	83.3	13.255	8.747	-36.134
P21453_PF00001_62_311	CTR_0	16	92.19	2.084	1.94	-9.136
P21462_PF00001_43_301	CTR_0	13	92.38	-8.026	4.812	22.906
P21549_PF00266_44_376	CTR_1	11	97.46	-7.687	-0.088	27.164
P21549_PF00266_44_376	CTR_0	17	94.1	0.961	-0.018	-1.415
P21554_PF00001_133_397	CTR_0	19	92.13	8.985	3.863	-6.266
P21554_PF00001_133_397	CTR_1	13	96.91	6.544	-10.114	-6.687
P21589_PF02872_341_512	CTR_0	14	94.3	7.733	0.376	-0.835
P21589_PF02872_341_512	CTR_1	14	82.98	-3.443	16.672	-5.825
P21673_PF00583_47_144	CTR_0	15	94.35	-10.559	-5.631	1.541
P21675_PF00439_1411_1491	CTR_0	7	84.01	35.973	34.875	-68.749
P21675_PF00439_1537_1616	CTR_0	5	86.65	6.578	-24.031	-62.242
P21695_PF01210_5_172	CTR_0	15	86.03	5.273	3.703	4.854
P21728_PF00001_40_331	CTR_2	9	96.2	-15.144	-1.729	-10.337
P21728_PF00001_40_331	CTR_0	5	92.92	-25.064	12.467	-0.633
P21730_PF00001_54_300	CTR_0	11	91.6	-5.101	-15.138	18.476
P21730_PF00001_54_300	CTR_1	10	96.94	1.474	-13.943	7.19
P21731_PF00001_42_308	CTR_0	18	96.16	-3.99	3.206	-9.665
P21796_PF01459_4_276	CTR_0	18	93.66	-3.302	11.961	-1.406
P21796_PF01459_4_276	CTR_1	7	93.26	-7.343	2.086	-6.139
P21802_PF07714_481_757	CTR_2	16	89.26	-15.537	15.527	19.522
P21860_PF07714_711_964	CTR_0	16	71.78	-32.682	-22.064	-19.368
P21964_PF01596_77_225	CTR_0	19	92.54	7.498	0.055	2.379
P21964_PF01596_77_225	CTR_1	12	91.19	9.588	-4.887	-3.282
P22033_PF01642_63_575	CTR_0	14	87.41	11.537	-0.063	-12.679
P22059_PF01237_418_795	CTR_0	16	87.63	3.797	3.785	2.345
P22061_PF01135_9_221	CTR_0	25	94.14	1.264	8.845	-4.435
P22087_PF01269_88_314	CTR_0	18	86.89	3.601	-0.651	8.408
P22102_PF00551_809_988	CTR_0	12	84.04	-37.377	16.838	-29.585
P22102_PF00551_809_988	CTR_1	17	89.09	-36.774	8.659	-23.381
P22102_PF01071_105_298	CTR_0	15	83.82	25.365	-7.201	-14.208
P22234_PF00731_267_404	CTR_0	20	95.73	26.921	6.582	-28.56
P22234_PF01259_12_238	CTR_0	15	86.38	-7.485	8.328	21.152
P22234_PF01259_12_238	CTR_1	16	76.2	-14.725	-2.438	14.227
P22234_PF01259_12_238	CTR_2	13	92.37	-5.136	14.539	20.734
P22303_PF00135_39_563	CTR_0	17	97.9	5.573	3.96	-3.538
P22392_PF00334_5_138	CTR_0	11	92.08	12.641	-2.618	-0.544
P22413_PF01663_212_538	CTR_0	14	94.51	-5.467	-2.033	18.418
P22455_PF07714_468_743	CTR_0	20	71.43	-3.384	17.636	3.052
P22557_PF00155_190_536	CTR_0	20	91.25	-2.686	-1.845	0.55
P22680_PF00067_32_495	CTR_0	13	94.63	5.877	9.238	-4.567
P22680_PF00067_32_495	CTR_1	16	95.73	4.859	6.011	0.939
P22736_PF00104_402_578	CTR_0	21	88.78	-8.585	5.866	2.221
P22736_PF00104_402_578	CTR_1	13	89.68	-8.638	1.546	-4.157
P22736_PF00104_402_578	CTR_2	12	91.14	8.803	10.843	6.423
P22748_PF00194_41_284	CTR_0	18	97.19	-12.033	-0.781	-6.634
P22830_PF00762_68_388	CTR_0	16	82.51	-5.467	10.17	-1.298
P22830_PF00762_68_388	CTR_1	13	79.18	-9.906	17.048	-5.796
P22888_PF00001_376_623	CTR_0	18	76.28	-13.569	4.715	15.302
P22894_PF00413_107_262	CTR_0	16	95.6	-9.196	1.392	9.638
P22894_PF00413_107_262	CTR_1	21	92.26	-5.763	-4.225	5.275
P22894_PF00413_107_262	CTR_2	11	88.81	-13.393	-15.079	-0.453
P23141_PF00135_23_547	CTR_0	23	72.71	3.296	8.143	9.341
P23141_PF00135_23_547	CTR_2	14	98.13	21.552	-3.397	-8.902
P23141_PF00135_23_547	CTR_3	17	90.4	-12.424	15.043	6.353
P23258_PF00091_4_214	CTR_0	17	89.91	-1.154	6.197	-11.924
P23368_PF03949_280_534	CTR_0	14	87.88	-18.799	-4.522	3.247
P23443_PF00069_91_352	CTR_0	17	74.65	-1.447	0.995	10.284
P23458_PF07714_876_1147	CTR_1	20	80.68	33.008	4.704	-31.186
P23458_PF07714_876_1147	CTR_0	16	80.87	39.977	27.03	-28.77
P23467_PF00102_1727_1960	CTR_0	14	76.02	30.012	-17.305	-32.129
P23467_PF00102_1727_1960	CTR_1	14	86.67	28.26	-0.136	-21.673
P23526_PF00670_191_352	CTR_0	18	92.11	-3.588	12.026	5.647
P23526_PF05221_141_431	CTR_0	20	92.11	-3.729	12.054	6.069
P23526_PF05221_141_431	CTR_1	16	92.11	0.152	0.633	-0.296
P23677_PF03770_245_455	CTR_0	13	87.59	7.643	3.698	-3.967
P23919_PF02223_11_191	CTR_0	15	84.42	3.69	10.784	3.171
P23919_PF02223_11_191	CTR_1	19	87.29	0.655	0.769	-7.51
P23921_PF02867_216_738	CTR_2	11	94.9	-25.926	15.221	-2.199
P23921_PF02867_216_738	CTR_0	15	84.05	-0.704	-0.545	33.128
P23921_PF03477_1_89	CTR_0	15	82.44	23.046	20.389	-28.282
P23945_PF00001_379_626	CTR_0	15	78.97	18.395	6.904	-6.625
P23946_PF00089_22_240	CTR_0	14	90.89	-1.473	-7.035	-9.02
P23975_PF00209_56_579	CTR_0	23	84.81	-0.706	-2.673	1.177
P23975_PF00209_56_579	CTR_1	11	91.94	-21.082	-7.814	2.845
P23975_PF00209_56_579	CTR_2	8	90.5	-12.314	-0.882	-14.574
P23975_PF00209_56_579	CTR_4	18	92.02	3.704	-9.655	14.269
P24046_PF02931_81_280	CTR_0	11	92.74	-21.266	-14.808	5.776
P24462_PF00067_39_492	CTR_2	18	93.4	3.553	0.191	3.014
P24462_PF00067_39_492	CTR_3	19	72.15	4.732	17.637	-16.971
P24462_PF00067_39_492	CTR_0	14	71.52	8.304	8.84	-3.572
P24462_PF00067_39_492	CTR_1	12	71.33	2.713	5.976	-2.991
P24530_PF00001_118_384	CTR_0	11	94.76	12.909	8.298	5.421
P24666_PF01451_9_154	CTR_0	15	94.62	14.048	4.999	-3.0
P24666_PF01451_9_154	CTR_1	13	95.53	9.489	12.191	12.299
P24723_PF00069_355_614	CTR_0	17	78.73	4.611	4.19	-12.654
P24752_PF00108_42_298	CTR_0	14	97.88	12.442	1.003	-10.36
P24821_PF00147_1980_2189	CTR_0	14	89.82	-66.097	-5.945	61.682
P24941_PF00069_4_286	CTR_5	11	90.65	7.736	21.923	3.301
P24941_PF00069_4_286	CTR_4	16	94.35	12.379	11.368	-13.097
P24941_PF00069_4_286	CTR_3	12	91.2	14.297	-14.027	-5.087
P24941_PF00069_4_286	CTR_2	12	71.37	-23.616	-3.978	11.231
P24941_PF00069_4_286	CTR_0	23	80.2	-4.818	-7.382	13.124
P25090_PF00001_43_302	CTR_0	15	93.75	5.055	2.153	-8.27
P25098_PF00069_191_453	CTR_0	18	78.03	16.906	-6.637	-1.295
P25103_PF00001_49_305	CTR_0	9	92.79	-1.857	9.859	11.11
P25105_PF00001_33_293	CTR_0	19	78.43	4.128	-1.063	-9.249
P25106_PF00001_62_315	CTR_0	14	88.02	-6.267	-1.287	7.825
P25106_PF00001_62_315	CTR_1	10	88.25	19.732	-0.01	3.417
P25205_PF00493_282_505	CTR_0	13	78.64	-29.719	-1.36	3.908
P25311_PF00129_26_201	CTR_0	14	97.7	-16.642	-2.006	12.946
P25440_PF00439_353_440	CTR_0	13	93.62	-2.101	8.492	-30.162
P25440_PF00439_86_167	CTR_0	13	92.51	9.47	4.242	-2.569
P25774_PF00112_115_329	CTR_0	15	95.44	0.002	-6.354	2.792
P25774_PF00112_115_329	CTR_1	10	96.6	3.219	7.837	-10.73
P25786_PF00227_29_215	CTR_0	15	96.17	-1.089	-3.498	-9.215
P26196_PF00271_321_429	CTR_0	10	94.09	18.63	16.632	-9.869
P26358_PF00145_1140_1593	CTR_0	16	83.71	-12.498	-0.732	-15.248
P26639_PF00587_399_608	CTR_0	13	87.58	13.275	-8.76	12.084
P26639_PF00587_399_608	CTR_1	21	85.81	7.013	-9.208	8.175
P27037_PF00069_200_472	CTR_0	19	91.8	-5.171	-2.692	-9.371
P27144_PF00406_10_189	CTR_0	15	84.44	-0.902	3.704	-8.242
P27338_PF01593_14_451	CTR_2	29	97.6	0.169	2.188	7.672
P27338_PF01593_14_451	CTR_0	17	97.86	2.326	2.896	2.289
P27338_PF01593_14_451	CTR_1	21	92.81	6.225	3.893	-7.731
P27361_PF00069_42_330	CTR_0	19	71.75	11.092	4.487	-3.589
P27361_PF00069_42_330	CTR_1	20	84.87	8.553	11.036	-3.334
P27448_PF00069_56_307	CTR_0	15	80.44	-3.347	1.952	4.963
P27487_PF00326_561_763	CTR_0	12	98.56	-9.473	9.73	0.375
P27694_PF04057_5_104	CTR_0	13	85.07	-39.834	9.524	-13.048
P27695_PF03372_65_309	CTR_0	10	97.59	-12.643	5.067	12.644
P27707_PF01712_24_257	CTR_0	22	88.79	-0.948	-5.837	-4.765
P27815_PF00233_432_671	CTR_0	16	91.4	-0.825	-7.429	-10.793
P28039_PF00657_257_542	CTR_1	21	92.46	8.304	0.885	4.871
P28039_PF00657_257_542	CTR_0	14	89.8	9.22	4.186	-5.35
P28161_PF02798_3_82	CTR_0	11	98.5	6.209	8.289	-9.627
P28222_PF00001_67_369	CTR_0	21	80.95	1.578	8.888	-9.338
P28223_PF00001_91_380	CTR_0	18	90.5	5.282	6.144	-7.381
P28223_PF00001_91_380	CTR_1	20	90.5	6.481	13.739	-4.442
P28329_PF00755_134_713	CTR_0	24	92.47	-5.815	-0.405	-1.04
P28329_PF00755_134_713	CTR_1	15	78.11	-9.687	-11.382	6.819
P28336_PF00001_60_322	CTR_0	16	87.87	10.033	-1.184	-7.539
P28340_PF00136_541_973	CTR_0	11	82.32	-5.938	-7.492	14.438
P28347_PF17725_215_423	CTR_0	20	92.12	-2.2	4.033	4.555
P28472_PF02931_39_242	CTR_0	14	94.46	16.422	14.563	-3.406
P28482_PF00069_25_313	CTR_1	12	90.69	3.312	20.262	5.493
P28702_PF00104_336_512	CTR_0	18	84.12	-14.971	9.754	8.169
P28845_PF00106_35_226	CTR_0	20	94.9	5.543	0.233	-7.499
P28907_PF02267_56_296	CTR_0	14	94.59	-4.284	-3.216	-3.358
P29016_PF16497_1_198	CTR_0	15	95.16	8.547	4.43	-15.868
P29016_PF16497_1_198	CTR_1	14	94.15	9.591	1.856	-26.405
P29017_PF16497_1_197	CTR_0	20	90.83	-13.758	-6.655	15.889
P29017_PF16497_1_197	CTR_1	12	91.94	-18.114	-4.152	18.862
P29017_PF16497_1_197	CTR_2	21	94.36	-14.046	6.185	7.175
P29017_PF16497_1_197	CTR_3	16	93.21	-20.156	-0.12	13.036
P29033_PF00029_2_214	CTR_0	11	87.96	-6.028	2.112	14.981
P29218_PF00459_7_267	CTR_0	24	82.69	7.839	4.611	6.295
P29274_PF00001_23_288	CTR_0	17	95.13	-6.281	1.384	14.242
P29274_PF00001_23_288	CTR_1	17	93.73	4.567	-0.0	-13.338
P29274_PF00001_23_288	CTR_2	17	93.54	-8.658	-10.871	1.964
P29275_PF00001_24_290	CTR_0	19	88.69	8.084	2.7	-11.087
P29317_PF07714_614_871	CTR_0	18	80.0	38.213	5.648	-44.21
P29320_PF07714_622_878	CTR_1	18	82.81	-4.505	17.114	19.642
P29373_PF00061_5_138	CTR_0	20	90.12	6.895	3.679	-0.447
P29373_PF00061_5_138	CTR_1	10	94.74	4.28	13.759	-3.559
P29401_PF00456_17_269	CTR_0	19	92.84	-12.157	13.897	7.711
P29474_PF02898_121_481	CTR_0	18	83.35	-25.088	2.91	28.133
P29475_PF02898_357_717	CTR_0	18	83.82	27.097	7.957	-23.922
P29597_PF07714_590_866	CTR_0	21	92.36	17.143	9.939	-24.647
P29597_PF07714_898_1167	CTR_0	24	79.2	-13.102	7.951	-25.149
P29762_PF00061_5_137	CTR_0	18	87.29	6.104	7.805	-8.291
P29965_PF00229_138_261	CTR_0	11	95.18	-10.215	-6.082	-14.804
P29973_PF00027_494_583	CTR_0	14	81.35	37.051	17.12	-20.71
P29992_PF00503_19_348	CTR_0	23	94.95	-0.707	-1.873	-1.086
P29992_PF00503_19_348	CTR_1	14	92.5	-12.691	1.155	-4.463
P30038_PF00171_81_545	CTR_0	22	95.69	-3.951	-0.514	2.18
P30043_PF13460_10_191	CTR_0	17	93.74	8.303	-2.382	1.974
P30043_PF13460_10_191	CTR_1	16	96.26	12.579	0.615	-8.745
P30044_PF08534_57_200	CTR_0	14	95.65	8.904	2.082	-6.532
P30046_PF01187_2_116	CTR_0	16	95.15	3.502	7.155	-12.863
P30084_PF00378_43_290	CTR_0	13	94.36	7.922	-1.134	-18.762
P30086_PF01161_48_157	CTR_0	17	94.83	6.756	-3.531	-11.066
P30291_PF00069_299_568	CTR_0	17	89.85	6.411	4.221	-0.291
P30405_PF00160_50_204	CTR_0	16	96.14	-10.451	1.667	-11.856
P30405_PF00160_50_204	CTR_1	9	97.72	-17.267	-0.063	14.471
P30405_PF00160_50_204	CTR_2	13	96.24	-20.139	4.8	0.061
P30419_PF01233_141_294	CTR_0	11	89.76	-2.295	-1.924	-17.679
P30419_PF01233_141_294	CTR_1	17	96.28	4.354	0.429	-12.29
P30519_PF01126_32_236	CTR_1	17	91.05	-3.451	3.055	6.851
P30519_PF01126_32_236	CTR_0	13	82.28	6.525	2.855	8.008
P30520_PF00709_32_453	CTR_0	19	80.05	12.366	0.175	4.249
P30531_PF00209_44_558	CTR_0	23	93.93	0.599	-3.667	7.644
P30556_PF00001_45_302	CTR_0	16	86.37	8.007	0.898	-7.36
P30613_PF02887_454_571	CTR_0	9	96.05	1.375	0.024	-9.654
P30711_PF13417_5_79	CTR_0	11	97.41	0.707	3.635	-9.8
P30793_PF01227_73_249	CTR_0	12	93.97	-22.028	5.062	19.59
P30837_PF00171_45_508	CTR_6	19	98.26	10.592	18.928	-1.522
P30837_PF00171_45_508	CTR_8	9	98.22	-0.902	-16.245	-3.773
P30837_PF00171_45_508	CTR_7	13	97.66	2.493	10.996	9.862
P30837_PF00171_45_508	CTR_5	11	98.26	7.657	9.62	10.956
P30837_PF00171_45_508	CTR_4	27	98.15	-13.825	11.059	4.471
P30837_PF00171_45_508	CTR_3	12	98.62	10.723	17.231	-18.788
P30837_PF00171_45_508	CTR_2	9	98.33	-8.391	-1.81	-22.738
P30837_PF00171_45_508	CTR_1	9	96.97	-7.163	-6.087	5.613
P30837_PF00171_45_508	CTR_0	18	97.66	5.091	9.992	3.427
P30838_PF00171_3_425	CTR_0	20	98.07	-1.777	-8.784	0.394
P30838_PF00171_3_425	CTR_1	20	96.9	-4.807	6.692	0.033
P30872_PF00001_75_323	CTR_0	16	88.96	5.228	5.513	-11.149
P30874_PF00001_60_312	CTR_0	13	85.85	6.458	1.08	-10.975
P30989_PF00001_80_364	CTR_0	12	71.83	-18.632	0.346	9.174
P31040_PF00890_63_457	CTR_0	24	97.39	-4.976	8.63	-5.002
P31213_PF02544_106_254	CTR_0	8	84.89	7.051	-2.456	-6.304
P31327_PF02142_1375_1465	CTR_0	16	83.38	-36.137	-21.658	22.213
P31327_PF02786_546_749	CTR_0	18	89.84	-14.229	-11.827	-10.141
P31391_PF00001_64_311	CTR_0	17	90.0	3.881	0.003	-11.951
P31639_PF00474_55_492	CTR_0	19	80.67	2.963	3.302	-0.314
P31639_PF00474_55_492	CTR_1	28	85.13	2.212	-12.558	3.676
P31641_PF00209_41_568	CTR_0	8	96.59	-18.019	-6.32	-4.557
P31644_PF02931_50_257	CTR_0	12	93.12	-26.485	13.573	7.941
P31645_PF00209_79_598	CTR_5	11	96.41	-9.864	17.706	6.025
P31645_PF00209_79_598	CTR_4	5	95.1	19.324	4.638	10.467
P31645_PF00209_79_598	CTR_3	10	96.93	14.043	-16.617	10.635
P31645_PF00209_79_598	CTR_2	14	92.52	0.45	-17.885	-8.832
P31645_PF00209_79_598	CTR_1	20	72.03	-8.278	-2.295	-9.134
P31645_PF00209_79_598	CTR_0	21	88.46	-0.585	-2.85	3.761
P31749_PF00069_150_408	CTR_0	16	72.16	-4.603	-9.686	6.342
P31751_PF00069_154_409	CTR_0	18	71.66	-10.93	-0.216	5.841
P31751_PF00069_154_409	CTR_1	22	78.05	-1.273	-8.589	5.1
P31937_PF03446_42_200	CTR_0	17	89.73	-3.603	-4.478	1.633
P31939_PF02142_16_130	CTR_0	19	88.74	31.193	5.951	-28.213
P32238_PF00001_58_370	CTR_0	15	87.28	-11.658	-0.271	9.034
P32245_PF00001_61_302	CTR_0	10	87.74	11.381	5.366	-9.782
P32247_PF00001_64_328	CTR_0	16	88.97	5.541	5.208	-6.096
P32249_PF00001_48_308	CTR_1	21	81.48	-6.687	3.634	9.205
P32249_PF00001_48_308	CTR_0	20	90.43	-8.209	-3.427	9.493
P32297_PF02931_35_240	CTR_0	10	93.41	24.758	8.576	-8.524
P32298_PF00069_189_447	CTR_0	18	82.61	-0.565	14.014	8.858
P32320_PF00383_15_116	CTR_0	19	97.48	6.612	-2.275	-5.227
P32322_PF03807_3_98	CTR_0	15	92.63	-3.285	-0.653	9.011
P32418_PF01699_81_250	CTR_0	17	79.3	-13.855	9.466	4.089
P32455_PF02841_284_580	CTR_0	14	92.09	-12.841	-11.681	12.716
P32929_PF01053_19_395	CTR_0	19	92.43	-0.526	-3.322	0.564
P33176_PF00225_14_325	CTR_0	12	89.07	1.074	15.574	-6.523
P33261_PF00067_30_487	CTR_1	16	89.92	6.409	-0.259	0.446
P33261_PF00067_30_487	CTR_0	19	94.18	0.786	-3.399	-2.823
P33897_PF06472_78_352	CTR_0	16	71.19	16.738	13.344	-43.06
P33981_PF00069_525_791	CTR_0	17	86.17	-13.107	8.839	0.384
P33981_PF00069_525_791	CTR_2	11	92.19	-0.227	21.161	-15.407
P33981_PF00069_525_791	CTR_3	10	95.06	-14.243	22.954	3.026
P33981_PF00069_525_791	CTR_4	13	92.05	13.679	11.178	-2.461
P33981_PF00069_525_791	CTR_5	15	83.19	-6.502	3.683	-18.817
P33991_PF00493_446_669	CTR_0	13	79.54	-15.328	18.698	12.097
P33992_PF00493_319_540	CTR_0	11	78.82	-16.833	-19.572	10.73
P33993_PF00493_322_541	CTR_0	11	79.02	21.758	1.888	-7.377
P34059_PF00884_31_354	CTR_0	18	96.08	3.693	-1.379	-8.177
P34096_PF00074_33_146	CTR_0	10	98.05	3.757	-4.871	1.644
P34896_PF00464_26_425	CTR_0	21	95.78	-4.254	5.674	-3.63
P34897_PF00464_49_448	CTR_0	21	97.39	-4.403	-1.313	-4.233
P34897_PF00464_49_448	CTR_1	12	76.03	-6.596	-10.415	2.241
P34913_PF00561_259_531	CTR_0	15	89.19	16.73	5.195	-8.115
P34913_PF00702_4_197	CTR_0	15	73.57	-22.662	10.924	29.573
P34913_PF00702_4_197	CTR_1	19	73.57	-22.568	11.144	23.735
P34947_PF00069_187_448	CTR_0	20	82.58	-5.595	-8.826	9.359
P34972_PF00001_50_299	CTR_0	20	92.84	4.679	3.289	-10.301
P34995_PF00001_67_351	CTR_0	15	89.18	-1.929	-2.763	-12.672
P35030_PF00089_81_296	CTR_0	22	87.68	3.709	-2.565	-6.786
P35228_PF02898_137_497	CTR_0	16	92.23	25.085	6.567	-7.087
P35228_PF02898_137_497	CTR_1	19	92.48	21.703	2.404	-11.114
P35270_PF00106_9_211	CTR_0	21	96.63	1.571	4.825	-3.522
P35270_PF00106_9_211	CTR_1	14	97.32	-2.157	9.484	-14.624
P35270_PF00106_9_211	CTR_2	22	83.52	-10.036	-6.386	11.671
P35354_PF03098_207_513	CTR_0	18	94.82	3.079	6.065	-0.022
P35372_PF00001_87_338	CTR_0	11	87.69	-8.733	-0.306	9.801
P35372_PF00001_87_338	CTR_1	13	91.21	2.971	8.078	17.066
P35398_PF00104_327_492	CTR_0	14	92.68	-6.659	1.799	5.642
P35408_PF00001_34_329	CTR_0	14	91.67	0.533	10.1	-10.18
P35414_PF00001_45_309	CTR_0	14	93.79	5.077	3.053	-9.694
P35475_PF01229_30_525	CTR_0	17	97.24	-15.419	-10.027	-1.024
P35520_PF00291_81_376	CTR_0	24	79.3	-1.462	2.337	-5.448
P35557_PF00349_16_215	CTR_0	10	76.94	-16.02	4.009	15.058
P35557_PF03727_222_455	CTR_0	14	91.11	7.905	-0.477	2.862
P35558_PF00821_260_618	CTR_0	19	86.33	-0.662	-6.675	8.374
P35558_PF00821_260_618	CTR_1	14	94.44	-3.693	-11.223	12.99
P35575_PF01569_59_199	CTR_0	12	96.08	11.171	7.5	9.727
P35609_PF00307_152_257	CTR_0	19	85.06	-61.837	14.246	51.383
P35609_PF00307_39_142	CTR_1	21	77.65	-56.212	-19.534	71.694
P35609_PF00307_39_142	CTR_2	18	88.22	-44.716	-18.651	70.278
P35609_PF00307_39_142	CTR_0	16	89.96	-55.01	-17.16	59.917
P35609_PF00435_282_390	CTR_0	17	86.39	6.062	-6.735	-18.028
P35609_PF00435_282_390	CTR_1	16	84.14	0.818	0.724	-3.279
P35610_PF03062_171_520	CTR_0	14	95.85	-1.774	3.376	-5.75
P35610_PF03062_171_520	CTR_1	14	83.94	-2.404	0.496	2.771
P35610_PF03062_171_520	CTR_3	9	86.31	17.252	10.516	-12.003
P35670_PF00702_1021_1279	CTR_0	15	76.42	-16.245	-3.042	28.758
P35749_PF00063_87_771	CTR_0	22	72.54	11.05	7.783	-9.073
P35749_PF00063_87_771	CTR_1	15	80.78	12.635	18.927	7.498
P35790_PF01633_114_449	CTR_3	15	82.69	-0.244	-17.857	-9.779
P35869_PF08447_300_382	CTR_0	15	88.81	15.21	5.414	-23.96
P35914_PF00682_32_306	CTR_0	13	85.22	-8.242	-14.965	-2.858
P36021_PF07690_140_440	CTR_0	15	84.79	-5.197	3.487	-2.208
P36222_PF00704_23_357	CTR_0	15	95.9	0.89	-1.592	-3.501
P36404_PF00025_4_175	CTR_0	17	95.84	11.273	4.187	-2.227
P36507_PF00069_72_369	CTR_0	20	76.0	2.619	-6.466	-7.03
P36544_PF02931_27_230	CTR_0	11	89.19	17.999	18.194	-9.645
P36639_PF00293_7_126	CTR_0	14	92.58	-0.558	0.003	-6.204
P36639_PF00293_7_126	CTR_1	12	92.58	3.163	-3.956	-13.506
P36873_PF00149_59_251	CTR_0	13	95.3	-12.155	8.778	-7.829
P36897_PF00069_208_489	CTR_0	19	83.06	4.221	9.701	-3.825
P36959_PF00478_10_339	CTR_0	28	90.03	7.566	-0.722	5.39
P37023_PF07714_204_488	CTR_0	22	88.61	1.521	-7.667	8.665
P37173_PF07714_244_537	CTR_0	24	80.98	-12.157	12.742	-4.147
P37173_PF08917_49_157	CTR_0	11	78.7	45.77	2.934	-19.745
P37231_PF00104_319_485	CTR_0	13	94.08	-18.573	-0.107	-0.096
P37268_PF00494_48_319	CTR_0	16	79.45	-2.712	1.709	2.668
P38117_PF01012_29_211	CTR_0	20	95.07	-5.801	-0.308	-5.073
P38435_PF05090_56_315	CTR_0	21	83.98	9.113	-8.045	12.437
P38606_PF00006_230_455	CTR_0	12	81.1	-11.327	-12.414	3.223
P39900_PF00413_109_263	CTR_0	17	93.57	11.536	0.487	-12.809
P40227_PF00118_30_524	CTR_0	21	89.16	-17.285	-4.113	0.276
P40261_PF01234_2_259	CTR_1	22	95.3	5.06	5.48	-8.305
P40261_PF01234_2_259	CTR_0	23	97.77	0.065	-0.607	-6.85
P40306_PF00227_37_217	CTR_0	19	77.11	1.322	2.886	-10.425
P40337_PF01847_63_144	CTR_0	8	96.61	12.585	2.767	-4.259
P40394_PF00107_214_347	CTR_0	13	91.77	11.356	1.099	-0.0
P40616_PF00025_5_176	CTR_0	17	88.99	8.986	-7.35	-2.88
P40879_PF00916_73_475	CTR_0	21	84.82	-8.935	-1.7	-1.097
P40879_PF00916_73_475	CTR_1	22	85.49	-22.06	-0.833	2.237
P40879_PF00916_73_475	CTR_2	18	79.58	-25.5	4.878	-1.717
P40879_PF00916_73_475	CTR_3	12	89.44	-21.556	-13.648	-3.137
P40926_PF00056_26_168	CTR_0	20	82.81	-6.681	-2.151	-13.134
P40933_PF02372_33_160	CTR_0	15	92.95	-8.54	-9.757	-12.392
P41143_PF00001_66_318	CTR_0	13	88.17	-0.667	2.716	-11.99
P41143_PF00001_66_318	CTR_1	11	94.4	-3.934	-6.939	9.84
P41145_PF00001_76_330	CTR_0	13	85.33	2.137	1.159	-12.916
P41180_PF00003_606_856	CTR_0	17	85.5	-47.711	-6.833	50.564
P41180_PF00003_606_856	CTR_1	12	87.68	-45.31	-12.678	54.846
P41180_PF01094_70_495	CTR_0	23	89.01	10.266	5.642	-21.093
P41180_PF01094_70_495	CTR_1	10	74.65	2.075	22.172	-24.474
P41222_PF00061_41_184	CTR_0	14	81.07	2.709	5.396	-4.666
P41227_PF00583_19_124	CTR_0	16	93.17	4.987	7.912	3.751
P41231_PF00001_51_306	CTR_0	12	72.51	12.198	7.102	-13.821
P41235_PF00104_175_361	CTR_0	22	85.24	-19.39	2.702	12.73
P41240_PF07714_195_440	CTR_0	18	81.71	-1.571	-1.702	-11.095
P41440_PF01770_24_433	CTR_0	14	81.39	0.036	3.093	-4.13
P41440_PF01770_24_433	CTR_1	10	76.42	-11.311	5.743	3.652
P41594_PF00003_573_821	CTR_0	20	86.73	-52.426	-10.758	52.503
P41594_PF01094_69_472	CTR_0	17	83.35	9.889	2.414	-25.851
P41595_PF00001_71_380	CTR_0	16	90.3	6.046	4.751	-7.96
P41743_PF00069_255_521	CTR_0	18	72.53	-10.735	9.632	-1.16
P42126_PF00378_54_298	CTR_0	15	89.98	-5.016	-3.458	-17.389
P42330_PF00248_19_300	CTR_0	18	91.27	-4.949	-5.423	4.621
P42330_PF00248_19_300	CTR_1	10	87.92	3.788	-4.682	-4.235
P42336_PF00454_798_1015	CTR_0	14	89.5	-8.478	-10.505	15.719
P42336_PF00794_174_291	CTR_0	15	83.02	-40.181	19.815	17.591
P42345_PF00454_2182_2430	CTR_0	14	79.24	15.825	2.043	-33.821
P42568_PF03366_28_107	CTR_0	13	97.21	-1.565	-5.894	-19.248
P42574_PF00656_45_274	CTR_0	9	87.13	14.746	2.529	-10.402
P42684_PF07714_288_538	CTR_0	21	77.23	-3.877	14.315	-10.982
P42684_PF07714_288_538	CTR_2	15	91.99	2.188	10.239	14.034
P42898_PF02219_48_337	CTR_0	16	79.32	11.956	-4.094	-28.541
P42898_PF21895_344_644	CTR_0	16	91.91	-12.849	5.877	11.695
P42898_PF21895_344_644	CTR_1	18	87.91	-12.462	12.998	1.446
P43004_PF00375_46_495	CTR_4	25	82.61	-5.311	-3.945	-12.381
P43004_PF00375_46_495	CTR_3	15	82.61	-10.909	-2.602	-10.06
P43004_PF00375_46_495	CTR_1	7	96.77	-11.533	20.853	-5.54
P43004_PF00375_46_495	CTR_0	26	90.31	11.323	4.44	-6.837
P43004_PF00375_46_495	CTR_2	27	89.99	-4.006	1.97	-7.18
P43005_PF00375_22_464	CTR_0	24	91.58	-4.043	2.415	10.771
P43088_PF00001_44_304	CTR_0	17	92.55	-2.188	1.37	11.645
P43115_PF00001_65_346	CTR_0	15	89.37	-1.506	-0.685	12.495
P43116_PF00001_65_314	CTR_0	17	79.57	-1.985	-6.189	7.833
P43119_PF00001_30_291	CTR_0	17	88.38	-4.354	4.19	-10.962
P43155_PF00755_38_609	CTR_0	21	90.3	-8.176	-0.467	0.85
P43166_PF00194_14_262	CTR_0	16	97.54	2.614	-7.359	1.426
P43220_PF00002_144_398	CTR_0	11	74.33	10.685	2.699	-2.836
P43235_PF00112_116_327	CTR_0	16	97.32	-2.133	-8.144	-1.0
P43235_PF00112_116_327	CTR_1	12	96.08	15.941	8.897	-4.77
P43246_PF00488_666_852	CTR_0	11	73.63	26.558	-0.581	3.271
P43250_PF00069_187_448	CTR_0	19	79.05	-10.854	11.009	2.85
P43354_PF00104_398_578	CTR_0	14	88.63	8.561	5.679	0.336
P43403_PF07714_342_592	CTR_0	18	70.2	-22.887	6.752	-18.322
P43405_PF07714_374_623	CTR_0	23	86.74	-20.256	4.921	10.59
P43490_PF04095_188_465	CTR_0	23	96.74	8.498	3.775	-15.454
P43652_PF00273_222_394	CTR_0	11	90.41	0.447	-11.592	2.368
P43652_PF00273_222_394	CTR_1	15	87.24	6.431	-10.229	2.602
P43652_PF00273_31_202	CTR_0	11	87.61	32.409	9.059	-0.573
P43657_PF00001_35_291	CTR_0	13	93.1	13.822	9.599	2.045
P43681_PF02931_37_242	CTR_0	11	92.89	22.052	11.698	-8.265
P45452_PF00413_112_267	CTR_0	18	92.19	-7.323	-1.986	6.545
P45983_PF00069_26_321	CTR_0	17	78.91	-7.798	9.839	6.115
P45983_PF00069_26_321	CTR_3	13	92.38	10.562	4.58	7.243
P45984_PF00069_26_321	CTR_1	19	75.8	-5.264	-6.392	7.649
P45984_PF00069_26_321	CTR_2	12	88.29	-7.913	-12.517	-6.738
P45985_PF00069_104_367	CTR_0	19	73.82	-0.621	3.115	-9.121
P46089_PF00001_57_297	CTR_0	23	96.44	-0.165	2.272	-3.601
P46089_PF00001_57_297	CTR_1	18	95.08	5.024	3.406	-3.866
P46093_PF00001_35_286	CTR_0	14	96.38	-18.096	-0.684	-4.985
P46199_PF00009_182_341	CTR_0	16	81.13	-9.87	17.662	-22.182
P46597_PF00891_117_327	CTR_0	18	89.31	-11.644	-2.254	-1.935
P46597_PF00891_117_327	CTR_1	14	93.19	-2.835	3.886	-2.018
P46934_PF00632_1014_1316	CTR_0	12	76.41	7.225	7.022	15.274
P47211_PF00001_50_303	CTR_0	14	94.04	-7.912	-11.694	8.153
P47895_PF00171_40_503	CTR_0	16	96.7	-12.377	6.336	-2.606
P47895_PF00171_40_503	CTR_1	19	97.64	1.151	-8.459	1.912
P47898_PF00001_58_338	CTR_0	19	91.04	-4.021	-0.243	11.706
P47900_PF00001_68_324	CTR_0	16	88.88	-12.54	-2.985	15.894
P47989_PF00941_234_411	CTR_0	22	94.3	-12.962	14.212	16.656
P47989_PF20256_972_1237	CTR_0	11	95.37	-2.627	-2.076	-24.046
P48039_PF00001_44_295	CTR_0	19	89.52	0.792	-1.11	-11.323
P48066_PF00209_50_575	CTR_0	25	91.76	2.053	-6.009	6.161
P48067_PF00209_100_634	CTR_0	26	91.81	0.748	0.953	10.584
P48067_PF00209_100_634	CTR_1	17	79.19	-13.89	-2.822	-9.134
P48067_PF00209_100_634	CTR_2	16	79.19	1.314	0.048	-4.453
P48067_PF00209_100_634	CTR_3	9	89.73	-24.487	4.859	0.444
P48163_PF03949_270_522	CTR_0	15	87.98	-0.454	-2.593	16.934
P48163_PF03949_270_522	CTR_1	12	86.57	4.224	9.373	16.931
P48443_PF00104_258_442	CTR_0	18	84.6	-11.974	9.544	11.317
P48643_PF00118_44_533	CTR_0	21	84.67	0.272	-6.122	-13.144
P48651_PF03034_96_372	CTR_0	14	90.98	-16.318	-5.071	-0.319
P48651_PF03034_96_372	CTR_1	14	88.27	-2.852	17.674	-8.53
P48651_PF03034_96_372	CTR_2	12	81.94	-1.08	-5.249	4.486
P48728_PF01571_38_293	CTR_0	18	98.25	-4.832	4.123	-0.739
P48729_PF00069_17_235	CTR_0	19	74.29	-14.549	-0.08	4.027
P48730_PF00069_9_226	CTR_0	22	77.64	8.08	5.554	-3.197
P48735_PF00180_45_437	CTR_0	13	88.13	1.743	6.417	7.779
P48735_PF00180_45_437	CTR_1	12	90.86	-1.449	18.908	-7.881
P48736_PF00454_828_1043	CTR_0	13	91.82	19.994	13.338	-5.153
P48751_PF00955_681_852	CTR_0	14	89.06	-16.702	6.212	8.881
P48764_PF00999_62_462	CTR_0	14	87.37	9.859	4.718	12.579
P48775_PF03301_27_372	CTR_0	18	85.76	4.235	1.482	-22.129
P48775_PF03301_27_372	CTR_1	16	94.07	-5.777	-1.909	18.155
P49019_PF00001_44_294	CTR_0	17	82.42	9.596	4.724	-5.321
P49189_PF00171_27_483	CTR_0	20	96.79	5.08	14.707	0.409
P49238_PF00001_48_293	CTR_0	9	92.8	-3.446	-10.829	9.087
P49286_PF00001_57_308	CTR_0	20	91.3	5.707	0.207	-6.048
P49327_PF00698_493_809	CTR_0	12	77.36	-7.675	48.194	33.503
P49327_PF08659_1886_2064	CTR_0	19	86.25	36.08	4.259	-16.351
P49336_PF00069_26_335	CTR_0	19	72.36	-8.425	1.485	7.956
P49366_PF01916_45_353	CTR_1	10	98.04	5.352	-10.262	13.529
P49366_PF01916_45_353	CTR_2	24	96.6	4.464	0.111	9.853
P49366_PF01916_45_353	CTR_0	11	98.42	7.396	-2.652	-3.547
P49368_PF00118_33_524	CTR_0	21	70.78	-10.48	11.798	10.396
P49411_PF00009_58_251	CTR_0	14	78.86	8.24	-5.045	-19.16
P49419_PF00171_64_520	CTR_0	19	97.94	-11.065	-5.449	-8.243
P49419_PF00171_64_520	CTR_1	20	96.66	-3.8	2.996	-0.499
P49419_PF00171_64_520	CTR_2	10	98.77	9.369	-6.219	-23.999
P49427_PF00179_15_154	CTR_0	14	90.35	-5.724	-1.056	12.433
P49591_PF00587_259_444	CTR_0	14	91.81	4.479	-0.471	-8.24
P49638_PF00650_99_247	CTR_0	15	94.52	-5.073	6.013	-7.53
P49638_PF00650_99_247	CTR_1	18	93.2	-1.21	16.601	-12.087
P49642_PF01896_108_335	CTR_0	10	92.77	-8.161	0.382	-11.994
P49674_PF00069_9_227	CTR_0	22	73.67	8.32	4.838	-3.632
P49682_PF00001_70_318	CTR_0	15	87.79	2.19	3.231	-9.02
P49721_PF00227_5_183	CTR_0	17	94.24	-5.169	5.889	-21.594
P49736_PF00493_461_683	CTR_0	10	84.46	19.144	9.065	-6.544
P49759_PF00069_161_477	CTR_0	20	85.48	4.915	0.903	-10.106
P49759_PF00069_161_477	CTR_1	16	90.6	-1.02	-12.319	-24.472
P49760_PF00069_163_479	CTR_0	19	89.01	-11.512	3.181	8.004
P49761_PF00069_156_472	CTR_0	18	87.0	-12.0	-3.009	8.413
P49761_PF00069_156_472	CTR_1	16	88.62	-10.398	3.937	8.77
P49773_PF01230_24_120	CTR_0	12	94.61	-2.695	8.529	-0.197
P49789_PF01230_11_104	CTR_1	17	91.77	3.703	5.216	3.251
P49789_PF01230_11_104	CTR_0	11	91.77	-1.91	8.591	1.692
P49821_PF01512_80_249	CTR_0	17	81.9	-6.936	6.086	-5.34
P49840_PF00069_119_403	CTR_0	19	89.43	-9.176	-2.66	6.902
P49841_PF00069_56_340	CTR_0	18	89.12	7.712	0.107	-5.062
P49841_PF00069_56_340	CTR_1	10	77.32	-5.227	-13.415	-10.306
P49862_PF00089_30_245	CTR_0	11	93.81	-11.726	-2.306	-10.751
P49862_PF00089_30_245	CTR_1	12	93.72	-13.118	-15.195	-0.703
P49888_PF00685_37_286	CTR_0	17	97.61	7.429	8.982	-0.18
P49888_PF00685_37_286	CTR_1	16	88.64	9.322	-4.389	2.615
P49902_PF05761_35_488	CTR_3	18	94.64	0.377	-2.051	-14.271
P49902_PF05761_35_488	CTR_2	11	91.18	-17.225	-10.446	11.75
P49902_PF05761_35_488	CTR_0	12	79.08	3.882	4.915	13.278
P49902_PF05761_35_488	CTR_1	17	90.53	11.531	-6.616	-0.866
P49914_PF01812_10_198	CTR_0	11	84.36	8.062	11.369	3.556
P49914_PF01812_10_198	CTR_1	17	92.28	-0.25	16.189	1.736
P49916_PF01068_483_677	CTR_0	21	82.17	-16.443	7.604	6.39
P49917_PF01068_248_451	CTR_0	15	87.07	-12.227	2.079	13.782
P50053_PF00294_4_289	CTR_0	18	93.72	3.46	-9.879	-5.163
P50120_PF00061_6_133	CTR_0	20	86.27	-4.854	0.586	-5.867
P50135_PF13489_32_216	CTR_1	17	94.09	-2.692	9.92	-2.204
P50135_PF13489_32_216	CTR_0	10	86.76	5.413	4.964	-6.615
P50135_PF13489_32_216	CTR_2	16	76.25	15.401	9.203	-6.685
P50148_PF00503_20_348	CTR_0	24	93.92	-1.107	-1.33	-1.372
P50213_PF00180_33_358	CTR_0	11	89.91	-9.948	8.444	-2.884
P50225_PF00685_38_287	CTR_0	18	96.5	-1.593	-5.873	-3.108
P50225_PF00685_38_287	CTR_1	17	93.88	-9.892	0.451	-10.207
P50225_PF00685_38_287	CTR_2	17	91.21	-17.953	-2.699	-8.913
P50226_PF00685_38_287	CTR_0	18	96.23	4.112	-5.903	0.524
P50336_PF01593_12_471	CTR_0	18	96.13	-3.358	1.659	6.448
P50336_PF01593_12_471	CTR_1	17	95.01	8.252	-0.617	-3.79
P50406_PF00001_44_320	CTR_0	20	76.0	4.389	-3.322	-9.656
P50479_PF00595_8_80	CTR_0	16	93.2	6.263	10.201	6.733
P50579_PF00557_169_372	CTR_0	13	97.59	-4.928	9.603	-0.857
P50583_PF00293_20_129	CTR_0	13	85.65	5.366	-0.317	-12.797
P50613_PF00069_12_295	CTR_0	16	78.75	14.107	1.134	-0.541
P50750_PF00069_19_315	CTR_0	20	82.41	6.427	1.263	-7.17
P50990_PF00118_39_529	CTR_0	21	82.3	-18.767	6.773	0.228
P50991_PF00118_44_538	CTR_0	21	86.53	-10.366	-8.609	2.614
P51148_PF00071_23_182	CTR_0	18	89.34	-1.638	9.432	-11.307
P51149_PF00071_10_174	CTR_0	19	80.76	13.067	6.758	-5.064
P51151_PF00071_9_173	CTR_0	18	82.56	4.907	1.851	-10.538
P51157_PF00071_14_177	CTR_0	19	75.48	10.219	7.53	-5.62
P51159_PF00071_11_182	CTR_0	18	83.31	6.049	-2.369	-10.463
P51160_PF00233_561_803	CTR_0	11	92.03	-36.781	3.682	18.568
P51160_PF01590_77_223	CTR_0	18	86.78	34.516	17.319	-52.32
P51161_PF14651_1_128	CTR_0	18	73.63	1.155	5.609	-9.797
P51161_PF14651_1_128	CTR_1	22	72.85	-1.082	0.517	-0.84
P51161_PF14651_1_128	CTR_2	24	73.63	-6.699	5.971	-1.599
P51398_PF10236_99_393	CTR_0	13	79.62	-17.754	-1.295	17.483
P51398_PF10236_99_393	CTR_1	14	92.96	5.449	3.898	-9.922
P51449_PF00104_321_486	CTR_0	15	91.69	2.569	0.909	-11.472
P51449_PF00104_321_486	CTR_1	10	94.53	-4.989	10.633	-8.641
P51449_PF00104_321_486	CTR_2	13	82.63	10.509	-2.137	6.027
P51452_PF00782_37_175	CTR_0	10	93.49	0.651	1.349	-12.005
P51512_PF00413_126_291	CTR_0	13	78.2	-17.068	6.868	3.556
P51531_PF00176_727_1021	CTR_0	13	78.76	-19.606	8.149	-14.162
P51531_PF00176_727_1021	CTR_1	24	77.02	-8.559	-1.952	1.798
P51531_PF00439_1419_1491	CTR_0	14	82.27	34.219	-37.265	2.041
P51532_PF00176_757_1051	CTR_0	12	77.33	-19.239	16.454	-4.684
P51532_PF00439_1478_1549	CTR_0	11	84.49	48.646	-25.933	-13.323
P51553_PF00180_56_379	CTR_0	11	89.18	-4.668	-12.959	0.348
P51570_PF00288_108_194	CTR_0	14	79.38	11.738	0.694	-0.358
P51580_PF05724_25_245	CTR_0	17	96.17	-4.979	-3.523	-6.333
P51582_PF00001_56_306	CTR_0	15	85.68	17.549	4.252	-8.806
P51617_PF00069_214_514	CTR_0	18	86.26	8.075	4.377	-3.082
P51649_PF00171_71_530	CTR_0	19	94.78	4.471	-5.965	0.928
P51659_PF00106_10_196	CTR_0	19	89.59	19.052	-5.854	-23.867
P51685_PF00001_52_300	CTR_0	15	88.19	-8.998	-1.812	11.734
P51686_PF00001_65_317	CTR_0	12	74.69	-12.153	-3.584	10.735
P51686_PF00001_65_317	CTR_1	15	89.93	-6.62	11.004	14.863
P51687_PF00173_86_160	CTR_0	13	71.87	15.255	-0.885	15.244
P51688_PF00884_23_327	CTR_0	12	97.71	-9.874	-22.724	7.548
P51788_PF00654_146_546	CTR_0	15	76.39	8.164	0.632	-7.02
P51812_PF00069_422_679	CTR_0	20	73.0	17.433	10.629	-8.271
P51812_PF00069_68_327	CTR_0	17	80.99	-10.372	1.177	13.841
P51813_PF07714_417_665	CTR_0	19	79.47	-11.737	8.646	4.423
P51857_PF00248_21_303	CTR_0	18	88.23	-3.898	-4.105	6.316
P51857_PF00248_21_303	CTR_1	9	87.9	5.935	-5.302	-0.224
P51955_PF00069_8_270	CTR_0	18	72.63	-9.515	10.0	4.928
P52333_PF07714_823_1094	CTR_0	21	89.97	40.418	21.709	-46.908
P52333_PF07714_823_1094	CTR_1	19	87.28	31.815	15.106	-24.042
P52333_PF07714_823_1094	CTR_2	14	85.15	27.316	1.625	-44.894
P52333_PF07714_823_1094	CTR_3	10	89.84	50.929	18.447	-18.86
P52564_PF00069_56_314	CTR_0	25	70.47	-0.013	0.519	-9.592
P52565_PF02115_13_201	CTR_0	20	92.54	1.543	4.396	-13.07
P52732_PF00225_24_359	CTR_3	17	83.12	-1.312	-16.293	22.948
P52732_PF00225_24_359	CTR_1	17	75.13	-13.75	-7.306	20.211
P52732_PF00225_24_359	CTR_0	14	83.39	-4.117	-13.269	13.43
P52788_PF01564_176_364	CTR_0	13	82.83	-7.811	3.259	1.0
P52788_PF01564_176_364	CTR_1	18	78.32	-19.13	0.283	1.089
P52848_PF00685_605_858	CTR_0	20	83.3	-34.624	13.363	10.969
P52895_PF00248_19_300	CTR_0	17	92.59	3.055	4.287	10.507
P52895_PF00248_19_300	CTR_1	10	89.82	13.634	2.485	2.643
P53004_PF01408_9_125	CTR_0	15	93.89	-16.469	6.296	-5.799
P53041_PF00149_236_429	CTR_0	14	89.7	2.138	0.463	-5.341
P53350_PF00069_53_305	CTR_0	18	76.31	-5.451	7.66	4.928
P53355_PF00069_13_275	CTR_0	17	72.71	-22.834	-19.904	-33.603
P53396_PF00285_888_1081	CTR_0	10	93.28	51.566	2.213	-39.583
P53396_PF16114_244_420	CTR_0	28	93.17	-15.959	-2.813	-11.358
P53396_PF24948_2_233	CTR_0	17	86.58	-18.438	-16.73	36.014
P53582_PF00557_137_365	CTR_0	16	96.86	-12.061	2.656	-6.199
P53597_PF02629_53_146	CTR_0	16	98.17	10.43	7.32	-8.84
P53634_PF00112_231_457	CTR_0	15	78.19	-2.116	-5.571	-3.719
P53667_PF07714_342_602	CTR_0	19	83.68	-2.84	6.839	6.752
P53778_PF00069_27_311	CTR_0	17	77.86	2.973	-2.258	-4.716
P53779_PF00069_64_359	CTR_0	20	83.74	-15.031	9.766	1.841
P53985_PF07690_27_397	CTR_0	19	91.71	2.387	1.722	-1.469
P53985_PF07690_27_397	CTR_1	17	90.39	-0.268	0.958	4.047
P54219_PF07690_137_431	CTR_0	14	85.09	4.226	-1.081	-0.073
P54219_PF07690_308_488	CTR_0	12	85.09	4.124	-3.239	-2.638
P54577_PF00579_32_321	CTR_0	24	87.09	5.838	1.302	4.518
P54577_PF00579_32_321	CTR_1	18	87.61	-0.662	-0.85	4.537
P54646_PF00069_16_268	CTR_0	19	80.63	-2.686	3.822	17.457
P54687_PF01063_94_343	CTR_0	24	88.68	-8.259	0.864	-2.693
P54687_PF01063_94_343	CTR_1	14	73.44	-6.023	8.093	0.658
P54760_PF07714_615_874	CTR_0	18	76.25	-29.214	11.46	19.336
P54762_PF07714_619_878	CTR_1	19	82.41	-6.039	8.65	17.58
P54829_PF00102_324_552	CTR_2	18	91.16	-17.679	7.127	-5.269
P54829_PF00102_324_552	CTR_1	14	88.97	4.486	-1.324	3.477
P54922_PF03747_6_324	CTR_0	19	95.1	-4.236	-11.094	-0.618
P55011_PF00324_290_792	CTR_0	26	83.35	11.661	11.543	-28.718
P55011_PF03522_801_1212	CTR_0	12	88.79	-36.179	-13.928	20.339
P55017_PF00324_141_646	CTR_0	26	89.9	8.04	7.128	-23.632
P55017_PF00324_141_646	CTR_1	12	90.83	18.415	-9.39	-12.122
P55017_PF03522_655_790	CTR_0	12	83.87	-40.32	-12.225	17.805
P55040_PF00071_77_240	CTR_0	13	94.2	5.641	-4.441	-10.005
P55042_PF00071_93_252	CTR_0	13	94.09	8.328	2.03	-8.921
P55055_PF00104_262_443	CTR_0	18	94.8	5.929	1.852	-12.056
P55072_PF00004_241_370	CTR_0	12	82.19	-4.562	-4.19	5.939
P55072_PF00004_514_647	CTR_0	19	86.95	12.194	2.201	-29.016
P55085_PF00001_93_344	CTR_0	13	73.04	-21.219	-2.428	12.597
P55157_PF19444_592_884	CTR_0	19	80.72	17.725	5.863	-3.347
P55157_PF19444_592_884	CTR_1	24	76.36	22.342	10.468	-9.048
P55196_PF00595_1010_1089	CTR_0	15	70.57	17.318	-19.711	20.298
P55201_PF00439_638_719	CTR_0	15	88.52	11.166	33.275	-44.13
P55201_PF00855_1087_1196	CTR_0	11	86.75	10.033	-8.531	5.397
P55210_PF00656_68_300	CTR_0	16	84.28	-3.184	-4.547	-10.327
P55210_PF00656_68_300	CTR_1	13	79.89	-8.115	-9.646	-7.252
P55263_PF00294_45_356	CTR_2	18	91.22	11.147	0.377	-0.606
P55263_PF00294_45_356	CTR_0	18	75.55	6.126	1.892	-2.984
P55263_PF00294_45_356	CTR_1	20	76.75	-4.33	-9.686	-10.701
P55789_PF04777_104_196	CTR_0	13	97.28	-10.08	-0.966	2.875
P55899_PF00129_28_197	CTR_0	21	95.35	-13.23	-8.364	9.338
P56524_PF00850_675_992	CTR_0	21	87.68	3.9	-6.339	-7.977
P56545_PF00389_44_358	CTR_0	21	96.73	-0.17	3.678	1.157
P56545_PF02826_141_323	CTR_0	18	97.76	-0.135	3.756	1.136
P56556_PF13233_32_81	CTR_0	15	93.77	5.734	-2.128	-4.602
P56703_PF00110_48_355	CTR_4	17	88.97	10.213	-12.715	6.414
P56703_PF00110_48_355	CTR_3	18	87.99	-4.947	-10.229	16.087
P56703_PF00110_48_355	CTR_5	11	79.01	3.242	8.933	4.843
P56703_PF00110_48_355	CTR_0	17	96.41	-3.449	-11.459	-3.723
P56703_PF00110_48_355	CTR_1	16	95.71	-8.213	-5.696	-1.987
P56817_PF00026_75_416	CTR_0	17	75.0	-0.666	-4.489	-3.961
P57729_PF00071_11_178	CTR_0	21	86.75	-5.102	8.035	-15.109
P57735_PF00071_14_173	CTR_0	19	81.14	12.606	-1.898	-4.115
P57772_PF00009_8_211	CTR_0	17	70.39	11.92	20.805	-10.204
P57789_PF07885_244_323	CTR_0	15	78.95	-5.18	-0.836	5.323
P57789_PF07885_244_323	CTR_1	10	90.93	8.891	-8.804	6.197
P58004_PF04636_44_479	CTR_0	24	92.15	7.202	5.173	-13.982
P58743_PF00916_81_475	CTR_4	23	83.48	-12.078	-7.307	3.923
P58743_PF00916_81_475	CTR_3	11	88.64	-33.955	-21.996	12.92
P58743_PF00916_81_475	CTR_1	13	80.92	-27.756	0.053	17.532
P58743_PF00916_81_475	CTR_0	11	79.07	-34.148	-7.585	4.436
P59665_PF00323_66_94	CTR_0	18	81.64	-3.031	0.482	-1.097
P59665_PF00323_66_94	CTR_1	9	81.64	-2.449	-5.338	-4.142
P60033_PF00335_10_228	CTR_0	10	94.33	-2.642	-2.887	5.523
P60568_PF00715_7_150	CTR_0	10	74.61	5.507	-0.994	-15.971
P60709_PF00022_3_375	CTR_0	18	91.81	-6.36	9.839	2.564
P60709_PF00022_3_375	CTR_1	18	94.79	-2.305	-3.496	5.231
P60709_PF00022_3_375	CTR_2	18	90.86	-1.71	0.54	13.004
P60763_PF00071_5_176	CTR_0	17	78.85	4.309	-7.956	-5.651
P60842_PF00270_57_222	CTR_1	18	93.8	-19.505	-3.442	15.85
P60900_PF00227_35_220	CTR_0	19	89.45	-17.927	-0.398	7.387
P60953_PF00071_5_174	CTR_0	17	79.39	7.85	7.004	1.586
P60953_PF00071_5_174	CTR_1	14	95.7	14.304	2.877	-4.929
P61006_PF00071_10_170	CTR_0	18	75.0	2.976	8.824	-10.571
P61011_PF00448_102_296	CTR_0	17	84.56	-10.413	-1.211	-11.926
P61018_PF00071_10_170	CTR_0	17	72.9	12.966	-3.587	-1.059
P61019_PF00071_8_168	CTR_0	20	72.49	2.23	9.585	-11.729
P61020_PF00071_22_181	CTR_0	18	89.1	-3.744	5.011	-14.676
P61026_PF00071_11_171	CTR_0	19	72.26	3.154	10.197	-7.858
P61073_PF00001_55_302	CTR_0	14	90.58	4.351	2.327	-13.294
P61088_PF00179_7_143	CTR_0	17	90.73	4.051	-1.144	9.919
P61158_PF00022_5_238	CTR_0	13	89.49	2.804	4.774	-2.137
P61160_PF00022_7_388	CTR_0	20	92.53	2.479	2.188	-4.991
P61163_PF00022_9_375	CTR_0	17	95.29	1.79	1.411	-7.432
P61224_PF00071_5_166	CTR_0	19	78.31	9.269	-3.583	-6.675
P61586_PF00071_7_178	CTR_0	19	84.0	7.596	-7.488	-5.245
P61586_PF00071_7_178	CTR_1	12	95.19	-11.135	8.103	-12.424
P61586_PF00071_7_178	CTR_2	12	94.4	0.362	-11.239	11.82
P61586_PF00071_7_178	CTR_3	20	95.15	-12.178	-0.01	-4.573
P61586_PF00071_7_178	CTR_4	14	93.35	-8.479	10.875	5.332
P61586_PF00071_7_178	CTR_5	13	94.56	-17.811	2.681	-1.933
P61587_PF00071_25_193	CTR_0	17	92.84	-0.823	10.887	-7.246
P61599_PF00583_16_128	CTR_0	18	92.5	8.089	0.269	1.123
P61619_PF00344_75_458	CTR_0	11	73.81	-0.818	-7.335	-4.847
P61626_PF00062_19_146	CTR_0	20	95.68	4.747	-7.16	-6.771
P61626_PF00062_19_146	CTR_1	13	98.35	4.564	6.921	-9.212
P61769_PF07654_27_106	CTR_0	13	96.74	5.326	5.778	-8.096
P61916_PF02221_22_147	CTR_0	21	95.33	-13.54	-2.043	1.408
P62070_PF00071_16_176	CTR_0	18	70.91	8.746	-2.819	-8.873
P62136_PF00149_59_251	CTR_0	15	91.49	-16.296	-2.248	-8.867
P62136_PF00149_59_251	CTR_1	12	94.38	-6.78	-15.663	-7.607
P62136_PF00149_59_251	CTR_2	13	91.49	-14.76	-8.164	-10.23
P62166_PF13499_99_172	CTR_0	10	88.35	-5.121	3.104	9.478
P62330_PF00025_2_172	CTR_0	16	89.18	4.542	2.646	-10.591
P62491_PF00071_13_173	CTR_0	18	80.9	6.219	-2.507	-10.485
P62508_PF00104_266_440	CTR_0	20	96.29	-15.713	-0.343	6.655
P62745_PF00071_7_178	CTR_0	18	85.71	-1.047	9.433	-9.685
P62820_PF00071_13_173	CTR_0	19	71.5	4.772	-2.52	-11.725
P62826_PF00071_12_168	CTR_0	19	82.42	5.768	-3.12	-5.841
P62834_PF00071_5_166	CTR_0	19	79.42	9.091	-3.448	-5.917
P62937_PF00160_7_162	CTR_0	14	96.7	-2.846	-3.676	-9.204
P62942_PF00254_14_105	CTR_0	13	93.06	-2.483	-4.291	-8.185
P62987_PF00240_3_74	CTR_0	8	93.63	-9.533	-5.669	26.558
P62987_PF00240_3_74	CTR_1	17	93.63	-10.079	-0.871	22.01
P62993_PF00017_60_135	CTR_0	9	91.33	10.438	-0.067	16.19
P63000_PF00071_5_176	CTR_0	18	78.39	2.624	5.084	-11.195
P63092_PF00503_21_383	CTR_0	22	92.76	0.562	-2.716	-0.996
P63096_PF00503_14_343	CTR_0	21	94.52	-0.062	-1.796	-1.066
P63261_PF00022_3_375	CTR_0	18	95.03	-1.735	-0.984	-6.842
P63261_PF00022_3_375	CTR_1	16	90.11	-10.364	11.113	-7.943
P63267_PF00022_4_376	CTR_0	18	95.66	-1.475	-2.755	5.907
P63267_PF00022_4_376	CTR_1	18	93.72	-7.608	8.432	-0.316
P63279_PF00179_8_151	CTR_0	12	98.39	-5.92	8.295	-9.689
P63316_PF13499_94_158	CTR_0	13	70.3	-14.637	6.564	10.71
P63316_PF13499_94_158	CTR_1	18	72.65	-9.229	1.614	15.077
P68032_PF00022_5_377	CTR_0	19	96.14	-2.047	-3.159	5.334
P68032_PF00022_5_377	CTR_1	18	94.04	-7.421	8.772	0.203
P68133_PF00022_5_377	CTR_1	18	95.11	-7.757	5.893	-2.207
P68133_PF00022_5_377	CTR_0	16	95.95	-0.763	-2.149	7.241
P68363_PF00091_3_213	CTR_0	20	78.31	-2.849	4.19	-10.744
P68371_PF00091_3_211	CTR_0	17	73.06	0.67	9.739	-8.553
P68400_PF00069_39_324	CTR_15	10	92.23	20.413	4.841	-6.187
P68400_PF00069_39_324	CTR_14	14	86.87	8.996	6.295	-1.994
P68400_PF00069_39_324	CTR_13	10	91.06	-11.142	-15.828	18.817
P68400_PF00069_39_324	CTR_12	12	90.21	6.712	-5.838	-2.9
P68400_PF00069_39_324	CTR_11	11	94.76	-2.94	-16.586	14.629
P68400_PF00069_39_324	CTR_10	23	93.94	-6.913	13.521	-0.017
P68400_PF00069_39_324	CTR_9	17	91.84	5.471	11.865	-6.639
P68400_PF00069_39_324	CTR_8	15	91.84	4.141	11.774	-5.568
P68400_PF00069_39_324	CTR_5	20	94.39	5.154	9.238	-8.492
P68400_PF00069_39_324	CTR_6	16	93.94	0.015	12.693	-3.537
P68400_PF00069_39_324	CTR_7	20	91.84	5.884	10.848	-7.756
P68400_PF00069_39_324	CTR_4	18	91.84	5.55	11.741	-7.052
P68400_PF00069_39_324	CTR_3	19	93.94	-1.327	13.338	-2.337
P68400_PF00069_39_324	CTR_2	16	91.84	4.191	10.678	-5.254
P68400_PF00069_39_324	CTR_1	14	93.94	0.922	12.158	-3.167
P68400_PF00069_39_324	CTR_0	16	94.39	3.463	11.137	-5.604
P68871_PF00042_27_142	CTR_0	15	96.23	8.37	-3.24	-1.418
P68871_PF00042_27_142	CTR_1	20	97.23	2.029	2.352	2.183
P69891_PF00042_27_142	CTR_0	15	96.68	4.643	-3.825	-9.035
P69892_PF00042_27_142	CTR_0	15	96.23	5.254	-3.504	-6.748
P69905_PF00042_27_137	CTR_0	14	97.43	1.527	-0.362	-8.668
P69905_PF00042_27_137	CTR_1	6	97.84	9.156	10.958	3.463
P69905_PF00042_27_137	CTR_2	5	97.85	9.134	10.966	3.587
P69905_PF00042_27_137	CTR_3	14	97.43	1.724	-0.373	-8.853
P69905_PF00042_27_137	CTR_4	6	97.84	9.265	10.912	3.497
P69905_PF00042_27_137	CTR_5	14	97.43	1.53	-0.374	-8.686
P69905_PF00042_27_137	CTR_6	6	97.84	9.203	10.941	3.531
P69905_PF00042_27_137	CTR_7	14	97.43	1.715	-0.434	-8.808
P78325_PF01421_200_400	CTR_0	14	71.09	2.476	11.002	-15.964
P78362_PF00069_81_223	CTR_0	16	88.67	-10.045	0.369	9.467
P78368_PF00069_46_262	CTR_0	19	75.58	1.387	10.34	-7.81
P78371_PF00118_36_524	CTR_0	20	83.16	-10.822	12.109	5.726
P78383_PF08449_16_311	CTR_0	22	91.12	3.929	3.592	-4.301
P78383_PF08449_16_311	CTR_1	15	86.37	0.436	-0.238	0.657
P78417_PF13409_31_95	CTR_0	14	96.64	-1.596	-5.588	-8.317
P78527_PF00454_3749_4014	CTR_0	11	88.88	0.835	6.318	-23.042
P78540_PF00491_25_321	CTR_0	19	97.45	7.265	2.835	-8.778
P80188_PF00061_48_190	CTR_1	20	94.3	-0.201	2.744	-2.416
P80188_PF00061_48_190	CTR_0	9	96.19	1.495	-1.861	-8.211
P80192_PF00069_146_401	CTR_0	19	83.18	-15.499	9.765	3.086
P82980_PF00061_7_131	CTR_0	17	87.81	2.082	5.261	-4.973
P84085_PF00025_7_176	CTR_0	14	70.53	12.824	2.115	-4.65
P84095_PF00071_5_177	CTR_0	18	79.27	9.153	-4.812	0.3
P98066_PF00193_36_128	CTR_0	13	81.49	8.33	-9.126	-8.64
P98073_PF00089_785_1014	CTR_1	13	80.82	29.863	-13.946	-7.494
P98170_PF00653_268_330	CTR_0	11	85.42	9.314	0.105	-13.751
P98194_PF13246_401_550	CTR_0	12	76.01	21.304	6.28	-23.851
P99999_PF00034_4_101	CTR_0	20	96.71	6.893	2.613	-0.267
Q00169_PF02121_3_251	CTR_0	14	96.34	5.485	1.109	-0.444
Q00532_PF00069_4_287	CTR_0	21	82.61	-11.541	5.487	8.954
Q00534_PF00069_13_300	CTR_0	19	76.64	6.887	-1.499	-6.67
Q00535_PF00069_4_286	CTR_0	20	80.1	-3.614	3.962	13.67
Q00536_PF00069_165_446	CTR_1	19	74.17	-14.782	7.239	5.752
Q00796_PF00107_183_312	CTR_0	13	96.44	-10.264	-5.994	1.607
Q00975_PF00520_95_365	CTR_0	12	83.23	9.294	-15.583	9.95
Q00987_PF02201_34_95	CTR_0	12	94.2	-1.174	-0.072	-17.589
Q01064_PF00233_222_449	CTR_0	13	89.5	-12.019	1.148	7.964
Q01415_PF00288_109_196	CTR_0	13	83.73	-8.327	-8.218	2.248
Q01433_PF19326_163_806	CTR_0	20	87.76	-14.164	7.083	13.158
Q01469_PF00061_9_133	CTR_0	18	91.72	-4.865	6.339	-8.276
Q01650_PF13520_51_467	CTR_0	23	71.02	-3.403	3.813	-4.127
Q01650_PF13520_51_467	CTR_1	11	89.2	-9.564	19.128	-2.119
Q01813_PF00365_27_332	CTR_0	17	83.6	4.15	1.628	26.25
Q01959_PF00209_60_582	CTR_0	24	77.22	-0.927	-0.636	-0.526
Q01959_PF00209_60_582	CTR_1	27	92.26	-2.455	-8.103	0.019
Q01959_PF00209_60_582	CTR_3	12	91.32	-10.043	13.602	-9.625
Q01959_PF00209_60_582	CTR_4	12	94.63	10.024	-8.364	17.706
Q02083_PF02275_126_255	CTR_0	9	80.55	-6.528	7.326	5.902
Q02094_PF00909_15_402	CTR_0	15	97.02	21.707	9.202	7.351
Q02127_PF01180_77_377	CTR_4	12	89.49	0.129	-11.119	16.965
Q02127_PF01180_77_377	CTR_3	20	73.48	-1.894	-5.777	16.515
Q02127_PF01180_77_377	CTR_1	13	95.62	11.687	13.399	1.084
Q02127_PF01180_77_377	CTR_0	22	97.4	3.169	2.162	-3.737
Q02127_PF01180_77_377	CTR_2	11	96.01	-2.07	13.363	-5.059
Q02153_PF07700_2_166	CTR_0	15	82.9	13.207	-0.239	-18.382
Q02153_PF07700_2_166	CTR_1	12	81.31	4.474	4.856	-12.061
Q02218_PF00676_257_581	CTR_0	16	95.41	-14.247	14.458	7.052
Q02224_PF00225_12_327	CTR_0	14	79.21	-35.467	9.091	16.22
Q02224_PF00225_12_327	CTR_1	18	80.87	-16.726	-9.988	11.345
Q02643_PF00002_127_372	CTR_0	15	80.6	-3.748	-1.46	18.267
Q02750_PF00069_68_361	CTR_1	20	78.08	-0.393	0.434	-8.539
Q02750_PF00069_68_361	CTR_2	17	75.52	7.571	12.137	0.994
Q02750_PF00069_68_361	CTR_0	19	74.38	5.975	6.742	-4.967
Q02790_PF00254_44_134	CTR_0	12	94.83	12.369	16.093	-24.473
Q02880_PF02518_101_197	CTR_0	20	76.92	57.518	-6.091	-43.108
Q03111_PF03366_28_107	CTR_0	15	96.18	9.671	9.549	-14.33
Q03111_PF03366_28_107	CTR_1	12	96.0	12.376	5.289	-9.501
Q03181_PF00104_239_420	CTR_0	19	92.86	5.821	3.899	-9.399
Q04759_PF00069_382_634	CTR_0	19	79.0	-13.428	4.782	-8.265
Q04771_PF07714_209_494	CTR_1	13	91.23	-12.832	15.097	8.204
Q04771_PF07714_209_494	CTR_0	21	87.63	-15.475	6.532	-1.836
Q04828_PF00248_19_300	CTR_1	9	96.03	0.586	-7.292	-5.718
Q04828_PF00248_19_300	CTR_0	18	96.72	-7.055	-6.275	3.413
Q05193_PF00350_34_207	CTR_0	10	82.95	25.385	25.557	-31.22
Q05329_PF00282_138_508	CTR_0	24	98.11	-6.196	2.214	-0.824
Q05397_PF07714_422_676	CTR_0	20	76.13	-26.577	-3.244	10.194
Q05586_PF10613_454_545	CTR_0	10	90.38	3.114	1.612	-12.183
Q05823_PF00069_387_512	CTR_0	10	97.6	12.095	-11.945	-12.044
Q05940_PF07690_127_423	CTR_0	15	86.69	0.204	3.445	-4.403
Q05940_PF07690_301_478	CTR_0	12	86.69	0.272	2.944	-3.482
Q06124_PF00102_273_519	CTR_0	22	91.16	-5.509	-11.17	-7.16
Q06187_PF00169_5_133	CTR_0	15	70.92	-35.014	-20.912	3.949
Q06187_PF07714_402_650	CTR_0	21	75.6	-7.849	14.415	-14.329
Q06278_PF00941_241_418	CTR_0	20	94.82	-21.072	2.353	14.655
Q06520_PF00685_34_277	CTR_0	18	89.46	-4.9	6.863	-4.082
Q06520_PF00685_34_277	CTR_1	13	80.8	-5.693	-6.911	-7.319
Q06609_PF08423_95_337	CTR_0	12	93.24	17.319	4.445	-11.821
Q07075_PF01433_321_538	CTR_0	14	91.44	5.456	2.91	-2.807
Q07343_PF00233_405_644	CTR_0	13	94.56	7.166	2.482	-7.208
Q07820_PF00452_213_312	CTR_0	13	75.36	-13.234	4.939	-4.701
Q07869_PF00104_270_448	CTR_0	17	91.14	-18.623	6.162	-0.308
Q07889_PF00617_783_962	CTR_0	11	93.54	20.034	-12.212	-41.336
Q07890_PF00617_781_960	CTR_1	14	89.17	-13.804	1.739	17.892
Q07890_PF00617_781_960	CTR_0	14	94.63	-39.859	18.717	25.822
Q08174_PF00028_175_271	CTR_0	10	85.0	-79.843	-2.437	57.686
Q08211_PF00270_395_547	CTR_0	11	85.69	-17.42	-3.034	-12.996
Q08499_PF00233_461_700	CTR_0	15	84.64	-5.672	10.65	-12.961
Q08623_PF13419_12_194	CTR_0	19	80.14	-3.303	4.273	8.011
Q08881_PF07714_363_612	CTR_0	18	81.33	19.173	10.997	2.616
Q08AH3_PF00501_77_426	CTR_0	9	81.25	0.025	4.142	-12.379
Q08AH3_PF00501_77_426	CTR_1	16	81.25	-3.688	3.735	-8.495
Q09013_PF00069_71_339	CTR_0	19	88.86	-11.639	3.419	-6.971
Q09328_PF15024_172_726	CTR_1	15	80.09	-7.108	-7.282	-5.531
Q09472_PF00439_1068_1143	CTR_0	12	90.69	-41.302	-14.783	13.54
Q09472_PF08214_1306_1611	CTR_0	17	81.81	-8.918	7.922	-11.185
Q09472_PF08214_1306_1611	CTR_1	23	88.52	7.663	5.129	-25.087
Q0Z7S8_PF00061_7_131	CTR_0	19	86.9	2.242	6.5	-4.898
Q10469_PF05060_92_440	CTR_0	13	93.56	-5.606	-0.807	-11.784
Q10471_PF00535_139_318	CTR_0	12	93.58	-0.8	9.405	7.049
Q10471_PF00652_451_563	CTR_0	11	84.23	4.155	2.126	-24.51
Q10588_PF02267_41_280	CTR_0	12	98.08	-3.319	-0.396	1.099
Q12756_PF00225_11_354	CTR_0	13	83.71	34.329	2.568	-30.888
Q12791_PF00520_181_396	CTR_1	20	90.26	37.046	2.242	-35.764
Q12791_PF00520_181_396	CTR_0	10	83.61	48.892	4.254	-50.736
Q12797_PF05118_591_745	CTR_0	21	74.29	-17.856	2.497	11.184
Q12830_PF00439_2936_3018	CTR_0	14	90.49	14.589	17.497	-27.923
Q12852_PF07714_131_363	CTR_0	15	76.26	-7.392	-3.278	13.822
Q12866_PF07714_589_853	CTR_0	18	71.69	-22.444	-9.53	12.601
Q12888_PF09038_1483_1604	CTR_0	8	84.52	33.55	10.852	0.937
Q12918_PF00059_113_212	CTR_0	8	92.28	-2.553	-11.089	-3.833
Q12918_PF00059_113_212	CTR_1	13	97.26	9.047	-0.516	-4.334
Q13043_PF00069_31_281	CTR_0	18	82.17	-4.984	2.662	5.144
Q13093_PF03403_49_416	CTR_0	17	91.69	4.2	1.082	-12.769
Q13093_PF03403_49_416	CTR_1	9	92.99	-1.732	-2.614	-20.34
Q13131_PF00069_29_279	CTR_1	11	87.51	15.473	3.646	-14.954
Q13131_PF00069_29_279	CTR_0	19	85.63	13.434	2.875	-9.55
Q13133_PF00104_252_430	CTR_0	21	91.35	6.318	4.866	-10.117
Q13153_PF00069_270_521	CTR_0	21	75.84	-10.737	8.418	6.191
Q13153_PF00069_270_521	CTR_1	22	80.64	-12.673	-4.706	2.707
Q13164_PF00069_55_347	CTR_0	19	72.26	-4.627	-5.244	-12.782
Q13177_PF00069_249_500	CTR_0	21	85.68	-9.874	9.375	6.298
Q13188_PF00069_28_278	CTR_0	19	83.11	-10.122	0.272	2.355
Q13191_PF02762_256_341	CTR_0	11	82.48	7.76	2.287	0.624
Q13231_PF00704_23_363	CTR_1	16	92.29	2.253	12.459	-1.789
Q13231_PF00704_23_363	CTR_0	18	90.82	-4.465	6.261	-5.897
Q13232_PF00334_22_155	CTR_0	12	94.46	7.695	9.242	-3.373
Q13237_PF00027_187_268	CTR_0	17	70.27	-16.766	19.307	-4.583
Q13255_PF01094_79_486	CTR_0	21	85.1	11.587	1.938	-24.555
Q13257_PF02301_16_191	CTR_0	13	88.79	11.244	8.443	-9.889
Q13258_PF00001_59_323	CTR_0	13	88.27	6.95	-9.001	10.18
Q13258_PF00001_59_323	CTR_1	16	81.36	7.628	7.553	1.302
Q13283_PF02136_11_133	CTR_0	9	87.92	2.194	13.099	-13.568
Q13285_PF00104_256_438	CTR_0	16	80.12	-12.674	6.442	6.07
Q13303_PF00248_52_354	CTR_0	21	95.91	2.066	3.447	9.713
Q13315_PF00454_2715_2961	CTR_0	10	84.75	-11.538	-21.426	1.853
Q13336_PF03253_59_353	CTR_1	16	96.85	-14.686	-0.551	1.127
Q13336_PF03253_59_353	CTR_0	17	97.5	4.989	-1.68	-10.23
Q13363_PF00389_38_352	CTR_0	20	96.18	0.128	3.901	1.317
Q13363_PF00389_38_352	CTR_1	18	96.18	-5.603	4.965	-9.559
Q13363_PF02826_135_317	CTR_0	18	96.19	0.25	3.991	0.777
Q13370_PF00233_736_1002	CTR_0	18	95.27	-13.83	-4.006	-2.169
Q13395_PF00588_1464_1605	CTR_0	20	71.2	26.927	-9.635	-48.41
Q13418_PF07714_194_444	CTR_0	15	86.7	-6.76	7.621	-17.236
Q13432_PF05351_80_236	CTR_0	20	88.44	0.753	3.446	-8.286
Q13432_PF05351_80_236	CTR_1	22	87.48	-6.36	0.34	-5.163
Q13451_PF00254_44_135	CTR_0	15	90.75	14.887	-10.43	-26.477
Q13464_PF00069_76_338	CTR_0	19	74.33	-10.266	-8.856	5.347
Q13467_PF01392_33_138	CTR_1	11	90.73	22.115	-8.977	-28.016
Q13467_PF01392_33_138	CTR_0	12	87.97	15.99	-10.818	-29.604
Q13469_PF16179_580_678	CTR_0	15	88.6	5.273	15.786	-13.278
Q13490_PF00653_272_336	CTR_0	9	87.14	-1.836	5.389	-6.39
Q13509_PF00091_3_211	CTR_0	20	80.21	-0.9	5.086	-11.716
Q13510_PF02275_143_384	CTR_0	17	76.0	-9.844	4.649	-4.525
Q13523_PF00069_688_1003	CTR_1	18	83.25	0.242	5.768	-12.369
Q13526_PF00639_59_162	CTR_0	16	97.68	5.681	5.279	-9.849
Q13535_PF00454_2324_2566	CTR_0	13	82.07	43.531	3.759	-11.728
Q13554_PF00069_14_272	CTR_0	18	78.69	-1.136	10.318	3.072
Q13555_PF00069_14_272	CTR_0	15	76.3	2.048	-5.464	-3.489
Q13557_PF00069_14_272	CTR_0	16	76.64	4.196	-3.64	-1.764
Q13572_PF05770_119_317	CTR_0	18	94.0	4.677	5.143	-7.458
Q13614_PF06602_192_528	CTR_0	17	96.81	-22.365	5.691	-8.08
Q13627_PF00069_159_479	CTR_0	22	91.17	-13.948	-0.66	6.878
Q13627_PF00069_159_479	CTR_1	9	81.36	2.304	1.652	11.912
Q13627_PF00069_159_479	CTR_2	10	92.1	-20.859	0.507	-11.772
Q13630_PF01370_10_245	CTR_0	20	77.19	-8.894	8.296	-3.314
Q13630_PF01370_10_245	CTR_1	11	74.23	6.333	6.503	-9.033
Q13636_PF00071_8_167	CTR_0	17	93.32	6.674	-3.954	-8.67
Q13637_PF00071_27_192	CTR_0	20	83.76	-16.827	7.3	1.2
Q13637_PF00071_27_192	CTR_1	18	94.04	-0.915	14.865	-6.218
Q13686_PF13532_101_344	CTR_0	19	93.23	-4.359	-1.63	-7.46
Q13822_PF01663_166_478	CTR_0	12	89.09	-15.273	10.4	8.071
Q13822_PF01663_166_478	CTR_1	15	89.04	-17.551	19.169	-2.832
Q13823_PF01926_313_399	CTR_0	13	91.59	9.558	4.467	0.722
Q13873_PF00069_205_496	CTR_0	20	74.33	-10.597	13.789	-8.384
Q13882_PF07714_192_441	CTR_0	20	86.66	5.163	11.086	4.32
Q13882_PF07714_192_441	CTR_1	21	84.19	2.357	12.523	-1.022
Q13946_PF00233_211_438	CTR_0	15	95.34	1.587	4.16	-11.639
Q13976_PF00027_240_325	CTR_0	18	71.13	-9.056	-16.214	34.93
Q13976_PF00069_361_619	CTR_0	15	75.44	1.9	8.655	-15.784
Q14004_PF00069_707_997	CTR_0	18	76.73	-0.647	6.15	-11.809
Q14004_PF00069_707_997	CTR_1	17	87.85	-1.991	3.407	-17.662
Q14028_PF00027_982_1067	CTR_0	15	79.15	-38.601	0.57	31.83
Q14108_PF01130_12_456	CTR_0	12	96.03	-1.421	19.604	-4.634
Q14141_PF00735_39_307	CTR_0	12	75.6	-5.994	-5.379	-18.236
Q14145_PF00651_67_178	CTR_0	9	86.44	-37.081	-5.804	20.547
Q14149_PF13589_30_139	CTR_0	24	78.66	-5.869	-1.426	9.983
Q14204_PF12774_1868_2231	CTR_0	15	73.84	13.534	6.588	-1.36
Q14332_PF01392_39_144	CTR_0	14	90.53	34.673	-16.078	-14.742
Q14376_PF16363_6_332	CTR_1	12	86.62	9.562	7.009	-8.705
Q14376_PF16363_6_332	CTR_0	22	93.79	-4.548	5.088	-2.56
Q14416_PF00003_562_813	CTR_0	17	70.66	-52.121	-6.633	53.387
Q14416_PF01094_61_458	CTR_0	20	86.36	18.118	4.203	-12.012
Q14432_PF00233_751_1015	CTR_0	14	95.64	-16.138	0.526	0.124
Q14534_PF08491_277_548	CTR_0	14	94.33	2.87	6.734	-10.134
Q14541_PF00104_125_312	CTR_0	20	83.76	-20.792	1.128	14.305
Q14562_PF00270_572_721	CTR_0	13	72.22	-26.308	5.268	9.94
Q14565_PF08423_94_338	CTR_0	10	92.0	6.868	7.569	-19.914
Q14566_PF00493_334_556	CTR_0	12	83.48	-2.979	12.695	-26.617
Q14680_PF00069_11_263	CTR_0	18	77.45	7.886	7.817	0.085
Q14703_PF00082_209_464	CTR_0	11	80.02	-16.201	0.775	-2.987
Q147X3_PF00583_225_338	CTR_0	14	92.4	-6.627	9.014	-1.055
Q14807_PF00225_49_368	CTR_0	13	85.07	9.838	9.349	-0.52
Q14832_PF01094_68_472	CTR_0	20	84.8	17.944	7.323	-11.752
Q14833_PF00003_581_841	CTR_0	14	87.14	-43.781	-14.316	53.808
Q14833_PF00003_581_841	CTR_1	18	81.29	-47.597	-21.455	40.921
Q14894_PF02423_4_313	CTR_0	21	88.2	-10.121	5.352	-1.09
Q14914_PF00107_153_284	CTR_0	12	95.57	-5.81	0.145	0.729
Q14994_PF00104_159_329	CTR_0	16	84.84	10.186	8.914	-5.338
Q15019_PF00735_34_312	CTR_0	11	85.41	-2.23	5.712	-17.89
Q15029_PF00009_129_365	CTR_0	17	85.23	-11.889	8.471	13.886
Q15046_PF00152_222_573	CTR_0	18	90.91	1.103	-0.551	-11.579
Q15046_PF00152_222_573	CTR_1	21	94.03	7.465	8.185	-15.8
Q15047_PF18358_348_397	CTR_0	10	82.92	19.684	-23.178	-6.968
Q15059_PF00439_315_402	CTR_0	13	91.56	14.515	4.106	10.71
Q15059_PF00439_46_127	CTR_0	15	93.03	-8.302	-7.814	-20.776
Q15084_PF00085_27_126	CTR_0	18	79.02	-32.937	-5.141	25.158
Q15118_PF10436_56_220	CTR_0	16	74.07	-10.671	7.848	17.928
Q15119_PF10436_30_192	CTR_0	17	84.91	-21.08	10.019	-14.619
Q15119_PF10436_30_192	CTR_1	15	76.91	-8.688	3.53	17.472
Q15125_PF05241_96_206	CTR_0	8	97.15	2.879	0.292	-5.014
Q15208_PF00069_89_369	CTR_0	17	74.69	-8.047	2.059	-10.223
Q15257_PF03095_26_351	CTR_0	12	70.41	-9.102	16.999	-8.318
Q15274_PF01729_114_284	CTR_0	18	95.49	-2.617	7.363	10.748
Q15286_PF00071_10_168	CTR_0	19	76.5	5.419	-1.315	-11.622
Q15303_PF07714_719_973	CTR_0	23	75.06	-10.981	-26.216	-14.419
Q15382_PF00071_8_167	CTR_0	19	70.15	12.17	-1.61	-1.784
Q15382_PF00071_8_167	CTR_1	19	86.92	-3.165	-11.353	-3.316
Q15391_PF00001_57_295	CTR_0	20	90.48	-9.239	-1.725	10.63
Q15418_PF00069_62_320	CTR_0	14	77.62	8.253	10.106	-9.971
Q15485_PF00147_102_312	CTR_0	15	97.75	-13.161	10.352	-9.034
Q15561_PF17725_222_431	CTR_0	20	92.6	-0.638	-0.212	3.71
Q15561_PF17725_222_431	CTR_1	12	92.57	-12.332	11.696	0.652
Q15562_PF17725_227_444	CTR_0	20	90.61	-0.498	0.298	3.17
Q15562_PF17725_227_444	CTR_1	16	90.68	-12.719	9.891	-1.632
Q15652_PF02373_2383_2481	CTR_0	11	89.97	-6.308	-16.027	16.452
Q15661_PF00089_31_267	CTR_0	15	92.78	-6.374	6.859	-13.536
Q15661_PF00089_31_267	CTR_1	15	81.87	-17.896	14.643	-0.417
Q15722_PF00001_35_285	CTR_0	20	85.12	2.676	1.64	-8.22
Q15738_PF01073_42_292	CTR_0	23	77.77	-4.925	2.839	-5.793
Q15743_PF00001_39_286	CTR_0	17	93.12	-16.773	-0.652	-7.62
Q15759_PF00069_27_308	CTR_0	19	81.13	1.141	8.906	-5.815
Q15771_PF00071_11_168	CTR_0	18	80.62	13.271	-2.436	-2.696
Q15822_PF02931_59_264	CTR_0	11	91.51	20.185	17.258	-10.732
Q15825_PF02931_34_239	CTR_0	10	92.18	2.46	22.355	-25.245
Q15831_PF00069_52_309	CTR_0	19	79.95	-8.675	0.683	6.899
Q15849_PF03253_581_875	CTR_2	19	94.08	14.472	3.535	-16.164
Q15849_PF03253_581_875	CTR_0	12	94.08	13.693	-1.982	-14.185
Q15849_PF03253_581_875	CTR_1	12	95.78	-10.552	-0.225	-13.895
Q15858_PF00520_1191_1466	CTR_0	13	74.9	-9.227	0.914	-11.692
Q15858_PF00520_1515_1770	CTR_0	10	86.35	-2.06	-13.92	-18.893
Q15907_PF00071_13_173	CTR_0	18	83.81	3.743	9.588	-9.959
Q15910_PF00856_623_726	CTR_0	12	78.38	13.887	-1.033	-18.461
Q15910_PF00856_623_726	CTR_1	11	78.38	5.245	-0.449	-19.535
Q16186_PF04683_23_121	CTR_0	14	75.69	5.759	12.559	-14.788
Q16222_PF01704_46_451	CTR_0	16	89.1	-10.514	4.823	0.327
Q16281_PF00027_502_590	CTR_0	13	82.48	-39.219	-2.139	27.283
Q16394_PF03016_111_395	CTR_0	12	88.58	9.854	-2.222	-24.421
Q16512_PF00069_616_874	CTR_0	20	82.82	-15.799	-2.708	6.761
Q16539_PF00069_24_308	CTR_14	18	75.37	7.04	10.876	-5.032
Q16548_PF00452_37_140	CTR_0	12	84.06	-8.902	-3.22	-13.476
Q16555_PF01979_64_453	CTR_0	17	84.12	9.374	3.141	-6.616
Q16566_PF00069_46_300	CTR_0	16	83.45	-8.727	10.159	6.305
Q16637_PF06003_91_144	CTR_0	12	93.28	-13.022	14.622	1.28
Q16644_PF00069_47_304	CTR_0	20	75.16	2.118	10.809	-1.588
Q16647_PF00067_269_491	CTR_0	15	90.81	-4.241	-3.501	-3.837
Q16651_PF00089_45_281	CTR_0	23	72.02	-2.827	-6.918	-7.264
Q16651_PF00089_45_281	CTR_1	12	72.02	2.15	-8.079	-5.612
Q16658_PF06268_21_134	CTR_0	9	82.72	12.064	-2.197	-15.914
Q16658_PF06268_268_377	CTR_0	13	94.99	-34.128	-11.319	8.656
Q16678_PF00067_51_519	CTR_0	21	95.28	1.306	-1.836	6.631
Q16678_PF00067_51_519	CTR_1	23	86.48	-1.529	-8.722	3.241
Q16696_PF00067_34_490	CTR_0	17	94.57	0.387	3.516	5.276
Q16696_PF00067_34_490	CTR_1	19	97.28	-3.04	5.984	0.941
Q16696_PF00067_34_490	CTR_2	19	94.48	-2.18	-3.75	5.972
Q16698_PF13561_69_302	CTR_0	12	90.74	-4.301	-6.286	-4.307
Q16740_PF00574_68_246	CTR_0	17	90.29	-17.315	5.126	4.16
Q16740_PF00574_68_246	CTR_1	6	97.0	6.707	9.796	-12.516
Q16769_PF04389_122_352	CTR_0	14	97.14	9.161	10.012	-8.31
Q16772_PF02798_6_77	CTR_0	10	97.99	6.468	9.533	-11.888
Q16773_PF00155_29_409	CTR_0	19	96.74	-1.228	-0.357	-1.618
Q16774_PF00625_5_187	CTR_0	18	91.77	-1.371	9.901	-1.814
Q16790_PF00194_148_390	CTR_0	16	95.79	-2.378	-6.284	0.253
Q16795_PF01370_57_260	CTR_0	19	92.92	-1.16	-0.629	3.23
Q16798_PF03949_305_557	CTR_0	15	90.34	-6.904	13.466	10.714
Q16816_PF00069_20_288	CTR_0	15	81.84	-7.504	5.407	9.381
Q16819_PF01400_75_257	CTR_0	17	93.24	15.273	3.799	-8.51
Q16820_PF01400_70_253	CTR_0	12	94.44	6.249	2.813	-21.729
Q16831_PF01048_54_304	CTR_0	17	96.25	-11.721	-5.343	5.947
Q16836_PF02737_29_214	CTR_0	15	95.2	2.649	-5.698	1.97
Q16850_PF00067_71_498	CTR_1	17	75.12	2.763	4.277	-14.745
Q16850_PF00067_71_498	CTR_0	17	88.4	5.333	6.902	-1.438
Q16851_PF01704_56_473	CTR_0	10	84.83	-0.327	3.97	3.026
Q16853_PF01179_316_716	CTR_0	20	96.37	-2.532	1.567	-13.336
Q16854_PF01712_41_275	CTR_0	20	88.57	-0.649	-3.07	-5.113
Q16873_PF01124_9_123	CTR_0	12	98.6	-4.635	8.579	-6.08
Q16873_PF01124_9_123	CTR_1	10	98.57	1.16	10.436	-11.272
Q16875_PF01591_26_246	CTR_0	19	83.89	11.457	3.949	-4.88
Q16875_PF01591_26_246	CTR_1	19	87.51	11.825	-2.659	-18.053
Q16875_PF01591_26_246	CTR_2	18	92.68	13.431	-0.027	-23.89
Q16878_PF05995_1_170	CTR_0	21	94.67	-1.764	2.002	2.588
Q2M1P5_PF00225_21_349	CTR_0	12	88.39	-8.859	5.859	-2.01
Q2M2I8_PF00069_48_307	CTR_0	20	89.45	-3.582	11.671	-11.282
Q3MIT2_PF21238_289_520	CTR_0	17	81.67	-21.541	-2.073	15.137
Q460N3_PF01661_322_420	CTR_0	18	70.2	-27.913	12.424	-3.803
Q460N5_PF01661_1043_1146	CTR_0	13	87.19	-34.779	12.781	-3.164
Q460N5_PF01661_1043_1146	CTR_1	15	92.23	-31.295	9.244	-9.69
Q460N5_PF01661_1245_1346	CTR_0	18	78.33	-0.143	-33.745	-39.275
Q460N5_PF01661_820_936	CTR_0	16	83.17	-0.688	-7.403	-13.374
Q49A26_PF03446_269_428	CTR_0	16	95.7	0.672	-3.736	-0.834
Q4FZB7_PF00856_209_308	CTR_0	20	81.32	3.818	7.473	-3.267
Q4U2R8_PF00083_136_512	CTR_0	9	86.71	-0.239	-2.633	4.746
Q53H47_PF00856_150_262	CTR_0	14	78.31	-11.662	20.061	-26.496
Q53TN4_PF03188_49_185	CTR_0	16	93.6	-13.425	-2.596	9.787
Q53TN4_PF03188_49_185	CTR_1	20	97.8	7.072	0.692	-4.898
Q58F21_PF00439_276_362	CTR_0	11	91.75	15.125	22.651	-3.551
Q58F21_PF00439_39_120	CTR_0	13	87.81	-9.164	-0.161	-15.07
Q59H18_PF07714_463_719	CTR_0	22	79.0	-1.647	27.686	-1.85
Q5FWF5_PF13880_763_831	CTR_0	14	89.48	1.267	10.464	-2.755
Q5JRX3_PF05193_245_429	CTR_0	14	94.43	-19.673	-21.748	9.325
Q5JRX3_PF08367_504_752	CTR_0	15	92.31	-14.75	-16.318	-14.086
Q5JRX3_PF08367_504_752	CTR_1	16	97.39	-0.218	-18.607	17.81
Q5JRX3_PF08367_504_752	CTR_2	15	96.29	-6.504	-19.976	1.913
Q5JRX3_PF22516_856_1001	CTR_2	15	97.95	4.511	3.664	-15.583
Q5JRX3_PF22516_856_1001	CTR_0	17	97.48	16.815	16.038	-10.939
Q5JRX3_PF22516_856_1001	CTR_1	19	94.91	12.525	7.008	-13.609
Q5JUK3_PF07885_260_327	CTR_0	21	85.9	-38.374	-23.83	24.992
Q5NUL3_PF00001_58_321	CTR_0	16	88.8	-2.756	0.797	10.1
Q5S007_PF00069_1884_2129	CTR_2	16	71.71	-3.183	-6.043	-7.916
Q5SQI0_PF05301_9_190	CTR_0	15	96.97	2.061	4.073	7.911
Q5SRI9_PF16317_98_448	CTR_0	17	87.01	10.052	-1.876	3.684
Q5SRI9_PF16317_98_448	CTR_1	20	98.32	-5.588	-9.696	-10.183
Q5T280_PF02598_74_364	CTR_0	24	89.91	18.818	4.379	-9.165
Q5T280_PF02598_74_364	CTR_1	14	94.24	-6.869	2.639	0.185
Q5T6V5_PF10343_55_341	CTR_0	16	93.57	2.855	-4.498	1.185
Q5T8I9_PF13489_42_190	CTR_0	19	87.92	15.821	-1.984	-2.092
Q5T9L3_PF06664_227_496	CTR_0	19	85.85	5.212	5.833	-5.447
Q5TA50_PF08718_28_176	CTR_0	14	85.67	4.749	-8.922	3.25
Q5TCY1_PF00069_35_273	CTR_0	22	83.63	-15.139	3.613	1.795
Q5VTE6_PF03372_170_486	CTR_0	17	92.67	6.531	1.298	-9.882
Q5VTY9_PF03062_125_441	CTR_0	16	93.52	-0.644	-8.942	-0.277
Q5VTY9_PF03062_125_441	CTR_1	19	91.13	9.625	-13.372	-10.247
Q5VTY9_PF03062_125_441	CTR_2	11	90.9	-3.004	-0.13	-5.064
Q5VVY1_PF05891_66_277	CTR_0	19	95.87	0.624	-7.562	-0.497
Q5VWZ2_PF02230_12_225	CTR_0	18	97.09	10.228	-2.992	-7.867
Q5VZV1_PF10294_80_239	CTR_0	21	72.67	-0.347	1.083	-9.972
Q5W0Z9_PF01529_123_245	CTR_0	11	97.82	3.588	-1.327	-5.391
Q658P3_PF03807_30_117	CTR_0	16	94.81	-21.268	-10.362	16.347
Q687X5_PF01794_249_394	CTR_0	10	92.8	3.043	12.546	8.307
Q687X5_PF01794_249_394	CTR_1	9	94.66	19.398	5.567	-9.611
Q687X5_PF03807_21_107	CTR_0	16	91.1	-19.62	-24.463	10.886
Q68CP4_PF07786_267_389	CTR_0	12	72.86	-21.304	0.102	5.879
Q68CP4_PF07786_267_389	CTR_1	11	90.01	-10.312	-0.013	-7.606
Q6B0I6_PF02373_179_295	CTR_0	15	93.98	-4.985	5.649	-5.503
Q6B0I6_PF02373_179_295	CTR_1	17	92.99	5.146	12.034	7.318
Q6DD88_PF02263_37_305	CTR_0	17	72.98	9.202	-7.746	-18.816
Q6DHV7_PF00962_19_344	CTR_0	23	86.39	0.685	-2.123	3.579
Q6IA69_PF02540_339_603	CTR_0	16	80.52	18.278	-2.413	-17.428
Q6IMI6_PF00685_46_296	CTR_0	18	93.45	2.375	10.574	-3.18
Q6IQ55_PF00069_22_241	CTR_0	17	83.45	-9.194	-3.786	6.643
Q6L8Q7_PF03372_299_599	CTR_0	16	94.73	-4.186	-12.865	11.725
Q6NVY1_PF16113_47_376	CTR_0	18	91.08	-4.86	1.136	-9.632
Q6NYC1_PF02373_174_288	CTR_0	10	94.54	-6.548	-2.814	-6.393
Q6P179_PF01433_298_502	CTR_0	13	93.58	-2.914	1.426	-5.057
Q6P1N9_PF01026_8_293	CTR_0	16	97.31	3.834	-8.222	-0.466
Q6P6C2_PF13532_114_274	CTR_0	15	86.63	-6.145	-0.894	-0.462
Q6P988_PF03283_87_450	CTR_3	14	88.38	-14.663	-7.308	-14.408
Q6P988_PF03283_87_450	CTR_2	16	80.78	2.664	11.402	-15.958
Q6P988_PF03283_87_450	CTR_0	23	82.77	3.024	3.223	-8.277
Q6P988_PF03283_87_450	CTR_1	12	79.92	-4.353	28.248	-8.285
Q6PHR2_PF00069_17_270	CTR_0	18	86.71	12.201	6.74	-12.565
Q6PHW0_PF00881_98_267	CTR_0	17	85.37	-1.548	-1.806	10.757
Q6PL18_PF00439_1004_1066	CTR_0	11	76.98	37.727	51.225	-66.935
Q6QNK2_PF00002_565_802	CTR_0	11	83.76	-26.509	1.262	2.574
Q6UWP2_PF00106_13_210	CTR_0	21	94.76	7.993	5.627	-2.604
Q6UWY2_PF00089_34_258	CTR_0	13	94.1	-8.567	-3.22	-13.066
Q6V1X1_PF00326_687_890	CTR_0	13	88.53	-21.615	4.983	4.483
Q6V1X1_PF00326_687_890	CTR_1	13	96.78	-13.952	-4.302	0.068
Q6VVX0_PF00067_40_497	CTR_1	16	95.33	8.059	9.552	0.114
Q6VVX0_PF00067_40_497	CTR_0	19	94.54	3.135	-0.687	2.363
Q6YN16_PF00106_12_198	CTR_0	17	92.98	1.266	2.184	-3.4
Q6ZMG9_PF03798_131_324	CTR_0	22	97.61	7.577	5.7	-2.573
Q6ZMG9_PF03798_131_324	CTR_1	14	83.11	-1.619	0.75	9.44
Q712K3_PF00179_13_153	CTR_0	16	91.29	-7.257	0.225	11.877
Q71U36_PF00091_3_213	CTR_0	18	79.4	-2.396	7.545	-8.445
Q7KYR7_PF00622_385_491	CTR_0	15	75.99	28.924	-11.336	-33.694
Q7KYR7_PF00622_385_491	CTR_1	11	84.17	44.615	-1.688	-35.445
Q7KZF4_PF00565_220_327	CTR_0	11	89.93	12.188	13.224	-40.469
Q7KZI7_PF00069_53_304	CTR_0	18	81.53	-8.106	7.453	2.513
Q7L0J3_PF00083_195_471	CTR_0	9	88.24	-10.266	4.159	-1.522
Q7L0J3_PF07690_599_734	CTR_0	9	91.52	-10.102	3.487	-2.079
Q7L0Q8_PF00071_51_219	CTR_0	16	75.51	-2.823	8.26	-11.814
Q7L1I2_PF07690_538_678	CTR_0	11	93.78	-1.606	2.806	6.173
Q7L1T6_PF00175_395_500	CTR_0	14	93.75	-15.035	-8.346	7.155
Q7L266_PF01112_1_293	CTR_0	12	82.9	-22.304	-5.956	3.19
Q7L523_PF04670_9_235	CTR_0	16	93.3	-14.327	-10.028	0.826
Q7L8A9_PF14822_58_302	CTR_0	16	95.62	-4.77	8.76	5.888
Q7LBC6_PF02373_1599_1704	CTR_0	9	82.94	-21.329	1.026	23.417
Q7RTN6_PF00069_69_379	CTR_0	17	92.76	-5.444	2.059	6.061
Q7Z3B1_PF07679_46_135	CTR_0	13	95.28	21.79	12.548	-24.234
Q7Z3C6_PF04109_37_525	CTR_0	17	95.67	7.968	13.136	-15.496
Q7Z3C6_PF04109_37_525	CTR_1	9	95.49	3.212	10.284	-5.974
Q7Z3C6_PF04109_37_525	CTR_2	10	87.05	5.848	-9.553	-9.365
Q7Z3F1_PF03547_45_360	CTR_0	11	75.37	-5.216	12.252	-2.529
Q7Z3F1_PF03547_45_360	CTR_1	9	70.83	-2.396	8.624	3.744
Q7Z3F1_PF03547_45_360	CTR_2	22	81.6	-6.486	0.345	-16.182
Q7Z3F1_PF03547_45_360	CTR_3	11	81.78	-3.1	14.686	-6.538
Q7Z3F1_PF03547_45_360	CTR_4	14	79.0	-2.859	-5.839	8.786
Q7Z4H3_PF13023_24_176	CTR_0	15	93.57	5.859	-1.327	-4.123
Q7Z4V5_PF00855_8_87	CTR_0	9	92.06	12.096	-12.306	-10.579
Q7Z4W1_PF13561_14_241	CTR_0	20	87.81	-0.616	8.214	-6.238
Q7Z624_PF10294_125_276	CTR_0	21	89.52	-4.519	-5.689	-6.708
Q7Z6Z7_PF02825_1617_1678	CTR_0	12	84.04	50.153	0.694	6.56
Q86SF2_PF00535_210_395	CTR_0	13	94.42	0.301	12.671	2.94
Q86SQ9_PF01255_32_251	CTR_0	21	93.89	-1.422	3.136	16.316
Q86SR1_PF00535_148_328	CTR_0	13	95.14	-16.781	4.569	-3.057
Q86SX6_PF00462_54_119	CTR_0	12	95.93	6.056	10.136	0.462
Q86TI2_PF00326_663_863	CTR_0	13	96.99	-9.616	-1.986	0.8
Q86TM3_PF00270_246_416	CTR_0	12	72.07	-5.848	-5.652	-10.032
Q86TN4_PF01885_26_203	CTR_0	14	86.82	-6.714	1.918	-9.812
Q86TU7_PF00856_105_314	CTR_0	14	97.37	-17.567	2.518	-2.24
Q86U44_PF05063_389_550	CTR_0	17	81.7	2.908	5.283	-12.323
Q86U86_PF00439_198_274	CTR_0	13	88.59	21.938	41.379	18.625
Q86U86_PF00439_678_749	CTR_0	15	85.9	-40.375	-1.894	24.873
Q86UD5_PF00999_136_509	CTR_0	23	82.21	-2.143	-5.655	7.309
Q86UE8_PF00069_464_741	CTR_0	18	80.39	1.433	-1.453	-5.892
Q86UW9_PF18102_480_614	CTR_0	12	79.41	-7.299	-5.231	-4.921
Q86UY6_PF00583_89_188	CTR_0	13	96.82	-13.579	-6.01	-2.593
Q86V24_PF03006_140_363	CTR_3	13	94.34	-10.565	-0.774	-20.015
Q86V24_PF03006_140_363	CTR_2	10	96.76	-11.962	-7.497	14.236
Q86V24_PF03006_140_363	CTR_0	18	95.23	-7.032	2.062	-6.82
Q86V24_PF03006_140_363	CTR_1	15	89.73	-23.422	3.597	0.048
Q86V25_PF14822_48_291	CTR_0	16	80.35	-13.185	6.832	-1.741
Q86VU5_PF01596_61_262	CTR_0	17	94.55	1.455	-4.676	-3.745
Q86W50_PF05971_1_291	CTR_0	20	84.85	-1.267	-0.368	11.383
Q86W56_PF05028_706_908	CTR_0	16	90.95	5.627	-5.515	-3.866
Q86WA6_PF00561_62_190	CTR_0	13	97.05	-0.891	-0.16	-11.04
Q86WJ1_PF00176_49_327	CTR_0	14	75.61	-5.649	9.327	15.738
Q86WV6_PF15009_154_337	CTR_0	11	92.86	-6.954	-1.78	14.523
Q86X55_PF06325_183_257	CTR_0	13	89.98	-8.581	3.396	5.418
Q86XE5_PF00701_35_318	CTR_0	23	97.68	-7.933	1.093	-1.565
Q86Y01_PF02825_107_171	CTR_0	11	84.09	-18.255	-4.907	13.15
Q86Y01_PF02825_26_94	CTR_0	10	84.79	-19.46	-3.862	-3.069
Q86Y01_PF18102_479_613	CTR_0	12	80.77	5.73	-2.909	-8.021
Q86Y07_PF00069_31_263	CTR_0	19	87.25	6.422	-1.172	-6.698
Q86Y34_PF00002_268_517	CTR_0	9	87.74	20.334	20.604	-9.532
Q86Y34_PF00002_268_517	CTR_1	12	89.41	7.197	-2.458	-3.897
Q86Y38_PF02485_328_581	CTR_0	16	90.89	-12.946	0.941	1.801
Q86YS6_PF00071_20_180	CTR_0	19	75.46	13.125	-2.52	-4.587
Q86YT5_PF00939_14_552	CTR_0	20	88.11	4.609	0.124	6.657
Q86YV6_PF00069_108_361	CTR_0	19	83.69	2.731	-12.226	-5.748
Q8IU60_PF00293_98_210	CTR_0	14	71.6	-5.395	-3.118	-1.217
Q8IU60_PF00293_98_210	CTR_1	13	89.85	-20.597	-0.111	-5.988
Q8IU85_PF00069_23_279	CTR_0	18	76.69	-9.999	5.78	2.928
Q8IU99_PF14798_2_255	CTR_0	17	84.63	6.473	5.91	4.777
Q8IUN9_PF00059_199_305	CTR_0	13	94.47	5.322	5.459	-22.503
Q8IV48_PF00929_132_305	CTR_0	14	94.94	-0.087	13.465	11.224
Q8IVH4_PF03308_101_382	CTR_1	13	89.08	4.001	15.216	-11.274
Q8IVH8_PF00069_16_273	CTR_0	20	77.63	3.985	1.4	-16.567
Q8IVS2_PF00698_66_336	CTR_0	11	97.75	11.218	5.837	1.771
Q8IVV7_PF09783_122_289	CTR_0	19	78.19	-8.089	-9.638	3.089
Q8IVW4_PF00069_4_286	CTR_0	21	78.68	-10.157	-0.771	10.033
Q8IVW8_PF07690_108_469	CTR_0	15	83.83	4.134	-2.036	2.468
Q8IWA4_PF00350_78_237	CTR_0	14	72.62	32.694	13.692	-36.44
Q8IWT1_PF07686_41_145	CTR_0	15	91.35	10.178	-12.544	-0.753
Q8IXI2_PF00071_6_166	CTR_0	15	91.08	-38.466	4.03	38.109
Q8IXJ6_PF02146_84_268	CTR_0	19	75.7	1.334	7.38	-0.097
Q8IXJ6_PF02146_84_268	CTR_2	18	75.7	-0.961	12.182	-10.79
Q8IXK2_PF00535_139_322	CTR_0	15	89.12	-8.042	-5.378	1.95
Q8IXL7_PF01641_54_168	CTR_0	15	98.4	-13.715	6.788	-5.043
Q8IXL7_PF01641_54_168	CTR_1	18	85.39	0.98	2.271	8.3
Q8IXL7_PF01641_54_168	CTR_2	15	96.14	-7.422	8.717	-14.301
Q8IXQ6_PF01661_136_254	CTR_0	19	79.12	-13.964	0.837	-2.116
Q8IXQ6_PF01661_335_445	CTR_0	17	79.67	-29.903	1.676	40.7
Q8IYK8_PF00071_116_278	CTR_0	14	92.27	2.968	-3.929	-11.308
Q8IYT8_PF00069_9_271	CTR_0	18	83.97	-7.888	7.328	14.706
Q8IZ41_PF00071_543_709	CTR_0	19	80.63	5.864	-8.766	6.197
Q8IZK6_PF08016_379_513	CTR_0	13	93.43	-22.661	-7.711	-5.615
Q8IZT8_PF00685_91_335	CTR_0	20	82.54	-3.825	1.982	-7.544
Q8IZX4_PF00439_1535_1614	CTR_0	13	84.86	2.255	-28.483	-56.875
Q8N0X4_PF03328_46_274	CTR_0	11	92.81	-14.951	-8.024	-9.829
Q8N138_PF04061_11_146	CTR_0	11	97.8	5.869	-3.192	10.268
Q8N138_PF04061_11_146	CTR_1	12	96.82	0.703	7.052	2.175
Q8N159_PF04768_357_519	CTR_0	14	90.65	17.946	8.085	-19.557
Q8N1G2_PF01728_233_448	CTR_0	19	81.4	-3.58	4.177	-17.16
Q8N1Q1_PF00194_12_261	CTR_0	16	96.18	0.669	11.13	3.259
Q8N335_PF01210_7_174	CTR_0	14	93.17	5.565	-2.868	4.459
Q8N371_PF13621_194_416	CTR_0	15	80.35	8.877	1.194	-1.287
Q8N423_PF13895_28_113	CTR_0	13	80.23	29.03	6.391	-25.929
Q8N465_PF01565_101_238	CTR_0	21	93.27	-7.64	-1.539	0.236
Q8N4A0_PF00535_138_321	CTR_0	16	86.35	2.894	0.144	11.533
Q8N4A0_PF00652_445_574	CTR_0	11	87.03	22.112	8.178	-7.583
Q8N4J0_PF07942_146_408	CTR_0	20	93.56	1.261	3.919	5.593
Q8N4J0_PF07942_146_408	CTR_1	12	93.56	5.453	-4.033	1.207
Q8N4P3_PF13328_11_136	CTR_0	10	94.47	7.61	5.958	-6.301
Q8N4Q0_PF00107_184_319	CTR_0	11	98.4	-7.704	-4.005	-0.121
Q8N4T8_PF13561_12_233	CTR_0	16	88.43	5.17	7.138	1.662
Q8N543_PF13661_141_238	CTR_0	20	96.0	-7.709	2.899	10.989
Q8N5C1_PF14798_1_250	CTR_0	13	89.65	0.382	-7.021	-5.396
Q8N5S9_PF00069_128_409	CTR_0	20	82.64	-5.535	5.679	8.931
Q8N5Y2_PF22732_11_87	CTR_0	10	81.04	16.715	10.689	-11.2
Q8N5Z0_PF00155_65_416	CTR_0	15	94.97	-2.217	6.503	1.75
Q8N5Z0_PF00155_65_416	CTR_1	13	91.98	6.108	-12.331	1.219
Q8N697_PF00854_104_512	CTR_0	11	79.47	-0.496	-3.257	1.764
Q8N6N7_PF00887_4_78	CTR_0	14	89.82	-6.139	7.458	0.504
Q8N6T7_PF02146_86_221	CTR_1	12	91.08	4.932	-7.49	-8.266
Q8N6T7_PF02146_86_221	CTR_0	11	91.26	-0.74	-4.505	-12.683
Q8N884_PF03281_214_389	CTR_0	13	81.75	-7.127	-3.117	0.754
Q8N884_PF03281_214_389	CTR_1	12	92.36	-4.427	4.424	-1.253
Q8N884_PF20266_405_509	CTR_0	11	96.17	-1.007	2.331	1.964
Q8NB16_PF07714_218_466	CTR_0	17	84.35	19.662	3.277	-6.942
Q8NB16_PF22215_4_146	CTR_0	13	71.93	-35.648	1.534	23.357
Q8NB49_PF13246_465_656	CTR_0	12	71.31	-33.437	2.927	15.598
Q8NB78_PF01593_393_819	CTR_0	24	98.19	-7.728	-6.145	10.226
Q8NB78_PF01593_393_819	CTR_1	15	97.51	-9.362	5.509	10.718
Q8NBJ5_PF01755_341_524	CTR_0	18	92.24	10.522	17.477	-11.07
Q8NBJ5_PF13704_61_175	CTR_0	10	91.35	-8.779	-13.444	10.025
Q8NBL1_PF05686_50_388	CTR_0	21	95.93	-15.042	-2.696	-4.461
Q8NBN3_PF06814_225_467	CTR_0	10	82.13	-0.971	0.185	7.036
Q8NBN3_PF06814_225_467	CTR_1	11	72.72	-18.549	13.373	14.941
Q8NBN3_PF06814_225_467	CTR_2	14	88.63	-7.002	-1.94	13.351
Q8NBP7_PF00082_181_419	CTR_0	13	98.01	-4.289	5.77	-6.523
Q8NBZ7_PF16363_92_386	CTR_0	22	92.39	-0.982	5.01	2.219
Q8NBZ7_PF16363_92_386	CTR_1	18	80.16	11.022	4.394	-12.434
Q8NBZ7_PF16363_92_386	CTR_2	13	97.62	-2.334	8.208	23.635
Q8NC06_PF00887_13_91	CTR_0	12	85.22	2.663	-0.568	0.432
Q8NCC3_PF02450_72_397	CTR_0	12	74.34	-2.864	6.829	-2.737
Q8NCM8_PF12774_1651_1986	CTR_0	13	77.51	-22.426	7.932	20.329
Q8NCM8_PF12780_2625_2881	CTR_0	16	77.67	25.811	0.236	-27.618
Q8NEB9_PF00454_631_831	CTR_0	14	89.49	-9.353	0.354	21.678
Q8NER1_PF00520_435_694	CTR_0	12	91.31	-33.027	-7.995	0.046
Q8NER1_PF00520_435_694	CTR_1	18	83.82	-37.534	-17.155	13.221
Q8NER1_PF00520_435_694	CTR_2	13	82.43	-20.464	2.247	12.458
Q8NET8_PF00520_442_688	CTR_0	12	90.05	8.027	-11.073	-20.693
Q8NET8_PF00520_442_688	CTR_1	10	84.79	9.847	6.967	-23.9
Q8NFF5_PF01507_399_553	CTR_0	14	87.47	16.225	18.634	-16.711
Q8NFN8_PF00003_46_311	CTR_0	14	82.98	7.587	5.49	-6.966
Q8NFT2_PF01794_261_404	CTR_0	11	93.03	6.012	-7.817	-1.88
Q8NFT2_PF03807_32_119	CTR_0	15	94.21	-29.196	13.21	15.476
Q8NFU1_PF01062_1_324	CTR_0	20	89.11	15.683	10.083	-33.545
Q8NG68_PF03133_85_365	CTR_0	17	91.8	-5.143	-1.935	7.413
Q8NHV1_PF04548_9_215	CTR_0	18	87.85	13.605	-8.674	-4.911
Q8NI60_PF03109_300_538	CTR_0	21	75.2	2.649	-3.109	-11.383
Q8NI77_PF00225_17_355	CTR_0	11	88.24	5.146	-5.535	-25.123
Q8NI77_PF00225_17_355	CTR_1	21	85.45	-2.445	-0.887	-17.665
Q8NI99_PF00147_258_467	CTR_0	13	76.79	14.568	-1.267	-7.632
Q8TAI7_PF00071_8_168	CTR_0	18	73.85	7.725	5.875	-9.274
Q8TBC4_PF00899_64_365	CTR_0	16	92.72	1.017	2.733	4.134
Q8TBG4_PF00202_31_433	CTR_0	17	92.55	-8.509	7.98	-2.324
Q8TBK2_PF00856_74_286	CTR_0	13	92.95	10.399	4.252	1.994
Q8TCB7_PF08242_84_182	CTR_0	20	97.57	1.102	-5.961	-0.591
Q8TCD5_PF06941_3_190	CTR_0	14	95.72	5.825	7.577	-3.438
Q8TD30_PF00155_111_510	CTR_0	20	94.85	-1.704	-0.615	-2.373
Q8TDQ0_PF07686_25_127	CTR_0	12	85.9	4.626	9.98	-10.2
Q8TDQ0_PF07686_25_127	CTR_1	9	79.43	2.236	-8.835	9.071
Q8TDS4_PF00001_44_294	CTR_0	12	96.22	1.1	-0.113	14.411
Q8TDS4_PF00001_44_294	CTR_1	19	80.01	7.735	6.911	-4.9
Q8TDS7_PF00001_44_276	CTR_0	18	87.29	2.089	0.731	-14.694
Q8TDU6_PF00001_32_249	CTR_1	12	91.1	-11.089	-5.318	-0.453
Q8TDU9_PF00001_56_309	CTR_0	11	89.85	-9.488	-3.605	11.529
Q8TDV5_PF00001_22_279	CTR_0	17	93.82	-6.056	0.245	10.763
Q8TDX5_PF04909_3_330	CTR_0	18	90.55	-2.884	-10.513	1.241
Q8TDX7_PF00069_34_286	CTR_0	14	85.21	5.641	10.635	0.993
Q8TDX7_PF00069_34_286	CTR_1	17	74.12	5.893	4.981	-2.324
Q8TEA1_PF01189_229_400	CTR_0	18	94.97	-11.842	-1.469	-1.847
Q8TF76_PF12330_413_781	CTR_0	22	90.52	0.129	5.306	-0.495
Q8TF76_PF12330_413_781	CTR_1	17	73.6	7.208	0.809	3.196
Q8WTS6_PF00856_227_336	CTR_0	13	81.38	21.413	10.654	-5.999
Q8WTS6_PF00856_227_336	CTR_1	12	89.41	19.731	8.88	-17.556
Q8WU08_PF00069_23_280	CTR_0	18	81.88	2.7	7.521	-3.693
Q8WUD1_PF00071_8_168	CTR_0	20	71.37	1.793	9.481	-11.195
Q8WUI4_PF00850_541_859	CTR_0	18	87.99	7.225	-1.291	-6.798
Q8WWM9_PF00042_44_160	CTR_0	13	90.84	-3.272	-5.362	9.393
Q8WWP7_PF04548_28_229	CTR_0	17	72.54	2.137	-6.541	-12.543
Q8WWQ0_PF00439_1325_1406	CTR_0	11	81.06	58.225	-17.986	8.911
Q8WWT9_PF00939_11_571	CTR_0	20	86.92	3.713	-4.288	6.608
Q8WWT9_PF00939_11_571	CTR_1	10	76.52	11.213	-10.572	-18.765
Q8WXB1_PF10294_27_189	CTR_0	19	90.6	3.789	-1.933	-5.623
Q8WXF7_PF02263_43_313	CTR_0	18	84.42	14.611	-6.268	-12.22
Q8WY91_PF08768_422_574	CTR_0	12	94.06	-1.496	14.048	-4.497
Q8WZA1_PF03071_301_560	CTR_0	19	82.8	-8.048	-3.953	-9.86
Q92506_PF13561_18_259	CTR_0	20	80.99	1.228	-0.135	-7.12
Q92599_PF00735_41_309	CTR_0	12	80.73	-6.444	-5.293	-17.646
Q92630_PF00069_222_535	CTR_0	22	87.58	-13.198	-1.728	1.725
Q92633_PF00001_67_311	CTR_0	17	89.39	4.813	0.374	-9.241
Q92730_PF00071_15_183	CTR_0	18	93.52	3.899	7.855	-5.417
Q92731_PF00104_287_480	CTR_0	19	92.29	2.791	4.324	-11.69
Q92743_PF13365_204_342	CTR_0	13	71.51	-12.136	5.054	10.062
Q92769_PF00850_29_319	CTR_0	16	92.6	-0.132	-9.289	-8.623
Q92769_PF00850_29_319	CTR_1	24	95.99	3.065	-1.1	-4.357
Q92769_PF00850_29_319	CTR_2	11	96.71	-7.522	-4.662	15.609
Q92772_PF00069_4_287	CTR_0	21	71.19	-9.552	-3.445	8.082
Q92793_PF00439_1104_1178	CTR_0	10	90.76	-39.951	-17.088	13.144
Q92794_PF01853_565_741	CTR_0	20	80.06	-5.629	-6.583	-3.098
Q92794_PF01853_565_741	CTR_1	16	84.81	-2.009	-8.331	13.579
Q92800_PF00856_624_727	CTR_0	12	80.03	-10.305	2.99	21.995
Q92830_PF00439_738_818	CTR_0	11	89.39	-27.875	-37.6	2.612
Q92830_PF00583_535_627	CTR_0	15	74.87	-1.092	5.477	-16.646
Q92831_PF00439_733_814	CTR_0	14	85.45	4.164	-18.103	22.854
Q92831_PF00583_531_622	CTR_0	15	78.1	0.287	5.918	-17.705
Q92835_PF22669_409_706	CTR_3	11	94.9	-9.664	-6.276	5.433
Q92835_PF22669_409_706	CTR_2	9	97.73	3.664	-11.591	0.673
Q92835_PF22669_409_706	CTR_4	13	97.24	1.23	-8.769	5.13
Q92835_PF22669_409_706	CTR_0	14	84.22	-12.968	16.428	5.192
Q92835_PF22669_409_706	CTR_1	12	82.44	-17.793	18.048	-7.732
Q92847_PF00001_60_323	CTR_0	15	76.73	8.406	1.927	-5.663
Q92847_PF00001_60_323	CTR_1	10	73.1	10.043	7.211	-6.675
Q92871_PF03332_36_255	CTR_0	13	73.21	6.808	-3.056	-4.57
Q92876_PF00089_23_237	CTR_0	15	92.37	6.595	4.115	-1.993
Q92959_PF03137_33_602	CTR_0	14	82.83	-5.155	1.195	7.792
Q92963_PF00071_23_183	CTR_0	17	76.35	5.469	6.635	-10.79
Q92974_PF00621_239_429	CTR_0	11	95.66	6.397	-6.506	-7.088
Q92974_PF00621_239_429	CTR_1	14	95.66	-5.906	-6.547	-13.657
Q92979_PF03587_45_238	CTR_0	20	91.62	-10.232	-0.012	-8.096
Q92993_PF01853_288_471	CTR_1	20	77.39	0.151	-5.724	-9.174
Q92993_PF01853_288_471	CTR_0	16	88.04	3.437	-2.854	7.333
Q92997_PF00595_250_333	CTR_0	12	83.75	-7.215	-18.621	19.462
Q93009_PF00443_214_518	CTR_1	19	81.65	-18.172	-20.496	3.457
Q93015_PF00583_114_188	CTR_0	13	92.44	7.069	2.437	1.485
Q93050_PF01496_27_827	CTR_0	12	86.18	26.411	-0.257	-25.194
Q93091_PF00074_29_147	CTR_0	12	97.07	4.084	-0.856	1.2
Q95460_PF00129_24_198	CTR_0	16	97.54	0.257	9.013	-14.144
Q95460_PF00129_24_198	CTR_1	9	95.89	14.151	7.89	-15.429
Q969R5_PF02820_540_605	CTR_0	8	83.23	-11.062	-15.121	-5.772
Q969T7_PF05822_44_288	CTR_0	19	91.46	-5.929	-9.445	7.986
Q96A54_PF03006_129_352	CTR_2	18	89.19	-5.209	10.64	-4.228
Q96A54_PF03006_129_352	CTR_1	22	91.82	0.136	3.991	-11.256
Q96A54_PF03006_129_352	CTR_0	20	91.95	-3.745	4.878	0.129
Q96A58_PF00071_8_168	CTR_0	17	75.33	11.722	5.86	-5.836
Q96AT9_PF00834_6_200	CTR_0	15	97.43	12.592	-5.826	8.369
Q96AT9_PF00834_6_200	CTR_1	10	97.73	5.613	3.302	11.22
Q96AZ1_PF10294_38_195	CTR_0	19	94.47	6.377	-2.215	-5.101
Q96AZ6_PF00929_8_162	CTR_0	12	96.09	9.519	0.371	3.195
Q96BM9_PF00025_12_180	CTR_0	18	76.92	11.27	-4.361	1.286
Q96C45_PF00069_7_279	CTR_0	20	82.7	-5.661	-10.019	-7.939
Q96C86_PF11969_174_292	CTR_0	10	83.86	-7.725	-6.446	-4.967
Q96CA5_PF00653_90_154	CTR_0	10	93.79	0.393	3.957	1.093
Q96CB9_PF01189_167_340	CTR_0	16	91.63	-10.664	-6.695	-3.436
Q96CD2_PF02441_19_194	CTR_0	13	95.84	2.943	-2.732	-13.146
Q96DA2_PF00071_10_172	CTR_0	17	71.18	12.963	-2.931	-6.121
Q96DC9_PF10275_3_229	CTR_0	14	88.31	14.456	-1.427	-1.87
Q96DE0_PF22327_21_181	CTR_0	16	89.42	5.26	3.702	-9.126
Q96E17_PF00071_32_191	CTR_0	21	82.17	6.552	-0.966	-9.775
Q96EB6_PF02146_261_447	CTR_0	19	70.47	-7.255	7.423	-5.903
Q96EB6_PF02146_261_447	CTR_1	19	74.06	-0.007	7.172	-7.96
Q96EB6_PF02146_261_447	CTR_2	10	70.67	-5.492	3.016	-18.016
Q96EK6_PF00583_69_170	CTR_0	14	83.33	5.073	-6.607	8.946
Q96EP0_PF22191_866_911	CTR_0	13	73.44	15.067	14.386	-24.449
Q96F10_PF00583_50_144	CTR_0	14	88.26	-3.395	-1.262	14.194
Q96F15_PF04548_28_230	CTR_0	16	87.01	1.661	8.798	-12.349
Q96FX7_PF08704_64_286	CTR_0	16	90.19	-5.826	12.563	1.697
Q96G04_PF10294_134_288	CTR_0	21	86.95	-5.923	7.546	7.208
Q96GA7_PF00291_16_310	CTR_0	24	89.05	-1.382	1.112	-1.358
Q96GD0_PF13344_22_127	CTR_0	12	95.37	5.049	-2.62	3.302
Q96GD4_PF00069_77_327	CTR_0	20	84.89	8.197	10.9	-4.984
Q96GX5_PF00069_36_195	CTR_0	20	79.51	-9.205	7.032	5.25
Q96HN2_PF00670_370_530	CTR_0	17	79.09	-5.822	5.6	-14.642
Q96HN2_PF05221_320_610	CTR_0	20	79.09	-5.554	5.986	-16.313
Q96HU8_PF00071_10_167	CTR_0	20	85.92	-3.675	1.288	-15.439
Q96HY7_PF00676_260_498	CTR_0	12	94.86	6.48	-12.101	-8.892
Q96I15_PF00266_32_429	CTR_0	18	96.64	-7.742	6.551	-4.18
Q96JA3_PF08718_330_470	CTR_0	19	75.52	-4.843	1.378	5.484
Q96JM7_PF02820_375_442	CTR_0	11	90.32	6.837	-6.708	-13.585
Q96KC2_PF00025_5_175	CTR_0	17	81.21	5.489	-8.242	-9.142
Q96KP4_PF01546_95_468	CTR_0	20	92.45	-2.895	2.046	-2.881
Q96KQ7_PF00856_1049_1155	CTR_0	12	81.07	-40.544	-12.407	27.177
Q96KQ7_PF00856_1049_1155	CTR_1	11	93.77	-30.319	-15.766	20.546
Q96KS0_PF13640_283_374	CTR_0	21	85.74	-1.048	-4.299	-5.722
Q96L34_PF00069_59_310	CTR_0	19	82.18	-6.763	7.315	3.837
Q96LA8_PF13649_86_182	CTR_0	16	93.26	-10.936	-6.849	5.761
Q96LA8_PF22528_188_364	CTR_0	12	96.23	-9.004	1.722	-7.029
Q96LB2_PF00001_44_272	CTR_0	13	82.05	6.97	6.947	-13.485
Q96LI5_PF03372_193_529	CTR_0	17	93.4	-2.555	-6.407	-3.673
Q96MU7_PF04146_355_492	CTR_0	18	87.63	3.609	4.828	-12.521
Q96NX5_PF00069_25_277	CTR_0	18	76.71	-2.007	-11.601	5.414
Q96NY9_PF02732_276_414	CTR_0	12	81.33	3.978	-4.0	5.312
Q96P11_PF01189_219_421	CTR_0	17	87.18	-8.486	6.751	0.114
Q96P20_PF05729_220_389	CTR_0	10	82.32	20.129	5.417	-23.505
Q96PH1_PF01794_286_412	CTR_1	12	88.23	9.906	1.59	-14.677
Q96PH1_PF01794_286_412	CTR_0	12	79.88	-1.403	8.131	-19.377
Q96PN6_PF00211_43_207	CTR_0	13	78.68	25.444	13.046	-33.41
Q96PY6_PF00069_4_257	CTR_0	20	79.45	1.224	4.974	-13.444
Q96Q15_PF00454_2150_2426	CTR_0	12	84.6	12.384	-9.317	-11.07
Q96R05_PF00061_6_133	CTR_0	20	86.75	6.762	-2.534	-4.097
Q96RI1_PF00104_298_469	CTR_0	19	82.8	3.504	-5.492	-10.673
Q96RJ0_PF00001_40_304	CTR_0	21	88.99	-2.423	-5.933	8.093
Q96RR4_PF00069_165_446	CTR_0	21	83.76	-5.645	1.227	-14.201
Q96RS0_PF09445_692_844	CTR_0	16	92.27	2.956	-6.095	-7.775
Q96S37_PF07690_147_484	CTR_0	10	87.72	-1.078	-2.6	5.983
Q96S44_PF06293_71_225	CTR_0	11	96.67	-4.826	4.239	-7.604
Q96S52_PF10510_22_546	CTR_0	14	70.09	9.846	-8.362	48.138
Q96SB4_PF00069_80_228	CTR_0	14	86.95	4.635	-0.008	-11.501
Q96SW2_PF03226_321_432	CTR_0	13	90.33	10.533	6.087	-16.329
Q96T66_PF01467_10_207	CTR_0	19	89.15	-0.751	-3.348	-4.533
Q96T66_PF01467_10_207	CTR_1	19	89.15	-1.379	1.569	-6.19
Q96T66_PF01467_10_207	CTR_2	15	93.21	1.127	-8.949	-4.8
Q96T88_PF12148_133_284	CTR_0	10	90.75	-2.852	36.165	11.197
Q96T88_PF12148_133_284	CTR_1	11	75.4	-12.854	28.72	9.625
Q99259_PF00282_151_517	CTR_0	17	98.15	-5.037	1.77	0.368
Q99418_PF01369_61_243	CTR_0	12	72.05	-0.738	0.48	-1.725
Q99447_PF01467_218_309	CTR_0	13	93.6	12.882	6.515	-5.847
Q99447_PF01467_26_150	CTR_0	14	81.73	-4.555	-2.239	10.894
Q99469_PF00018_291_336	CTR_0	11	91.8	12.233	-4.157	-17.818
Q99489_PF01266_5_324	CTR_0	24	95.94	0.562	1.519	7.749
Q99497_PF01965_4_170	CTR_0	20	98.48	11.834	8.298	-5.982
Q99500_PF00001_56_298	CTR_0	14	92.66	1.593	3.791	-8.757
Q99500_PF00001_56_298	CTR_1	20	92.66	-1.714	-2.077	-4.708
Q99536_PF13602_233_385	CTR_0	12	84.27	-5.41	-4.793	2.121
Q99538_PF01650_29_285	CTR_0	12	97.41	2.994	-6.298	-3.267
Q99558_PF00069_405_646	CTR_0	25	83.48	-6.597	-1.642	-10.054
Q99571_PF00864_13_373	CTR_0	13	90.07	-16.116	4.67	18.662
Q99594_PF17725_223_432	CTR_1	16	87.39	-4.964	12.807	2.667
Q99594_PF17725_223_432	CTR_2	12	84.87	-12.502	0.527	10.125
Q99594_PF17725_223_432	CTR_0	20	85.25	-9.44	-2.003	-2.806
Q99640_PF00069_110_357	CTR_0	22	90.69	0.052	9.217	-6.656
Q99683_PF00069_685_937	CTR_0	21	84.01	12.883	15.54	-24.411
Q99685_PF12146_40_275	CTR_0	18	82.12	5.582	2.596	-9.014
Q99685_PF12146_40_275	CTR_1	19	74.09	11.594	8.663	-11.38
Q99707_PF00809_375_613	CTR_0	17	75.65	17.554	2.869	-30.836
Q99714_PF00106_12_211	CTR_0	22	81.22	8.239	4.935	-0.667
Q99720_PF04622_15_215	CTR_4	13	74.82	0.807	3.456	-13.37
Q99720_PF04622_15_215	CTR_2	13	70.3	14.498	-5.54	-9.862
Q99720_PF04622_15_215	CTR_3	11	95.88	4.359	-11.367	11.745
Q99720_PF04622_15_215	CTR_0	18	93.07	1.721	3.017	1.878
Q99720_PF04622_15_215	CTR_1	17	70.3	9.787	1.626	-12.487
Q99788_PF00001_57_316	CTR_0	12	89.43	16.61	-4.09	-5.059
Q99807_PF03232_48_214	CTR_0	16	97.99	-2.659	2.744	-9.885
Q99808_PF01733_144_454	CTR_0	9	96.36	-3.796	1.022	-1.129
Q99808_PF01733_144_454	CTR_1	13	91.84	0.709	16.313	-21.58
Q99814_PF14598_243_347	CTR_0	25	95.27	-14.75	-0.906	13.29
Q99832_PF00118_32_522	CTR_0	21	78.62	-10.552	10.333	7.702
Q99835_PF01534_221_551	CTR_1	21	93.92	-9.24	3.251	8.246
Q99835_PF01534_221_551	CTR_0	19	91.33	-4.413	2.645	4.155
Q99835_PF01534_221_551	CTR_2	13	89.78	4.012	3.341	-3.176
Q99836_PF13676_164_278	CTR_0	16	81.76	-18.912	4.467	27.323
Q99873_PF13649_92_189	CTR_0	17	92.55	-8.144	10.333	7.264
Q99986_PF00069_41_272	CTR_0	16	83.82	1.838	11.265	-8.1
Q9BPX1_PF13561_19_249	CTR_0	17	96.48	1.937	-0.637	-2.055
Q9BPX1_PF13561_19_249	CTR_1	15	96.48	6.13	3.799	-11.78
Q9BQ65_PF09749_44_263	CTR_0	13	84.83	-6.735	8.834	-3.282
Q9BQ69_PF01661_170_282	CTR_0	18	89.96	-3.243	11.602	-8.659
Q9BRQ8_PF07992_13_298	CTR_0	24	86.24	-0.46	2.464	3.219
Q9BRQ8_PF07992_13_298	CTR_1	14	94.08	8.2	-6.187	-3.173
Q9BRS2_PF01163_193_380	CTR_0	13	91.33	5.734	3.339	-5.746
Q9BSA4_PF04906_10_437	CTR_0	14	87.58	-12.815	6.932	-2.237
Q9BSB4_PF07855_9_171	CTR_0	12	92.61	-12.194	12.168	10.086
Q9BTU6_PF00454_134_428	CTR_0	12	90.51	-5.448	14.632	-4.313
Q9BTZ2_PF13561_39_273	CTR_0	19	89.17	3.095	3.779	-4.172
Q9BUB5_PF00069_52_164	CTR_0	17	85.09	-9.646	-7.023	-3.233
Q9BUP3_PF13460_25_173	CTR_0	17	76.6	4.442	-0.1	-5.508
Q9BUT1_PF13561_14_244	CTR_0	17	94.07	5.733	7.01	-3.284
Q9BV86_PF05891_8_223	CTR_0	19	97.86	5.363	4.999	-1.15
Q9BV86_PF05891_8_223	CTR_1	15	94.69	6.022	3.059	-12.334
Q9BVA1_PF00091_3_211	CTR_0	18	77.12	1.455	10.589	-8.205
Q9BVA6_PF02661_285_381	CTR_0	13	83.64	-4.568	4.188	-3.851
Q9BVA6_PF02661_285_381	CTR_1	10	97.37	1.606	-9.912	-9.899
Q9BVG8_PF00225_451_768	CTR_0	15	78.05	12.753	-6.867	-32.966
Q9BVG9_PF03034_120_399	CTR_0	19	93.03	-8.097	1.447	-6.217
Q9BVG9_PF03034_120_399	CTR_1	13	76.81	-1.427	5.354	-17.662
Q9BVS4_PF01163_108_279	CTR_0	12	89.65	-0.97	5.346	11.208
Q9BX68_PF01230_64_157	CTR_0	11	93.84	-3.733	11.34	-2.969
Q9BXA5_PF00001_40_295	CTR_0	17	84.33	13.054	2.195	-6.308
Q9BXC1_PF00001_36_292	CTR_0	17	83.61	4.429	7.259	-5.382
Q9BXC1_PF00001_36_292	CTR_1	10	90.51	-13.366	-4.559	-4.274
Q9BXC1_PF00001_36_292	CTR_2	9	88.55	-13.094	8.61	5.805
Q9BXF3_PF00439_445_524	CTR_0	11	89.9	-18.989	-14.787	1.427
Q9BXW6_PF01237_548_942	CTR_0	18	75.65	-4.007	5.457	4.678
Q9BY32_PF01725_10_188	CTR_0	17	89.01	0.241	-5.99	1.999
Q9BY41_PF00850_35_320	CTR_0	9	91.29	-0.637	-4.995	-12.803
Q9BY76_PF00147_185_399	CTR_0	20	80.71	-11.26	4.218	-11.51
Q9BYF1_PF01401_21_606	CTR_0	15	78.65	-13.839	6.589	-0.8
Q9BYF1_PF01401_21_606	CTR_1	9	91.06	-38.986	-6.959	-1.92
Q9BYF1_PF01401_21_606	CTR_2	14	75.37	4.883	5.248	26.228
Q9BYJ9_PF04146_390_523	CTR_0	20	79.38	0.381	-4.347	6.508
Q9BYN0_PF02195_40_132	CTR_0	8	95.43	6.66	6.598	-8.393
Q9BYT3_PF00069_116_381	CTR_0	19	86.63	-5.984	2.714	7.735
Q9BYW2_PF00856_1561_1667	CTR_0	14	85.91	-16.403	2.914	16.058
Q9BYX4_PF04851_306_491	CTR_0	13	85.29	-28.462	6.909	4.173
Q9BZ11_PF01421_210_409	CTR_0	14	73.56	8.999	-10.434	-10.87
Q9BZ23_PF03630_213_564	CTR_0	18	97.46	-9.891	3.012	-6.475
Q9BZ95_PF00855_271_349	CTR_0	10	72.55	-46.702	8.664	-15.812
Q9BZ95_PF00856_1156_1262	CTR_0	13	76.54	10.252	-3.758	-10.848
Q9BZP6_PF00704_24_365	CTR_0	18	89.82	0.34	-4.176	-1.514
Q9BZV2_PF01770_10_441	CTR_0	15	93.92	-0.169	-1.176	-7.704
Q9BZX2_PF00485_22_217	CTR_0	18	94.27	8.318	4.804	-5.715
Q9BZX2_PF00485_22_217	CTR_1	15	93.83	-4.377	8.894	-7.038
Q9C0B1_PF12933_37_325	CTR_0	20	89.62	-6.761	3.446	7.707
Q9GZN1_PF00022_2_394	CTR_0	20	94.77	3.152	-0.886	-2.474
Q9GZQ8_PF02991_15_120	CTR_0	12	93.36	-5.869	8.773	-10.701
Q9GZQ8_PF02991_15_120	CTR_1	9	96.13	-6.417	-0.632	-15.98
Q9GZT4_PF00291_20_314	CTR_0	27	78.03	-5.344	0.407	-4.49
Q9GZT4_PF00291_20_314	CTR_1	24	78.03	-7.476	1.469	-17.986
Q9GZT9_PF13640_299_390	CTR_0	16	94.57	-8.665	0.248	-9.674
Q9GZU1_PF08016_385_524	CTR_0	12	92.79	-19.972	14.818	3.5
Q9GZU7_PF03031_92_250	CTR_0	12	90.91	-1.087	4.801	-18.003
Q9GZZ1_PF00583_20_129	CTR_0	19	95.9	-5.564	4.403	-8.232
Q9GZZ1_PF00583_20_129	CTR_1	11	94.09	2.38	3.121	8.8
Q9GZZ9_PF00899_53_304	CTR_0	17	80.17	-0.919	5.802	-15.839
Q9H040_PF22934_164_211	CTR_0	11	90.81	10.871	1.62	-14.134
Q9H082_PF00071_35_200	CTR_0	17	87.59	2.506	3.484	-10.028
Q9H0A0_PF05127_282_488	CTR_0	14	78.47	-11.233	12.659	16.022
Q9H0A0_PF13718_528_752	CTR_0	12	81.96	-14.905	2.214	-19.705
Q9H0F7_PF00025_11_181	CTR_0	17	95.55	11.955	3.395	0.735
Q9H0U4_PF00071_10_170	CTR_0	19	73.1	4.799	-2.758	-11.918
Q9H1A3_PF05219_56_317	CTR_0	16	84.01	-3.774	10.666	-6.91
Q9H1D0_PF00520_394_627	CTR_0	14	85.93	14.788	-11.054	-15.726
Q9H1D0_PF00520_394_627	CTR_2	12	84.55	11.941	1.243	-16.694
Q9H1D0_PF00520_394_627	CTR_3	13	81.69	26.382	24.32	-22.612
Q9H1D0_PF00520_394_627	CTR_4	9	90.7	5.988	16.065	-18.982
Q9H1D0_PF00520_394_627	CTR_5	9	75.88	13.314	3.416	-10.699
Q9H227_PF00232_2_464	CTR_1	13	90.4	24.92	3.7	-22.176
Q9H227_PF00232_2_464	CTR_0	11	93.72	9.162	-3.921	-8.693
Q9H237_PF03062_63_363	CTR_0	20	88.27	-1.068	-2.124	-6.771
Q9H237_PF03062_63_363	CTR_1	19	92.76	2.674	-5.229	-4.653
Q9H244_PF00001_49_298	CTR_0	18	89.23	11.15	-0.672	-6.449
Q9H2G2_PF00069_35_292	CTR_0	20	72.39	14.215	16.305	-6.372
Q9H2K2_PF00644_963_1128	CTR_1	10	79.41	-23.899	15.754	46.067
Q9H2X6_PF00069_199_527	CTR_0	19	87.83	-8.784	3.36	12.958
Q9H3H5_PF00953_99_269	CTR_0	12	90.13	-1.43	2.628	11.844
Q9H3R0_PF02373_177_293	CTR_0	17	94.08	2.997	5.604	-9.865
Q9H422_PF00069_197_525	CTR_0	18	88.32	-8.311	3.604	13.168
Q9H477_PF00294_17_312	CTR_0	21	91.0	-6.6	5.304	-8.206
Q9H488_PF10250_34_368	CTR_0	15	90.8	-9.257	-5.221	0.574
Q9H492_PF02991_16_120	CTR_0	11	94.52	1.3	7.913	3.743
Q9H492_PF02991_16_120	CTR_1	10	95.48	-0.469	2.513	8.746
Q9H4B4_PF00069_63_314	CTR_0	20	78.13	-8.626	8.046	-10.033
Q9H4K7_PF01926_227_346	CTR_0	13	82.55	-31.355	-0.728	10.569
Q9H4Y5_PF13417_27_100	CTR_0	13	96.48	2.463	-3.584	-5.704
Q9H4Z3_PF12237_446_621	CTR_0	21	72.32	-1.678	0.136	-4.954
Q9H5I1_PF00856_262_373	CTR_0	15	77.78	-1.132	9.679	-2.753
Q9H5I1_PF00856_262_373	CTR_1	14	73.77	-3.65	11.698	2.758
Q9H5U6_PF10237_167_343	CTR_0	23	83.97	-7.265	-0.901	-0.924
Q9H611_PF05970_206_404	CTR_0	14	87.27	-9.346	12.62	-6.525
Q9H6D3_PF09815_15_343	CTR_0	13	87.8	-8.22	-9.736	15.294
Q9H6W3_PF08007_298_425	CTR_0	16	97.0	-23.544	0.097	1.596
Q9H7B4_PF00856_15_239	CTR_0	15	97.08	14.255	12.597	-5.136
Q9H7B4_PF00856_15_239	CTR_1	12	96.23	2.323	5.78	0.536
Q9H7E2_PF00567_554_611	CTR_0	9	92.54	-17.869	3.485	-15.569
Q9H7H0_PF09243_155_438	CTR_0	19	94.84	7.336	6.422	-8.842
Q9H7X0_PF00583_27_155	CTR_0	15	95.08	-9.414	10.493	4.893
Q9H7Z6_PF01853_235_412	CTR_0	20	78.19	-2.935	-2.748	-7.691
Q9H7Z6_PF01853_235_412	CTR_1	21	84.46	1.888	-3.467	7.955
Q9H867_PF10294_23_193	CTR_0	20	81.97	1.939	-1.173	-9.459
Q9H8M2_PF00439_146_228	CTR_0	14	95.24	-0.313	-9.303	-12.531
Q9H903_PF02882_188_344	CTR_0	12	95.76	-7.771	-11.672	3.605
Q9H999_PF03630_13_364	CTR_0	20	96.84	-1.987	5.775	2.144
Q9H9B1_PF00856_1137_1243	CTR_0	12	89.65	-37.637	-9.19	1.604
Q9H9T3_PF04055_107_295	CTR_0	12	91.47	6.404	3.16	-11.876
Q9HA47_PF00485_25_218	CTR_0	19	93.16	-0.519	14.13	-1.589
Q9HAB3_PF06237_10_435	CTR_0	21	88.51	-0.138	-1.258	2.505
Q9HAB8_PF04127_171_268	CTR_0	13	85.06	-1.374	-5.987	-11.107
Q9HAB8_PF04127_171_268	CTR_1	11	84.96	-3.377	2.506	-7.009
Q9HAC7_PF02515_41_408	CTR_0	11	95.08	-8.692	-3.626	-6.519
Q9HAN9_PF01467_12_228	CTR_1	19	91.28	-6.367	3.941	-6.076
Q9HAN9_PF01467_12_228	CTR_0	16	95.92	-9.821	0.504	-8.41
Q9HAU4_PF00632_444_747	CTR_0	23	80.27	-5.119	12.018	-2.769
Q9HAZ1_PF00069_159_475	CTR_0	22	87.41	-1.299	4.507	-13.609
Q9HBA0_PF00520_475_729	CTR_0	9	79.92	9.052	17.636	-14.76
Q9HBA0_PF00520_475_729	CTR_1	19	83.04	29.984	22.402	-19.265
Q9HBH1_PF01327_66_231	CTR_0	15	96.13	2.86	-1.242	-7.111
Q9HBH9_PF00069_87_368	CTR_0	18	79.94	-3.581	-1.056	9.925
Q9HBL8_PF05368_4_288	CTR_0	19	90.6	-4.443	4.381	-2.38
Q9HBL8_PF05368_4_288	CTR_1	15	92.1	6.055	5.088	-5.322
Q9HC97_PF00001_38_276	CTR_0	13	95.45	6.979	-5.722	10.952
Q9HCC0_PF01039_76_554	CTR_0	13	91.83	-21.246	2.122	13.142
Q9HCE5_PF05063_186_362	CTR_0	18	87.83	-8.164	2.879	-15.309
Q9HCE7_PF00632_450_756	CTR_0	22	78.95	2.407	4.706	6.921
Q9HCP0_PF00069_44_262	CTR_0	18	81.94	5.198	11.392	-5.443
Q9HCP0_PF00069_44_262	CTR_1	16	94.04	12.7	11.72	-18.919
Q9HD40_PF05889_61_459	CTR_0	17	98.19	-5.254	6.295	1.723
Q9HD67_PF00063_65_727	CTR_0	15	84.57	-16.926	22.988	-23.792
Q9NP72_PF00071_10_170	CTR_0	18	90.57	4.73	-0.804	-10.04
Q9NP81_PF00587_292_468	CTR_0	17	91.86	8.106	1.436	-3.709
Q9NP87_PF14792_292_362	CTR_0	8	95.69	-1.682	-7.34	-5.933
Q9NP87_PF14792_292_362	CTR_1	12	94.2	-0.204	-1.102	1.859
Q9NP90_PF00071_9_173	CTR_0	19	86.04	12.404	0.51	-2.73
Q9NP91_PF00209_5_579	CTR_0	26	95.43	-3.264	1.646	12.557
Q9NPB1_PF06941_38_224	CTR_0	14	97.61	-5.243	5.487	-9.491
Q9NPB1_PF06941_38_224	CTR_1	13	98.69	5.581	-2.933	1.502
Q9NPD5_PF03137_29_618	CTR_0	11	76.69	-16.967	-16.735	10.278
Q9NPD8_PF00179_6_146	CTR_0	13	92.36	5.15	-4.853	2.411
Q9NPD8_PF00179_6_146	CTR_1	14	96.84	-7.069	-5.177	-11.16
Q9NPD8_PF00179_6_146	CTR_2	14	95.06	-8.393	12.47	11.763
Q9NPG2_PF00042_27_144	CTR_0	15	91.3	9.665	0.743	-1.44
Q9NPI1_PF00439_141_223	CTR_0	14	94.61	25.164	3.673	-25.873
Q9NQ11_PF13246_626_730	CTR_0	11	70.35	14.736	-3.732	-25.265
Q9NQG6_PF21297_153_345	CTR_0	16	92.55	0.06	-0.634	0.846
Q9NQH7_PF00557_253_482	CTR_0	17	96.25	-4.118	-1.785	7.322
Q9NQR1_PF00856_268_378	CTR_0	12	92.61	-0.426	8.292	-13.943
Q9NQR1_PF00856_268_378	CTR_1	14	92.61	1.854	5.115	-7.983
Q9NQU5_PF00069_411_658	CTR_0	19	85.22	-0.541	11.771	5.521
Q9NQV7_PF21549_248_367	CTR_0	15	84.86	22.682	3.736	-36.369
Q9NQW7_PF00557_328_542	CTR_0	17	81.81	-6.816	1.523	-0.647
Q9NQW8_PF00027_545_629	CTR_0	15	78.7	-39.589	-0.737	28.636
Q9NQX4_PF00063_70_741	CTR_0	18	81.77	-14.145	-6.668	1.553
Q9NR31_PF00025_12_197	CTR_0	13	88.82	-2.403	-8.063	-12.081
Q9NRA2_PF07690_47_441	CTR_0	20	84.23	-4.57	2.97	-0.553
Q9NRD5_PF00595_23_99	CTR_0	10	91.45	15.823	7.621	-23.993
Q9NRD9_PF01794_1097_1236	CTR_0	15	89.84	6.586	3.786	-29.239
Q9NRD9_PF08030_1381_1534	CTR_0	14	87.77	32.056	12.735	-31.379
Q9NRF8_PF00117_310_539	CTR_0	22	84.1	16.863	-1.893	0.332
Q9NRF8_PF06418_2_272	CTR_0	13	86.41	-7.967	-5.281	-2.853
Q9NRF8_PF06418_2_272	CTR_1	10	87.74	-8.196	-2.381	-9.194
Q9NRG4_PF00856_18_240	CTR_0	14	96.71	10.601	15.565	-1.377
Q9NRG4_PF00856_18_240	CTR_1	11	97.17	8.997	3.814	0.141
Q9NRG4_PF00856_18_240	CTR_2	13	97.77	-1.328	4.077	-1.481
Q9NRG7_PF01370_3_208	CTR_1	13	88.26	7.056	7.067	-7.785
Q9NRG7_PF01370_3_208	CTR_0	19	91.74	-0.745	11.067	1.563
Q9NRK6_PF00664_174_438	CTR_0	16	90.89	22.898	21.174	-21.156
Q9NRM0_PF00083_63_514	CTR_0	15	77.92	1.595	-0.468	-2.747
Q9NRN9_PF05175_51_145	CTR_0	16	93.72	5.968	5.133	-2.378
Q9NRW1_PF00071_15_173	CTR_0	21	87.9	11.52	-2.34	-3.078
Q9NS75_PF00001_55_305	CTR_0	16	85.39	-5.062	4.035	-14.685
Q9NSA0_PF00083_144_520	CTR_0	18	82.35	-11.806	4.29	0.871
Q9NSY1_PF00069_54_311	CTR_0	19	90.77	-11.735	11.736	1.727
Q9NTG7_PF02146_145_326	CTR_2	23	73.95	10.65	-0.361	-7.309
Q9NTG7_PF02146_145_326	CTR_3	12	77.3	5.826	10.515	2.574
Q9NTG7_PF02146_145_326	CTR_1	19	77.69	3.593	2.971	2.855
Q9NTG7_PF02146_145_326	CTR_0	15	77.3	5.23	7.25	-4.608
Q9NTX7_PF02825_104_168	CTR_0	10	88.63	0.961	-2.799	0.584
Q9NUI1_PF13561_38_270	CTR_0	16	91.13	8.368	-0.377	0.105
Q9NUI1_PF13561_38_270	CTR_1	15	89.12	14.195	-7.673	-5.228
Q9NUT2_PF00664_149_425	CTR_0	6	84.97	45.783	20.012	-25.664
Q9NUT2_PF00664_149_425	CTR_1	9	84.45	31.91	4.687	-20.58
Q9NUV9_PF04548_31_238	CTR_0	16	70.88	2.354	-5.087	-19.037
Q9NUW8_PF06087_166_582	CTR_0	15	94.9	-0.33	-0.523	-10.787
Q9NV35_PF00293_13_132	CTR_0	15	81.99	7.875	-4.458	-0.647
Q9NV96_PF03381_69_351	CTR_0	14	92.2	19.053	2.209	-4.34
Q9NVA2_PF00735_38_306	CTR_0	13	88.83	-4.006	-4.827	-17.509
Q9NVJ2_PF00025_11_180	CTR_0	18	70.41	9.726	-7.865	-0.533
Q9NVS9_PF01243_75_194	CTR_0	10	86.72	-2.709	1.984	10.427
Q9NW15_PF04547_200_626	CTR_0	12	90.83	11.049	17.869	6.218
Q9NW15_PF04547_200_626	CTR_1	12	91.65	-0.011	14.984	-10.966
Q9NW15_PF04547_200_626	CTR_2	12	93.2	2.265	20.62	-5.942
Q9NW15_PF04547_200_626	CTR_3	18	78.52	7.14	9.48	-33.101
Q9NW15_PF04547_200_626	CTR_4	13	78.52	10.611	9.972	-37.309
Q9NWM8_PF00254_38_132	CTR_0	12	95.51	-21.391	-7.218	-2.058
Q9NWT6_PF13621_53_299	CTR_0	17	96.62	-2.894	-2.629	-2.499
Q9NWW6_PF13238_6_147	CTR_0	15	94.63	-3.223	2.118	-13.936
Q9NWW6_PF13238_6_147	CTR_1	12	96.34	-1.623	-7.194	-5.34
Q9NWX6_PF04446_35_164	CTR_0	14	94.6	-11.236	1.745	2.597
Q9NWZ3_PF07714_190_453	CTR_0	21	83.68	3.752	-1.739	-11.32
Q9NX46_PF03747_25_337	CTR_0	17	89.24	5.703	11.288	-6.556
Q9NX74_PF01207_15_285	CTR_0	15	95.78	4.129	2.307	-3.425
Q9NXA8_PF02146_58_256	CTR_0	12	76.21	-0.382	-5.894	-5.415
Q9NXA8_PF02146_58_256	CTR_2	11	90.23	4.857	-8.338	-1.411
Q9NXL6_PF13965_184_827	CTR_0	12	87.46	-21.552	10.579	0.417
Q9NXL9_PF00493_304_508	CTR_0	11	79.74	-4.375	-6.716	23.705
Q9NXS2_PF04389_150_374	CTR_0	16	85.96	-2.892	8.834	-18.208
Q9NY97_PF01762_156_347	CTR_0	12	93.96	-2.64	-6.213	-4.799
Q9NYA1_PF00781_16_123	CTR_0	14	81.76	4.82	11.774	10.903
Q9NYL2_PF07714_17_259	CTR_0	22	73.47	-16.315	7.214	8.726
Q9NYN1_PF00071_23_183	CTR_0	18	87.97	2.964	2.38	-10.765
Q9NYV4_PF00069_729_1020	CTR_0	15	88.03	-2.536	3.136	-15.591
Q9NYV8_PF05296_1_298	CTR_0	15	71.61	11.516	2.32	-10.209
Q9NYY3_PF00069_84_334	CTR_0	20	78.53	-10.482	-0.058	3.889
Q9NZ08_PF01433_281_484	CTR_0	14	94.26	-2.201	2.82	-6.026
Q9NZ08_PF11838_597_916	CTR_0	15	95.87	-9.152	-2.277	14.946
Q9NZD2_PF08718_18_166	CTR_0	14	90.64	-0.946	11.186	9.638
Q9NZD2_PF08718_18_166	CTR_1	19	82.18	-0.819	5.534	-4.765
Q9NZK5_PF00962_198_495	CTR_0	19	98.3	1.794	7.277	-5.983
Q9NZK7_PF00068_21_127	CTR_0	18	86.74	1.81	2.152	4.584
Q9NZL9_PF04321_30_322	CTR_1	15	83.48	7.309	6.893	-3.36
Q9NZL9_PF04321_30_322	CTR_0	17	88.63	-1.643	10.317	-0.533
Q9P121_PF07679_37_132	CTR_0	14	93.57	18.512	11.119	-30.085
Q9P1W9_PF00069_32_286	CTR_0	17	90.32	9.949	5.568	-0.221
Q9P1Z3_PF00027_447_528	CTR_0	17	86.56	-40.85	-5.224	33.263
Q9P286_PF00069_454_700	CTR_0	20	87.93	4.621	10.191	-3.803
Q9P289_PF00069_24_274	CTR_0	23	70.75	-8.734	-1.914	5.689
Q9P2J5_PF00133_188_755	CTR_0	16	79.91	17.124	27.183	-25.63
Q9P2K8_PF00069_795_999	CTR_0	9	85.34	24.084	12.332	-39.606
Q9P2T1_PF00478_10_339	CTR_0	28	90.09	-7.631	-6.797	-4.003
Q9P2T1_PF00478_10_339	CTR_1	10	85.99	-18.749	-8.409	-0.575
Q9P2W7_PF03360_105_315	CTR_0	13	73.16	-0.004	-2.664	-9.823
Q9UBC3_PF00145_575_707	CTR_0	15	91.12	11.759	8.464	-11.664
Q9UBC3_PF00855_226_309	CTR_0	10	83.43	-1.567	-21.682	-8.106
Q9UBD6_PF00909_49_418	CTR_0	12	94.42	17.748	11.222	0.504
Q9UBF8_PF00454_560_755	CTR_0	13	87.47	4.884	1.365	1.61
Q9UBH6_PF03124_269_617	CTR_0	18	89.98	-1.274	4.691	-9.782
Q9UBH6_PF03124_269_617	CTR_1	11	94.68	7.342	-13.014	1.758
Q9UBH6_PF03124_269_617	CTR_2	12	76.47	22.432	19.015	-4.51
Q9UBK8_PF00175_542_661	CTR_0	14	87.63	14.884	-1.274	5.707
Q9UBN7_PF02148_1133_1194	CTR_0	12	89.57	3.849	-14.517	-39.586
Q9UBP6_PF02390_77_253	CTR_0	16	93.75	5.03	-4.133	-5.674
Q9UBQ7_PF00389_9_326	CTR_0	17	94.6	3.654	6.627	5.438
Q9UBQ7_PF02826_117_295	CTR_0	16	95.04	3.484	6.512	5.054
Q9UBS5_PF00003_588_856	CTR_0	16	90.78	-37.917	-6.627	36.742
Q9UBS5_PF01094_188_544	CTR_0	15	86.53	18.131	2.328	-10.261
Q9UBT2_PF00899_14_442	CTR_0	16	86.64	-4.178	-5.826	2.775
Q9UBT2_PF00899_14_442	CTR_1	17	91.06	-2.317	-13.159	15.766
Q9UBT2_PF14732_452_538	CTR_0	16	93.63	-17.18	7.94	-29.561
Q9UBV7_PF13733_84_175	CTR_0	9	98.19	-4.401	-3.933	-9.92
Q9UDR5_PF03435_483_598	CTR_0	14	83.78	27.182	6.916	-1.525
Q9UDX3_PF00650_86_243	CTR_0	18	95.38	-0.372	1.076	2.772
Q9UDY8_PF00656_343_556	CTR_0	16	87.17	1.422	5.833	12.769
Q9UEE5_PF00069_65_321	CTR_0	21	88.09	-2.055	-3.454	-11.83
Q9UET6_PF01728_21_199	CTR_0	17	91.18	2.719	-5.508	-6.072
Q9UGM6_PF00579_33_314	CTR_0	18	88.39	-5.091	-3.809	0.882
Q9UGM6_PF00579_33_314	CTR_1	17	82.2	0.478	-1.553	-4.438
Q9UGN5_PF00644_376_577	CTR_0	14	87.91	-10.512	4.817	4.912
Q9UH03_PF00735_59_331	CTR_0	14	78.5	-13.89	11.766	7.565
Q9UHB4_PF00258_8_145	CTR_0	18	80.05	-9.886	-3.252	-9.02
Q9UHD2_PF00069_13_232	CTR_0	19	85.52	12.221	12.924	-21.681
Q9UHD8_PF00735_295_571	CTR_0	14	80.15	-7.754	-3.818	13.481
Q9UHE8_PF01794_120_263	CTR_0	8	98.44	-7.66	-0.908	4.153
Q9UHE8_PF01794_120_263	CTR_1	11	95.68	8.739	3.468	-11.59
Q9UHI7_PF00860_45_474	CTR_1	14	81.52	3.51	-0.18	8.49
Q9UHI7_PF00860_45_474	CTR_0	9	84.19	14.899	17.4	-6.046
Q9UHI8_PF01421_258_467	CTR_0	16	80.29	-4.988	-16.93	18.056
Q9UHL4_PF05577_38_464	CTR_0	20	98.02	-7.192	0.15	-1.725
Q9UHY7_PF00702_11_224	CTR_0	20	87.3	-0.317	2.105	-0.619
Q9UI17_PF01266_52_414	CTR_0	23	97.22	10.166	-3.536	-18.575
Q9UI43_PF01728_52_236	CTR_0	18	93.11	9.422	-2.933	-0.067
Q9UIC8_PF04072_32_216	CTR_0	17	96.77	-2.746	-6.705	-2.964
Q9UIF8_PF00439_2069_2148	CTR_0	14	85.48	38.224	-16.965	-16.397
Q9UIF8_PF00628_1934_1978	CTR_0	12	81.18	42.457	8.565	-31.214
Q9UIF9_PF00439_1802_1883	CTR_0	13	82.3	-42.576	-16.549	-18.0
Q9UIF9_PF00628_1679_1723	CTR_0	13	79.26	-32.726	17.283	39.584
Q9UIJ7_PF00406_12_191	CTR_0	23	90.62	4.983	2.642	-1.333
Q9UIJ7_PF00406_12_191	CTR_1	20	90.7	-0.63	7.974	-1.595
Q9UIK4_PF00069_23_285	CTR_0	18	86.11	1.989	11.954	-5.656
Q9UIQ6_PF01433_392_610	CTR_0	13	90.92	-0.661	1.857	2.66
Q9UJ37_PF00777_97_368	CTR_0	21	93.85	-4.46	-3.236	6.351
Q9UJ37_PF00777_97_368	CTR_1	13	92.07	-12.776	-16.699	12.406
Q9UJ70_PF01869_7_278	CTR_0	22	78.74	5.438	-2.186	6.258
Q9UJ70_PF01869_7_278	CTR_1	18	89.41	-6.385	-5.573	1.329
Q9UJA3_PF00493_391_612	CTR_0	11	85.36	-31.762	6.542	5.687
Q9UJM8_PF01070_15_361	CTR_3	14	97.52	8.898	8.732	0.387
Q9UJM8_PF01070_15_361	CTR_0	22	93.6	2.557	2.595	-5.914
Q9UK32_PF00069_73_330	CTR_0	15	76.99	7.372	9.386	-13.254
Q9UK39_PF03372_146_414	CTR_0	17	92.68	-4.154	11.654	-17.25
Q9UKE5_PF00069_25_289	CTR_0	20	74.7	-8.105	0.52	23.193
Q9UKL6_PF01852_12_211	CTR_0	16	93.76	-1.862	0.953	-4.622
Q9UL25_PF00071_21_180	CTR_0	18	75.25	0.197	8.12	-13.353
Q9UL51_PF00027_563_645	CTR_0	17	88.87	-35.763	-6.275	35.063
Q9UL52_PF00089_192_417	CTR_0	22	75.99	16.31	-9.123	-10.123
Q9UL62_PF00520_376_635	CTR_1	10	91.86	22.985	6.76	-11.095
Q9UL62_PF00520_376_635	CTR_0	14	86.92	-0.18	3.481	-24.808
Q9ULC3_PF00071_11_169	CTR_0	18	82.52	-1.783	-1.799	-15.078
Q9ULV1_PF01392_45_151	CTR_0	18	90.95	19.022	25.821	-37.914
Q9ULW8_PF03068_284_661	CTR_0	14	94.2	-7.345	-8.061	22.332
Q9ULX7_PF00194_28_278	CTR_0	16	96.03	4.515	-4.878	-1.988
Q9UM07_PF03068_284_660	CTR_0	14	92.3	-23.618	-11.588	9.055
Q9UM07_PF03068_284_660	CTR_1	23	92.3	-24.081	-6.37	15.451
Q9UM07_PF03068_284_660	CTR_2	17	88.25	-7.44	-8.027	-6.526
Q9UM54_PF00063_59_759	CTR_0	16	79.47	-7.278	-11.576	7.479
Q9UM73_PF07714_1116_1382	CTR_0	20	71.65	-7.363	6.169	-32.495
Q9UNA0_PF01421_269_476	CTR_0	16	85.12	-10.741	-8.258	19.372
Q9UNA4_PF00817_58_235	CTR_0	15	93.87	-2.783	9.497	-3.662
Q9UNN5_PF00789_569_647	CTR_0	14	82.42	-58.971	0.544	63.244
Q9UNN8_PF16497_8_192	CTR_1	19	97.09	-2.175	4.551	-9.577
Q9UNN8_PF16497_8_192	CTR_0	16	96.1	-9.326	2.946	-4.617
Q9UNQ2_PF00398_30_255	CTR_0	20	81.59	-4.049	-7.464	14.265
Q9UNU6_PF00067_37_491	CTR_0	14	84.13	6.025	3.132	3.089
Q9UNU6_PF00067_37_491	CTR_1	15	78.15	6.995	6.798	-1.714
Q9UNU6_PF00067_37_491	CTR_2	14	80.02	8.089	9.219	-9.022
Q9UP95_PF00324_124_300	CTR_0	9	91.04	11.795	8.635	-24.747
Q9UP95_PF03522_709_824	CTR_0	13	85.12	-46.791	-7.463	30.091
Q9UPC5_PF00001_71_327	CTR_0	16	80.87	-10.186	4.958	6.373
Q9UPN9_PF00439_966_1050	CTR_0	11	82.8	1.573	7.243	13.033
Q9UQB9_PF00069_43_293	CTR_1	20	83.77	-7.835	-3.981	9.349
Q9UQB9_PF00069_43_293	CTR_0	17	74.19	-8.605	2.666	7.781
Q9UQG0_PF00078_76_245	CTR_0	11	82.83	23.84	-4.757	-25.213
Q9UQM7_PF00069_13_271	CTR_0	15	79.21	-0.625	10.035	-1.773
Q9Y210_PF00520_486_738	CTR_0	14	84.89	-0.315	8.551	-16.007
Q9Y223_PF00480_410_714	CTR_0	25	82.37	-14.285	-1.673	32.522
Q9Y223_PF00480_410_714	CTR_1	14	85.06	-25.511	-7.676	34.608
Q9Y223_PF02350_37_375	CTR_0	15	89.61	19.813	3.671	-14.937
Q9Y223_PF02350_37_375	CTR_1	14	92.83	23.401	-4.499	-18.982
Q9Y230_PF06068_21_364	CTR_0	17	80.49	6.437	-2.486	-15.192
Q9Y231_PF00852_183_356	CTR_0	16	90.47	1.186	4.78	12.223
Q9Y233_PF01590_544_688	CTR_0	19	97.32	-14.002	-9.247	18.487
Q9Y251_PF03662_165_370	CTR_0	13	95.21	-18.218	-1.963	-6.286
Q9Y253_PF00817_12_227	CTR_0	14	96.61	1.419	1.035	-1.696
Q9Y255_PF04707_16_171	CTR_0	19	81.72	5.645	0.859	-6.436
Q9Y257_PF07885_181_257	CTR_0	13	93.66	-13.281	2.627	4.012
Q9Y265_PF06068_14_368	CTR_0	18	79.86	11.261	0.77	-8.461
Q9Y2C3_PF01762_72_260	CTR_0	13	89.52	2.382	8.103	-3.745
Q9Y2G5_PF10250_45_399	CTR_0	17	80.66	5.071	-0.812	0.289
Q9Y2J2_PF00373_192_301	CTR_0	14	89.52	8.567	4.339	-10.657
Q9Y2J2_PF09380_305_390	CTR_0	12	89.21	-22.791	4.716	7.033
Q9Y2J8_PF03068_285_662	CTR_0	14	89.76	-9.713	-8.224	-5.534
Q9Y2K2_PF00069_66_317	CTR_0	18	86.85	-9.634	9.14	3.328
Q9Y2N7_PF14598_241_344	CTR_0	21	92.5	4.458	5.298	-18.812
Q9Y2Q0_PF13246_479_664	CTR_0	12	73.24	-30.274	1.413	15.46
Q9Y2Q3_PF01323_7_210	CTR_0	19	88.0	-4.5	9.633	-5.345
Q9Y2S2_PF02737_9_189	CTR_0	17	95.58	-0.014	-6.408	9.022
Q9Y2T3_PF01979_74_447	CTR_0	18	77.1	9.679	5.739	-16.019
Q9Y2T5_PF00001_57_317	CTR_0	17	80.98	11.566	-0.193	-11.094
Q9Y2Z4_PF00579_74_374	CTR_0	18	86.47	-8.533	-2.95	2.255
Q9Y316_PF01875_9_291	CTR_0	14	96.66	11.142	9.091	0.557
Q9Y337_PF00089_67_285	CTR_0	14	76.66	2.472	-6.799	3.425
Q9Y397_PF01529_137_261	CTR_0	11	94.08	-11.084	-3.017	1.494
Q9Y3I0_PF01139_68_505	CTR_0	23	86.22	-7.222	8.596	3.644
Q9Y3Q0_PF04389_347_550	CTR_0	16	84.86	3.822	-0.643	-2.25
Q9Y3Q4_PF00027_614_696	CTR_0	17	88.15	-36.578	-3.772	36.465
Q9Y3Q4_PF00520_263_523	CTR_0	12	88.75	25.538	-3.411	-20.454
Q9Y3Q4_PF00520_263_523	CTR_1	14	81.08	8.023	8.828	-15.317
Q9Y450_PF00009_258_476	CTR_0	18	82.09	-12.021	-8.614	12.622
Q9Y463_PF00069_111_431	CTR_0	17	91.43	-15.23	-3.428	4.121
Q9Y468_PF02820_417_484	CTR_0	9	90.67	2.131	-9.914	-16.254
Q9Y468_PF02820_521_587	CTR_0	9	94.47	-16.411	-13.784	4.202
Q9Y4U1_PF16690_20_234	CTR_1	12	94.71	8.785	1.118	6.369
Q9Y4U1_PF16690_20_234	CTR_2	14	78.34	-10.919	5.722	-11.904
Q9Y4U1_PF16690_20_234	CTR_0	13	96.1	0.708	8.952	-6.865
Q9Y530_PF01661_36_134	CTR_0	14	90.0	2.572	-2.194	-8.711
Q9Y572_PF00069_22_280	CTR_0	21	85.45	1.88	0.417	-10.011
Q9Y5A9_PF04146_411_544	CTR_0	17	74.91	-2.61	-2.729	-10.733
Q9Y5K2_PF00089_31_247	CTR_0	21	91.91	5.819	1.41	-3.996
Q9Y5K2_PF00089_31_247	CTR_1	18	94.98	6.928	7.907	-18.432
Q9Y5M8_PF09439_62_241	CTR_0	14	93.36	7.456	1.593	-10.504
Q9Y5N5_PF05175_29_127	CTR_0	15	94.55	6.789	-0.401	-1.654
Q9Y5P4_PF01852_415_618	CTR_0	15	94.16	-10.229	-1.988	3.239
Q9Y5P6_PF00483_2_230	CTR_0	15	77.5	-0.498	-9.568	7.781
Q9Y5S2_PF00069_76_342	CTR_0	19	83.07	10.925	5.798	-27.467
Q9Y5W5_PF02019_38_171	CTR_0	12	82.81	-23.585	9.508	23.395
Q9Y5W5_PF02019_38_171	CTR_1	10	82.81	-27.701	-0.303	31.392
Q9Y5X0_PF00787_42_123	CTR_0	13	77.31	3.216	14.527	-3.638
Q9Y5X0_PF00787_42_123	CTR_1	8	76.89	2.502	13.413	-12.953
Q9Y5Y4_PF00001_50_304	CTR_0	15	90.58	3.922	-0.12	-8.691
Q9Y5Y9_PF00520_1476_1732	CTR_0	16	73.12	-7.183	5.799	-9.845
Q9Y5Z0_PF00026_92_430	CTR_0	17	81.63	-8.037	-0.26	-9.584
Q9Y600_PF00282_49_416	CTR_0	20	97.96	-1.331	-0.712	-2.248
Q9Y616_PF00069_166_441	CTR_0	19	78.5	-14.346	-4.564	-2.786
Q9Y617_PF00266_8_357	CTR_0	19	90.06	-1.54	4.796	2.176
Q9Y657_PF02513_54_102	CTR_0	9	94.24	-17.061	-0.042	3.357
Q9Y663_PF00685_153_388	CTR_0	20	89.22	-9.282	6.533	-10.193
Q9Y689_PF00025_12_174	CTR_0	15	81.76	5.898	-7.801	-8.733
Q9Y697_PF00266_60_421	CTR_1	10	88.05	-13.675	9.104	23.304
Q9Y6A2_PF00067_34_469	CTR_0	17	97.24	5.288	-1.864	1.951
Q9Y6A2_PF00067_34_469	CTR_1	13	92.51	7.543	4.464	-1.381
Q9Y6B6_PF00025_12_197	CTR_0	14	88.78	5.267	-5.953	-7.864
Q9Y6E0_PF00069_36_286	CTR_0	22	74.03	-5.622	-0.601	7.296
Q9Y6E0_PF00069_36_286	CTR_1	8	93.93	21.342	-1.076	-9.109
Q9Y6F1_PF00644_335_532	CTR_0	12	85.54	-3.131	-3.346	5.397
Q9Y6K0_PF01066_82_228	CTR_1	16	89.73	9.294	0.135	-7.407
Q9Y6K0_PF01066_82_228	CTR_0	15	91.17	1.187	5.771	2.269
Q9Y6K1_PF00145_634_766	CTR_0	15	93.84	13.339	2.883	-12.103
Q9Y6K1_PF00855_293_374	CTR_0	11	85.19	-17.575	-15.328	-14.306
Q9Y6L6_PF03137_29_621	CTR_0	12	81.82	-2.585	2.171	8.584
Q9Y6M4_PF00069_43_259	CTR_0	17	82.39	-2.733	11.748	-11.577
Q9Y6M9_PF05347_14_72	CTR_0	17	96.65	-11.224	7.22	18.132
Q9Y6N5_PF07992_44_160	CTR_0	12	98.41	-3.05	6.35	-4.847
Q9Y6W6_PF00782_329_460	CTR_0	15	75.99	-4.513	6.306	-6.72
Q9Y6X5_PF01663_28_339	CTR_0	16	93.58	-9.255	0.297	-12.47
Q9Y6X9_PF13589_30_169	CTR_0	21	81.97	2.355	5.565	-8.562
Q9Y6Y9_PF02221_32_151	CTR_0	10	91.19	0.965	0.731	1.799
