Domain	Ref pocket	Buriedness	min pLDDT
A0AVT1_PF00899_449_931	CTR_0	15	85.94
A0FGR8_PF17047_191_370	CTR_0	15	83.23
A0FGR8_PF17047_191_370	CTR_1	14	74.38
A1L3X0_PF01151_30_266	CTR_0	12	90.0
A1Z1Q3_PF01661_88_201	CTR_0	17	95.09
A6NGN9_PF07686_42_123	CTR_0	14	87.54
A6NHR9_PF13589_143_277	CTR_0	22	76.95
A6NJ78_PF01795_71_405	CTR_0	20	88.94
B2RXH2_PF02373_176_292	CTR_0	18	95.84
L0R8F8_PF05347_8_58	CTR_0	10	86.11
O00141_PF00069_98_355	CTR_0	18	86.36
O00151_PF00595_5_81	CTR_0	15	88.66
O00159_PF00063_49_718	CTR_0	20	74.98
O00167_PF00702_269_513	CTR_0	21	98.41
O00194_PF00071_11_182	CTR_0	19	83.97
O00204_PF00685_60_304	CTR_0	19	96.48
O00204_PF00685_60_304	CTR_1	10	92.91
O00204_PF00685_60_304	CTR_2	17	96.16
O00212_PF00071_19_188	CTR_0	18	86.07
O00214_PF00337_18_150	CTR_0	9	96.55
O00222_PF01094_75_477	CTR_0	16	83.75
O00238_PF07714_204_489	CTR_0	21	86.7
O00255_PF05053_3_499	CTR_0	8	97.14
O00255_PF05053_3_499	CTR_1	11	80.78
O00255_PF05053_3_499	CTR_2	14	98.49
O00268_PF07531_592_682	CTR_0	16	85.32
O00268_PF07531_592_682	CTR_2	20	80.56
O00311_PF00069_58_207	CTR_0	20	92.07
O00327_PF14598_339_441	CTR_0	24	95.1
O00329_PF00454_774_990	CTR_0	13	86.15
O00338_PF00685_39_288	CTR_0	18	97.43
O00370_PF00078_517_773	CTR_0	14	85.5
O00370_PF03372_11_230	CTR_0	16	82.21
O00391_PF04777_405_504	CTR_0	12	97.59
O00408_PF00233_655_887	CTR_0	12	89.99
O00411_PF00940_831_1205	CTR_0	18	74.8
O00418_PF02816_139_318	CTR_0	15	83.82
O00429_PF00350_28_217	CTR_0	12	78.69
O00444_PF00069_12_265	CTR_0	19	80.17
O00506_PF00069_20_270	CTR_0	18	87.19
O00560_PF00595_115_191	CTR_0	12	90.06
O00560_PF00595_200_270	CTR_1	13	93.02
O00560_PF00595_200_270	CTR_0	12	93.29
O00602_PF00147_115_325	CTR_0	17	97.77
O00625_PF02678_22_118	CTR_0	16	87.28
O00757_PF00316_13_198	CTR_0	21	81.18
O00763_PF02785_651_757	CTR_0	1	89.02
O00764_PF08543_94_274	CTR_0	14	88.19
O14520_PF00230_30_272	CTR_0	21	96.58
O14522_PF00102_912_1142	CTR_0	9	91.34
O14607_PF02373_1080_1188	CTR_0	11	97.6
O14638_PF01663_161_486	CTR_0	18	94.91
O14641_PF00778_13_89	CTR_0	12	80.64
O14656_PF06309_44_169	CTR_0	10	92.35
O14684_PF01124_16_146	CTR_0	11	98.04
O14684_PF01124_16_146	CTR_1	12	98.31
O14733_PF00069_122_380	CTR_0	21	71.01
O14744_PF05185_297_464	CTR_0	20	91.0
O14744_PF05185_297_464	CTR_1	14	86.1
O14744_PF17285_37_290	CTR_0	10	91.63
O14744_PF17286_467_635	CTR_0	14	95.51
O14746_PF21399_968_1097	CTR_0	8	88.62
O14757_PF00069_11_264	CTR_2	12	84.46
O14757_PF00069_11_264	CTR_1	13	85.17
O14757_PF00069_11_264	CTR_0	19	72.13
O14782_PF00225_16_257	CTR_0	11	88.31
O14786_PF00754_290_421	CTR_0	10	94.83
O14792_PF00685_55_294	CTR_0	22	90.11
O14807_PF00071_15_176	CTR_0	19	75.69
O14842_PF00001_23_274	CTR_0	22	91.54
O14842_PF00001_23_274	CTR_1	14	89.43
O14843_PF00001_32_276	CTR_0	25	90.84
O14874_PF10436_70_222	CTR_0	21	92.67
O14920_PF00069_16_290	CTR_0	19	75.02
O14931_PF07686_23_127	CTR_0	16	79.12
O14936_PF00069_12_276	CTR_0	16	73.22
O14965_PF00069_133_383	CTR_0	21	82.49
O14965_PF00069_133_383	CTR_1	21	82.49
O14965_PF00069_133_383	CTR_2	14	72.63
O14965_PF00069_133_383	CTR_3	13	85.72
O14966_PF00071_9_174	CTR_0	20	82.72
O14976_PF00069_43_312	CTR_0	18	84.03
O14976_PF00069_43_312	CTR_1	17	83.14
O14994_PF02750_193_395	CTR_0	17	84.89
O15054_PF02373_1377_1485	CTR_0	14	97.85
O15066_PF00225_15_340	CTR_0	13	84.9
O15075_PF00069_390_647	CTR_0	13	87.4
O15075_PF00069_390_647	CTR_1	14	82.96
O15111_PF00069_16_290	CTR_0	19	76.75
O15118_PF16414_23_266	CTR_0	18	72.28
O15164_PF00439_908_988	CTR_0	13	86.6
O15178_PF00907_44_218	CTR_2	13	93.19
O15229_PF01494_10_324	CTR_0	16	78.53
O15244_PF00083_149_524	CTR_0	13	85.89
O15245_PF00083_148_523	CTR_0	14	87.05
O15264_PF00069_28_308	CTR_0	14	79.37
O15270_PF00155_169_528	CTR_0	20	92.25
O15294_PF13844_476_1016	CTR_0	19	93.75
O15296_PF00305_211_656	CTR_0	18	86.37
O15382_PF01063_100_350	CTR_0	20	91.03
O15382_PF01063_100_350	CTR_1	19	84.98
O15393_PF00089_256_484	CTR_1	13	89.12
O15393_PF00089_256_484	CTR_2	14	87.45
O15393_PF00089_256_484	CTR_3	13	70.77
O15399_PF00060_584_856	CTR_0	18	74.68
O15439_PF00664_714_991	CTR_0	14	90.77
O15496_PF00068_46_149	CTR_0	19	83.34
O15527_PF00730_143_285	CTR_0	11	88.25
O15530_PF00069_83_330	CTR_0	13	93.23
O15530_PF00069_83_330	CTR_1	20	82.97
O15530_PF00069_83_330	CTR_2	11	75.63
O15540_PF00061_8_131	CTR_0	20	89.15
O15550_PF02373_1133_1241	CTR_0	16	97.42
O15552_PF00001_25_272	CTR_3	11	93.3
O15552_PF00001_25_272	CTR_2	18	84.71
O15552_PF00001_25_272	CTR_4	15	95.52
O15552_PF00001_25_272	CTR_0	20	85.65
O15552_PF00001_25_272	CTR_1	12	90.86
O43148_PF03291_137_475	CTR_0	19	83.14
O43159_PF05148_238_456	CTR_0	22	95.02
O43169_PF00173_29_99	CTR_0	15	93.28
O43173_PF00777_117_370	CTR_0	18	83.79
O43175_PF00389_9_317	CTR_0	20	92.53
O43175_PF02826_112_285	CTR_0	18	92.53
O43189_PF18104_34_69	CTR_0	14	93.19
O43252_PF01583_51_203	CTR_1	12	90.75
O43252_PF01583_51_203	CTR_0	15	80.6
O43252_PF01747_394_617	CTR_0	17	93.21
O43292_PF04114_125_615	CTR_0	20	90.16
O43293_PF00069_13_275	CTR_0	18	83.16
O43353_PF07714_22_288	CTR_0	20	84.59
O43414_PF00929_147_319	CTR_0	13	94.51
O43451_PF01055_370_726	CTR_0	16	94.53
O43451_PF01055_370_726	CTR_1	19	95.1
O43488_PF00248_41_346	CTR_0	21	93.25
O43502_PF08423_100_348	CTR_0	15	92.92
O43504_PF16672_1_88	CTR_0	12	94.65
O43520_PF13246_524_711	CTR_0	11	74.88
O43526_PF00520_96_321	CTR_1	11	95.36
O43570_PF00194_39_289	CTR_0	17	95.9
O43613_PF00001_63_358	CTR_8	11	86.15
O43613_PF00001_63_358	CTR_7	11	96.48
O43613_PF00001_63_358	CTR_6	13	78.51
O43613_PF00001_63_358	CTR_5	8	84.06
O43613_PF00001_63_358	CTR_9	11	93.14
O43613_PF00001_63_358	CTR_3	12	92.51
O43613_PF00001_63_358	CTR_2	14	84.06
O43613_PF00001_63_358	CTR_1	11	94.66
O43613_PF00001_63_358	CTR_0	15	89.22
O43613_PF00001_63_358	CTR_4	10	90.47
O43614_PF00001_71_364	CTR_0	19	90.6
O43617_PF04051_19_165	CTR_0	18	94.59
O43683_PF00069_790_1004	CTR_0	19	74.88
O43683_PF00069_790_1004	CTR_1	20	87.23
O43704_PF00685_38_288	CTR_0	17	97.44
O43704_PF00685_38_288	CTR_1	18	89.78
O43708_PF13409_14_81	CTR_0	14	96.8
O43709_PF08241_58_130	CTR_0	19	94.95
O43766_PF04055_133_295	CTR_0	12	92.3
O43776_PF00152_226_541	CTR_0	20	77.57
O43781_PF00069_209_522	CTR_0	20	83.63
O43809_PF13869_36_222	CTR_0	18	88.56
O43809_PF13869_36_222	CTR_1	12	95.47
O43824_PF01926_297_390	CTR_0	13	89.89
O43865_PF00670_289_449	CTR_0	20	77.05
O43865_PF05221_239_529	CTR_0	21	77.05
O43913_PF13191_8_154	CTR_0	9	87.61
O43924_PF05351_10_149	CTR_0	20	95.82
O60218_PF00248_17_292	CTR_7	14	96.05
O60218_PF00248_17_292	CTR_5	14	95.36
O60218_PF00248_17_292	CTR_4	17	95.36
O60218_PF00248_17_292	CTR_6	10	92.93
O60218_PF00248_17_292	CTR_2	18	98.03
O60218_PF00248_17_292	CTR_1	17	97.23
O60218_PF00248_17_292	CTR_3	19	91.79
O60218_PF00248_17_292	CTR_0	16	98.23
O60313_PF00350_291_469	CTR_0	11	78.66
O60341_PF01593_288_825	CTR_0	25	97.02
O60341_PF01593_288_825	CTR_1	13	90.98
O60493_PF00787_58_147	CTR_0	10	81.5
O60502_PF07555_62_342	CTR_0	17	90.39
O60507_PF13469_70_262	CTR_0	12	96.76
O60547_PF16363_27_358	CTR_1	22	95.68
O60547_PF16363_27_358	CTR_0	20	91.68
O60551_PF01233_143_296	CTR_0	14	84.48
O60658_PF00233_555_807	CTR_0	16	82.42
O60674_PF07714_546_805	CTR_0	18	88.06
O60674_PF07714_849_1120	CTR_0	19	87.2
O60674_PF07714_849_1120	CTR_1	17	83.03
O60678_PF06325_255_328	CTR_0	12	90.73
O60678_PF22528_364_522	CTR_0	13	91.32
O60701_PF03721_5_190	CTR_0	17	89.15
O60704_PF13469_69_262	CTR_0	12	96.16
O60741_PF00027_494_576	CTR_0	16	89.86
O60741_PF00520_143_403	CTR_0	15	84.77
O60741_PF00520_143_403	CTR_1	13	90.18
O60760_PF02798_5_72	CTR_0	11	96.85
O60779_PF01770_28_458	CTR_0	14	93.78
O60825_PF01591_27_249	CTR_0	14	79.57
O60841_PF00009_632_843	CTR_0	14	79.62
O60882_PF00413_116_271	CTR_0	18	91.52
O60885_PF00439_357_444	CTR_0	14	89.79
O60885_PF00439_70_151	CTR_3	19	93.9
O60885_PF00439_70_151	CTR_2	18	91.64
O60885_PF00439_70_151	CTR_0	13	92.46
O60885_PF00439_70_151	CTR_1	15	92.32
O60911_PF00112_114_332	CTR_0	15	94.28
O75116_PF00069_92_354	CTR_0	23	84.99
O75144_PF07686_20_129	CTR_0	10	86.29
O75164_PF02373_175_291	CTR_0	13	94.04
O75173_PF01421_218_428	CTR_0	21	72.38
O75191_PF02782_296_479	CTR_0	15	84.02
O75208_PF08511_213_284	CTR_0	13	96.79
O75367_PF01661_213_326	CTR_0	17	86.22
O75385_PF00069_17_278	CTR_0	16	86.61
O75390_PF00285_71_450	CTR_0	7	78.42
O75417_PF00476_2098_2584	CTR_1	26	71.8
O75460_PF00069_575_832	CTR_1	20	73.2
O75469_PF00104_243_411	CTR_0	13	93.45
O75608_PF02230_11_225	CTR_0	23	85.02
O75628_PF00071_82_243	CTR_0	13	93.39
O75689_PF00169_131_228	CTR_0	12	89.83
O75716_PF00069_22_286	CTR_0	17	88.82
O75751_PF07690_159_485	CTR_0	16	87.02
O75762_PF00520_745_971	CTR_0	9	84.69
O75762_PF00520_745_971	CTR_1	13	84.58
O75794_PF07065_14_314	CTR_0	16	91.92
O75828_PF00106_6_148	CTR_0	15	92.97
O75844_PF01435_229_472	CTR_0	15	90.93
O75844_PF16491_41_225	CTR_0	16	96.46
O75844_PF16491_41_225	CTR_1	17	95.53
O75874_PF00180_11_380	CTR_0	11	82.19
O75874_PF00180_11_380	CTR_1	13	83.8
O75874_PF00180_11_380	CTR_2	19	90.89
O75874_PF00180_11_380	CTR_3	13	92.56
O75891_PF00551_1_180	CTR_0	19	84.34
O75897_PF00685_45_294	CTR_0	17	96.64
O75899_PF00003_477_743	CTR_0	14	86.59
O75907_PF03062_155_474	CTR_0	18	91.09
O75908_PF03062_151_494	CTR_0	14	86.85
O75908_PF03062_151_494	CTR_1	11	85.91
O75908_PF03062_151_494	CTR_2	17	86.85
O75908_PF03062_151_494	CTR_3	17	95.85
O75914_PF00069_283_534	CTR_0	17	77.23
O75936_PF02668_114_366	CTR_0	20	72.61
O75936_PF02668_114_366	CTR_1	20	73.7
O75940_PF06003_72_122	CTR_0	10	85.49
O76039_PF00069_14_296	CTR_0	21	83.25
O76054_PF00650_84_243	CTR_0	17	96.48
O76074_PF00233_612_845	CTR_0	17	87.54
O76074_PF00233_612_845	CTR_1	16	95.19
O76083_PF00233_311_539	CTR_0	13	85.39
O76090_PF01062_1_324	CTR_0	18	84.38
O94759_PF18139_141_397	CTR_0	17	80.52
O94766_PF03360_96_312	CTR_0	13	71.37
O94768_PF00069_36_293	CTR_0	20	91.8
O94788_PF00171_46_509	CTR_0	20	98.19
O94788_PF00171_46_509	CTR_1	18	96.66
O94804_PF00069_37_294	CTR_0	19	78.8
O94953_PF02373_176_292	CTR_0	11	94.87
O95045_PF01048_60_310	CTR_0	16	96.63
O95050_PF01234_4_259	CTR_0	23	98.21
O95057_PF00071_9_165	CTR_0	19	86.03
O95136_PF00001_50_288	CTR_0	16	93.24
O95140_PF00350_99_258	CTR_0	13	77.58
O95154_PF00248_13_318	CTR_0	19	93.7
O95251_PF01853_393_570	CTR_0	20	76.95
O95251_PF01853_393_570	CTR_1	17	75.06
O95340_PF01583_41_192	CTR_0	12	82.37
O95340_PF01583_41_192	CTR_1	18	86.57
O95340_PF01747_384_606	CTR_0	16	75.92
O95372_PF02230_13_227	CTR_1	18	92.17
O95372_PF02230_13_227	CTR_0	24	88.63
O95398_PF00027_268_347	CTR_0	18	87.02
O95433_PF08327_217_331	CTR_0	16	79.72
O95445_PF11032_1_186	CTR_0	19	92.32
O95470_PF00282_196_448	CTR_0	20	97.3
O95486_PF08033_744_828	CTR_0	10	94.15
O95568_PF13489_182_322	CTR_0	15	91.28
O95619_PF03366_42_121	CTR_0	13	90.85
O95696_PF00439_572_653	CTR_0	11	92.61
O95696_PF00855_931_1037	CTR_0	10	85.02
O95716_PF00071_24_183	CTR_0	20	78.86
O95718_PF00104_241_415	CTR_0	17	96.31
O95749_PF00348_10_250	CTR_0	18	74.13
O95819_PF00069_25_289	CTR_0	18	75.57
O95861_PF00459_12_295	CTR_0	22	79.36
O95989_PF00293_20_139	CTR_0	9	93.54
O96013_PF00069_326_572	CTR_0	22	77.3
O96017_PF00069_221_486	CTR_0	19	81.65
O96019_PF00022_8_428	CTR_0	20	90.87
O96028_PF00855_223_303	CTR_0	10	72.72
O96028_PF00856_1074_1180	CTR_0	13	72.73
P00156_PF00033_19_204	CTR_1	18	97.91
P00156_PF00033_19_204	CTR_0	20	98.41
P00167_PF00173_13_84	CTR_0	20	88.64
P00325_PF00107_203_331	CTR_0	12	94.72
P00325_PF08240_35_162	CTR_0	12	89.28
P00326_PF00107_203_336	CTR_0	12	96.23
P00326_PF08240_34_162	CTR_0	13	90.76
P00338_PF00056_22_160	CTR_0	18	83.15
P00338_PF00056_22_160	CTR_1	13	89.23
P00338_PF02866_164_324	CTR_0	15	84.56
P00352_PF00171_29_492	CTR_1	16	98.21
P00352_PF00171_29_492	CTR_2	18	97.89
P00352_PF00171_29_492	CTR_0	19	98.21
P00374_PF00186_5_185	CTR_0	22	92.81
P00387_PF00970_45_151	CTR_0	9	95.31
P00390_PF12831_66_177	CTR_0	18	97.96
P00390_PF12831_66_177	CTR_1	15	98.37
P00395_PF00115_14_460	CTR_0	19	82.1
P00395_PF00115_14_460	CTR_1	19	97.03
P00414_PF00510_6_261	CTR_0	10	98.45
P00439_PF00351_119_449	CTR_0	20	73.94
P00439_PF00351_119_449	CTR_1	16	88.19
P00441_PF00080_15_150	CTR_3	14	95.76
P00441_PF00080_15_150	CTR_2	15	87.13
P00441_PF00080_15_150	CTR_0	11	97.03
P00441_PF00080_15_150	CTR_1	10	98.56
P00480_PF00185_187_340	CTR_0	12	78.23
P00491_PF01048_27_276	CTR_0	24	88.47
P00492_PF00156_42_195	CTR_0	12	88.91
P00505_PF00155_58_425	CTR_0	21	89.19
P00519_PF07714_242_492	CTR_0	22	76.57
P00519_PF07714_242_492	CTR_2	17	95.05
P00533_PF07714_714_966	CTR_0	17	73.46
P00558_PF00162_9_406	CTR_1	16	90.46
P00558_PF00162_9_406	CTR_0	17	84.24
P00568_PF00406_13_168	CTR_0	22	90.28
P00734_PF00089_364_613	CTR_1	15	94.8
P00734_PF00089_364_613	CTR_2	22	95.08
P00734_PF00089_364_613	CTR_3	23	76.08
P00734_PF00089_364_613	CTR_4	15	95.23
P00747_PF00051_103_181	CTR_0	10	93.29
P00747_PF00051_185_262	CTR_0	10	82.94
P00749_PF00089_179_419	CTR_2	14	81.41
P00751_PF00089_489_730	CTR_0	16	81.9
P00813_PF00962_10_349	CTR_0	26	97.14
P00915_PF00194_12_261	CTR_0	18	96.06
P00918_PF00194_11_259	CTR_15	18	95.91
P00918_PF00194_11_259	CTR_13	19	96.17
P00918_PF00194_11_259	CTR_14	9	95.61
P00918_PF00194_11_259	CTR_16	20	97.62
P00918_PF00194_11_259	CTR_12	23	97.7
P00918_PF00194_11_259	CTR_18	19	94.68
P00918_PF00194_11_259	CTR_19	25	98.62
P00918_PF00194_11_259	CTR_20	17	97.34
P00918_PF00194_11_259	CTR_21	11	97.72
P00918_PF00194_11_259	CTR_17	18	96.17
P00918_PF00194_11_259	CTR_11	21	97.67
P00918_PF00194_11_259	CTR_3	22	97.54
P00918_PF00194_11_259	CTR_9	19	95.61
P00918_PF00194_11_259	CTR_8	19	97.73
P00918_PF00194_11_259	CTR_7	21	96.71
P00918_PF00194_11_259	CTR_6	23	97.67
P00918_PF00194_11_259	CTR_5	23	97.9
P00918_PF00194_11_259	CTR_4	25	98.05
P00918_PF00194_11_259	CTR_10	17	95.61
P00918_PF00194_11_259	CTR_2	14	97.7
P00918_PF00194_11_259	CTR_1	19	95.01
P00918_PF00194_11_259	CTR_0	18	96.77
P01008_PF00079_86_461	CTR_0	11	84.87
P01009_PF00079_54_415	CTR_0	18	84.02
P01011_PF00079_52_420	CTR_0	16	94.23
P01011_PF00079_52_420	CTR_2	18	91.19
P01011_PF00079_52_420	CTR_3	20	84.6
P01011_PF00079_52_420	CTR_5	15	87.27
P01011_PF00079_52_420	CTR_6	17	84.28
P01111_PF00071_5_164	CTR_0	18	78.13
P01111_PF00071_5_164	CTR_1	14	86.08
P01112_PF00071_5_164	CTR_4	11	86.62
P01112_PF00071_5_164	CTR_3	16	92.32
P01112_PF00071_5_164	CTR_0	19	79.9
P01112_PF00071_5_164	CTR_1	25	79.9
P01112_PF00071_5_164	CTR_2	18	79.9
P01116_PF00071_5_164	CTR_0	19	79.81
P01116_PF00071_5_164	CTR_1	24	81.12
P01116_PF00071_5_164	CTR_2	11	80.94
P01215_PF00236_28_115	CTR_0	10	91.14
P01584_PF00340_147_264	CTR_0	17	73.68
P01584_PF00340_147_264	CTR_1	12	88.04
P01889_PF00129_25_203	CTR_0	20	97.57
P02008_PF00042_28_137	CTR_0	14	98.11
P02042_PF00042_27_142	CTR_0	15	95.68
P02100_PF00042_27_141	CTR_0	14	97.06
P02144_PF00042_28_141	CTR_0	13	96.67
P02549_PF00435_1714_1817	CTR_0	14	83.75
P02671_PF00147_630_862	CTR_0	13	77.93
P02689_PF00061_7_131	CTR_0	22	84.68
P02708_PF02931_24_230	CTR_0	7	88.33
P02730_PF00955_378_554	CTR_0	13	88.76
P02730_PF00955_565_889	CTR_0	10	84.8
P02741_PF00354_25_220	CTR_0	10	98.52
P02743_PF00354_26_219	CTR_0	11	97.43
P02753_PF00061_39_173	CTR_0	17	83.32
P02766_PF00576_34_138	CTR_0	10	98.54
P02768_PF00273_223_394	CTR_0	18	95.58
P02768_PF00273_223_394	CTR_1	16	94.3
P02768_PF00273_223_394	CTR_2	10	94.64
P02768_PF00273_31_202	CTR_0	11	92.42
P02768_PF00273_31_202	CTR_1	11	87.9
P02768_PF00273_31_202	CTR_2	19	93.07
P02768_PF00273_31_202	CTR_3	15	94.64
P02768_PF00273_414_592	CTR_8	18	91.06
P02768_PF00273_414_592	CTR_7	16	72.85
P02768_PF00273_414_592	CTR_6	11	86.76
P02768_PF00273_414_592	CTR_5	21	75.03
P02768_PF00273_414_592	CTR_9	11	86.76
P02768_PF00273_414_592	CTR_3	18	95.65
P02768_PF00273_414_592	CTR_2	22	72.85
P02768_PF00273_414_592	CTR_1	22	75.03
P02768_PF00273_414_592	CTR_0	21	95.32
P02768_PF00273_414_592	CTR_4	20	72.85
P02771_PF00273_222_393	CTR_0	19	91.91
P02771_PF00273_222_393	CTR_1	16	89.68
P02771_PF00273_415_592	CTR_0	21	91.93
P02771_PF00273_415_592	CTR_1	22	84.65
P02774_PF00273_27_199	CTR_0	12	91.56
P02778_PF00048_29_88	CTR_0	16	94.25
P02794_PF00210_19_159	CTR_1	13	97.82
P02794_PF00210_19_159	CTR_0	16	98.05
P03372_PF00104_337_530	CTR_0	18	92.56
P03952_PF00089_391_621	CTR_0	20	71.38
P03952_PF00089_391_621	CTR_1	13	78.23
P03956_PF00413_108_261	CTR_0	14	95.79
P03999_PF00001_49_300	CTR_0	22	91.65
P04000_PF00001_71_322	CTR_0	20	78.33
P04001_PF00001_71_322	CTR_0	22	88.47
P04035_PF00368_492_871	CTR_1	14	87.49
P04035_PF00368_492_871	CTR_2	14	70.24
P04040_PF00199_28_410	CTR_1	9	98.57
P04040_PF00199_28_410	CTR_0	20	98.21
P04040_PF00199_28_410	CTR_2	25	97.55
P04049_PF07714_351_605	CTR_0	17	81.82
P04150_PF00104_558_735	CTR_0	18	93.6
P04150_PF00104_558_735	CTR_1	8	86.32
P04150_PF00104_558_735	CTR_2	13	75.64
P04179_PF00081_25_106	CTR_0	17	97.42
P04179_PF00081_25_106	CTR_1	19	98.57
P04179_PF00081_25_106	CTR_2	16	98.28
P04179_PF00081_25_106	CTR_3	14	97.42
P04179_PF02777_113_216	CTR_3	15	96.6
P04179_PF02777_113_216	CTR_2	13	98.06
P04179_PF02777_113_216	CTR_1	19	96.6
P04179_PF02777_113_216	CTR_0	19	96.85
P04181_PF00202_50_436	CTR_0	14	95.75
P04183_PF00265_19_189	CTR_0	22	71.26
P04278_PF00054_75_204	CTR_0	22	74.96
P04439_PF00129_25_203	CTR_0	12	96.42
P04626_PF07714_722_975	CTR_0	21	73.67
P04637_PF00870_100_288	CTR_3	14	88.03
P04637_PF00870_100_288	CTR_2	11	96.53
P04637_PF00870_100_288	CTR_4	13	87.74
P04637_PF00870_100_288	CTR_0	17	93.35
P04637_PF00870_100_288	CTR_1	15	96.28
P04798_PF00067_40_491	CTR_0	18	96.06
P04818_PF00303_32_313	CTR_0	21	81.0
P04839_PF01794_79_219	CTR_0	10	90.24
P04839_PF08030_401_550	CTR_0	17	87.7
P05089_PF00491_7_301	CTR_0	22	96.5
P05090_PF00061_44_182	CTR_0	19	90.06
P05091_PF00171_45_508	CTR_0	17	97.89
P05091_PF00171_45_508	CTR_1	20	96.45
P05093_PF00067_28_492	CTR_2	17	80.41
P05093_PF00067_28_492	CTR_0	18	92.71
P05093_PF00067_28_492	CTR_1	20	86.79
P05108_PF00067_52_511	CTR_0	18	96.85
P05108_PF00067_52_511	CTR_1	15	98.23
P05121_PF00079_35_402	CTR_0	17	87.88
P05121_PF00079_35_402	CTR_1	12	87.92
P05164_PF03098_173_717	CTR_0	16	91.38
P05164_PF03098_173_717	CTR_1	9	72.88
P05177_PF00067_42_493	CTR_1	19	97.17
P05177_PF00067_42_493	CTR_0	22	94.09
P05181_PF00067_33_489	CTR_0	18	96.84
P05230_PF00167_27_148	CTR_0	15	93.43
P05413_PF00061_7_132	CTR_0	22	83.76
P05413_PF00061_7_132	CTR_1	10	91.89
P05543_PF00079_46_412	CTR_0	17	84.15
P05549_PF03299_211_405	CTR_0	14	88.51
P05556_PF00362_138_382	CTR_0	12	90.25
P05771_PF00069_343_598	CTR_0	18	84.12
P05981_PF00089_163_400	CTR_0	17	80.01
P06126_PF16497_1_196	CTR_0	14	90.78
P06132_PF01208_15_360	CTR_0	16	88.33
P06239_PF07714_245_493	CTR_1	22	83.77
P06241_PF07714_271_520	CTR_0	6	72.82
P06241_PF07714_271_520	CTR_1	20	86.09
P06276_PF00135_31_550	CTR_0	17	91.36
P06276_PF00135_31_550	CTR_1	15	97.28
P06276_PF00135_31_550	CTR_2	13	97.94
P06280_PF16499_39_322	CTR_0	19	98.16
P06280_PF16499_39_322	CTR_1	14	98.17
P06280_PF16499_39_322	CTR_2	13	98.47
P06401_PF00104_715_887	CTR_0	16	92.27
P06493_PF00069_4_287	CTR_0	20	81.7
P06576_PF00006_186_405	CTR_0	15	72.29
P06730_PF01652_38_197	CTR_0	11	93.28
P06730_PF01652_38_197	CTR_1	19	97.4
P06737_PF00343_114_828	CTR_0	22	82.12
P06737_PF00343_114_828	CTR_1	20	82.12
P06737_PF00343_114_828	CTR_2	14	70.04
P06744_PF00342_54_546	CTR_0	21	89.23
P06746_PF14792_149_262	CTR_0	15	95.47
P06858_PF00151_30_338	CTR_0	9	85.51
P07101_PF00351_195_524	CTR_0	17	84.13
P07108_PF00887_3_78	CTR_0	13	95.12
P07148_PF14651_1_127	CTR_0	20	94.84
P07148_PF14651_1_127	CTR_1	17	83.75
P07148_PF14651_1_127	CTR_2	21	83.75
P07195_PF00056_23_161	CTR_0	19	83.87
P07306_PF00059_172_279	CTR_0	14	96.72
P07327_PF00107_203_335	CTR_0	13	95.21
P07327_PF08240_34_162	CTR_0	10	94.55
P07332_PF07714_562_814	CTR_0	19	89.58
P07360_PF00061_48_184	CTR_0	12	94.59
P07384_PF00648_56_352	CTR_0	17	86.6
P07437_PF00091_3_211	CTR_0	18	88.19
P07550_PF00001_50_326	CTR_0	19	92.85
P07686_PF00728_200_516	CTR_0	16	96.02
P07711_PF00112_115_332	CTR_0	18	96.07
P07711_PF00112_115_332	CTR_1	11	98.11
P07741_PF00156_33_158	CTR_0	11	83.12
P07814_PF00587_1113_1284	CTR_1	13	84.22
P07858_PF00112_80_328	CTR_0	19	95.84
P07864_PF00056_21_160	CTR_0	19	82.95
P07900_PF13589_43_159	CTR_0	20	82.06
P07900_PF13589_43_159	CTR_1	1	93.47
P07902_PF01087_23_196	CTR_0	14	85.7
P07948_PF07714_247_496	CTR_0	22	84.76
P07949_PF07714_725_1005	CTR_1	22	74.69
P08134_PF00071_7_177	CTR_0	18	83.86
P08183_PF00664_52_343	CTR_0	10	89.81
P08183_PF00664_712_986	CTR_0	13	74.51
P08185_PF00079_42_404	CTR_0	14	86.23
P08235_PF00104_767_943	CTR_0	16	94.53
P08240_PF00448_419_636	CTR_0	17	88.19
P08246_PF00089_30_242	CTR_0	13	93.05
P08254_PF00413_108_264	CTR_1	10	82.89
P08254_PF00413_108_264	CTR_0	17	85.73
P08263_PF02798_6_77	CTR_0	10	98.0
P08311_PF00089_21_238	CTR_0	13	88.62
P08311_PF00089_21_238	CTR_1	12	95.65
P08319_PF00107_208_331	CTR_0	12	91.65
P08473_PF01431_543_749	CTR_0	17	96.56
P08519_PF00051_1274_1351	CTR_0	9	86.22
P08519_PF00051_1616_1693	CTR_0	10	87.38
P08559_PF00676_67_361	CTR_0	17	97.39
P08574_PF02167_96_312	CTR_0	17	95.86
P08581_PF07714_1078_1336	CTR_2	12	76.13
P08588_PF00001_75_377	CTR_0	24	86.97
P08631_PF00017_144_226	CTR_0	14	88.67
P08631_PF07714_262_511	CTR_0	20	86.26
P08684_PF00067_39_493	CTR_0	14	83.87
P08686_PF00067_49_479	CTR_0	19	96.68
P08686_PF00067_49_479	CTR_1	18	86.3
P08709_PF00089_213_447	CTR_1	12	84.12
P08754_PF00503_14_343	CTR_0	21	94.09
P08842_PF00884_27_413	CTR_0	14	93.32
P08913_PF00001_65_441	CTR_1	6	90.95
P08913_PF00001_65_441	CTR_0	16	84.55
P09210_PF02798_6_77	CTR_0	10	98.34
P09211_PF02798_6_74	CTR_0	11	97.89
P09237_PF00413_103_259	CTR_0	13	80.56
P09238_PF00413_107_263	CTR_0	16	87.39
P09382_PF00337_10_134	CTR_0	10	95.06
P09417_PF00106_13_194	CTR_0	21	92.83
P09455_PF00061_6_133	CTR_0	19	89.36
P09467_PF00316_13_198	CTR_0	19	81.87
P09467_PF00316_13_198	CTR_1	12	80.65
P09488_PF02798_5_82	CTR_0	10	98.42
P09601_PF01126_12_216	CTR_0	21	85.28
P09601_PF01126_12_216	CTR_1	14	85.28
P09622_PF07992_43_370	CTR_0	24	96.72
P09622_PF07992_43_370	CTR_1	17	96.14
P09622_PF07992_43_370	CTR_2	13	97.76
P09651_PF00076_107_166	CTR_0	11	95.18
P09769_PF00017_144_226	CTR_0	14	88.53
P09769_PF07714_263_512	CTR_0	22	87.31
P09769_PF07714_263_512	CTR_1	19	72.72
P09874_PF00644_808_1007	CTR_0	12	71.83
P09884_PF00136_775_1227	CTR_0	13	83.55
P09917_PF00305_222_658	CTR_0	17	97.12
P09958_PF00082_144_427	CTR_0	13	85.78
P09960_PF01433_235_440	CTR_0	14	86.11
P09960_PF17900_20_202	CTR_0	15	94.23
P0C024_PF00293_41_156	CTR_0	19	84.95
P0C024_PF00293_41_156	CTR_1	14	87.63
P0C1S8_PF00069_214_482	CTR_0	16	90.71
P0CG47_PF00240_155_226	CTR_0	2	93.16
P0CG47_PF00240_155_226	CTR_1	3	94.03
P0DJI8_PF00277_23_122	CTR_0	14	90.97
P0DMM9_PF00685_38_287	CTR_0	18	96.54
P0DMM9_PF00685_38_287	CTR_1	18	93.67
P0DMS8_PF00001_29_282	CTR_0	20	91.98
P0DMV8_PF00012_6_611	CTR_0	21	93.11
P0DP23_PF13499_12_73	CTR_0	12	74.34
P0DP23_PF13499_83_147	CTR_0	15	84.51
P0DPD7_PF08241_64_172	CTR_0	18	96.62
P10114_PF00071_5_165	CTR_0	19	82.91
P10153_PF00074_33_158	CTR_0	12	96.39
P10253_PF01055_361_712	CTR_1	11	97.98
P10253_PF01055_361_712	CTR_0	20	96.92
P10275_PF00104_699_878	CTR_0	19	93.67
P10275_PF00104_699_878	CTR_1	10	89.49
P10275_PF00104_699_878	CTR_2	11	90.55
P10275_PF00104_699_878	CTR_3	13	90.32
P10276_PF00104_227_399	CTR_0	17	93.88
P10398_PF07714_311_565	CTR_0	16	75.9
P10415_PF00452_97_195	CTR_0	17	72.0
P10586_PF00102_1664_1897	CTR_0	15	79.22
P10599_PF00085_6_102	CTR_1	20	95.58
P10599_PF00085_6_102	CTR_0	18	95.09
P10619_PF00450_39_476	CTR_0	26	90.67
P10632_PF00067_30_487	CTR_0	20	90.25
P10632_PF00067_30_487	CTR_1	17	71.58
P10632_PF00067_30_487	CTR_2	19	78.83
P10635_PF00067_34_493	CTR_0	17	85.18
P10635_PF00067_34_493	CTR_1	16	79.2
P10644_PF00027_274_359	CTR_0	17	82.79
P10809_PF00118_47_546	CTR_0	19	88.21
P10826_PF00104_227_399	CTR_0	18	94.1
P10827_PF00104_215_376	CTR_0	15	82.15
P10828_PF00104_269_435	CTR_0	18	93.94
P11021_PF00012_30_635	CTR_0	23	94.63
P11047_PF00055_50_284	CTR_0	12	92.05
P11086_PF01234_16_279	CTR_0	23	96.4
P11086_PF01234_16_279	CTR_1	22	92.16
P11166_PF00083_19_466	CTR_0	22	93.55
P11169_PF00083_14_465	CTR_2	15	79.79
P11169_PF00083_14_465	CTR_3	17	83.72
P11169_PF00083_14_465	CTR_0	11	98.02
P11169_PF00083_14_465	CTR_1	19	83.72
P11172_PF00156_46_162	CTR_0	10	87.87
P11172_PF00215_252_466	CTR_0	20	90.28
P11172_PF00215_252_466	CTR_1	15	96.14
P11216_PF00343_114_828	CTR_0	22	83.64
P11217_PF00343_115_828	CTR_0	19	84.77
P11229_PF00001_42_418	CTR_0	19	91.88
P11233_PF00071_16_176	CTR_0	20	73.03
P11234_PF00071_16_177	CTR_0	18	70.56
P11245_PF00797_20_279	CTR_0	15	86.91
P11309_PF00069_38_290	CTR_2	13	95.73
P11309_PF00069_38_290	CTR_1	18	74.84
P11309_PF00069_38_290	CTR_0	19	74.84
P11362_PF07714_479_754	CTR_0	21	72.92
P11387_PF01028_432_664	CTR_0	10	92.16
P11388_PF02518_80_176	CTR_0	21	74.11
P11413_PF00479_35_210	CTR_0	16	91.49
P11413_PF02781_212_503	CTR_0	12	95.83
P11413_PF02781_212_503	CTR_1	15	97.74
P11473_PF00104_228_402	CTR_0	17	92.85
P11474_PF00104_226_394	CTR_0	14	92.72
P11498_PF00682_698_806	CTR_0	15	94.81
P11509_PF00067_34_490	CTR_0	19	97.97
P11509_PF00067_34_490	CTR_1	17	97.95
P11511_PF00067_49_484	CTR_0	18	95.36
P11511_PF00067_49_484	CTR_1	17	93.41
P11511_PF00067_49_484	CTR_2	13	89.15
P11586_PF02882_146_293	CTR_0	16	88.28
P11597_PF02886_245_478	CTR_0	18	96.95
P11597_PF02886_245_478	CTR_1	11	97.13
P11712_PF00067_30_487	CTR_1	20	94.13
P11712_PF00067_30_487	CTR_2	17	79.46
P11712_PF00067_30_487	CTR_0	19	85.64
P11766_PF00107_202_331	CTR_0	12	94.42
P11802_PF00069_6_295	CTR_0	21	73.84
P11926_PF00278_40_387	CTR_0	20	72.61
P11926_PF02784_45_281	CTR_0	20	72.61
P12104_PF00061_6_131	CTR_0	21	78.05
P12268_PF00478_29_504	CTR_16	23	90.94
P12268_PF00478_29_504	CTR_17	14	80.43
P12268_PF00478_29_504	CTR_18	9	77.74
P12268_PF00478_29_504	CTR_19	26	78.56
P12268_PF00478_29_504	CTR_20	19	86.73
P12268_PF00478_29_504	CTR_21	19	86.73
P12268_PF00478_29_504	CTR_23	13	89.57
P12268_PF00478_29_504	CTR_26	14	81.54
P12268_PF00478_29_504	CTR_25	18	77.74
P12268_PF00478_29_504	CTR_27	28	78.56
P12268_PF00478_29_504	CTR_28	20	73.94
P12268_PF00478_29_504	CTR_29	10	77.74
P12268_PF00478_29_504	CTR_30	9	77.27
P12268_PF00478_29_504	CTR_24	23	90.94
P12268_PF00478_29_504	CTR_15	27	93.34
P12268_PF00478_29_504	CTR_22	21	73.94
P12268_PF00478_29_504	CTR_13	18	77.74
P12268_PF00478_29_504	CTR_0	21	75.08
P12268_PF00478_29_504	CTR_1	27	92.86
P12268_PF00478_29_504	CTR_2	25	92.86
P12268_PF00478_29_504	CTR_3	22	75.08
P12268_PF00478_29_504	CTR_4	20	77.74
P12268_PF00478_29_504	CTR_5	20	80.01
P12268_PF00478_29_504	CTR_6	25	75.08
P12268_PF00478_29_504	CTR_14	18	77.74
P12268_PF00478_29_504	CTR_7	21	81.54
P12268_PF00478_29_504	CTR_8	26	94.13
P12268_PF00478_29_504	CTR_9	19	80.01
P12268_PF00478_29_504	CTR_10	18	80.01
P12268_PF00478_29_504	CTR_11	18	81.54
P12268_PF00478_29_504	CTR_12	28	94.64
P12271_PF00650_143_291	CTR_0	20	87.2
P12544_PF00089_29_254	CTR_0	15	90.92
P12694_PF00676_106_405	CTR_1	12	97.13
P12694_PF00676_106_405	CTR_0	16	94.69
P12821_PF01401_41_623	CTR_0	16	87.59
P12821_PF01401_41_623	CTR_1	13	88.32
P12821_PF01401_41_623	CTR_2	12	92.14
P12821_PF01401_41_623	CTR_3	16	91.87
P12821_PF01401_644_1221	CTR_0	16	73.23
P12821_PF01401_644_1221	CTR_1	16	86.41
P12821_PF01401_644_1221	CTR_2	12	93.44
P12821_PF01401_644_1221	CTR_3	11	94.26
P12883_PF00063_88_766	CTR_1	14	71.57
P12883_PF00063_88_766	CTR_0	14	75.36
P12931_PF00017_151_233	CTR_0	15	89.06
P12931_PF07714_271_518	CTR_0	23	85.94
P12931_PF07714_271_518	CTR_1	17	71.7
P12931_PF07714_271_518	CTR_3	13	93.03
P13051_PF03167_141_301	CTR_0	14	89.08
P13497_PF01400_130_317	CTR_0	11	87.28
P13497_PF01400_130_317	CTR_1	15	86.96
P13569_PF00664_82_350	CTR_0	12	89.2
P13569_PF00664_863_1147	CTR_0	14	78.04
P13591_PF00041_510_603	CTR_0	13	86.66
P13631_PF00104_228_398	CTR_0	16	95.17
P13637_PF13246_408_587	CTR_0	12	73.21
P13716_PF00490_10_326	CTR_0	23	80.37
P13804_PF00766_211_291	CTR_0	15	95.99
P13807_PF05693_31_662	CTR_0	15	85.69
P13866_PF00474_58_492	CTR_0	20	83.37
P13995_PF02882_174_330	CTR_0	19	93.48
P13995_PF02882_174_330	CTR_1	14	96.69
P14061_PF00106_5_196	CTR_0	21	78.7
P14061_PF00106_5_196	CTR_1	16	78.0
P14174_PF01187_2_115	CTR_0	15	97.78
P14207_PF03024_30_205	CTR_0	13	85.63
P14210_PF00051_128_206	CTR_0	10	91.99
P14210_PF00051_211_288	CTR_0	18	83.95
P14324_PF00348_110_374	CTR_0	19	87.6
P14324_PF00348_110_374	CTR_1	10	92.75
P14324_PF00348_110_374	CTR_2	11	87.6
P14410_PF01055_345_702	CTR_0	15	94.28
P14555_PF00068_22_130	CTR_0	19	81.06
P14618_PF00224_43_375	CTR_0	13	90.03
P14625_PF13589_101_221	CTR_0	20	81.82
P14672_PF00083_28_483	CTR_0	21	88.98
P14735_PF16187_422_702	CTR_0	13	96.88
P14784_PF18707_32_123	CTR_0	14	93.37
P14784_PF25788_141_231	CTR_0	16	84.43
P14867_PF02931_43_250	CTR_0	11	93.47
P14902_PF01231_13_397	CTR_21	13	92.65
P14902_PF01231_13_397	CTR_20	11	98.41
P14902_PF01231_13_397	CTR_19	17	96.69
P14902_PF01231_13_397	CTR_18	12	97.87
P14902_PF01231_13_397	CTR_17	20	88.89
P14902_PF01231_13_397	CTR_15	19	86.66
P14902_PF01231_13_397	CTR_14	19	86.66
P14902_PF01231_13_397	CTR_12	17	88.17
P14902_PF01231_13_397	CTR_7	20	86.66
P14902_PF01231_13_397	CTR_9	18	86.66
P14902_PF01231_13_397	CTR_8	21	88.17
P14902_PF01231_13_397	CTR_6	18	86.66
P14902_PF01231_13_397	CTR_5	20	88.89
P14902_PF01231_13_397	CTR_3	19	86.66
P14902_PF01231_13_397	CTR_2	19	86.66
P14902_PF01231_13_397	CTR_0	24	97.04
P14902_PF01231_13_397	CTR_11	18	88.17
P14920_PF01266_2_329	CTR_1	18	92.25
P14920_PF01266_2_329	CTR_0	24	97.58
P15085_PF00246_128_405	CTR_0	20	91.91
P15085_PF00246_128_405	CTR_1	12	94.81
P15090_PF00061_6_131	CTR_0	19	92.03
P15090_PF00061_6_131	CTR_1	19	94.74
P15104_PF00120_114_356	CTR_0	18	98.26
P15121_PF00248_16_289	CTR_0	18	96.1
P15144_PF01433_316_543	CTR_0	14	75.8
P15144_PF17900_81_279	CTR_0	10	98.07
P15153_PF00071_5_176	CTR_0	17	79.95
P15170_PF00009_72_271	CTR_0	20	79.79
P15291_PF13733_130_262	CTR_0	10	96.08
P15309_PF00328_34_331	CTR_0	15	94.56
P15309_PF00328_34_331	CTR_1	13	94.56
P15328_PF03024_36_211	CTR_0	15	84.86
P15328_PF03024_36_211	CTR_1	8	90.81
P15374_PF01088_6_214	CTR_0	20	94.62
P15428_PF00106_6_198	CTR_0	13	94.8
P15428_PF00106_6_198	CTR_1	21	94.61
P15531_PF00334_5_138	CTR_0	14	92.95
P15538_PF00067_42_489	CTR_1	16	84.8
P15538_PF00067_42_489	CTR_0	18	87.96
P15559_PF02525_5_210	CTR_0	14	97.74
P15559_PF02525_5_210	CTR_1	14	97.74
P15735_PF00069_24_291	CTR_0	17	85.8
P15813_PF16497_1_198	CTR_0	20	94.65
P15813_PF16497_1_198	CTR_1	18	96.67
P15907_PF00777_173_384	CTR_0	18	94.7
P16083_PF02525_4_212	CTR_0	16	98.1
P16083_PF02525_4_212	CTR_1	16	98.24
P16118_PF01591_31_251	CTR_0	19	75.98
P16152_PF00106_7_146	CTR_0	16	96.91
P16233_PF00151_17_352	CTR_0	23	74.9
P16233_PF00151_17_352	CTR_1	22	80.49
P16278_PF01301_40_356	CTR_0	18	95.66
P16422_PF21283_141_253	CTR_0	20	90.53
P16435_PF00175_530_640	CTR_0	14	92.13
P16435_PF00258_82_219	CTR_0	15	83.56
P16442_PF03414_41_353	CTR_1	17	89.6
P16442_PF03414_41_353	CTR_2	17	97.83
P16442_PF03414_41_353	CTR_0	15	89.6
P16444_PF01244_26_351	CTR_0	17	97.7
P16455_PF01035_96_173	CTR_0	24	87.16
P16473_PF00001_431_678	CTR_1	12	89.57
P16615_PF13246_410_604	CTR_0	10	84.21
P16671_PF01130_14_462	CTR_0	12	93.62
P16671_PF01130_14_462	CTR_1	15	95.04
P16671_PF01130_14_462	CTR_2	20	92.09
P16871_PF00041_131_221	CTR_0	14	91.25
P17050_PF16499_25_308	CTR_0	20	98.23
P17081_PF00071_11_182	CTR_0	18	80.2
P17174_PF00155_32_405	CTR_0	22	87.63
P17174_PF00155_32_405	CTR_1	19	95.81
P17174_PF00155_32_405	CTR_2	19	97.77
P17213_PF02886_249_486	CTR_0	17	96.3
P17252_PF00069_340_583	CTR_0	18	82.15
P17302_PF00029_3_232	CTR_0	12	84.39
P17516_PF00248_19_300	CTR_0	17	92.9
P17612_PF00069_44_298	CTR_0	15	91.74
P17643_PF00264_184_416	CTR_0	22	96.68
P17706_PF00102_42_274	CTR_0	16	80.04
P17735_PF00155_72_434	CTR_0	20	90.76
P17752_PF00351_106_435	CTR_0	17	75.23
P17812_PF06418_2_272	CTR_1	11	89.0
P17812_PF06418_2_272	CTR_0	11	83.62
P17858_PF00365_18_323	CTR_0	16	87.63
P17900_PF02221_33_189	CTR_0	9	96.56
P17900_PF02221_33_189	CTR_1	18	76.05
P17931_PF00337_117_246	CTR_0	10	97.43
P17980_PF00004_223_355	CTR_0	10	84.85
P17987_PF00118_28_533	CTR_0	21	85.1
P18031_PF00102_40_276	CTR_10	15	95.25
P18031_PF00102_40_276	CTR_9	12	97.52
P18031_PF00102_40_276	CTR_8	11	98.37
P18031_PF00102_40_276	CTR_7	12	95.36
P18031_PF00102_40_276	CTR_6	14	93.3
P18031_PF00102_40_276	CTR_0	14	80.51
P18031_PF00102_40_276	CTR_4	14	88.35
P18031_PF00102_40_276	CTR_3	17	97.09
P18031_PF00102_40_276	CTR_2	16	97.45
P18031_PF00102_40_276	CTR_1	15	95.24
P18031_PF00102_40_276	CTR_5	11	97.47
P18054_PF00305_211_644	CTR_0	18	87.93
P18054_PF00305_211_644	CTR_1	11	87.48
P18075_PF00019_330_430	CTR_0	10	83.1
P18085_PF00025_6_176	CTR_0	16	74.72
P18440_PF00797_20_280	CTR_0	22	97.78
P18505_PF02931_39_242	CTR_0	10	93.92
P18669_PF00300_6_128	CTR_0	16	79.21
P18858_PF01068_542_746	CTR_0	20	88.73
P19099_PF00067_42_491	CTR_0	21	86.49
P19113_PF00282_36_414	CTR_1	16	97.36
P19113_PF00282_36_414	CTR_0	12	97.36
P19367_PF03727_674_907	CTR_0	17	89.29
P19447_PF04851_315_471	CTR_0	13	77.09
P19474_PF00622_341_459	CTR_0	13	92.46
P19525_PF00069_267_534	CTR_0	16	85.03
P19623_PF01564_76_260	CTR_1	12	80.74
P19634_PF00999_110_503	CTR_0	19	73.98
P19652_PF00061_40_179	CTR_0	20	87.84
P19784_PF00069_40_325	CTR_0	17	92.27
P19784_PF00069_40_325	CTR_1	21	88.49
P19793_PF00104_265_441	CTR_0	18	87.25
P19793_PF00104_265_441	CTR_1	9	79.16
P19801_PF01179_301_708	CTR_1	11	89.19
P19801_PF01179_301_708	CTR_0	22	89.19
P19835_PF00135_26_542	CTR_0	22	93.05
P19971_PF00591_110_340	CTR_0	21	76.62
P20132_PF00291_8_303	CTR_0	21	93.65
P20151_PF00089_25_253	CTR_0	19	87.13
P20231_PF00089_31_267	CTR_2	18	93.28
P20231_PF00089_31_267	CTR_0	12	93.28
P20231_PF00089_31_267	CTR_1	14	93.15
P20337_PF00071_24_183	CTR_0	19	81.52
P20339_PF00071_22_181	CTR_0	19	93.0
P20340_PF00071_15_173	CTR_0	19	87.07
P20591_PF00350_73_248	CTR_0	14	73.96
P20701_PF00092_156_325	CTR_0	13	78.78
P20711_PF00282_35_414	CTR_0	17	97.24
P20813_PF00067_31_487	CTR_3	27	85.65
P20813_PF00067_31_487	CTR_2	13	90.51
P20813_PF00067_31_487	CTR_4	18	90.51
P20813_PF00067_31_487	CTR_0	18	93.6
P20813_PF00067_31_487	CTR_1	15	83.7
P20815_PF00067_39_492	CTR_0	18	79.37
P20815_PF00067_39_492	CTR_1	18	95.7
P20815_PF00067_39_492	CTR_2	12	79.89
P20839_PF00478_29_504	CTR_7	11	79.93
P20839_PF00478_29_504	CTR_10	11	79.24
P20839_PF00478_29_504	CTR_9	19	78.04
P20839_PF00478_29_504	CTR_8	16	90.74
P20839_PF00478_29_504	CTR_6	22	79.6
P20839_PF00478_29_504	CTR_11	11	87.07
P20839_PF00478_29_504	CTR_4	22	79.6
P20839_PF00478_29_504	CTR_0	15	81.32
P20839_PF00478_29_504	CTR_1	21	79.6
P20839_PF00478_29_504	CTR_5	27	94.27
P20839_PF00478_29_504	CTR_3	11	79.24
P20839_PF00478_29_504	CTR_2	26	83.65
P21127_PF00069_441_723	CTR_0	18	82.18
P21359_PF13716_1602_1735	CTR_0	14	78.74
P21397_PF01593_23_460	CTR_0	28	98.22
P21397_PF01593_23_460	CTR_1	18	97.59
P21439_PF00664_58_345	CTR_0	13	83.3
P21453_PF00001_62_311	CTR_0	16	92.19
P21462_PF00001_43_301	CTR_0	13	92.38
P21549_PF00266_44_376	CTR_1	11	97.46
P21549_PF00266_44_376	CTR_0	17	94.1
P21554_PF00001_133_397	CTR_0	19	92.13
P21554_PF00001_133_397	CTR_1	13	96.91
P21589_PF02872_341_512	CTR_0	14	94.3
P21589_PF02872_341_512	CTR_1	14	82.98
P21673_PF00583_47_144	CTR_0	15	94.35
P21675_PF00439_1411_1491	CTR_0	7	84.01
P21675_PF00439_1537_1616	CTR_0	5	86.65
P21695_PF01210_5_172	CTR_0	15	86.03
P21728_PF00001_40_331	CTR_2	9	96.2
P21728_PF00001_40_331	CTR_0	5	92.92
P21730_PF00001_54_300	CTR_0	11	91.6
P21730_PF00001_54_300	CTR_1	10	96.94
P21731_PF00001_42_308	CTR_0	18	96.16
P21796_PF01459_4_276	CTR_0	18	93.66
P21796_PF01459_4_276	CTR_1	7	93.26
P21802_PF07714_481_757	CTR_2	16	89.26
P21860_PF07714_711_964	CTR_0	16	71.78
P21964_PF01596_77_225	CTR_0	19	92.54
P21964_PF01596_77_225	CTR_1	12	91.19
P22033_PF01642_63_575	CTR_0	14	87.41
P22059_PF01237_418_795	CTR_0	16	87.63
P22061_PF01135_9_221	CTR_0	25	94.14
P22087_PF01269_88_314	CTR_0	18	86.89
P22102_PF00551_809_988	CTR_0	12	84.04
P22102_PF00551_809_988	CTR_1	17	89.09
P22102_PF01071_105_298	CTR_0	15	83.82
P22234_PF00731_267_404	CTR_0	20	95.73
P22234_PF01259_12_238	CTR_0	15	86.38
P22234_PF01259_12_238	CTR_1	16	76.2
P22234_PF01259_12_238	CTR_2	13	92.37
P22303_PF00135_39_563	CTR_0	17	97.9
P22392_PF00334_5_138	CTR_0	11	92.08
P22413_PF01663_212_538	CTR_0	14	94.51
P22455_PF07714_468_743	CTR_0	20	71.43
P22557_PF00155_190_536	CTR_0	20	91.25
P22680_PF00067_32_495	CTR_0	13	94.63
P22680_PF00067_32_495	CTR_1	16	95.73
P22736_PF00104_402_578	CTR_0	21	88.78
P22736_PF00104_402_578	CTR_1	13	89.68
P22736_PF00104_402_578	CTR_2	12	91.14
P22748_PF00194_41_284	CTR_0	18	97.19
P22830_PF00762_68_388	CTR_0	16	82.51
P22830_PF00762_68_388	CTR_1	13	79.18
P22888_PF00001_376_623	CTR_0	18	76.28
P22894_PF00413_107_262	CTR_0	16	95.6
P22894_PF00413_107_262	CTR_1	21	92.26
P22894_PF00413_107_262	CTR_2	11	88.81
P23141_PF00135_23_547	CTR_0	23	72.71
P23141_PF00135_23_547	CTR_2	14	98.13
P23141_PF00135_23_547	CTR_3	17	90.4
P23258_PF00091_4_214	CTR_0	17	89.91
P23368_PF03949_280_534	CTR_0	14	87.88
P23443_PF00069_91_352	CTR_0	17	74.65
P23458_PF07714_876_1147	CTR_1	20	80.68
P23458_PF07714_876_1147	CTR_0	16	80.87
P23467_PF00102_1727_1960	CTR_0	14	76.02
P23467_PF00102_1727_1960	CTR_1	14	86.67
P23526_PF00670_191_352	CTR_0	18	92.11
P23526_PF05221_141_431	CTR_0	20	92.11
P23526_PF05221_141_431	CTR_1	16	92.11
P23677_PF03770_245_455	CTR_0	13	87.59
P23919_PF02223_11_191	CTR_0	15	84.42
P23919_PF02223_11_191	CTR_1	19	87.29
P23921_PF02867_216_738	CTR_2	11	94.9
P23921_PF02867_216_738	CTR_0	15	84.05
P23921_PF03477_1_89	CTR_0	15	82.44
P23945_PF00001_379_626	CTR_0	15	78.97
P23946_PF00089_22_240	CTR_0	14	90.89
P23975_PF00209_56_579	CTR_0	23	84.81
P23975_PF00209_56_579	CTR_1	11	91.94
P23975_PF00209_56_579	CTR_2	8	90.5
P23975_PF00209_56_579	CTR_4	18	92.02
P24046_PF02931_81_280	CTR_0	11	92.74
P24462_PF00067_39_492	CTR_2	18	93.4
P24462_PF00067_39_492	CTR_3	19	72.15
P24462_PF00067_39_492	CTR_0	14	71.52
P24462_PF00067_39_492	CTR_1	12	71.33
P24530_PF00001_118_384	CTR_0	11	94.76
P24666_PF01451_9_154	CTR_0	15	94.62
P24666_PF01451_9_154	CTR_1	13	95.53
P24723_PF00069_355_614	CTR_0	17	78.73
P24752_PF00108_42_298	CTR_0	14	97.88
P24821_PF00147_1980_2189	CTR_0	14	89.82
P24941_PF00069_4_286	CTR_5	11	90.65
P24941_PF00069_4_286	CTR_4	16	94.35
P24941_PF00069_4_286	CTR_3	12	91.2
P24941_PF00069_4_286	CTR_2	12	71.37
P24941_PF00069_4_286	CTR_0	23	80.2
P25090_PF00001_43_302	CTR_0	15	93.75
P25098_PF00069_191_453	CTR_0	18	78.03
P25103_PF00001_49_305	CTR_0	9	92.79
P25105_PF00001_33_293	CTR_0	19	78.43
P25106_PF00001_62_315	CTR_0	14	88.02
P25106_PF00001_62_315	CTR_1	10	88.25
P25205_PF00493_282_505	CTR_0	13	78.64
P25311_PF00129_26_201	CTR_0	14	97.7
P25440_PF00439_353_440	CTR_0	13	93.62
P25440_PF00439_86_167	CTR_0	13	92.51
P25774_PF00112_115_329	CTR_0	15	95.44
P25774_PF00112_115_329	CTR_1	10	96.6
P25786_PF00227_29_215	CTR_0	15	96.17
P26196_PF00271_321_429	CTR_0	10	94.09
P26358_PF00145_1140_1593	CTR_0	16	83.71
P26639_PF00587_399_608	CTR_0	13	87.58
P26639_PF00587_399_608	CTR_1	21	85.81
P27037_PF00069_200_472	CTR_0	19	91.8
P27144_PF00406_10_189	CTR_0	15	84.44
P27338_PF01593_14_451	CTR_2	29	97.6
P27338_PF01593_14_451	CTR_0	17	97.86
P27338_PF01593_14_451	CTR_1	21	92.81
P27361_PF00069_42_330	CTR_0	19	71.75
P27361_PF00069_42_330	CTR_1	20	84.87
P27448_PF00069_56_307	CTR_0	15	80.44
P27487_PF00326_561_763	CTR_0	12	98.56
P27694_PF04057_5_104	CTR_0	13	85.07
P27695_PF03372_65_309	CTR_0	10	97.59
P27707_PF01712_24_257	CTR_0	22	88.79
P27815_PF00233_432_671	CTR_0	16	91.4
P28039_PF00657_257_542	CTR_1	21	92.46
P28039_PF00657_257_542	CTR_0	14	89.8
P28161_PF02798_3_82	CTR_0	11	98.5
P28222_PF00001_67_369	CTR_0	21	80.95
P28223_PF00001_91_380	CTR_0	18	90.5
P28223_PF00001_91_380	CTR_1	20	90.5
P28329_PF00755_134_713	CTR_0	24	92.47
P28329_PF00755_134_713	CTR_1	15	78.11
P28336_PF00001_60_322	CTR_0	16	87.87
P28340_PF00136_541_973	CTR_0	11	82.32
P28347_PF17725_215_423	CTR_0	20	92.12
P28472_PF02931_39_242	CTR_0	14	94.46
P28482_PF00069_25_313	CTR_1	12	90.69
P28702_PF00104_336_512	CTR_0	18	84.12
P28845_PF00106_35_226	CTR_0	20	94.9
P28907_PF02267_56_296	CTR_0	14	94.59
P29016_PF16497_1_198	CTR_0	15	95.16
P29016_PF16497_1_198	CTR_1	14	94.15
P29017_PF16497_1_197	CTR_0	20	90.83
P29017_PF16497_1_197	CTR_1	12	91.94
P29017_PF16497_1_197	CTR_2	21	94.36
P29017_PF16497_1_197	CTR_3	16	93.21
P29033_PF00029_2_214	CTR_0	11	87.96
P29218_PF00459_7_267	CTR_0	24	82.69
P29274_PF00001_23_288	CTR_0	17	95.13
P29274_PF00001_23_288	CTR_1	17	93.73
P29274_PF00001_23_288	CTR_2	17	93.54
P29275_PF00001_24_290	CTR_0	19	88.69
P29317_PF07714_614_871	CTR_0	18	80.0
P29320_PF07714_622_878	CTR_1	18	82.81
P29373_PF00061_5_138	CTR_0	20	90.12
P29373_PF00061_5_138	CTR_1	10	94.74
P29401_PF00456_17_269	CTR_0	19	92.84
P29474_PF02898_121_481	CTR_0	18	83.35
P29475_PF02898_357_717	CTR_0	18	83.82
P29597_PF07714_590_866	CTR_0	21	92.36
P29597_PF07714_898_1167	CTR_0	24	79.2
P29762_PF00061_5_137	CTR_0	18	87.29
P29965_PF00229_138_261	CTR_0	11	95.18
P29973_PF00027_494_583	CTR_0	14	81.35
P29992_PF00503_19_348	CTR_0	23	94.95
P29992_PF00503_19_348	CTR_1	14	92.5
P30038_PF00171_81_545	CTR_0	22	95.69
P30043_PF13460_10_191	CTR_0	17	93.74
P30043_PF13460_10_191	CTR_1	16	96.26
P30044_PF08534_57_200	CTR_0	14	95.65
P30046_PF01187_2_116	CTR_0	16	95.15
P30084_PF00378_43_290	CTR_0	13	94.36
P30086_PF01161_48_157	CTR_0	17	94.83
P30291_PF00069_299_568	CTR_0	17	89.85
P30405_PF00160_50_204	CTR_0	16	96.14
P30405_PF00160_50_204	CTR_1	9	97.72
P30405_PF00160_50_204	CTR_2	13	96.24
P30419_PF01233_141_294	CTR_0	11	89.76
P30419_PF01233_141_294	CTR_1	17	96.28
P30519_PF01126_32_236	CTR_1	17	91.05
P30519_PF01126_32_236	CTR_0	13	82.28
P30520_PF00709_32_453	CTR_0	19	80.05
P30531_PF00209_44_558	CTR_0	23	93.93
P30556_PF00001_45_302	CTR_0	16	86.37
P30613_PF02887_454_571	CTR_0	9	96.05
P30711_PF13417_5_79	CTR_0	11	97.41
P30793_PF01227_73_249	CTR_0	12	93.97
P30837_PF00171_45_508	CTR_6	19	98.26
P30837_PF00171_45_508	CTR_8	9	98.22
P30837_PF00171_45_508	CTR_7	13	97.66
P30837_PF00171_45_508	CTR_5	11	98.26
P30837_PF00171_45_508	CTR_4	27	98.15
P30837_PF00171_45_508	CTR_3	12	98.62
P30837_PF00171_45_508	CTR_2	9	98.33
P30837_PF00171_45_508	CTR_1	9	96.97
P30837_PF00171_45_508	CTR_0	18	97.66
P30838_PF00171_3_425	CTR_0	20	98.07
P30838_PF00171_3_425	CTR_1	20	96.9
P30872_PF00001_75_323	CTR_0	16	88.96
P30874_PF00001_60_312	CTR_0	13	85.85
P30989_PF00001_80_364	CTR_0	12	71.83
P31040_PF00890_63_457	CTR_0	24	97.39
P31213_PF02544_106_254	CTR_0	8	84.89
P31327_PF02142_1375_1465	CTR_0	16	83.38
P31327_PF02786_546_749	CTR_0	18	89.84
P31391_PF00001_64_311	CTR_0	17	90.0
P31639_PF00474_55_492	CTR_0	19	80.67
P31639_PF00474_55_492	CTR_1	28	85.13
P31641_PF00209_41_568	CTR_0	8	96.59
P31644_PF02931_50_257	CTR_0	12	93.12
P31645_PF00209_79_598	CTR_5	11	96.41
P31645_PF00209_79_598	CTR_4	5	95.1
P31645_PF00209_79_598	CTR_3	10	96.93
P31645_PF00209_79_598	CTR_2	14	92.52
P31645_PF00209_79_598	CTR_1	20	72.03
P31645_PF00209_79_598	CTR_0	21	88.46
P31749_PF00069_150_408	CTR_0	16	72.16
P31751_PF00069_154_409	CTR_0	18	71.66
P31751_PF00069_154_409	CTR_1	22	78.05
P31937_PF03446_42_200	CTR_0	17	89.73
P31939_PF02142_16_130	CTR_0	19	88.74
P32238_PF00001_58_370	CTR_0	15	87.28
P32245_PF00001_61_302	CTR_0	10	87.74
P32247_PF00001_64_328	CTR_0	16	88.97
P32249_PF00001_48_308	CTR_1	21	81.48
P32249_PF00001_48_308	CTR_0	20	90.43
P32297_PF02931_35_240	CTR_0	10	93.41
P32298_PF00069_189_447	CTR_0	18	82.61
P32320_PF00383_15_116	CTR_0	19	97.48
P32322_PF03807_3_98	CTR_0	15	92.63
P32418_PF01699_81_250	CTR_0	17	79.3
P32455_PF02841_284_580	CTR_0	14	92.09
P32929_PF01053_19_395	CTR_0	19	92.43
P33176_PF00225_14_325	CTR_0	12	89.07
P33261_PF00067_30_487	CTR_1	16	89.92
P33261_PF00067_30_487	CTR_0	19	94.18
P33897_PF06472_78_352	CTR_0	16	71.19
P33981_PF00069_525_791	CTR_0	17	86.17
P33981_PF00069_525_791	CTR_2	11	92.19
P33981_PF00069_525_791	CTR_3	10	95.06
P33981_PF00069_525_791	CTR_4	13	92.05
P33981_PF00069_525_791	CTR_5	15	83.19
P33991_PF00493_446_669	CTR_0	13	79.54
P33992_PF00493_319_540	CTR_0	11	78.82
P33993_PF00493_322_541	CTR_0	11	79.02
P34059_PF00884_31_354	CTR_0	18	96.08
P34096_PF00074_33_146	CTR_0	10	98.05
P34896_PF00464_26_425	CTR_0	21	95.78
P34897_PF00464_49_448	CTR_0	21	97.39
P34897_PF00464_49_448	CTR_1	12	76.03
P34913_PF00561_259_531	CTR_0	15	89.19
P34913_PF00702_4_197	CTR_0	15	73.57
P34913_PF00702_4_197	CTR_1	19	73.57
P34947_PF00069_187_448	CTR_0	20	82.58
P34972_PF00001_50_299	CTR_0	20	92.84
P34995_PF00001_67_351	CTR_0	15	89.18
P35030_PF00089_81_296	CTR_0	22	87.68
P35228_PF02898_137_497	CTR_0	16	92.23
P35228_PF02898_137_497	CTR_1	19	92.48
P35270_PF00106_9_211	CTR_0	21	96.63
P35270_PF00106_9_211	CTR_1	14	97.32
P35270_PF00106_9_211	CTR_2	22	83.52
P35354_PF03098_207_513	CTR_0	18	94.82
P35372_PF00001_87_338	CTR_0	11	87.69
P35372_PF00001_87_338	CTR_1	13	91.21
P35398_PF00104_327_492	CTR_0	14	92.68
P35408_PF00001_34_329	CTR_0	14	91.67
P35414_PF00001_45_309	CTR_0	14	93.79
P35475_PF01229_30_525	CTR_0	17	97.24
P35520_PF00291_81_376	CTR_0	24	79.3
P35557_PF00349_16_215	CTR_0	10	76.94
P35557_PF03727_222_455	CTR_0	14	91.11
P35558_PF00821_260_618	CTR_0	19	86.33
P35558_PF00821_260_618	CTR_1	14	94.44
P35575_PF01569_59_199	CTR_0	12	96.08
P35609_PF00307_152_257	CTR_0	19	85.06
P35609_PF00307_39_142	CTR_1	21	77.65
P35609_PF00307_39_142	CTR_2	18	88.22
P35609_PF00307_39_142	CTR_0	16	89.96
P35609_PF00435_282_390	CTR_0	17	86.39
P35609_PF00435_282_390	CTR_1	16	84.14
P35610_PF03062_171_520	CTR_0	14	95.85
P35610_PF03062_171_520	CTR_1	14	83.94
P35610_PF03062_171_520	CTR_3	9	86.31
P35670_PF00702_1021_1279	CTR_0	15	76.42
P35749_PF00063_87_771	CTR_0	22	72.54
P35749_PF00063_87_771	CTR_1	15	80.78
P35790_PF01633_114_449	CTR_3	15	82.69
P35869_PF08447_300_382	CTR_0	15	88.81
P35914_PF00682_32_306	CTR_0	13	85.22
P36021_PF07690_140_440	CTR_0	15	84.79
P36222_PF00704_23_357	CTR_0	15	95.9
P36404_PF00025_4_175	CTR_0	17	95.84
P36507_PF00069_72_369	CTR_0	20	76.0
P36544_PF02931_27_230	CTR_0	11	89.19
P36639_PF00293_7_126	CTR_0	14	92.58
P36639_PF00293_7_126	CTR_1	12	92.58
P36873_PF00149_59_251	CTR_0	13	95.3
P36897_PF00069_208_489	CTR_0	19	83.06
P36959_PF00478_10_339	CTR_0	28	90.03
P37023_PF07714_204_488	CTR_0	22	88.61
P37173_PF07714_244_537	CTR_0	24	80.98
P37173_PF08917_49_157	CTR_0	11	78.7
P37231_PF00104_319_485	CTR_0	13	94.08
P37268_PF00494_48_319	CTR_0	16	79.45
P38117_PF01012_29_211	CTR_0	20	95.07
P38435_PF05090_56_315	CTR_0	21	83.98
P38606_PF00006_230_455	CTR_0	12	81.1
P39900_PF00413_109_263	CTR_0	17	93.57
P40227_PF00118_30_524	CTR_0	21	89.16
P40261_PF01234_2_259	CTR_1	22	95.3
P40261_PF01234_2_259	CTR_0	23	97.77
P40306_PF00227_37_217	CTR_0	19	77.11
P40337_PF01847_63_144	CTR_0	8	96.61
P40394_PF00107_214_347	CTR_0	13	91.77
P40616_PF00025_5_176	CTR_0	17	88.99
P40879_PF00916_73_475	CTR_0	21	84.82
P40879_PF00916_73_475	CTR_1	22	85.49
P40879_PF00916_73_475	CTR_2	18	79.58
P40879_PF00916_73_475	CTR_3	12	89.44
P40926_PF00056_26_168	CTR_0	20	82.81
P40933_PF02372_33_160	CTR_0	15	92.95
P41143_PF00001_66_318	CTR_0	13	88.17
P41143_PF00001_66_318	CTR_1	11	94.4
P41145_PF00001_76_330	CTR_0	13	85.33
P41180_PF00003_606_856	CTR_0	17	85.5
P41180_PF00003_606_856	CTR_1	12	87.68
P41180_PF01094_70_495	CTR_0	23	89.01
P41180_PF01094_70_495	CTR_1	10	74.65
P41222_PF00061_41_184	CTR_0	14	81.07
P41227_PF00583_19_124	CTR_0	16	93.17
P41231_PF00001_51_306	CTR_0	12	72.51
P41235_PF00104_175_361	CTR_0	22	85.24
P41240_PF07714_195_440	CTR_0	18	81.71
P41440_PF01770_24_433	CTR_0	14	81.39
P41440_PF01770_24_433	CTR_1	10	76.42
P41594_PF00003_573_821	CTR_0	20	86.73
P41594_PF01094_69_472	CTR_0	17	83.35
P41595_PF00001_71_380	CTR_0	16	90.3
P41743_PF00069_255_521	CTR_0	18	72.53
P42126_PF00378_54_298	CTR_0	15	89.98
P42330_PF00248_19_300	CTR_0	18	91.27
P42330_PF00248_19_300	CTR_1	10	87.92
P42336_PF00454_798_1015	CTR_0	14	89.5
P42336_PF00794_174_291	CTR_0	15	83.02
P42345_PF00454_2182_2430	CTR_0	14	79.24
P42568_PF03366_28_107	CTR_0	13	97.21
P42574_PF00656_45_274	CTR_0	9	87.13
P42684_PF07714_288_538	CTR_0	21	77.23
P42684_PF07714_288_538	CTR_2	15	91.99
P42898_PF02219_48_337	CTR_0	16	79.32
P42898_PF21895_344_644	CTR_0	16	91.91
P42898_PF21895_344_644	CTR_1	18	87.91
P43004_PF00375_46_495	CTR_4	25	82.61
P43004_PF00375_46_495	CTR_3	15	82.61
P43004_PF00375_46_495	CTR_1	7	96.77
P43004_PF00375_46_495	CTR_0	26	90.31
P43004_PF00375_46_495	CTR_2	27	89.99
P43005_PF00375_22_464	CTR_0	24	91.58
P43088_PF00001_44_304	CTR_0	17	92.55
P43115_PF00001_65_346	CTR_0	15	89.37
P43116_PF00001_65_314	CTR_0	17	79.57
P43119_PF00001_30_291	CTR_0	17	88.38
P43155_PF00755_38_609	CTR_0	21	90.3
P43166_PF00194_14_262	CTR_0	16	97.54
P43220_PF00002_144_398	CTR_0	11	74.33
P43235_PF00112_116_327	CTR_0	16	97.32
P43235_PF00112_116_327	CTR_1	12	96.08
P43246_PF00488_666_852	CTR_0	11	73.63
P43250_PF00069_187_448	CTR_0	19	79.05
P43354_PF00104_398_578	CTR_0	14	88.63
P43403_PF07714_342_592	CTR_0	18	70.2
P43405_PF07714_374_623	CTR_0	23	86.74
P43490_PF04095_188_465	CTR_0	23	96.74
P43652_PF00273_222_394	CTR_0	11	90.41
P43652_PF00273_222_394	CTR_1	15	87.24
P43652_PF00273_31_202	CTR_0	11	87.61
P43657_PF00001_35_291	CTR_0	13	93.1
P43681_PF02931_37_242	CTR_0	11	92.89
P45452_PF00413_112_267	CTR_0	18	92.19
P45983_PF00069_26_321	CTR_0	17	78.91
P45983_PF00069_26_321	CTR_3	13	92.38
P45984_PF00069_26_321	CTR_1	19	75.8
P45984_PF00069_26_321	CTR_2	12	88.29
P45985_PF00069_104_367	CTR_0	19	73.82
P46089_PF00001_57_297	CTR_0	23	96.44
P46089_PF00001_57_297	CTR_1	18	95.08
P46093_PF00001_35_286	CTR_0	14	96.38
P46199_PF00009_182_341	CTR_0	16	81.13
P46597_PF00891_117_327	CTR_0	18	89.31
P46597_PF00891_117_327	CTR_1	14	93.19
P46934_PF00632_1014_1316	CTR_0	12	76.41
P47211_PF00001_50_303	CTR_0	14	94.04
P47895_PF00171_40_503	CTR_0	16	96.7
P47895_PF00171_40_503	CTR_1	19	97.64
P47898_PF00001_58_338	CTR_0	19	91.04
P47900_PF00001_68_324	CTR_0	16	88.88
P47989_PF00941_234_411	CTR_0	22	94.3
P47989_PF20256_972_1237	CTR_0	11	95.37
P48039_PF00001_44_295	CTR_0	19	89.52
P48066_PF00209_50_575	CTR_0	25	91.76
P48067_PF00209_100_634	CTR_0	26	91.81
P48067_PF00209_100_634	CTR_1	17	79.19
P48067_PF00209_100_634	CTR_2	16	79.19
P48067_PF00209_100_634	CTR_3	9	89.73
P48163_PF03949_270_522	CTR_0	15	87.98
P48163_PF03949_270_522	CTR_1	12	86.57
P48443_PF00104_258_442	CTR_0	18	84.6
P48643_PF00118_44_533	CTR_0	21	84.67
P48651_PF03034_96_372	CTR_0	14	90.98
P48651_PF03034_96_372	CTR_1	14	88.27
P48651_PF03034_96_372	CTR_2	12	81.94
P48728_PF01571_38_293	CTR_0	18	98.25
P48729_PF00069_17_235	CTR_0	19	74.29
P48730_PF00069_9_226	CTR_0	22	77.64
P48735_PF00180_45_437	CTR_0	13	88.13
P48735_PF00180_45_437	CTR_1	12	90.86
P48736_PF00454_828_1043	CTR_0	13	91.82
P48751_PF00955_681_852	CTR_0	14	89.06
P48764_PF00999_62_462	CTR_0	14	87.37
P48775_PF03301_27_372	CTR_0	18	85.76
P48775_PF03301_27_372	CTR_1	16	94.07
P49019_PF00001_44_294	CTR_0	17	82.42
P49189_PF00171_27_483	CTR_0	20	96.79
P49238_PF00001_48_293	CTR_0	9	92.8
P49286_PF00001_57_308	CTR_0	20	91.3
P49327_PF00698_493_809	CTR_0	12	77.36
P49327_PF08659_1886_2064	CTR_0	19	86.25
P49336_PF00069_26_335	CTR_0	19	72.36
P49366_PF01916_45_353	CTR_1	10	98.04
P49366_PF01916_45_353	CTR_2	24	96.6
P49366_PF01916_45_353	CTR_0	11	98.42
P49368_PF00118_33_524	CTR_0	21	70.78
P49411_PF00009_58_251	CTR_0	14	78.86
P49419_PF00171_64_520	CTR_0	19	97.94
P49419_PF00171_64_520	CTR_1	20	96.66
P49419_PF00171_64_520	CTR_2	10	98.77
P49427_PF00179_15_154	CTR_0	14	90.35
P49591_PF00587_259_444	CTR_0	14	91.81
P49638_PF00650_99_247	CTR_0	15	94.52
P49638_PF00650_99_247	CTR_1	18	93.2
P49642_PF01896_108_335	CTR_0	10	92.77
P49674_PF00069_9_227	CTR_0	22	73.67
P49682_PF00001_70_318	CTR_0	15	87.79
P49721_PF00227_5_183	CTR_0	17	94.24
P49736_PF00493_461_683	CTR_0	10	84.46
P49759_PF00069_161_477	CTR_0	20	85.48
P49759_PF00069_161_477	CTR_1	16	90.6
P49760_PF00069_163_479	CTR_0	19	89.01
P49761_PF00069_156_472	CTR_0	18	87.0
P49761_PF00069_156_472	CTR_1	16	88.62
P49773_PF01230_24_120	CTR_0	12	94.61
P49789_PF01230_11_104	CTR_1	17	91.77
P49789_PF01230_11_104	CTR_0	11	91.77
P49821_PF01512_80_249	CTR_0	17	81.9
P49840_PF00069_119_403	CTR_0	19	89.43
P49841_PF00069_56_340	CTR_0	18	89.12
P49841_PF00069_56_340	CTR_1	10	77.32
P49862_PF00089_30_245	CTR_0	11	93.81
P49862_PF00089_30_245	CTR_1	12	93.72
P49888_PF00685_37_286	CTR_0	17	97.61
P49888_PF00685_37_286	CTR_1	16	88.64
P49902_PF05761_35_488	CTR_3	18	94.64
P49902_PF05761_35_488	CTR_2	11	91.18
P49902_PF05761_35_488	CTR_0	12	79.08
P49902_PF05761_35_488	CTR_1	17	90.53
P49914_PF01812_10_198	CTR_0	11	84.36
P49914_PF01812_10_198	CTR_1	17	92.28
P49916_PF01068_483_677	CTR_0	21	82.17
P49917_PF01068_248_451	CTR_0	15	87.07
P50053_PF00294_4_289	CTR_0	18	93.72
P50120_PF00061_6_133	CTR_0	20	86.27
P50135_PF13489_32_216	CTR_1	17	94.09
P50135_PF13489_32_216	CTR_0	10	86.76
P50135_PF13489_32_216	CTR_2	16	76.25
P50148_PF00503_20_348	CTR_0	24	93.92
P50213_PF00180_33_358	CTR_0	11	89.91
P50225_PF00685_38_287	CTR_0	18	96.5
P50225_PF00685_38_287	CTR_1	17	93.88
P50225_PF00685_38_287	CTR_2	17	91.21
P50226_PF00685_38_287	CTR_0	18	96.23
P50336_PF01593_12_471	CTR_0	18	96.13
P50336_PF01593_12_471	CTR_1	17	95.01
P50406_PF00001_44_320	CTR_0	20	76.0
P50479_PF00595_8_80	CTR_0	16	93.2
P50579_PF00557_169_372	CTR_0	13	97.59
P50583_PF00293_20_129	CTR_0	13	85.65
P50613_PF00069_12_295	CTR_0	16	78.75
P50750_PF00069_19_315	CTR_0	20	82.41
P50990_PF00118_39_529	CTR_0	21	82.3
P50991_PF00118_44_538	CTR_0	21	86.53
P51148_PF00071_23_182	CTR_0	18	89.34
P51149_PF00071_10_174	CTR_0	19	80.76
P51151_PF00071_9_173	CTR_0	18	82.56
P51157_PF00071_14_177	CTR_0	19	75.48
P51159_PF00071_11_182	CTR_0	18	83.31
P51160_PF00233_561_803	CTR_0	11	92.03
P51160_PF01590_77_223	CTR_0	18	86.78
P51161_PF14651_1_128	CTR_0	18	73.63
P51161_PF14651_1_128	CTR_1	22	72.85
P51161_PF14651_1_128	CTR_2	24	73.63
P51398_PF10236_99_393	CTR_0	13	79.62
P51398_PF10236_99_393	CTR_1	14	92.96
P51449_PF00104_321_486	CTR_0	15	91.69
P51449_PF00104_321_486	CTR_1	10	94.53
P51449_PF00104_321_486	CTR_2	13	82.63
P51452_PF00782_37_175	CTR_0	10	93.49
P51512_PF00413_126_291	CTR_0	13	78.2
P51531_PF00176_727_1021	CTR_0	13	78.76
P51531_PF00176_727_1021	CTR_1	24	77.02
P51531_PF00439_1419_1491	CTR_0	14	82.27
P51532_PF00176_757_1051	CTR_0	12	77.33
P51532_PF00439_1478_1549	CTR_0	11	84.49
P51553_PF00180_56_379	CTR_0	11	89.18
P51570_PF00288_108_194	CTR_0	14	79.38
P51580_PF05724_25_245	CTR_0	17	96.17
P51582_PF00001_56_306	CTR_0	15	85.68
P51617_PF00069_214_514	CTR_0	18	86.26
P51649_PF00171_71_530	CTR_0	19	94.78
P51659_PF00106_10_196	CTR_0	19	89.59
P51685_PF00001_52_300	CTR_0	15	88.19
P51686_PF00001_65_317	CTR_0	12	74.69
P51686_PF00001_65_317	CTR_1	15	89.93
P51687_PF00173_86_160	CTR_0	13	71.87
P51688_PF00884_23_327	CTR_0	12	97.71
P51788_PF00654_146_546	CTR_0	15	76.39
P51812_PF00069_422_679	CTR_0	20	73.0
P51812_PF00069_68_327	CTR_0	17	80.99
P51813_PF07714_417_665	CTR_0	19	79.47
P51857_PF00248_21_303	CTR_0	18	88.23
P51857_PF00248_21_303	CTR_1	9	87.9
P51955_PF00069_8_270	CTR_0	18	72.63
P52333_PF07714_823_1094	CTR_0	21	89.97
P52333_PF07714_823_1094	CTR_1	19	87.28
P52333_PF07714_823_1094	CTR_2	14	85.15
P52333_PF07714_823_1094	CTR_3	10	89.84
P52564_PF00069_56_314	CTR_0	25	70.47
P52565_PF02115_13_201	CTR_0	20	92.54
P52732_PF00225_24_359	CTR_3	17	83.12
P52732_PF00225_24_359	CTR_1	17	75.13
P52732_PF00225_24_359	CTR_0	14	83.39
P52788_PF01564_176_364	CTR_0	13	82.83
P52788_PF01564_176_364	CTR_1	18	78.32
P52848_PF00685_605_858	CTR_0	20	83.3
P52895_PF00248_19_300	CTR_0	17	92.59
P52895_PF00248_19_300	CTR_1	10	89.82
P53004_PF01408_9_125	CTR_0	15	93.89
P53041_PF00149_236_429	CTR_0	14	89.7
P53350_PF00069_53_305	CTR_0	18	76.31
P53355_PF00069_13_275	CTR_0	17	72.71
P53396_PF00285_888_1081	CTR_0	10	93.28
P53396_PF16114_244_420	CTR_0	28	93.17
P53396_PF24948_2_233	CTR_0	17	86.58
P53582_PF00557_137_365	CTR_0	16	96.86
P53597_PF02629_53_146	CTR_0	16	98.17
P53634_PF00112_231_457	CTR_0	15	78.19
P53667_PF07714_342_602	CTR_0	19	83.68
P53778_PF00069_27_311	CTR_0	17	77.86
P53779_PF00069_64_359	CTR_0	20	83.74
P53985_PF07690_27_397	CTR_0	19	91.71
P53985_PF07690_27_397	CTR_1	17	90.39
P54219_PF07690_137_431	CTR_0	14	85.09
P54219_PF07690_308_488	CTR_0	12	85.09
P54577_PF00579_32_321	CTR_0	24	87.09
P54577_PF00579_32_321	CTR_1	18	87.61
P54646_PF00069_16_268	CTR_0	19	80.63
P54687_PF01063_94_343	CTR_0	24	88.68
P54687_PF01063_94_343	CTR_1	14	73.44
P54760_PF07714_615_874	CTR_0	18	76.25
P54762_PF07714_619_878	CTR_1	19	82.41
P54829_PF00102_324_552	CTR_2	18	91.16
P54829_PF00102_324_552	CTR_1	14	88.97
P54922_PF03747_6_324	CTR_0	19	95.1
P55011_PF00324_290_792	CTR_0	26	83.35
P55011_PF03522_801_1212	CTR_0	12	88.79
P55017_PF00324_141_646	CTR_0	26	89.9
P55017_PF00324_141_646	CTR_1	12	90.83
P55017_PF03522_655_790	CTR_0	12	83.87
P55040_PF00071_77_240	CTR_0	13	94.2
P55042_PF00071_93_252	CTR_0	13	94.09
P55055_PF00104_262_443	CTR_0	18	94.8
P55072_PF00004_241_370	CTR_0	12	82.19
P55072_PF00004_514_647	CTR_0	19	86.95
P55085_PF00001_93_344	CTR_0	13	73.04
P55157_PF19444_592_884	CTR_0	19	80.72
P55157_PF19444_592_884	CTR_1	24	76.36
P55196_PF00595_1010_1089	CTR_0	15	70.57
P55201_PF00439_638_719	CTR_0	15	88.52
P55201_PF00855_1087_1196	CTR_0	11	86.75
P55210_PF00656_68_300	CTR_0	16	84.28
P55210_PF00656_68_300	CTR_1	13	79.89
P55263_PF00294_45_356	CTR_2	18	91.22
P55263_PF00294_45_356	CTR_0	18	75.55
P55263_PF00294_45_356	CTR_1	20	76.75
P55789_PF04777_104_196	CTR_0	13	97.28
P55899_PF00129_28_197	CTR_0	21	95.35
P56524_PF00850_675_992	CTR_0	21	87.68
P56545_PF00389_44_358	CTR_0	21	96.73
P56545_PF02826_141_323	CTR_0	18	97.76
P56556_PF13233_32_81	CTR_0	15	93.77
P56703_PF00110_48_355	CTR_4	17	88.97
P56703_PF00110_48_355	CTR_3	18	87.99
P56703_PF00110_48_355	CTR_5	11	79.01
P56703_PF00110_48_355	CTR_0	17	96.41
P56703_PF00110_48_355	CTR_1	16	95.71
P56817_PF00026_75_416	CTR_0	17	75.0
P57729_PF00071_11_178	CTR_0	21	86.75
P57735_PF00071_14_173	CTR_0	19	81.14
P57772_PF00009_8_211	CTR_0	17	70.39
P57789_PF07885_244_323	CTR_0	15	78.95
P57789_PF07885_244_323	CTR_1	10	90.93
P58004_PF04636_44_479	CTR_0	24	92.15
P58743_PF00916_81_475	CTR_4	23	83.48
P58743_PF00916_81_475	CTR_3	11	88.64
P58743_PF00916_81_475	CTR_1	13	80.92
P58743_PF00916_81_475	CTR_0	11	79.07
P59665_PF00323_66_94	CTR_0	18	81.64
P59665_PF00323_66_94	CTR_1	9	81.64
P60033_PF00335_10_228	CTR_0	10	94.33
P60568_PF00715_7_150	CTR_0	10	74.61
P60709_PF00022_3_375	CTR_0	18	91.81
P60709_PF00022_3_375	CTR_1	18	94.79
P60709_PF00022_3_375	CTR_2	18	90.86
P60763_PF00071_5_176	CTR_0	17	78.85
P60842_PF00270_57_222	CTR_1	18	93.8
P60900_PF00227_35_220	CTR_0	19	89.45
P60953_PF00071_5_174	CTR_0	17	79.39
P60953_PF00071_5_174	CTR_1	14	95.7
P61006_PF00071_10_170	CTR_0	18	75.0
P61011_PF00448_102_296	CTR_0	17	84.56
P61018_PF00071_10_170	CTR_0	17	72.9
P61019_PF00071_8_168	CTR_0	20	72.49
P61020_PF00071_22_181	CTR_0	18	89.1
P61026_PF00071_11_171	CTR_0	19	72.26
P61073_PF00001_55_302	CTR_0	14	90.58
P61088_PF00179_7_143	CTR_0	17	90.73
P61158_PF00022_5_238	CTR_0	13	89.49
P61160_PF00022_7_388	CTR_0	20	92.53
P61163_PF00022_9_375	CTR_0	17	95.29
P61224_PF00071_5_166	CTR_0	19	78.31
P61586_PF00071_7_178	CTR_0	19	84.0
P61586_PF00071_7_178	CTR_1	12	95.19
P61586_PF00071_7_178	CTR_2	12	94.4
P61586_PF00071_7_178	CTR_3	20	95.15
P61586_PF00071_7_178	CTR_4	14	93.35
P61586_PF00071_7_178	CTR_5	13	94.56
P61587_PF00071_25_193	CTR_0	17	92.84
P61599_PF00583_16_128	CTR_0	18	92.5
P61619_PF00344_75_458	CTR_0	11	73.81
P61626_PF00062_19_146	CTR_0	20	95.68
P61626_PF00062_19_146	CTR_1	13	98.35
P61769_PF07654_27_106	CTR_0	13	96.74
P61916_PF02221_22_147	CTR_0	21	95.33
P62070_PF00071_16_176	CTR_0	18	70.91
P62136_PF00149_59_251	CTR_0	15	91.49
P62136_PF00149_59_251	CTR_1	12	94.38
P62136_PF00149_59_251	CTR_2	13	91.49
P62166_PF13499_99_172	CTR_0	10	88.35
P62330_PF00025_2_172	CTR_0	16	89.18
P62491_PF00071_13_173	CTR_0	18	80.9
P62508_PF00104_266_440	CTR_0	20	96.29
P62745_PF00071_7_178	CTR_0	18	85.71
P62820_PF00071_13_173	CTR_0	19	71.5
P62826_PF00071_12_168	CTR_0	19	82.42
P62834_PF00071_5_166	CTR_0	19	79.42
P62937_PF00160_7_162	CTR_0	14	96.7
P62942_PF00254_14_105	CTR_0	13	93.06
P62987_PF00240_3_74	CTR_0	8	93.63
P62987_PF00240_3_74	CTR_1	17	93.63
P62993_PF00017_60_135	CTR_0	9	91.33
P63000_PF00071_5_176	CTR_0	18	78.39
P63092_PF00503_21_383	CTR_0	22	92.76
P63096_PF00503_14_343	CTR_0	21	94.52
P63261_PF00022_3_375	CTR_0	18	95.03
P63261_PF00022_3_375	CTR_1	16	90.11
P63267_PF00022_4_376	CTR_0	18	95.66
P63267_PF00022_4_376	CTR_1	18	93.72
P63279_PF00179_8_151	CTR_0	12	98.39
P63316_PF13499_94_158	CTR_0	13	70.3
P63316_PF13499_94_158	CTR_1	18	72.65
P68032_PF00022_5_377	CTR_0	19	96.14
P68032_PF00022_5_377	CTR_1	18	94.04
P68133_PF00022_5_377	CTR_1	18	95.11
P68133_PF00022_5_377	CTR_0	16	95.95
P68363_PF00091_3_213	CTR_0	20	78.31
P68371_PF00091_3_211	CTR_0	17	73.06
P68400_PF00069_39_324	CTR_15	10	92.23
P68400_PF00069_39_324	CTR_14	14	86.87
P68400_PF00069_39_324	CTR_13	10	91.06
P68400_PF00069_39_324	CTR_12	12	90.21
P68400_PF00069_39_324	CTR_11	11	94.76
P68400_PF00069_39_324	CTR_10	23	93.94
P68400_PF00069_39_324	CTR_9	17	91.84
P68400_PF00069_39_324	CTR_8	15	91.84
P68400_PF00069_39_324	CTR_5	20	94.39
P68400_PF00069_39_324	CTR_6	16	93.94
P68400_PF00069_39_324	CTR_7	20	91.84
P68400_PF00069_39_324	CTR_4	18	91.84
P68400_PF00069_39_324	CTR_3	19	93.94
P68400_PF00069_39_324	CTR_2	16	91.84
P68400_PF00069_39_324	CTR_1	14	93.94
P68400_PF00069_39_324	CTR_0	16	94.39
P68871_PF00042_27_142	CTR_0	15	96.23
P68871_PF00042_27_142	CTR_1	20	97.23
P69891_PF00042_27_142	CTR_0	15	96.68
P69892_PF00042_27_142	CTR_0	15	96.23
P69905_PF00042_27_137	CTR_0	14	97.43
P69905_PF00042_27_137	CTR_1	6	97.84
P69905_PF00042_27_137	CTR_2	5	97.85
P69905_PF00042_27_137	CTR_3	14	97.43
P69905_PF00042_27_137	CTR_4	6	97.84
P69905_PF00042_27_137	CTR_5	14	97.43
P69905_PF00042_27_137	CTR_6	6	97.84
P69905_PF00042_27_137	CTR_7	14	97.43
P78325_PF01421_200_400	CTR_0	14	71.09
P78362_PF00069_81_223	CTR_0	16	88.67
P78368_PF00069_46_262	CTR_0	19	75.58
P78371_PF00118_36_524	CTR_0	20	83.16
P78383_PF08449_16_311	CTR_0	22	91.12
P78383_PF08449_16_311	CTR_1	15	86.37
P78417_PF13409_31_95	CTR_0	14	96.64
P78527_PF00454_3749_4014	CTR_0	11	88.88
P78540_PF00491_25_321	CTR_0	19	97.45
P80188_PF00061_48_190	CTR_1	20	94.3
P80188_PF00061_48_190	CTR_0	9	96.19
P80192_PF00069_146_401	CTR_0	19	83.18
P82980_PF00061_7_131	CTR_0	17	87.81
P84085_PF00025_7_176	CTR_0	14	70.53
P84095_PF00071_5_177	CTR_0	18	79.27
P98066_PF00193_36_128	CTR_0	13	81.49
P98073_PF00089_785_1014	CTR_1	13	80.82
P98170_PF00653_268_330	CTR_0	11	85.42
P98194_PF13246_401_550	CTR_0	12	76.01
P99999_PF00034_4_101	CTR_0	20	96.71
Q00169_PF02121_3_251	CTR_0	14	96.34
Q00532_PF00069_4_287	CTR_0	21	82.61
Q00534_PF00069_13_300	CTR_0	19	76.64
Q00535_PF00069_4_286	CTR_0	20	80.1
Q00536_PF00069_165_446	CTR_1	19	74.17
Q00796_PF00107_183_312	CTR_0	13	96.44
Q00975_PF00520_95_365	CTR_0	12	83.23
Q00987_PF02201_34_95	CTR_0	12	94.2
Q01064_PF00233_222_449	CTR_0	13	89.5
Q01415_PF00288_109_196	CTR_0	13	83.73
Q01433_PF19326_163_806	CTR_0	20	87.76
Q01469_PF00061_9_133	CTR_0	18	91.72
Q01650_PF13520_51_467	CTR_0	23	71.02
Q01650_PF13520_51_467	CTR_1	11	89.2
Q01813_PF00365_27_332	CTR_0	17	83.6
Q01959_PF00209_60_582	CTR_0	24	77.22
Q01959_PF00209_60_582	CTR_1	27	92.26
Q01959_PF00209_60_582	CTR_3	12	91.32
Q01959_PF00209_60_582	CTR_4	12	94.63
Q02083_PF02275_126_255	CTR_0	9	80.55
Q02094_PF00909_15_402	CTR_0	15	97.02
Q02127_PF01180_77_377	CTR_4	12	89.49
Q02127_PF01180_77_377	CTR_3	20	73.48
Q02127_PF01180_77_377	CTR_1	13	95.62
Q02127_PF01180_77_377	CTR_0	22	97.4
Q02127_PF01180_77_377	CTR_2	11	96.01
Q02153_PF07700_2_166	CTR_0	15	82.9
Q02153_PF07700_2_166	CTR_1	12	81.31
Q02218_PF00676_257_581	CTR_0	16	95.41
Q02224_PF00225_12_327	CTR_0	14	79.21
Q02224_PF00225_12_327	CTR_1	18	80.87
Q02643_PF00002_127_372	CTR_0	15	80.6
Q02750_PF00069_68_361	CTR_1	20	78.08
Q02750_PF00069_68_361	CTR_2	17	75.52
Q02750_PF00069_68_361	CTR_0	19	74.38
Q02790_PF00254_44_134	CTR_0	12	94.83
Q02880_PF02518_101_197	CTR_0	20	76.92
Q03111_PF03366_28_107	CTR_0	15	96.18
Q03111_PF03366_28_107	CTR_1	12	96.0
Q03181_PF00104_239_420	CTR_0	19	92.86
Q04759_PF00069_382_634	CTR_0	19	79.0
Q04771_PF07714_209_494	CTR_1	13	91.23
Q04771_PF07714_209_494	CTR_0	21	87.63
Q04828_PF00248_19_300	CTR_1	9	96.03
Q04828_PF00248_19_300	CTR_0	18	96.72
Q05193_PF00350_34_207	CTR_0	10	82.95
Q05329_PF00282_138_508	CTR_0	24	98.11
Q05397_PF07714_422_676	CTR_0	20	76.13
Q05586_PF10613_454_545	CTR_0	10	90.38
Q05823_PF00069_387_512	CTR_0	10	97.6
Q05940_PF07690_127_423	CTR_0	15	86.69
Q05940_PF07690_301_478	CTR_0	12	86.69
Q06124_PF00102_273_519	CTR_0	22	91.16
Q06187_PF00169_5_133	CTR_0	15	70.92
Q06187_PF07714_402_650	CTR_0	21	75.6
Q06278_PF00941_241_418	CTR_0	20	94.82
Q06520_PF00685_34_277	CTR_0	18	89.46
Q06520_PF00685_34_277	CTR_1	13	80.8
Q06609_PF08423_95_337	CTR_0	12	93.24
Q07075_PF01433_321_538	CTR_0	14	91.44
Q07343_PF00233_405_644	CTR_0	13	94.56
Q07820_PF00452_213_312	CTR_0	13	75.36
Q07869_PF00104_270_448	CTR_0	17	91.14
Q07889_PF00617_783_962	CTR_0	11	93.54
Q07890_PF00617_781_960	CTR_1	14	89.17
Q07890_PF00617_781_960	CTR_0	14	94.63
Q08174_PF00028_175_271	CTR_0	10	85.0
Q08211_PF00270_395_547	CTR_0	11	85.69
Q08499_PF00233_461_700	CTR_0	15	84.64
Q08623_PF13419_12_194	CTR_0	19	80.14
Q08881_PF07714_363_612	CTR_0	18	81.33
Q08AH3_PF00501_77_426	CTR_0	9	81.25
Q08AH3_PF00501_77_426	CTR_1	16	81.25
Q09013_PF00069_71_339	CTR_0	19	88.86
Q09328_PF15024_172_726	CTR_1	15	80.09
Q09472_PF00439_1068_1143	CTR_0	12	90.69
Q09472_PF08214_1306_1611	CTR_0	17	81.81
Q09472_PF08214_1306_1611	CTR_1	23	88.52
Q0Z7S8_PF00061_7_131	CTR_0	19	86.9
Q10469_PF05060_92_440	CTR_0	13	93.56
Q10471_PF00535_139_318	CTR_0	12	93.58
Q10471_PF00652_451_563	CTR_0	11	84.23
Q10588_PF02267_41_280	CTR_0	12	98.08
Q12756_PF00225_11_354	CTR_0	13	83.71
Q12791_PF00520_181_396	CTR_1	20	90.26
Q12791_PF00520_181_396	CTR_0	10	83.61
Q12797_PF05118_591_745	CTR_0	21	74.29
Q12830_PF00439_2936_3018	CTR_0	14	90.49
Q12852_PF07714_131_363	CTR_0	15	76.26
Q12866_PF07714_589_853	CTR_0	18	71.69
Q12888_PF09038_1483_1604	CTR_0	8	84.52
Q12918_PF00059_113_212	CTR_0	8	92.28
Q12918_PF00059_113_212	CTR_1	13	97.26
Q13043_PF00069_31_281	CTR_0	18	82.17
Q13093_PF03403_49_416	CTR_0	17	91.69
Q13093_PF03403_49_416	CTR_1	9	92.99
Q13131_PF00069_29_279	CTR_1	11	87.51
Q13131_PF00069_29_279	CTR_0	19	85.63
Q13133_PF00104_252_430	CTR_0	21	91.35
Q13153_PF00069_270_521	CTR_0	21	75.84
Q13153_PF00069_270_521	CTR_1	22	80.64
Q13164_PF00069_55_347	CTR_0	19	72.26
Q13177_PF00069_249_500	CTR_0	21	85.68
Q13188_PF00069_28_278	CTR_0	19	83.11
Q13191_PF02762_256_341	CTR_0	11	82.48
Q13231_PF00704_23_363	CTR_1	16	92.29
Q13231_PF00704_23_363	CTR_0	18	90.82
Q13232_PF00334_22_155	CTR_0	12	94.46
Q13237_PF00027_187_268	CTR_0	17	70.27
Q13255_PF01094_79_486	CTR_0	21	85.1
Q13257_PF02301_16_191	CTR_0	13	88.79
Q13258_PF00001_59_323	CTR_0	13	88.27
Q13258_PF00001_59_323	CTR_1	16	81.36
Q13283_PF02136_11_133	CTR_0	9	87.92
Q13285_PF00104_256_438	CTR_0	16	80.12
Q13303_PF00248_52_354	CTR_0	21	95.91
Q13315_PF00454_2715_2961	CTR_0	10	84.75
Q13336_PF03253_59_353	CTR_1	16	96.85
Q13336_PF03253_59_353	CTR_0	17	97.5
Q13363_PF00389_38_352	CTR_0	20	96.18
Q13363_PF00389_38_352	CTR_1	18	96.18
Q13363_PF02826_135_317	CTR_0	18	96.19
Q13370_PF00233_736_1002	CTR_0	18	95.27
Q13395_PF00588_1464_1605	CTR_0	20	71.2
Q13418_PF07714_194_444	CTR_0	15	86.7
Q13432_PF05351_80_236	CTR_0	20	88.44
Q13432_PF05351_80_236	CTR_1	22	87.48
Q13451_PF00254_44_135	CTR_0	15	90.75
Q13464_PF00069_76_338	CTR_0	19	74.33
Q13467_PF01392_33_138	CTR_1	11	90.73
Q13467_PF01392_33_138	CTR_0	12	87.97
Q13469_PF16179_580_678	CTR_0	15	88.6
Q13490_PF00653_272_336	CTR_0	9	87.14
Q13509_PF00091_3_211	CTR_0	20	80.21
Q13510_PF02275_143_384	CTR_0	17	76.0
Q13523_PF00069_688_1003	CTR_1	18	83.25
Q13526_PF00639_59_162	CTR_0	16	97.68
Q13535_PF00454_2324_2566	CTR_0	13	82.07
Q13554_PF00069_14_272	CTR_0	18	78.69
Q13555_PF00069_14_272	CTR_0	15	76.3
Q13557_PF00069_14_272	CTR_0	16	76.64
Q13572_PF05770_119_317	CTR_0	18	94.0
Q13614_PF06602_192_528	CTR_0	17	96.81
Q13627_PF00069_159_479	CTR_0	22	91.17
Q13627_PF00069_159_479	CTR_1	9	81.36
Q13627_PF00069_159_479	CTR_2	10	92.1
Q13630_PF01370_10_245	CTR_0	20	77.19
Q13630_PF01370_10_245	CTR_1	11	74.23
Q13636_PF00071_8_167	CTR_0	17	93.32
Q13637_PF00071_27_192	CTR_0	20	83.76
Q13637_PF00071_27_192	CTR_1	18	94.04
Q13686_PF13532_101_344	CTR_0	19	93.23
Q13822_PF01663_166_478	CTR_0	12	89.09
Q13822_PF01663_166_478	CTR_1	15	89.04
Q13823_PF01926_313_399	CTR_0	13	91.59
Q13873_PF00069_205_496	CTR_0	20	74.33
Q13882_PF07714_192_441	CTR_0	20	86.66
Q13882_PF07714_192_441	CTR_1	21	84.19
Q13946_PF00233_211_438	CTR_0	15	95.34
Q13976_PF00027_240_325	CTR_0	18	71.13
Q13976_PF00069_361_619	CTR_0	15	75.44
Q14004_PF00069_707_997	CTR_0	18	76.73
Q14004_PF00069_707_997	CTR_1	17	87.85
Q14028_PF00027_982_1067	CTR_0	15	79.15
Q14108_PF01130_12_456	CTR_0	12	96.03
Q14141_PF00735_39_307	CTR_0	12	75.6
Q14145_PF00651_67_178	CTR_0	9	86.44
Q14149_PF13589_30_139	CTR_0	24	78.66
Q14204_PF12774_1868_2231	CTR_0	15	73.84
Q14332_PF01392_39_144	CTR_0	14	90.53
Q14376_PF16363_6_332	CTR_1	12	86.62
Q14376_PF16363_6_332	CTR_0	22	93.79
Q14416_PF00003_562_813	CTR_0	17	70.66
Q14416_PF01094_61_458	CTR_0	20	86.36
Q14432_PF00233_751_1015	CTR_0	14	95.64
Q14534_PF08491_277_548	CTR_0	14	94.33
Q14541_PF00104_125_312	CTR_0	20	83.76
Q14562_PF00270_572_721	CTR_0	13	72.22
Q14565_PF08423_94_338	CTR_0	10	92.0
Q14566_PF00493_334_556	CTR_0	12	83.48
Q14680_PF00069_11_263	CTR_0	18	77.45
Q14703_PF00082_209_464	CTR_0	11	80.02
Q147X3_PF00583_225_338	CTR_0	14	92.4
Q14807_PF00225_49_368	CTR_0	13	85.07
Q14832_PF01094_68_472	CTR_0	20	84.8
Q14833_PF00003_581_841	CTR_0	14	87.14
Q14833_PF00003_581_841	CTR_1	18	81.29
Q14894_PF02423_4_313	CTR_0	21	88.2
Q14914_PF00107_153_284	CTR_0	12	95.57
Q14994_PF00104_159_329	CTR_0	16	84.84
Q15019_PF00735_34_312	CTR_0	11	85.41
Q15029_PF00009_129_365	CTR_0	17	85.23
Q15046_PF00152_222_573	CTR_0	18	90.91
Q15046_PF00152_222_573	CTR_1	21	94.03
Q15047_PF18358_348_397	CTR_0	10	82.92
Q15059_PF00439_315_402	CTR_0	13	91.56
Q15059_PF00439_46_127	CTR_0	15	93.03
Q15084_PF00085_27_126	CTR_0	18	79.02
Q15118_PF10436_56_220	CTR_0	16	74.07
Q15119_PF10436_30_192	CTR_0	17	84.91
Q15119_PF10436_30_192	CTR_1	15	76.91
Q15125_PF05241_96_206	CTR_0	8	97.15
Q15208_PF00069_89_369	CTR_0	17	74.69
Q15257_PF03095_26_351	CTR_0	12	70.41
Q15274_PF01729_114_284	CTR_0	18	95.49
Q15286_PF00071_10_168	CTR_0	19	76.5
Q15303_PF07714_719_973	CTR_0	23	75.06
Q15382_PF00071_8_167	CTR_0	19	70.15
Q15382_PF00071_8_167	CTR_1	19	86.92
Q15391_PF00001_57_295	CTR_0	20	90.48
Q15418_PF00069_62_320	CTR_0	14	77.62
Q15485_PF00147_102_312	CTR_0	15	97.75
Q15561_PF17725_222_431	CTR_0	20	92.6
Q15561_PF17725_222_431	CTR_1	12	92.57
Q15562_PF17725_227_444	CTR_0	20	90.61
Q15562_PF17725_227_444	CTR_1	16	90.68
Q15652_PF02373_2383_2481	CTR_0	11	89.97
Q15661_PF00089_31_267	CTR_0	15	92.78
Q15661_PF00089_31_267	CTR_1	15	81.87
Q15722_PF00001_35_285	CTR_0	20	85.12
Q15738_PF01073_42_292	CTR_0	23	77.77
Q15743_PF00001_39_286	CTR_0	17	93.12
Q15759_PF00069_27_308	CTR_0	19	81.13
Q15771_PF00071_11_168	CTR_0	18	80.62
Q15822_PF02931_59_264	CTR_0	11	91.51
Q15825_PF02931_34_239	CTR_0	10	92.18
Q15831_PF00069_52_309	CTR_0	19	79.95
Q15849_PF03253_581_875	CTR_2	19	94.08
Q15849_PF03253_581_875	CTR_0	12	94.08
Q15849_PF03253_581_875	CTR_1	12	95.78
Q15858_PF00520_1191_1466	CTR_0	13	74.9
Q15858_PF00520_1515_1770	CTR_0	10	86.35
Q15907_PF00071_13_173	CTR_0	18	83.81
Q15910_PF00856_623_726	CTR_0	12	78.38
Q15910_PF00856_623_726	CTR_1	11	78.38
Q16186_PF04683_23_121	CTR_0	14	75.69
Q16222_PF01704_46_451	CTR_0	16	89.1
Q16281_PF00027_502_590	CTR_0	13	82.48
Q16394_PF03016_111_395	CTR_0	12	88.58
Q16512_PF00069_616_874	CTR_0	20	82.82
Q16539_PF00069_24_308	CTR_14	18	75.37
Q16548_PF00452_37_140	CTR_0	12	84.06
Q16555_PF01979_64_453	CTR_0	17	84.12
Q16566_PF00069_46_300	CTR_0	16	83.45
Q16637_PF06003_91_144	CTR_0	12	93.28
Q16644_PF00069_47_304	CTR_0	20	75.16
Q16647_PF00067_269_491	CTR_0	15	90.81
Q16651_PF00089_45_281	CTR_0	23	72.02
Q16651_PF00089_45_281	CTR_1	12	72.02
Q16658_PF06268_21_134	CTR_0	9	82.72
Q16658_PF06268_268_377	CTR_0	13	94.99
Q16678_PF00067_51_519	CTR_0	21	95.28
Q16678_PF00067_51_519	CTR_1	23	86.48
Q16696_PF00067_34_490	CTR_0	17	94.57
Q16696_PF00067_34_490	CTR_1	19	97.28
Q16696_PF00067_34_490	CTR_2	19	94.48
Q16698_PF13561_69_302	CTR_0	12	90.74
Q16740_PF00574_68_246	CTR_0	17	90.29
Q16740_PF00574_68_246	CTR_1	6	97.0
Q16769_PF04389_122_352	CTR_0	14	97.14
Q16772_PF02798_6_77	CTR_0	10	97.99
Q16773_PF00155_29_409	CTR_0	19	96.74
Q16774_PF00625_5_187	CTR_0	18	91.77
Q16790_PF00194_148_390	CTR_0	16	95.79
Q16795_PF01370_57_260	CTR_0	19	92.92
Q16798_PF03949_305_557	CTR_0	15	90.34
Q16816_PF00069_20_288	CTR_0	15	81.84
Q16819_PF01400_75_257	CTR_0	17	93.24
Q16820_PF01400_70_253	CTR_0	12	94.44
Q16831_PF01048_54_304	CTR_0	17	96.25
Q16836_PF02737_29_214	CTR_0	15	95.2
Q16850_PF00067_71_498	CTR_1	17	75.12
Q16850_PF00067_71_498	CTR_0	17	88.4
Q16851_PF01704_56_473	CTR_0	10	84.83
Q16853_PF01179_316_716	CTR_0	20	96.37
Q16854_PF01712_41_275	CTR_0	20	88.57
Q16873_PF01124_9_123	CTR_0	12	98.6
Q16873_PF01124_9_123	CTR_1	10	98.57
Q16875_PF01591_26_246	CTR_0	19	83.89
Q16875_PF01591_26_246	CTR_1	19	87.51
Q16875_PF01591_26_246	CTR_2	18	92.68
Q16878_PF05995_1_170	CTR_0	21	94.67
Q2M1P5_PF00225_21_349	CTR_0	12	88.39
Q2M2I8_PF00069_48_307	CTR_0	20	89.45
Q3MIT2_PF21238_289_520	CTR_0	17	81.67
Q460N3_PF01661_322_420	CTR_0	18	70.2
Q460N5_PF01661_1043_1146	CTR_0	13	87.19
Q460N5_PF01661_1043_1146	CTR_1	15	92.23
Q460N5_PF01661_1245_1346	CTR_0	18	78.33
Q460N5_PF01661_820_936	CTR_0	16	83.17
Q49A26_PF03446_269_428	CTR_0	16	95.7
Q4FZB7_PF00856_209_308	CTR_0	20	81.32
Q4U2R8_PF00083_136_512	CTR_0	9	86.71
Q53H47_PF00856_150_262	CTR_0	14	78.31
Q53TN4_PF03188_49_185	CTR_0	16	93.6
Q53TN4_PF03188_49_185	CTR_1	20	97.8
Q58F21_PF00439_276_362	CTR_0	11	91.75
Q58F21_PF00439_39_120	CTR_0	13	87.81
Q59H18_PF07714_463_719	CTR_0	22	79.0
Q5FWF5_PF13880_763_831	CTR_0	14	89.48
Q5JRX3_PF05193_245_429	CTR_0	14	94.43
Q5JRX3_PF08367_504_752	CTR_0	15	92.31
Q5JRX3_PF08367_504_752	CTR_1	16	97.39
Q5JRX3_PF08367_504_752	CTR_2	15	96.29
Q5JRX3_PF22516_856_1001	CTR_2	15	97.95
Q5JRX3_PF22516_856_1001	CTR_0	17	97.48
Q5JRX3_PF22516_856_1001	CTR_1	19	94.91
Q5JUK3_PF07885_260_327	CTR_0	21	85.9
Q5NUL3_PF00001_58_321	CTR_0	16	88.8
Q5S007_PF00069_1884_2129	CTR_2	16	71.71
Q5SQI0_PF05301_9_190	CTR_0	15	96.97
Q5SRI9_PF16317_98_448	CTR_0	17	87.01
Q5SRI9_PF16317_98_448	CTR_1	20	98.32
Q5T280_PF02598_74_364	CTR_0	24	89.91
Q5T280_PF02598_74_364	CTR_1	14	94.24
Q5T6V5_PF10343_55_341	CTR_0	16	93.57
Q5T8I9_PF13489_42_190	CTR_0	19	87.92
Q5T9L3_PF06664_227_496	CTR_0	19	85.85
Q5TA50_PF08718_28_176	CTR_0	14	85.67
Q5TCY1_PF00069_35_273	CTR_0	22	83.63
Q5VTE6_PF03372_170_486	CTR_0	17	92.67
Q5VTY9_PF03062_125_441	CTR_0	16	93.52
Q5VTY9_PF03062_125_441	CTR_1	19	91.13
Q5VTY9_PF03062_125_441	CTR_2	11	90.9
Q5VVY1_PF05891_66_277	CTR_0	19	95.87
Q5VWZ2_PF02230_12_225	CTR_0	18	97.09
Q5VZV1_PF10294_80_239	CTR_0	21	72.67
Q5W0Z9_PF01529_123_245	CTR_0	11	97.82
Q658P3_PF03807_30_117	CTR_0	16	94.81
Q687X5_PF01794_249_394	CTR_0	10	92.8
Q687X5_PF01794_249_394	CTR_1	9	94.66
Q687X5_PF03807_21_107	CTR_0	16	91.1
Q68CP4_PF07786_267_389	CTR_0	12	72.86
Q68CP4_PF07786_267_389	CTR_1	11	90.01
Q6B0I6_PF02373_179_295	CTR_0	15	93.98
Q6B0I6_PF02373_179_295	CTR_1	17	92.99
Q6DD88_PF02263_37_305	CTR_0	17	72.98
Q6DHV7_PF00962_19_344	CTR_0	23	86.39
Q6IA69_PF02540_339_603	CTR_0	16	80.52
Q6IMI6_PF00685_46_296	CTR_0	18	93.45
Q6IQ55_PF00069_22_241	CTR_0	17	83.45
Q6L8Q7_PF03372_299_599	CTR_0	16	94.73
Q6NVY1_PF16113_47_376	CTR_0	18	91.08
Q6NYC1_PF02373_174_288	CTR_0	10	94.54
Q6P179_PF01433_298_502	CTR_0	13	93.58
Q6P1N9_PF01026_8_293	CTR_0	16	97.31
Q6P6C2_PF13532_114_274	CTR_0	15	86.63
Q6P988_PF03283_87_450	CTR_3	14	88.38
Q6P988_PF03283_87_450	CTR_2	16	80.78
Q6P988_PF03283_87_450	CTR_0	23	82.77
Q6P988_PF03283_87_450	CTR_1	12	79.92
Q6PHR2_PF00069_17_270	CTR_0	18	86.71
Q6PHW0_PF00881_98_267	CTR_0	17	85.37
Q6PL18_PF00439_1004_1066	CTR_0	11	76.98
Q6QNK2_PF00002_565_802	CTR_0	11	83.76
Q6UWP2_PF00106_13_210	CTR_0	21	94.76
Q6UWY2_PF00089_34_258	CTR_0	13	94.1
Q6V1X1_PF00326_687_890	CTR_0	13	88.53
Q6V1X1_PF00326_687_890	CTR_1	13	96.78
Q6VVX0_PF00067_40_497	CTR_1	16	95.33
Q6VVX0_PF00067_40_497	CTR_0	19	94.54
Q6YN16_PF00106_12_198	CTR_0	17	92.98
Q6ZMG9_PF03798_131_324	CTR_0	22	97.61
Q6ZMG9_PF03798_131_324	CTR_1	14	83.11
Q712K3_PF00179_13_153	CTR_0	16	91.29
Q71U36_PF00091_3_213	CTR_0	18	79.4
Q7KYR7_PF00622_385_491	CTR_0	15	75.99
Q7KYR7_PF00622_385_491	CTR_1	11	84.17
Q7KZF4_PF00565_220_327	CTR_0	11	89.93
Q7KZI7_PF00069_53_304	CTR_0	18	81.53
Q7L0J3_PF00083_195_471	CTR_0	9	88.24
Q7L0J3_PF07690_599_734	CTR_0	9	91.52
Q7L0Q8_PF00071_51_219	CTR_0	16	75.51
Q7L1I2_PF07690_538_678	CTR_0	11	93.78
Q7L1T6_PF00175_395_500	CTR_0	14	93.75
Q7L266_PF01112_1_293	CTR_0	12	82.9
Q7L523_PF04670_9_235	CTR_0	16	93.3
Q7L8A9_PF14822_58_302	CTR_0	16	95.62
Q7LBC6_PF02373_1599_1704	CTR_0	9	82.94
Q7RTN6_PF00069_69_379	CTR_0	17	92.76
Q7Z3B1_PF07679_46_135	CTR_0	13	95.28
Q7Z3C6_PF04109_37_525	CTR_0	17	95.67
Q7Z3C6_PF04109_37_525	CTR_1	9	95.49
Q7Z3C6_PF04109_37_525	CTR_2	10	87.05
Q7Z3F1_PF03547_45_360	CTR_0	11	75.37
Q7Z3F1_PF03547_45_360	CTR_1	9	70.83
Q7Z3F1_PF03547_45_360	CTR_2	22	81.6
Q7Z3F1_PF03547_45_360	CTR_3	11	81.78
Q7Z3F1_PF03547_45_360	CTR_4	14	79.0
Q7Z4H3_PF13023_24_176	CTR_0	15	93.57
Q7Z4V5_PF00855_8_87	CTR_0	9	92.06
Q7Z4W1_PF13561_14_241	CTR_0	20	87.81
Q7Z624_PF10294_125_276	CTR_0	21	89.52
Q7Z6Z7_PF02825_1617_1678	CTR_0	12	84.04
Q86SF2_PF00535_210_395	CTR_0	13	94.42
Q86SQ9_PF01255_32_251	CTR_0	21	93.89
Q86SR1_PF00535_148_328	CTR_0	13	95.14
Q86SX6_PF00462_54_119	CTR_0	12	95.93
Q86TI2_PF00326_663_863	CTR_0	13	96.99
Q86TM3_PF00270_246_416	CTR_0	12	72.07
Q86TN4_PF01885_26_203	CTR_0	14	86.82
Q86TU7_PF00856_105_314	CTR_0	14	97.37
Q86U44_PF05063_389_550	CTR_0	17	81.7
Q86U86_PF00439_198_274	CTR_0	13	88.59
Q86U86_PF00439_678_749	CTR_0	15	85.9
Q86UD5_PF00999_136_509	CTR_0	23	82.21
Q86UE8_PF00069_464_741	CTR_0	18	80.39
Q86UW9_PF18102_480_614	CTR_0	12	79.41
Q86UY6_PF00583_89_188	CTR_0	13	96.82
Q86V24_PF03006_140_363	CTR_3	13	94.34
Q86V24_PF03006_140_363	CTR_2	10	96.76
Q86V24_PF03006_140_363	CTR_0	18	95.23
Q86V24_PF03006_140_363	CTR_1	15	89.73
Q86V25_PF14822_48_291	CTR_0	16	80.35
Q86VU5_PF01596_61_262	CTR_0	17	94.55
Q86W50_PF05971_1_291	CTR_0	20	84.85
Q86W56_PF05028_706_908	CTR_0	16	90.95
Q86WA6_PF00561_62_190	CTR_0	13	97.05
Q86WJ1_PF00176_49_327	CTR_0	14	75.61
Q86WV6_PF15009_154_337	CTR_0	11	92.86
Q86X55_PF06325_183_257	CTR_0	13	89.98
Q86XE5_PF00701_35_318	CTR_0	23	97.68
Q86Y01_PF02825_107_171	CTR_0	11	84.09
Q86Y01_PF02825_26_94	CTR_0	10	84.79
Q86Y01_PF18102_479_613	CTR_0	12	80.77
Q86Y07_PF00069_31_263	CTR_0	19	87.25
Q86Y34_PF00002_268_517	CTR_0	9	87.74
Q86Y34_PF00002_268_517	CTR_1	12	89.41
Q86Y38_PF02485_328_581	CTR_0	16	90.89
Q86YS6_PF00071_20_180	CTR_0	19	75.46
Q86YT5_PF00939_14_552	CTR_0	20	88.11
Q86YV6_PF00069_108_361	CTR_0	19	83.69
Q8IU60_PF00293_98_210	CTR_0	14	71.6
Q8IU60_PF00293_98_210	CTR_1	13	89.85
Q8IU85_PF00069_23_279	CTR_0	18	76.69
Q8IU99_PF14798_2_255	CTR_0	17	84.63
Q8IUN9_PF00059_199_305	CTR_0	13	94.47
Q8IV48_PF00929_132_305	CTR_0	14	94.94
Q8IVH4_PF03308_101_382	CTR_1	13	89.08
Q8IVH8_PF00069_16_273	CTR_0	20	77.63
Q8IVS2_PF00698_66_336	CTR_0	11	97.75
Q8IVV7_PF09783_122_289	CTR_0	19	78.19
Q8IVW4_PF00069_4_286	CTR_0	21	78.68
Q8IVW8_PF07690_108_469	CTR_0	15	83.83
Q8IWA4_PF00350_78_237	CTR_0	14	72.62
Q8IWT1_PF07686_41_145	CTR_0	15	91.35
Q8IXI2_PF00071_6_166	CTR_0	15	91.08
Q8IXJ6_PF02146_84_268	CTR_0	19	75.7
Q8IXJ6_PF02146_84_268	CTR_2	18	75.7
Q8IXK2_PF00535_139_322	CTR_0	15	89.12
Q8IXL7_PF01641_54_168	CTR_0	15	98.4
Q8IXL7_PF01641_54_168	CTR_1	18	85.39
Q8IXL7_PF01641_54_168	CTR_2	15	96.14
Q8IXQ6_PF01661_136_254	CTR_0	19	79.12
Q8IXQ6_PF01661_335_445	CTR_0	17	79.67
Q8IYK8_PF00071_116_278	CTR_0	14	92.27
Q8IYT8_PF00069_9_271	CTR_0	18	83.97
Q8IZ41_PF00071_543_709	CTR_0	19	80.63
Q8IZK6_PF08016_379_513	CTR_0	13	93.43
Q8IZT8_PF00685_91_335	CTR_0	20	82.54
Q8IZX4_PF00439_1535_1614	CTR_0	13	84.86
Q8N0X4_PF03328_46_274	CTR_0	11	92.81
Q8N138_PF04061_11_146	CTR_0	11	97.8
Q8N138_PF04061_11_146	CTR_1	12	96.82
Q8N159_PF04768_357_519	CTR_0	14	90.65
Q8N1G2_PF01728_233_448	CTR_0	19	81.4
Q8N1Q1_PF00194_12_261	CTR_0	16	96.18
Q8N335_PF01210_7_174	CTR_0	14	93.17
Q8N371_PF13621_194_416	CTR_0	15	80.35
Q8N423_PF13895_28_113	CTR_0	13	80.23
Q8N465_PF01565_101_238	CTR_0	21	93.27
Q8N4A0_PF00535_138_321	CTR_0	16	86.35
Q8N4A0_PF00652_445_574	CTR_0	11	87.03
Q8N4J0_PF07942_146_408	CTR_0	20	93.56
Q8N4J0_PF07942_146_408	CTR_1	12	93.56
Q8N4P3_PF13328_11_136	CTR_0	10	94.47
Q8N4Q0_PF00107_184_319	CTR_0	11	98.4
Q8N4T8_PF13561_12_233	CTR_0	16	88.43
Q8N543_PF13661_141_238	CTR_0	20	96.0
Q8N5C1_PF14798_1_250	CTR_0	13	89.65
Q8N5S9_PF00069_128_409	CTR_0	20	82.64
Q8N5Y2_PF22732_11_87	CTR_0	10	81.04
Q8N5Z0_PF00155_65_416	CTR_0	15	94.97
Q8N5Z0_PF00155_65_416	CTR_1	13	91.98
Q8N697_PF00854_104_512	CTR_0	11	79.47
Q8N6N7_PF00887_4_78	CTR_0	14	89.82
Q8N6T7_PF02146_86_221	CTR_1	12	91.08
Q8N6T7_PF02146_86_221	CTR_0	11	91.26
Q8N884_PF03281_214_389	CTR_0	13	81.75
Q8N884_PF03281_214_389	CTR_1	12	92.36
Q8N884_PF20266_405_509	CTR_0	11	96.17
Q8NB16_PF07714_218_466	CTR_0	17	84.35
Q8NB16_PF22215_4_146	CTR_0	13	71.93
Q8NB49_PF13246_465_656	CTR_0	12	71.31
Q8NB78_PF01593_393_819	CTR_0	24	98.19
Q8NB78_PF01593_393_819	CTR_1	15	97.51
Q8NBJ5_PF01755_341_524	CTR_0	18	92.24
Q8NBJ5_PF13704_61_175	CTR_0	10	91.35
Q8NBL1_PF05686_50_388	CTR_0	21	95.93
Q8NBN3_PF06814_225_467	CTR_0	10	82.13
Q8NBN3_PF06814_225_467	CTR_1	11	72.72
Q8NBN3_PF06814_225_467	CTR_2	14	88.63
Q8NBP7_PF00082_181_419	CTR_0	13	98.01
Q8NBZ7_PF16363_92_386	CTR_0	22	92.39
Q8NBZ7_PF16363_92_386	CTR_1	18	80.16
Q8NBZ7_PF16363_92_386	CTR_2	13	97.62
Q8NC06_PF00887_13_91	CTR_0	12	85.22
Q8NCC3_PF02450_72_397	CTR_0	12	74.34
Q8NCM8_PF12774_1651_1986	CTR_0	13	77.51
Q8NCM8_PF12780_2625_2881	CTR_0	16	77.67
Q8NEB9_PF00454_631_831	CTR_0	14	89.49
Q8NER1_PF00520_435_694	CTR_0	12	91.31
Q8NER1_PF00520_435_694	CTR_1	18	83.82
Q8NER1_PF00520_435_694	CTR_2	13	82.43
Q8NET8_PF00520_442_688	CTR_0	12	90.05
Q8NET8_PF00520_442_688	CTR_1	10	84.79
Q8NFF5_PF01507_399_553	CTR_0	14	87.47
Q8NFN8_PF00003_46_311	CTR_0	14	82.98
Q8NFT2_PF01794_261_404	CTR_0	11	93.03
Q8NFT2_PF03807_32_119	CTR_0	15	94.21
Q8NFU1_PF01062_1_324	CTR_0	20	89.11
Q8NG68_PF03133_85_365	CTR_0	17	91.8
Q8NHV1_PF04548_9_215	CTR_0	18	87.85
Q8NI60_PF03109_300_538	CTR_0	21	75.2
Q8NI77_PF00225_17_355	CTR_0	11	88.24
Q8NI77_PF00225_17_355	CTR_1	21	85.45
Q8NI99_PF00147_258_467	CTR_0	13	76.79
Q8TAI7_PF00071_8_168	CTR_0	18	73.85
Q8TBC4_PF00899_64_365	CTR_0	16	92.72
Q8TBG4_PF00202_31_433	CTR_0	17	92.55
Q8TBK2_PF00856_74_286	CTR_0	13	92.95
Q8TCB7_PF08242_84_182	CTR_0	20	97.57
Q8TCD5_PF06941_3_190	CTR_0	14	95.72
Q8TD30_PF00155_111_510	CTR_0	20	94.85
Q8TDQ0_PF07686_25_127	CTR_0	12	85.9
Q8TDQ0_PF07686_25_127	CTR_1	9	79.43
Q8TDS4_PF00001_44_294	CTR_0	12	96.22
Q8TDS4_PF00001_44_294	CTR_1	19	80.01
Q8TDS7_PF00001_44_276	CTR_0	18	87.29
Q8TDU6_PF00001_32_249	CTR_1	12	91.1
Q8TDU9_PF00001_56_309	CTR_0	11	89.85
Q8TDV5_PF00001_22_279	CTR_0	17	93.82
Q8TDX5_PF04909_3_330	CTR_0	18	90.55
Q8TDX7_PF00069_34_286	CTR_0	14	85.21
Q8TDX7_PF00069_34_286	CTR_1	17	74.12
Q8TEA1_PF01189_229_400	CTR_0	18	94.97
Q8TF76_PF12330_413_781	CTR_0	22	90.52
Q8TF76_PF12330_413_781	CTR_1	17	73.6
Q8WTS6_PF00856_227_336	CTR_0	13	81.38
Q8WTS6_PF00856_227_336	CTR_1	12	89.41
Q8WU08_PF00069_23_280	CTR_0	18	81.88
Q8WUD1_PF00071_8_168	CTR_0	20	71.37
Q8WUI4_PF00850_541_859	CTR_0	18	87.99
Q8WWM9_PF00042_44_160	CTR_0	13	90.84
Q8WWP7_PF04548_28_229	CTR_0	17	72.54
Q8WWQ0_PF00439_1325_1406	CTR_0	11	81.06
Q8WWT9_PF00939_11_571	CTR_0	20	86.92
Q8WWT9_PF00939_11_571	CTR_1	10	76.52
Q8WXB1_PF10294_27_189	CTR_0	19	90.6
Q8WXF7_PF02263_43_313	CTR_0	18	84.42
Q8WY91_PF08768_422_574	CTR_0	12	94.06
Q8WZA1_PF03071_301_560	CTR_0	19	82.8
Q92506_PF13561_18_259	CTR_0	20	80.99
Q92599_PF00735_41_309	CTR_0	12	80.73
Q92630_PF00069_222_535	CTR_0	22	87.58
Q92633_PF00001_67_311	CTR_0	17	89.39
Q92730_PF00071_15_183	CTR_0	18	93.52
Q92731_PF00104_287_480	CTR_0	19	92.29
Q92743_PF13365_204_342	CTR_0	13	71.51
Q92769_PF00850_29_319	CTR_0	16	92.6
Q92769_PF00850_29_319	CTR_1	24	95.99
Q92769_PF00850_29_319	CTR_2	11	96.71
Q92772_PF00069_4_287	CTR_0	21	71.19
Q92793_PF00439_1104_1178	CTR_0	10	90.76
Q92794_PF01853_565_741	CTR_0	20	80.06
Q92794_PF01853_565_741	CTR_1	16	84.81
Q92800_PF00856_624_727	CTR_0	12	80.03
Q92830_PF00439_738_818	CTR_0	11	89.39
Q92830_PF00583_535_627	CTR_0	15	74.87
Q92831_PF00439_733_814	CTR_0	14	85.45
Q92831_PF00583_531_622	CTR_0	15	78.1
Q92835_PF22669_409_706	CTR_3	11	94.9
Q92835_PF22669_409_706	CTR_2	9	97.73
Q92835_PF22669_409_706	CTR_4	13	97.24
Q92835_PF22669_409_706	CTR_0	14	84.22
Q92835_PF22669_409_706	CTR_1	12	82.44
Q92847_PF00001_60_323	CTR_0	15	76.73
Q92847_PF00001_60_323	CTR_1	10	73.1
Q92871_PF03332_36_255	CTR_0	13	73.21
Q92876_PF00089_23_237	CTR_0	15	92.37
Q92959_PF03137_33_602	CTR_0	14	82.83
Q92963_PF00071_23_183	CTR_0	17	76.35
Q92974_PF00621_239_429	CTR_0	11	95.66
Q92974_PF00621_239_429	CTR_1	14	95.66
Q92979_PF03587_45_238	CTR_0	20	91.62
Q92993_PF01853_288_471	CTR_1	20	77.39
Q92993_PF01853_288_471	CTR_0	16	88.04
Q92997_PF00595_250_333	CTR_0	12	83.75
Q93009_PF00443_214_518	CTR_1	19	81.65
Q93015_PF00583_114_188	CTR_0	13	92.44
Q93050_PF01496_27_827	CTR_0	12	86.18
Q93091_PF00074_29_147	CTR_0	12	97.07
Q95460_PF00129_24_198	CTR_0	16	97.54
Q95460_PF00129_24_198	CTR_1	9	95.89
Q969R5_PF02820_540_605	CTR_0	8	83.23
Q969T7_PF05822_44_288	CTR_0	19	91.46
Q96A54_PF03006_129_352	CTR_2	18	89.19
Q96A54_PF03006_129_352	CTR_1	22	91.82
Q96A54_PF03006_129_352	CTR_0	20	91.95
Q96A58_PF00071_8_168	CTR_0	17	75.33
Q96AT9_PF00834_6_200	CTR_0	15	97.43
Q96AT9_PF00834_6_200	CTR_1	10	97.73
Q96AZ1_PF10294_38_195	CTR_0	19	94.47
Q96AZ6_PF00929_8_162	CTR_0	12	96.09
Q96BM9_PF00025_12_180	CTR_0	18	76.92
Q96C45_PF00069_7_279	CTR_0	20	82.7
Q96C86_PF11969_174_292	CTR_0	10	83.86
Q96CA5_PF00653_90_154	CTR_0	10	93.79
Q96CB9_PF01189_167_340	CTR_0	16	91.63
Q96CD2_PF02441_19_194	CTR_0	13	95.84
Q96DA2_PF00071_10_172	CTR_0	17	71.18
Q96DC9_PF10275_3_229	CTR_0	14	88.31
Q96DE0_PF22327_21_181	CTR_0	16	89.42
Q96E17_PF00071_32_191	CTR_0	21	82.17
Q96EB6_PF02146_261_447	CTR_0	19	70.47
Q96EB6_PF02146_261_447	CTR_1	19	74.06
Q96EB6_PF02146_261_447	CTR_2	10	70.67
Q96EK6_PF00583_69_170	CTR_0	14	83.33
Q96EP0_PF22191_866_911	CTR_0	13	73.44
Q96F10_PF00583_50_144	CTR_0	14	88.26
Q96F15_PF04548_28_230	CTR_0	16	87.01
Q96FX7_PF08704_64_286	CTR_0	16	90.19
Q96G04_PF10294_134_288	CTR_0	21	86.95
Q96GA7_PF00291_16_310	CTR_0	24	89.05
Q96GD0_PF13344_22_127	CTR_0	12	95.37
Q96GD4_PF00069_77_327	CTR_0	20	84.89
Q96GX5_PF00069_36_195	CTR_0	20	79.51
Q96HN2_PF00670_370_530	CTR_0	17	79.09
Q96HN2_PF05221_320_610	CTR_0	20	79.09
Q96HU8_PF00071_10_167	CTR_0	20	85.92
Q96HY7_PF00676_260_498	CTR_0	12	94.86
Q96I15_PF00266_32_429	CTR_0	18	96.64
Q96JA3_PF08718_330_470	CTR_0	19	75.52
Q96JM7_PF02820_375_442	CTR_0	11	90.32
Q96KC2_PF00025_5_175	CTR_0	17	81.21
Q96KP4_PF01546_95_468	CTR_0	20	92.45
Q96KQ7_PF00856_1049_1155	CTR_0	12	81.07
Q96KQ7_PF00856_1049_1155	CTR_1	11	93.77
Q96KS0_PF13640_283_374	CTR_0	21	85.74
Q96L34_PF00069_59_310	CTR_0	19	82.18
Q96LA8_PF13649_86_182	CTR_0	16	93.26
Q96LA8_PF22528_188_364	CTR_0	12	96.23
Q96LB2_PF00001_44_272	CTR_0	13	82.05
Q96LI5_PF03372_193_529	CTR_0	17	93.4
Q96MU7_PF04146_355_492	CTR_0	18	87.63
Q96NX5_PF00069_25_277	CTR_0	18	76.71
Q96NY9_PF02732_276_414	CTR_0	12	81.33
Q96P11_PF01189_219_421	CTR_0	17	87.18
Q96P20_PF05729_220_389	CTR_0	10	82.32
Q96PH1_PF01794_286_412	CTR_1	12	88.23
Q96PH1_PF01794_286_412	CTR_0	12	79.88
Q96PN6_PF00211_43_207	CTR_0	13	78.68
Q96PY6_PF00069_4_257	CTR_0	20	79.45
Q96Q15_PF00454_2150_2426	CTR_0	12	84.6
Q96R05_PF00061_6_133	CTR_0	20	86.75
Q96RI1_PF00104_298_469	CTR_0	19	82.8
Q96RJ0_PF00001_40_304	CTR_0	21	88.99
Q96RR4_PF00069_165_446	CTR_0	21	83.76
Q96RS0_PF09445_692_844	CTR_0	16	92.27
Q96S37_PF07690_147_484	CTR_0	10	87.72
Q96S44_PF06293_71_225	CTR_0	11	96.67
Q96S52_PF10510_22_546	CTR_0	14	70.09
Q96SB4_PF00069_80_228	CTR_0	14	86.95
Q96SW2_PF03226_321_432	CTR_0	13	90.33
Q96T66_PF01467_10_207	CTR_0	19	89.15
Q96T66_PF01467_10_207	CTR_1	19	89.15
Q96T66_PF01467_10_207	CTR_2	15	93.21
Q96T88_PF12148_133_284	CTR_0	10	90.75
Q96T88_PF12148_133_284	CTR_1	11	75.4
Q99259_PF00282_151_517	CTR_0	17	98.15
Q99418_PF01369_61_243	CTR_0	12	72.05
Q99447_PF01467_218_309	CTR_0	13	93.6
Q99447_PF01467_26_150	CTR_0	14	81.73
Q99469_PF00018_291_336	CTR_0	11	91.8
Q99489_PF01266_5_324	CTR_0	24	95.94
Q99497_PF01965_4_170	CTR_0	20	98.48
Q99500_PF00001_56_298	CTR_0	14	92.66
Q99500_PF00001_56_298	CTR_1	20	92.66
Q99536_PF13602_233_385	CTR_0	12	84.27
Q99538_PF01650_29_285	CTR_0	12	97.41
Q99558_PF00069_405_646	CTR_0	25	83.48
Q99571_PF00864_13_373	CTR_0	13	90.07
Q99594_PF17725_223_432	CTR_1	16	87.39
Q99594_PF17725_223_432	CTR_2	12	84.87
Q99594_PF17725_223_432	CTR_0	20	85.25
Q99640_PF00069_110_357	CTR_0	22	90.69
Q99683_PF00069_685_937	CTR_0	21	84.01
Q99685_PF12146_40_275	CTR_0	18	82.12
Q99685_PF12146_40_275	CTR_1	19	74.09
Q99707_PF00809_375_613	CTR_0	17	75.65
Q99714_PF00106_12_211	CTR_0	22	81.22
Q99720_PF04622_15_215	CTR_4	13	74.82
Q99720_PF04622_15_215	CTR_2	13	70.3
Q99720_PF04622_15_215	CTR_3	11	95.88
Q99720_PF04622_15_215	CTR_0	18	93.07
Q99720_PF04622_15_215	CTR_1	17	70.3
Q99788_PF00001_57_316	CTR_0	12	89.43
Q99807_PF03232_48_214	CTR_0	16	97.99
Q99808_PF01733_144_454	CTR_0	9	96.36
Q99808_PF01733_144_454	CTR_1	13	91.84
Q99814_PF14598_243_347	CTR_0	25	95.27
Q99832_PF00118_32_522	CTR_0	21	78.62
Q99835_PF01534_221_551	CTR_1	21	93.92
Q99835_PF01534_221_551	CTR_0	19	91.33
Q99835_PF01534_221_551	CTR_2	13	89.78
Q99836_PF13676_164_278	CTR_0	16	81.76
Q99873_PF13649_92_189	CTR_0	17	92.55
Q99986_PF00069_41_272	CTR_0	16	83.82
Q9BPX1_PF13561_19_249	CTR_0	17	96.48
Q9BPX1_PF13561_19_249	CTR_1	15	96.48
Q9BQ65_PF09749_44_263	CTR_0	13	84.83
Q9BQ69_PF01661_170_282	CTR_0	18	89.96
Q9BRQ8_PF07992_13_298	CTR_0	24	86.24
Q9BRQ8_PF07992_13_298	CTR_1	14	94.08
Q9BRS2_PF01163_193_380	CTR_0	13	91.33
Q9BSA4_PF04906_10_437	CTR_0	14	87.58
Q9BSB4_PF07855_9_171	CTR_0	12	92.61
Q9BTU6_PF00454_134_428	CTR_0	12	90.51
Q9BTZ2_PF13561_39_273	CTR_0	19	89.17
Q9BUB5_PF00069_52_164	CTR_0	17	85.09
Q9BUP3_PF13460_25_173	CTR_0	17	76.6
Q9BUT1_PF13561_14_244	CTR_0	17	94.07
Q9BV86_PF05891_8_223	CTR_0	19	97.86
Q9BV86_PF05891_8_223	CTR_1	15	94.69
Q9BVA1_PF00091_3_211	CTR_0	18	77.12
Q9BVA6_PF02661_285_381	CTR_0	13	83.64
Q9BVA6_PF02661_285_381	CTR_1	10	97.37
Q9BVG8_PF00225_451_768	CTR_0	15	78.05
Q9BVG9_PF03034_120_399	CTR_0	19	93.03
Q9BVG9_PF03034_120_399	CTR_1	13	76.81
Q9BVS4_PF01163_108_279	CTR_0	12	89.65
Q9BX68_PF01230_64_157	CTR_0	11	93.84
Q9BXA5_PF00001_40_295	CTR_0	17	84.33
Q9BXC1_PF00001_36_292	CTR_0	17	83.61
Q9BXC1_PF00001_36_292	CTR_1	10	90.51
Q9BXC1_PF00001_36_292	CTR_2	9	88.55
Q9BXF3_PF00439_445_524	CTR_0	11	89.9
Q9BXW6_PF01237_548_942	CTR_0	18	75.65
Q9BY32_PF01725_10_188	CTR_0	17	89.01
Q9BY41_PF00850_35_320	CTR_0	9	91.29
Q9BY76_PF00147_185_399	CTR_0	20	80.71
Q9BYF1_PF01401_21_606	CTR_0	15	78.65
Q9BYF1_PF01401_21_606	CTR_1	9	91.06
Q9BYF1_PF01401_21_606	CTR_2	14	75.37
Q9BYJ9_PF04146_390_523	CTR_0	20	79.38
Q9BYN0_PF02195_40_132	CTR_0	8	95.43
Q9BYT3_PF00069_116_381	CTR_0	19	86.63
Q9BYW2_PF00856_1561_1667	CTR_0	14	85.91
Q9BYX4_PF04851_306_491	CTR_0	13	85.29
Q9BZ11_PF01421_210_409	CTR_0	14	73.56
Q9BZ23_PF03630_213_564	CTR_0	18	97.46
Q9BZ95_PF00855_271_349	CTR_0	10	72.55
Q9BZ95_PF00856_1156_1262	CTR_0	13	76.54
Q9BZP6_PF00704_24_365	CTR_0	18	89.82
Q9BZV2_PF01770_10_441	CTR_0	15	93.92
Q9BZX2_PF00485_22_217	CTR_0	18	94.27
Q9BZX2_PF00485_22_217	CTR_1	15	93.83
Q9C0B1_PF12933_37_325	CTR_0	20	89.62
Q9GZN1_PF00022_2_394	CTR_0	20	94.77
Q9GZQ8_PF02991_15_120	CTR_0	12	93.36
Q9GZQ8_PF02991_15_120	CTR_1	9	96.13
Q9GZT4_PF00291_20_314	CTR_0	27	78.03
Q9GZT4_PF00291_20_314	CTR_1	24	78.03
Q9GZT9_PF13640_299_390	CTR_0	16	94.57
Q9GZU1_PF08016_385_524	CTR_0	12	92.79
Q9GZU7_PF03031_92_250	CTR_0	12	90.91
Q9GZZ1_PF00583_20_129	CTR_0	19	95.9
Q9GZZ1_PF00583_20_129	CTR_1	11	94.09
Q9GZZ9_PF00899_53_304	CTR_0	17	80.17
Q9H040_PF22934_164_211	CTR_0	11	90.81
Q9H082_PF00071_35_200	CTR_0	17	87.59
Q9H0A0_PF05127_282_488	CTR_0	14	78.47
Q9H0A0_PF13718_528_752	CTR_0	12	81.96
Q9H0F7_PF00025_11_181	CTR_0	17	95.55
Q9H0U4_PF00071_10_170	CTR_0	19	73.1
Q9H1A3_PF05219_56_317	CTR_0	16	84.01
Q9H1D0_PF00520_394_627	CTR_0	14	85.93
Q9H1D0_PF00520_394_627	CTR_2	12	84.55
Q9H1D0_PF00520_394_627	CTR_3	13	81.69
Q9H1D0_PF00520_394_627	CTR_4	9	90.7
Q9H1D0_PF00520_394_627	CTR_5	9	75.88
Q9H227_PF00232_2_464	CTR_1	13	90.4
Q9H227_PF00232_2_464	CTR_0	11	93.72
Q9H237_PF03062_63_363	CTR_0	20	88.27
Q9H237_PF03062_63_363	CTR_1	19	92.76
Q9H244_PF00001_49_298	CTR_0	18	89.23
Q9H2G2_PF00069_35_292	CTR_0	20	72.39
Q9H2K2_PF00644_963_1128	CTR_1	10	79.41
Q9H2X6_PF00069_199_527	CTR_0	19	87.83
Q9H3H5_PF00953_99_269	CTR_0	12	90.13
Q9H3R0_PF02373_177_293	CTR_0	17	94.08
Q9H422_PF00069_197_525	CTR_0	18	88.32
Q9H477_PF00294_17_312	CTR_0	21	91.0
Q9H488_PF10250_34_368	CTR_0	15	90.8
Q9H492_PF02991_16_120	CTR_0	11	94.52
Q9H492_PF02991_16_120	CTR_1	10	95.48
Q9H4B4_PF00069_63_314	CTR_0	20	78.13
Q9H4K7_PF01926_227_346	CTR_0	13	82.55
Q9H4Y5_PF13417_27_100	CTR_0	13	96.48
Q9H4Z3_PF12237_446_621	CTR_0	21	72.32
Q9H5I1_PF00856_262_373	CTR_0	15	77.78
Q9H5I1_PF00856_262_373	CTR_1	14	73.77
Q9H5U6_PF10237_167_343	CTR_0	23	83.97
Q9H611_PF05970_206_404	CTR_0	14	87.27
Q9H6D3_PF09815_15_343	CTR_0	13	87.8
Q9H6W3_PF08007_298_425	CTR_0	16	97.0
Q9H7B4_PF00856_15_239	CTR_0	15	97.08
Q9H7B4_PF00856_15_239	CTR_1	12	96.23
Q9H7E2_PF00567_554_611	CTR_0	9	92.54
Q9H7H0_PF09243_155_438	CTR_0	19	94.84
Q9H7X0_PF00583_27_155	CTR_0	15	95.08
Q9H7Z6_PF01853_235_412	CTR_0	20	78.19
Q9H7Z6_PF01853_235_412	CTR_1	21	84.46
Q9H867_PF10294_23_193	CTR_0	20	81.97
Q9H8M2_PF00439_146_228	CTR_0	14	95.24
Q9H903_PF02882_188_344	CTR_0	12	95.76
Q9H999_PF03630_13_364	CTR_0	20	96.84
Q9H9B1_PF00856_1137_1243	CTR_0	12	89.65
Q9H9T3_PF04055_107_295	CTR_0	12	91.47
Q9HA47_PF00485_25_218	CTR_0	19	93.16
Q9HAB3_PF06237_10_435	CTR_0	21	88.51
Q9HAB8_PF04127_171_268	CTR_0	13	85.06
Q9HAB8_PF04127_171_268	CTR_1	11	84.96
Q9HAC7_PF02515_41_408	CTR_0	11	95.08
Q9HAN9_PF01467_12_228	CTR_1	19	91.28
Q9HAN9_PF01467_12_228	CTR_0	16	95.92
Q9HAU4_PF00632_444_747	CTR_0	23	80.27
Q9HAZ1_PF00069_159_475	CTR_0	22	87.41
Q9HBA0_PF00520_475_729	CTR_0	9	79.92
Q9HBA0_PF00520_475_729	CTR_1	19	83.04
Q9HBH1_PF01327_66_231	CTR_0	15	96.13
Q9HBH9_PF00069_87_368	CTR_0	18	79.94
Q9HBL8_PF05368_4_288	CTR_0	19	90.6
Q9HBL8_PF05368_4_288	CTR_1	15	92.1
Q9HC97_PF00001_38_276	CTR_0	13	95.45
Q9HCC0_PF01039_76_554	CTR_0	13	91.83
Q9HCE5_PF05063_186_362	CTR_0	18	87.83
Q9HCE7_PF00632_450_756	CTR_0	22	78.95
Q9HCP0_PF00069_44_262	CTR_0	18	81.94
Q9HCP0_PF00069_44_262	CTR_1	16	94.04
Q9HD40_PF05889_61_459	CTR_0	17	98.19
Q9HD67_PF00063_65_727	CTR_0	15	84.57
Q9NP72_PF00071_10_170	CTR_0	18	90.57
Q9NP81_PF00587_292_468	CTR_0	17	91.86
Q9NP87_PF14792_292_362	CTR_0	8	95.69
Q9NP87_PF14792_292_362	CTR_1	12	94.2
Q9NP90_PF00071_9_173	CTR_0	19	86.04
Q9NP91_PF00209_5_579	CTR_0	26	95.43
Q9NPB1_PF06941_38_224	CTR_0	14	97.61
Q9NPB1_PF06941_38_224	CTR_1	13	98.69
Q9NPD5_PF03137_29_618	CTR_0	11	76.69
Q9NPD8_PF00179_6_146	CTR_0	13	92.36
Q9NPD8_PF00179_6_146	CTR_1	14	96.84
Q9NPD8_PF00179_6_146	CTR_2	14	95.06
Q9NPG2_PF00042_27_144	CTR_0	15	91.3
Q9NPI1_PF00439_141_223	CTR_0	14	94.61
Q9NQ11_PF13246_626_730	CTR_0	11	70.35
Q9NQG6_PF21297_153_345	CTR_0	16	92.55
Q9NQH7_PF00557_253_482	CTR_0	17	96.25
Q9NQR1_PF00856_268_378	CTR_0	12	92.61
Q9NQR1_PF00856_268_378	CTR_1	14	92.61
Q9NQU5_PF00069_411_658	CTR_0	19	85.22
Q9NQV7_PF21549_248_367	CTR_0	15	84.86
Q9NQW7_PF00557_328_542	CTR_0	17	81.81
Q9NQW8_PF00027_545_629	CTR_0	15	78.7
Q9NQX4_PF00063_70_741	CTR_0	18	81.77
Q9NR31_PF00025_12_197	CTR_0	13	88.82
Q9NRA2_PF07690_47_441	CTR_0	20	84.23
Q9NRD5_PF00595_23_99	CTR_0	10	91.45
Q9NRD9_PF01794_1097_1236	CTR_0	15	89.84
Q9NRD9_PF08030_1381_1534	CTR_0	14	87.77
Q9NRF8_PF00117_310_539	CTR_0	22	84.1
Q9NRF8_PF06418_2_272	CTR_0	13	86.41
Q9NRF8_PF06418_2_272	CTR_1	10	87.74
Q9NRG4_PF00856_18_240	CTR_0	14	96.71
Q9NRG4_PF00856_18_240	CTR_1	11	97.17
Q9NRG4_PF00856_18_240	CTR_2	13	97.77
Q9NRG7_PF01370_3_208	CTR_1	13	88.26
Q9NRG7_PF01370_3_208	CTR_0	19	91.74
Q9NRK6_PF00664_174_438	CTR_0	16	90.89
Q9NRM0_PF00083_63_514	CTR_0	15	77.92
Q9NRN9_PF05175_51_145	CTR_0	16	93.72
Q9NRW1_PF00071_15_173	CTR_0	21	87.9
Q9NS75_PF00001_55_305	CTR_0	16	85.39
Q9NSA0_PF00083_144_520	CTR_0	18	82.35
Q9NSY1_PF00069_54_311	CTR_0	19	90.77
Q9NTG7_PF02146_145_326	CTR_2	23	73.95
Q9NTG7_PF02146_145_326	CTR_3	12	77.3
Q9NTG7_PF02146_145_326	CTR_1	19	77.69
Q9NTG7_PF02146_145_326	CTR_0	15	77.3
Q9NTX7_PF02825_104_168	CTR_0	10	88.63
Q9NUI1_PF13561_38_270	CTR_0	16	91.13
Q9NUI1_PF13561_38_270	CTR_1	15	89.12
Q9NUT2_PF00664_149_425	CTR_0	6	84.97
Q9NUT2_PF00664_149_425	CTR_1	9	84.45
Q9NUV9_PF04548_31_238	CTR_0	16	70.88
Q9NUW8_PF06087_166_582	CTR_0	15	94.9
Q9NV35_PF00293_13_132	CTR_0	15	81.99
Q9NV96_PF03381_69_351	CTR_0	14	92.2
Q9NVA2_PF00735_38_306	CTR_0	13	88.83
Q9NVJ2_PF00025_11_180	CTR_0	18	70.41
Q9NVS9_PF01243_75_194	CTR_0	10	86.72
Q9NW15_PF04547_200_626	CTR_0	12	90.83
Q9NW15_PF04547_200_626	CTR_1	12	91.65
Q9NW15_PF04547_200_626	CTR_2	12	93.2
Q9NW15_PF04547_200_626	CTR_3	18	78.52
Q9NW15_PF04547_200_626	CTR_4	13	78.52
Q9NWM8_PF00254_38_132	CTR_0	12	95.51
Q9NWT6_PF13621_53_299	CTR_0	17	96.62
Q9NWW6_PF13238_6_147	CTR_0	15	94.63
Q9NWW6_PF13238_6_147	CTR_1	12	96.34
Q9NWX6_PF04446_35_164	CTR_0	14	94.6
Q9NWZ3_PF07714_190_453	CTR_0	21	83.68
Q9NX46_PF03747_25_337	CTR_0	17	89.24
Q9NX74_PF01207_15_285	CTR_0	15	95.78
Q9NXA8_PF02146_58_256	CTR_0	12	76.21
Q9NXA8_PF02146_58_256	CTR_2	11	90.23
Q9NXL6_PF13965_184_827	CTR_0	12	87.46
Q9NXL9_PF00493_304_508	CTR_0	11	79.74
Q9NXS2_PF04389_150_374	CTR_0	16	85.96
Q9NY97_PF01762_156_347	CTR_0	12	93.96
Q9NYA1_PF00781_16_123	CTR_0	14	81.76
Q9NYL2_PF07714_17_259	CTR_0	22	73.47
Q9NYN1_PF00071_23_183	CTR_0	18	87.97
Q9NYV4_PF00069_729_1020	CTR_0	15	88.03
Q9NYV8_PF05296_1_298	CTR_0	15	71.61
Q9NYY3_PF00069_84_334	CTR_0	20	78.53
Q9NZ08_PF01433_281_484	CTR_0	14	94.26
Q9NZ08_PF11838_597_916	CTR_0	15	95.87
Q9NZD2_PF08718_18_166	CTR_0	14	90.64
Q9NZD2_PF08718_18_166	CTR_1	19	82.18
Q9NZK5_PF00962_198_495	CTR_0	19	98.3
Q9NZK7_PF00068_21_127	CTR_0	18	86.74
Q9NZL9_PF04321_30_322	CTR_1	15	83.48
Q9NZL9_PF04321_30_322	CTR_0	17	88.63
Q9P121_PF07679_37_132	CTR_0	14	93.57
Q9P1W9_PF00069_32_286	CTR_0	17	90.32
Q9P1Z3_PF00027_447_528	CTR_0	17	86.56
Q9P286_PF00069_454_700	CTR_0	20	87.93
Q9P289_PF00069_24_274	CTR_0	23	70.75
Q9P2J5_PF00133_188_755	CTR_0	16	79.91
Q9P2K8_PF00069_795_999	CTR_0	9	85.34
Q9P2T1_PF00478_10_339	CTR_0	28	90.09
Q9P2T1_PF00478_10_339	CTR_1	10	85.99
Q9P2W7_PF03360_105_315	CTR_0	13	73.16
Q9UBC3_PF00145_575_707	CTR_0	15	91.12
Q9UBC3_PF00855_226_309	CTR_0	10	83.43
Q9UBD6_PF00909_49_418	CTR_0	12	94.42
Q9UBF8_PF00454_560_755	CTR_0	13	87.47
Q9UBH6_PF03124_269_617	CTR_0	18	89.98
Q9UBH6_PF03124_269_617	CTR_1	11	94.68
Q9UBH6_PF03124_269_617	CTR_2	12	76.47
Q9UBK8_PF00175_542_661	CTR_0	14	87.63
Q9UBN7_PF02148_1133_1194	CTR_0	12	89.57
Q9UBP6_PF02390_77_253	CTR_0	16	93.75
Q9UBQ7_PF00389_9_326	CTR_0	17	94.6
Q9UBQ7_PF02826_117_295	CTR_0	16	95.04
Q9UBS5_PF00003_588_856	CTR_0	16	90.78
Q9UBS5_PF01094_188_544	CTR_0	15	86.53
Q9UBT2_PF00899_14_442	CTR_0	16	86.64
Q9UBT2_PF00899_14_442	CTR_1	17	91.06
Q9UBT2_PF14732_452_538	CTR_0	16	93.63
Q9UBV7_PF13733_84_175	CTR_0	9	98.19
Q9UDR5_PF03435_483_598	CTR_0	14	83.78
Q9UDX3_PF00650_86_243	CTR_0	18	95.38
Q9UDY8_PF00656_343_556	CTR_0	16	87.17
Q9UEE5_PF00069_65_321	CTR_0	21	88.09
Q9UET6_PF01728_21_199	CTR_0	17	91.18
Q9UGM6_PF00579_33_314	CTR_0	18	88.39
Q9UGM6_PF00579_33_314	CTR_1	17	82.2
Q9UGN5_PF00644_376_577	CTR_0	14	87.91
Q9UH03_PF00735_59_331	CTR_0	14	78.5
Q9UHB4_PF00258_8_145	CTR_0	18	80.05
Q9UHD2_PF00069_13_232	CTR_0	19	85.52
Q9UHD8_PF00735_295_571	CTR_0	14	80.15
Q9UHE8_PF01794_120_263	CTR_0	8	98.44
Q9UHE8_PF01794_120_263	CTR_1	11	95.68
Q9UHI7_PF00860_45_474	CTR_1	14	81.52
Q9UHI7_PF00860_45_474	CTR_0	9	84.19
Q9UHI8_PF01421_258_467	CTR_0	16	80.29
Q9UHL4_PF05577_38_464	CTR_0	20	98.02
Q9UHY7_PF00702_11_224	CTR_0	20	87.3
Q9UI17_PF01266_52_414	CTR_0	23	97.22
Q9UI43_PF01728_52_236	CTR_0	18	93.11
Q9UIC8_PF04072_32_216	CTR_0	17	96.77
Q9UIF8_PF00439_2069_2148	CTR_0	14	85.48
Q9UIF8_PF00628_1934_1978	CTR_0	12	81.18
Q9UIF9_PF00439_1802_1883	CTR_0	13	82.3
Q9UIF9_PF00628_1679_1723	CTR_0	13	79.26
Q9UIJ7_PF00406_12_191	CTR_0	23	90.62
Q9UIJ7_PF00406_12_191	CTR_1	20	90.7
Q9UIK4_PF00069_23_285	CTR_0	18	86.11
Q9UIQ6_PF01433_392_610	CTR_0	13	90.92
Q9UJ37_PF00777_97_368	CTR_0	21	93.85
Q9UJ37_PF00777_97_368	CTR_1	13	92.07
Q9UJ70_PF01869_7_278	CTR_0	22	78.74
Q9UJ70_PF01869_7_278	CTR_1	18	89.41
Q9UJA3_PF00493_391_612	CTR_0	11	85.36
Q9UJM8_PF01070_15_361	CTR_3	14	97.52
Q9UJM8_PF01070_15_361	CTR_0	22	93.6
Q9UK32_PF00069_73_330	CTR_0	15	76.99
Q9UK39_PF03372_146_414	CTR_0	17	92.68
Q9UKE5_PF00069_25_289	CTR_0	20	74.7
Q9UKL6_PF01852_12_211	CTR_0	16	93.76
Q9UL25_PF00071_21_180	CTR_0	18	75.25
Q9UL51_PF00027_563_645	CTR_0	17	88.87
Q9UL52_PF00089_192_417	CTR_0	22	75.99
Q9UL62_PF00520_376_635	CTR_1	10	91.86
Q9UL62_PF00520_376_635	CTR_0	14	86.92
Q9ULC3_PF00071_11_169	CTR_0	18	82.52
Q9ULV1_PF01392_45_151	CTR_0	18	90.95
Q9ULW8_PF03068_284_661	CTR_0	14	94.2
Q9ULX7_PF00194_28_278	CTR_0	16	96.03
Q9UM07_PF03068_284_660	CTR_0	14	92.3
Q9UM07_PF03068_284_660	CTR_1	23	92.3
Q9UM07_PF03068_284_660	CTR_2	17	88.25
Q9UM54_PF00063_59_759	CTR_0	16	79.47
Q9UM73_PF07714_1116_1382	CTR_0	20	71.65
Q9UNA0_PF01421_269_476	CTR_0	16	85.12
Q9UNA4_PF00817_58_235	CTR_0	15	93.87
Q9UNN5_PF00789_569_647	CTR_0	14	82.42
Q9UNN8_PF16497_8_192	CTR_1	19	97.09
Q9UNN8_PF16497_8_192	CTR_0	16	96.1
Q9UNQ2_PF00398_30_255	CTR_0	20	81.59
Q9UNU6_PF00067_37_491	CTR_0	14	84.13
Q9UNU6_PF00067_37_491	CTR_1	15	78.15
Q9UNU6_PF00067_37_491	CTR_2	14	80.02
Q9UP95_PF00324_124_300	CTR_0	9	91.04
Q9UP95_PF03522_709_824	CTR_0	13	85.12
Q9UPC5_PF00001_71_327	CTR_0	16	80.87
Q9UPN9_PF00439_966_1050	CTR_0	11	82.8
Q9UQB9_PF00069_43_293	CTR_1	20	83.77
Q9UQB9_PF00069_43_293	CTR_0	17	74.19
Q9UQG0_PF00078_76_245	CTR_0	11	82.83
Q9UQM7_PF00069_13_271	CTR_0	15	79.21
Q9Y210_PF00520_486_738	CTR_0	14	84.89
Q9Y223_PF00480_410_714	CTR_0	25	82.37
Q9Y223_PF00480_410_714	CTR_1	14	85.06
Q9Y223_PF02350_37_375	CTR_0	15	89.61
Q9Y223_PF02350_37_375	CTR_1	14	92.83
Q9Y230_PF06068_21_364	CTR_0	17	80.49
Q9Y231_PF00852_183_356	CTR_0	16	90.47
Q9Y233_PF01590_544_688	CTR_0	19	97.32
Q9Y251_PF03662_165_370	CTR_0	13	95.21
Q9Y253_PF00817_12_227	CTR_0	14	96.61
Q9Y255_PF04707_16_171	CTR_0	19	81.72
Q9Y257_PF07885_181_257	CTR_0	13	93.66
Q9Y265_PF06068_14_368	CTR_0	18	79.86
Q9Y2C3_PF01762_72_260	CTR_0	13	89.52
Q9Y2G5_PF10250_45_399	CTR_0	17	80.66
Q9Y2J2_PF00373_192_301	CTR_0	14	89.52
Q9Y2J2_PF09380_305_390	CTR_0	12	89.21
Q9Y2J8_PF03068_285_662	CTR_0	14	89.76
Q9Y2K2_PF00069_66_317	CTR_0	18	86.85
Q9Y2N7_PF14598_241_344	CTR_0	21	92.5
Q9Y2Q0_PF13246_479_664	CTR_0	12	73.24
Q9Y2Q3_PF01323_7_210	CTR_0	19	88.0
Q9Y2S2_PF02737_9_189	CTR_0	17	95.58
Q9Y2T3_PF01979_74_447	CTR_0	18	77.1
Q9Y2T5_PF00001_57_317	CTR_0	17	80.98
Q9Y2Z4_PF00579_74_374	CTR_0	18	86.47
Q9Y316_PF01875_9_291	CTR_0	14	96.66
Q9Y337_PF00089_67_285	CTR_0	14	76.66
Q9Y397_PF01529_137_261	CTR_0	11	94.08
Q9Y3I0_PF01139_68_505	CTR_0	23	86.22
Q9Y3Q0_PF04389_347_550	CTR_0	16	84.86
Q9Y3Q4_PF00027_614_696	CTR_0	17	88.15
Q9Y3Q4_PF00520_263_523	CTR_0	12	88.75
Q9Y3Q4_PF00520_263_523	CTR_1	14	81.08
Q9Y450_PF00009_258_476	CTR_0	18	82.09
Q9Y463_PF00069_111_431	CTR_0	17	91.43
Q9Y468_PF02820_417_484	CTR_0	9	90.67
Q9Y468_PF02820_521_587	CTR_0	9	94.47
Q9Y4U1_PF16690_20_234	CTR_1	12	94.71
Q9Y4U1_PF16690_20_234	CTR_2	14	78.34
Q9Y4U1_PF16690_20_234	CTR_0	13	96.1
Q9Y530_PF01661_36_134	CTR_0	14	90.0
Q9Y572_PF00069_22_280	CTR_0	21	85.45
Q9Y5A9_PF04146_411_544	CTR_0	17	74.91
Q9Y5K2_PF00089_31_247	CTR_0	21	91.91
Q9Y5K2_PF00089_31_247	CTR_1	18	94.98
Q9Y5M8_PF09439_62_241	CTR_0	14	93.36
Q9Y5N5_PF05175_29_127	CTR_0	15	94.55
Q9Y5P4_PF01852_415_618	CTR_0	15	94.16
Q9Y5P6_PF00483_2_230	CTR_0	15	77.5
Q9Y5S2_PF00069_76_342	CTR_0	19	83.07
Q9Y5W5_PF02019_38_171	CTR_0	12	82.81
Q9Y5W5_PF02019_38_171	CTR_1	10	82.81
Q9Y5X0_PF00787_42_123	CTR_0	13	77.31
Q9Y5X0_PF00787_42_123	CTR_1	8	76.89
Q9Y5Y4_PF00001_50_304	CTR_0	15	90.58
Q9Y5Y9_PF00520_1476_1732	CTR_0	16	73.12
Q9Y5Z0_PF00026_92_430	CTR_0	17	81.63
Q9Y600_PF00282_49_416	CTR_0	20	97.96
Q9Y616_PF00069_166_441	CTR_0	19	78.5
Q9Y617_PF00266_8_357	CTR_0	19	90.06
Q9Y657_PF02513_54_102	CTR_0	9	94.24
Q9Y663_PF00685_153_388	CTR_0	20	89.22
Q9Y689_PF00025_12_174	CTR_0	15	81.76
Q9Y697_PF00266_60_421	CTR_1	10	88.05
Q9Y6A2_PF00067_34_469	CTR_0	17	97.24
Q9Y6A2_PF00067_34_469	CTR_1	13	92.51
Q9Y6B6_PF00025_12_197	CTR_0	14	88.78
Q9Y6E0_PF00069_36_286	CTR_0	22	74.03
Q9Y6E0_PF00069_36_286	CTR_1	8	93.93
Q9Y6F1_PF00644_335_532	CTR_0	12	85.54
Q9Y6K0_PF01066_82_228	CTR_1	16	89.73
Q9Y6K0_PF01066_82_228	CTR_0	15	91.17
Q9Y6K1_PF00145_634_766	CTR_0	15	93.84
Q9Y6K1_PF00855_293_374	CTR_0	11	85.19
Q9Y6L6_PF03137_29_621	CTR_0	12	81.82
Q9Y6M4_PF00069_43_259	CTR_0	17	82.39
Q9Y6M9_PF05347_14_72	CTR_0	17	96.65
Q9Y6N5_PF07992_44_160	CTR_0	12	98.41
Q9Y6W6_PF00782_329_460	CTR_0	15	75.99
Q9Y6X5_PF01663_28_339	CTR_0	16	93.58
Q9Y6X9_PF13589_30_169	CTR_0	21	81.97
Q9Y6Y9_PF02221_32_151	CTR_0	10	91.19
