Domain	Reference	Pocket	Centroid X	Centroid Y	Centroid Z
A0AVT1_PF00899_449_931	7PVN_A	CTR_0	0.896	-41.118	71.572
A0FGR8_PF17047_191_370	4P42_A	CTR_0	-62.161	-61.867	17.017
A0FGR8_PF17047_191_370	4P42_A	CTR_1	-66.287	-70.575	22.214
A1L3X0_PF01151_30_266	6Y7F_B	CTR_0	9.772	61.638	41.969
A1Z1Q3_PF01661_88_201	4IQY_A	CTR_0	10.222	15.758	-8.469
A6NGN9_PF07686_42_123	6DLD_C	CTR_0	45.924	-67.575	-4.998
A6NHR9_PF13589_143_277	6MW7_C	CTR_0	-37.912	66.303	112.38
A6NJ78_PF01795_71_405	7PNX_b	CTR_0	149.141	241.109	184.843
B2RXH2_PF02373_176_292	2W2I_A	CTR_0	9.556	37.62	88.101
L0R8F8_PF05347_8_58	7OIC_v	CTR_0	258.531	278.189	196.592
O00139_PF00225_229_552	6BBN_E	CTR_0	-2.142	-9.653	4.394
O00141_PF00069_98_355	2R5T_A	CTR_0	34.915	33.315	67.413
O00151_PF00595_5_81	2PKT_A	CTR_0	1.653	-19.142	8.333
O00159_PF00063_49_718	4BYF_A	CTR_0	-11.626	-1.925	135.643
O00167_PF00702_269_513	5ZMA_A	CTR_0	29.01	80.406	78.311
O00187_PF00089_445_679	9D40_A	CTR_0	11.755	7.596	45.21
O00194_PF00071_11_182	2F7S_A	CTR_0	19.086	-5.635	-22.119
O00204_PF00685_60_304	1Q20_A	CTR_0	25.01	14.452	20.843
O00204_PF00685_60_304	1Q20_A	CTR_1	13.766	14.597	29.181
O00204_PF00685_60_304	1Q20_A	CTR_2	16.772	18.597	6.424
O00212_PF00071_19_188	7KDC_A	CTR_0	-20.285	53.624	5.955
O00214_PF00337_18_150	7P1M_B	CTR_0	38.851	-7.974	-27.629
O00222_PF01094_75_477	6E5V_B	CTR_0	34.621	-70.374	-11.144
O00238_PF07714_204_489	3MDY_A	CTR_0	45.964	11.209	57.357
O00255_PF05053_3_499	8VA5_A	CTR_0	-12.237	-13.403	-11.733
O00255_PF05053_3_499	8VA5_A	CTR_1	8.293	-6.981	-3.85
O00255_PF05053_3_499	8VA5_A	CTR_2	-26.259	-1.752	-19.276
O00268_PF07531_592_682	2P6V_A	CTR_0	35.312	3.064	123.03
O00268_PF07531_592_682	2P6V_A	CTR_1	31.603	6.611	113.203
O00268_PF07531_592_682	2P6V_A	CTR_2	40.999	3.009	108.628
O00311_PF00069_58_207	6YA6_A	CTR_0	20.579	19.089	58.188
O00327_PF14598_339_441	8RW8_B	CTR_0	7.141	-2.319	-17.397
O00329_PF00454_774_990	5DXU_A	CTR_0	36.995	13.693	32.782
O00338_PF00685_39_288	3BFX_A	CTR_0	15.527	-4.229	20.644
O00370_PF00078_517_773	8C8J_A	CTR_0	-24.903	-11.594	23.785
O00370_PF03372_11_230	8SP7_A	CTR_0	-8.538	-10.795	5.596
O00391_PF04777_405_504	3LLI_A	CTR_0	-23.181	11.754	7.34
O00398_PF00001_52_305	8KGG_R	CTR_0	145.135	154.851	172.448
O00408_PF00233_655_887	5U00_D	CTR_0	37.757	-28.054	6.494
O00411_PF00940_831_1205	8U8V_E	CTR_0	121.929	111.614	106.791
O00418_PF02816_139_318	8GM5_A	CTR_0	6.064	2.09	19.962
O00429_PF00350_28_217	3W6P_B	CTR_0	-12.67	27.893	-24.832
O00444_PF00069_12_265	3COK_B	CTR_0	8.026	59.281	2.364
O00482_PF00104_332_522	6VC2_A	CTR_0	12.627	0.152	11.839
O00506_PF00069_20_270	7Z4V_A	CTR_0	10.035	-9.263	3.876
O00560_PF00595_115_191	7FSX_B	CTR_0	-38.62	-13.366	-28.092
O00560_PF00595_200_270	7FT9_C	CTR_0	0.211	5.902	-30.458
O00560_PF00595_200_270	7FT9_C	CTR_1	0.815	-4.285	-42.244
O00602_PF00147_115_325	2JHM_F	CTR_0	5.011	-9.322	16.983
O00625_PF02678_22_118	6N0K_A	CTR_0	15.528	-14.836	-7.536
O00757_PF00316_13_198	3IFA_D	CTR_0	-59.52	-94.141	20.225
O00763_PF02785_651_757	3JRX_A	CTR_0	-44.861	23.644	-16.937
O00764_PF08543_94_274	8WR2_A	CTR_0	24.817	-5.885	43.269
O14508_PF00017_48_129	7ZLM_A	CTR_0	-2.629	-28.261	-2.752
O14520_PF00230_30_272	8C9H_A	CTR_0	132.02	145.145	162.629
O14522_PF00102_912_1142	2OOQ_A	CTR_0	23.62	-13.037	84.599
O14607_PF02373_1080_1188	4UF0_B	CTR_0	-33.552	50.257	-25.428
O14638_PF01663_161_486	6C02_A	CTR_0	-24.305	27.971	-33.328
O14641_PF00778_13_89	4WIP_A	CTR_0	0.199	-13.06	8.877
O14656_PF06309_44_169	5J1S_A	CTR_0	-23.631	-1.742	-7.398
O14672_PF13574_243_445	8ESV_A	CTR_0	203.977	221.276	215.916
O14684_PF01124_16_146	4AL0_A	CTR_0	8.034	-9.062	-7.98
O14684_PF01124_16_146	4AL0_A	CTR_1	17.429	5.725	-11.812
O14733_PF00069_122_380	6IB0_A	CTR_0	-23.957	8.268	-6.088
O14744_PF05185_297_464	9MGQ_A	CTR_0	17.815	-37.335	-4.257
O14744_PF05185_297_464	9MGQ_A	CTR_1	22.367	-47.373	-9.646
O14744_PF17285_37_290	6V0P_A	CTR_0	-50.03	-63.838	-30.411
O14744_PF17286_467_635	6UXY_A	CTR_0	12.667	-46.093	-17.53
O14746_PF21399_968_1097	5UGW_A	CTR_0	-45.416	32.276	150.61
O14757_PF00069_11_264	2YEX_A	CTR_0	2.773	38.155	10.786
O14757_PF00069_11_264	2YEX_A	CTR_1	1.082	37.622	27.09
O14757_PF00069_11_264	2YEX_A	CTR_2	8.203	41.957	30.455
O14782_PF00225_16_257	3B6V_B	CTR_0	-8.122	-1.203	31.286
O14786_PF00754_290_421	5JGI_B	CTR_0	57.268	-33.127	-14.081
O14792_PF00685_55_294	1ZRH_A	CTR_0	9.216	23.525	13.728
O14807_PF00071_15_176	7TXH_A	CTR_0	-22.861	-1.361	-24.898
O14842_PF00001_23_274	8EJC_R	CTR_0	100.604	124.792	118.073
O14842_PF00001_23_274	8EJC_R	CTR_1	92.024	105.54	104.553
O14843_PF00001_32_276	8J20_D	CTR_0	120.578	131.277	117.688
O14874_PF02518_268_401	8F5J_A	CTR_0	30.204	-41.018	12.795
O14874_PF10436_70_222	9DI9_A	CTR_0	32.405	6.17	-14.591
O14920_PF00069_16_290	4KIK_B	CTR_0	-13.92	-32.118	-73.503
O14931_PF07686_23_127	3NOI_A	CTR_0	24.438	0.802	34.22
O14936_PF00069_12_276	3C0I_A	CTR_0	-2.944	19.737	5.761
O14965_PF00069_133_383	5L8L_A	CTR_0	5.435	-4.142	-16.332
O14965_PF00069_133_383	5L8L_A	CTR_1	5.567	-3.92	-16.783
O14965_PF00069_133_383	5L8L_A	CTR_2	9.663	-12.364	-7.851
O14965_PF00069_133_383	5L8L_A	CTR_3	18.63	-7.231	-0.856
O14965_PF00069_133_383	5L8L_A	CTR_4	24.842	-15.434	-17.795
O14966_PF00071_9_174	6HH2_A	CTR_0	25.59	11.233	39.002
O14976_PF00069_43_312	5Y80_A	CTR_0	-15.888	-14.651	19.313
O14976_PF00069_43_312	5Y80_A	CTR_1	-26.449	-0.767	32.069
O14994_PF02750_193_395	2P0A_B	CTR_0	21.91	8.16	-14.264
O15054_PF02373_1377_1485	2XXZ_B	CTR_0	46.428	43.674	-45.174
O15066_PF00225_15_340	3B6U_B	CTR_0	-8.91	25.063	69.774
O15075_PF00069_390_647	5JZJ_A	CTR_0	36.984	25.553	63.337
O15075_PF00069_390_647	5JZJ_A	CTR_1	38.888	17.129	59.821
O15111_PF00069_16_290	5EBZ_J	CTR_0	124.278	70.201	113.802
O15118_PF16414_23_266	6W5S_A	CTR_0	111.47	152.257	205.342
O15164_PF00439_908_988	4YBT_A	CTR_0	4.863	1.694	25.722
O15178_PF00907_44_218	5QSK_A	CTR_0	11.975	-41.242	-0.71
O15178_PF00907_44_218	5QSK_A	CTR_1	7.903	-11.254	-4.857
O15178_PF00907_44_218	5QSK_A	CTR_2	-15.786	-30.129	-1.451
O15229_PF01494_10_324	5X68_B	CTR_0	14.689	-30.031	-27.209
O15244_PF00083_149_524	8ET9_A	CTR_0	103.432	108.991	107.151
O15245_PF00083_148_523	8JTZ_A	CTR_0	112.146	109.659	107.775
O15264_PF00069_28_308	5EKO_A	CTR_0	-13.463	11.234	-27.463
O15270_PF00155_169_528	7K0K_B	CTR_0	200.117	209.513	220.406
O15294_PF13844_476_1016	4GYW_A	CTR_0	-18.813	28.038	10.738
O15296_PF00305_211_656	8VIY_A	CTR_0	10.56	56.839	22.177
O15382_PF01063_100_350	5MPR_A	CTR_0	-5.031	56.737	124.726
O15382_PF01063_100_350	5MPR_A	CTR_1	4.196	54.027	124.443
O15393_PF00089_256_484	8V04_B	CTR_0	-9.657	-5.664	19.653
O15393_PF00089_256_484	8V04_B	CTR_1	-13.232	-15.066	11.52
O15393_PF00089_256_484	8V04_B	CTR_2	-3.205	-20.814	28.678
O15393_PF00089_256_484	8V04_B	CTR_3	-9.891	0.814	13.566
O15399_PF00060_584_856	9D3B_D	CTR_0	147.487	145.833	196.957
O15439_PF00664_714_991	8ZBR_A	CTR_0	98.781	88.199	126.29
O15496_PF00068_46_149	5OWC_A	CTR_0	-0.956	-2.309	0.396
O15527_PF00730_143_285	7AYY_EEE	CTR_0	72.147	22.304	2.625
O15530_PF00069_83_330	5LVO_A	CTR_0	-11.159	38.619	-10.485
O15530_PF00069_83_330	5LVO_A	CTR_1	-16.586	20.574	-8.119
O15530_PF00069_83_330	5LVO_A	CTR_2	-32.074	10.157	-4.041
O15540_PF00061_8_131	7E25_A	CTR_0	24.803	5.417	15.835
O15550_PF02373_1133_1241	6FUL_A	CTR_0	22.275	5.667	11.771
O15552_PF00001_25_272	8Y6W_R	CTR_0	110.302	90.61	72.155
O15552_PF00001_25_272	8Y6W_R	CTR_1	89.655	107.862	95.117
O15552_PF00001_25_272	8Y6W_R	CTR_2	118.771	96.87	73.411
O15552_PF00001_25_272	8Y6W_R	CTR_3	106.537	99.053	97.645
O15552_PF00001_25_272	8Y6W_R	CTR_4	94.594	102.856	90.713
O43148_PF03291_137_475	5E9W_B	CTR_0	83.322	82.604	64.119
O43159_PF05148_238_456	2ZFU_A	CTR_0	17.567	8.286	-4.182
O43169_PF00173_29_99	3NER_B	CTR_0	5.123	-6.149	11.447
O43173_PF00777_117_370	5BO7_A	CTR_0	-3.814	-21.761	33.417
O43175_PF00389_9_317	6RJ3_B	CTR_0	18.527	29.483	22.135
O43175_PF02826_112_285	5NZO_B	CTR_0	-28.463	14.822	2.411
O43189_PF18104_34_69	8H43_C	CTR_0	-3.885	4.516	-2.634
O43252_PF01583_51_203	2PEZ_A	CTR_0	18.718	-7.912	18.488
O43252_PF01583_51_203	2PEZ_A	CTR_1	7.607	-1.858	26.058
O43252_PF01747_394_617	1XNJ_B	CTR_0	15.283	9.715	23.006
O43292_PF04114_125_615	7WLD_G	CTR_0	127.169	76.749	121.437
O43293_PF00069_13_275	3BHY_A	CTR_0	15.046	22.298	28.692
O43318_PF07714_36_283	2EVA_A	CTR_0	13.641	55.11	17.635
O43353_PF07714_22_288	5NG0_B	CTR_0	50.478	110.305	0.075
O43414_PF00929_147_319	7LPZ_A	CTR_0	68.823	9.856	3.113
O43451_PF01055_370_726	3L4U_A	CTR_0	-25.172	-9.573	-36.537
O43451_PF01055_370_726	3L4U_A	CTR_1	-1.665	-17.472	-20.569
O43488_PF00248_41_346	2BP1_D	CTR_0	-57.536	52.683	-46.392
O43502_PF08423_100_348	8OUZ_B	CTR_0	135.996	194.436	169.405
O43504_PF16672_1_88	3MSH_A	CTR_0	-0.597	14.084	0.391
O43520_PF13246_524_711	8OX5_A	CTR_0	117.635	127.071	168.784
O43526_PF00520_96_321	9IXY_C	CTR_0	112.027	76.207	124.931
O43526_PF00520_96_321	9IXY_C	CTR_1	123.707	104.381	124.399
O43570_PF00194_39_289	9FN7_A	CTR_0	25.906	5.975	11.214
O43598_PF05014_23_119	9DA4_A	CTR_0	-16.102	37.287	-3.494
O43613_PF00001_63_358	6TOD_A	CTR_0	10.319	-1.524	36.312
O43613_PF00001_63_358	6TOD_A	CTR_1	8.595	15.758	18.026
O43613_PF00001_63_358	6TOD_A	CTR_2	28.676	19.375	18.965
O43613_PF00001_63_358	6TOD_A	CTR_3	33.217	2.637	14.254
O43613_PF00001_63_358	6TOD_A	CTR_4	16.892	28.991	12.629
O43613_PF00001_63_358	6TOD_A	CTR_5	25.496	31.104	13.909
O43613_PF00001_63_358	6TOD_A	CTR_6	-6.103	1.86	37.162
O43613_PF00001_63_358	6TOD_A	CTR_7	27.083	-6.031	17.66
O43613_PF00001_63_358	6TOD_A	CTR_8	27.741	15.199	8.13
O43613_PF00001_63_358	6TOD_A	CTR_9	17.4	2.36	50.43
O43614_PF00001_71_364	7XRR_A	CTR_0	-2.153	5.119	20.14
O43617_PF04051_19_165	1SZ7_A	CTR_0	29.357	35.005	13.56
O43683_PF00069_790_1004	6F7B_A	CTR_0	13.277	-31.551	-15.39
O43683_PF00069_790_1004	6F7B_A	CTR_1	18.257	-31.649	-13.14
O43704_PF00685_38_288	3CKL_B	CTR_0	-62.227	11.29	-15.301
O43704_PF00685_38_288	3CKL_B	CTR_1	-54.697	18.107	-24.142
O43708_PF13409_14_81	1FW1_A	CTR_0	31.999	28.956	9.525
O43709_PF08241_58_130	7WTU_q	CTR_0	188.931	252.324	158.27
O43766_PF04055_133_295	9C19_C	CTR_0	39.402	74.444	106.112
O43776_PF00152_226_541	8TC8_C	CTR_0	35.338	12.456	30.694
O43781_PF00069_209_522	5Y86_A	CTR_0	16.561	31.854	18.934
O43809_PF13869_36_222	5R4Q_B	CTR_0	38.414	-22.127	-30.633
O43809_PF13869_36_222	5R4Q_B	CTR_1	33.012	-35.601	-29.493
O43824_PF01926_297_390	7OF6_C	CTR_0	123.967	210.94	186.735
O43865_PF00670_289_449	3MTG_B	CTR_0	38.65	25.605	-50.255
O43865_PF05221_239_529	3MTG_B	CTR_0	38.705	25.594	-50.201
O43909_PF09258_663_904	8OG4_B	CTR_0	27.924	-9.693	41.361
O43913_PF13191_8_154	7CTE_E	CTR_0	99.105	101.199	128.611
O43924_PF05351_10_149	5ML3_B	CTR_0	-33.054	6.013	-5.528
O60218_PF00248_17_292	1ZUA_X	CTR_0	-21.231	14.647	-14.948
O60218_PF00248_17_292	1ZUA_X	CTR_1	-40.187	31.403	-15.776
O60218_PF00248_17_292	1ZUA_X	CTR_2	-17.19	17.448	-17.721
O60218_PF00248_17_292	1ZUA_X	CTR_3	-30.119	23.014	-2.141
O60218_PF00248_17_292	1ZUA_X	CTR_4	-20.34	11.802	-9.899
O60218_PF00248_17_292	1ZUA_X	CTR_5	-28.226	11.588	-5.777
O60218_PF00248_17_292	1ZUA_X	CTR_6	-24.598	23.147	9.904
O60218_PF00248_17_292	1ZUA_X	CTR_7	-47.818	30.17	-6.904
O60313_PF00350_291_469	6JTG_A	CTR_0	-5.361	-3.677	-33.202
O60341_PF01593_288_825	6KGP_A	CTR_0	26.887	43.955	-18.75
O60341_PF01593_288_825	6KGP_A	CTR_1	33.765	53.438	-12.158
O60493_PF00787_58_147	7BLO_L	CTR_0	129.909	72.69	100.216
O60502_PF07555_62_342	5M7U_A	CTR_0	-15.73	3.802	38.091
O60507_PF13469_70_262	5WRI_A	CTR_0	19.183	-18.07	-1.388
O60547_PF16363_27_358	6GPK_B	CTR_0	47.768	12.799	38.519
O60547_PF16363_27_358	6GPK_B	CTR_1	39.384	24.61	41.328
O60551_PF01233_143_296	6PAU_A	CTR_0	24.617	-3.52	31.312
O60568_PF25342_37_279	6FXR_A	CTR_0	61.259	35.044	154.765
O60658_PF00233_555_807	3ECN_B	CTR_0	-0.453	8.827	-19.197
O60674_PF07714_546_805	8BA3_A	CTR_0	20.967	-12.44	22.715
O60674_PF07714_849_1120	8BXH_A	CTR_0	-13.144	14.619	19.799
O60674_PF07714_849_1120	8BXH_A	CTR_1	-37.321	18.158	14.654
O60678_PF06325_255_328	2FYT_A	CTR_0	-13.218	-28.179	21.131
O60678_PF22528_364_522	3SMQ_A	CTR_0	2.63	-5.071	11.333
O60701_PF03721_5_190	5VR8_D	CTR_0	-20.682	-41.75	67.367
O60704_PF13469_69_262	3AP1_B	CTR_0	-21.052	-11.032	41.018
O60741_PF00027_494_576	6UQF_D	CTR_0	173.977	195.035	118.091
O60741_PF00520_143_403	9BC6_D	CTR_0	133.717	146.562	135.193
O60741_PF00520_143_403	9BC6_D	CTR_1	136.312	137.496	139.705
O60760_PF02798_5_72	7JR8_A	CTR_0	-7.269	-14.431	66.418
O60779_PF01770_28_458	8Z7Z_A	CTR_0	150.546	137.707	150.992
O60825_PF01591_27_249	5HTK_A	CTR_0	40.941	99.07	34.04
O60841_PF00009_632_843	8PJ5_0	CTR_0	128.031	153.091	225.592
O60882_PF00413_116_271	2JSD_A	CTR_0	6.614	-5.236	5.003
O60885_PF00439_357_444	4Z93_A	CTR_0	17.705	-6.204	8.647
O60885_PF00439_70_151	4QB3_A	CTR_0	26.202	50.708	-1.545
O60885_PF00439_70_151	4QB3_A	CTR_1	18.753	53.285	5.634
O60885_PF00439_70_151	4QB3_A	CTR_2	24.481	36.646	18.627
O60885_PF00439_70_151	4QB3_A	CTR_3	18.118	41.078	-1.771
O60911_PF00112_114_332	7QGW_A	CTR_0	-3.206	8.403	9.554
O75116_PF00069_92_354	8X92_A	CTR_0	-28.091	-21.912	21.336
O75144_PF07686_20_129	6X4G_C	CTR_0	27.058	-55.282	16.32
O75164_PF02373_175_291	3PDQ_A	CTR_0	-25.954	-19.619	-21.82
O75173_PF01421_218_428	4WK7_A	CTR_0	-4.244	2.342	22.378
O75191_PF02782_296_479	4BC2_A	CTR_0	13.867	7.842	6.71
O75208_PF08511_213_284	6DEW_B	CTR_0	38.96	62.323	12.549
O75367_PF01661_213_326	3IID_A	CTR_0	11.764	-36.757	-1.423
O75385_PF00069_17_278	4WNO_A	CTR_0	-4.66	-38.798	-15.068
O75390_PF00285_71_450	8ZVT_A	CTR_0	27.965	-47.972	-16.756
O75417_PF00270_104_272	9BPA_A	CTR_0	163.786	153.234	183.694
O75417_PF00476_2098_2584	7ZUS_CCC	CTR_0	35.569	-5.257	49.444
O75417_PF00476_2098_2584	7ZUS_CCC	CTR_1	42.705	2.376	60.138
O75460_PF00069_575_832	7BMK_B	CTR_0	1.995	-22.069	17.887
O75460_PF00069_575_832	7BMK_B	CTR_1	5.785	-27.746	25.789
O75469_PF00104_243_411	9FZJ_A	CTR_0	10.159	75.611	-1.856
O75582_PF00069_429_686	3KN5_A	CTR_0	24.997	40.086	79.648
O75608_PF02230_11_225	5SYM_B	CTR_0	-22.121	-8.735	9.958
O75628_PF00071_82_243	2NZJ_B	CTR_0	-15.069	11.339	-66.017
O75643_PF00270_482_660	8BCE_B	CTR_0	-8.49	-12.418	-15.151
O75689_PF00169_131_228	3MDB_C	CTR_0	-23.951	-17.473	-13.807
O75716_PF00069_22_286	2BUJ_A	CTR_0	-16.627	-22.14	-6.478
O75751_PF07690_159_485	7ZHA_A	CTR_0	113.423	114.835	119.023
O75762_PF00520_745_971	6PQQ_A	CTR_0	119.898	-123.626	188.041
O75762_PF00520_745_971	6PQQ_A	CTR_1	121.434	-136.112	193.82
O75794_PF07065_14_314	8PHV_C	CTR_0	30.09	-19.795	1.603
O75828_PF00106_6_148	2HRB_A	CTR_0	13.373	21.835	11.724
O75844_PF01435_229_472	6BH8_B	CTR_0	28.877	-12.605	-17.753
O75844_PF16491_41_225	5SYT_A	CTR_0	-138.354	-281.647	20.834
O75844_PF16491_41_225	5SYT_A	CTR_1	-140.613	-272.986	33.468
O75874_PF00180_11_380	6BKX_B	CTR_0	40.245	44.245	-46.537
O75874_PF00180_11_380	6BKX_B	CTR_1	31.719	37.252	-46.128
O75874_PF00180_11_380	6BKX_B	CTR_2	25.816	49.593	-54.76
O75874_PF00180_11_380	6BKX_B	CTR_3	44.302	51.802	-48.267
O75891_PF00551_1_180	2CFI_A	CTR_0	33.909	12.295	18.433
O75897_PF00685_45_294	2GWH_A	CTR_0	5.705	24.89	27.09
O75899_PF00003_477_743	6WIV_B	CTR_0	157.089	117.31	161.811
O75907_PF03062_155_474	6VP0_E	CTR_0	115.729	87.548	121.342
O75907_PF03062_155_474	6VP0_E	CTR_1	126.812	87.718	100.389
O75908_PF03062_151_494	7N6Q_D	CTR_0	175.423	174.075	122.754
O75908_PF03062_151_494	7N6Q_D	CTR_1	172.288	186.656	121.406
O75908_PF03062_151_494	7N6Q_D	CTR_2	176.572	174.627	117.596
O75908_PF03062_151_494	7N6Q_D	CTR_3	177.949	186.203	113.036
O75914_PF00069_283_534	6FD3_A	CTR_0	10.731	90.553	-3.004
O75936_PF02668_114_366	4C5W_A	CTR_0	22.105	30.076	87.953
O75936_PF02668_114_366	4C5W_A	CTR_1	19.665	32.43	82.604
O75940_PF06003_72_122	4A4H_A	CTR_0	-12.753	-4.027	0.915
O76039_PF00069_14_296	8CIE_A	CTR_0	24.489	22.943	-0.851
O76054_PF00650_84_243	4OMJ_A	CTR_0	89.611	6.22	7.439
O76074_PF00233_612_845	5JO3_B	CTR_0	19.682	-5.672	13.401
O76074_PF00233_612_845	5JO3_B	CTR_1	12.235	5.252	12.518
O76083_PF00233_311_539	4Y86_A	CTR_0	76.949	51.823	40.893
O76090_PF01062_1_324	9DYL_D	CTR_0	183.506	171.195	139.905
O94759_PF18139_141_397	8E6U_B	CTR_0	131.395	190.91	200.287
O94766_PF03360_96_312	3CU0_A	CTR_0	23.34	-1.578	15.433
O94768_PF00069_36_293	6ZJF_A	CTR_0	62.37	2.082	-2.553
O94788_PF00171_46_509	6ALJ_B	CTR_0	412.238	-152.064	80.011
O94788_PF00171_46_509	6ALJ_B	CTR_1	407.973	-154.102	97.56
O94804_PF00069_37_294	6EIM_A	CTR_0	-20.338	4.769	1.109
O94925_PF04960_244_530	3VP1_A	CTR_0	4.015	-9.726	-0.679
O94953_PF02373_176_292	4LXL_A	CTR_0	-6.298	-2.962	-11.882
O95045_PF01048_60_310	3P0F_A	CTR_0	13.977	-2.053	57.709
O95050_PF01234_4_259	2A14_A	CTR_0	21.708	45.029	7.079
O95057_PF00071_9_165	2GF0_A	CTR_0	25.568	29.05	-4.979
O95136_PF00001_50_288	7T6B_R	CTR_0	110.669	145.922	137.471
O95140_PF00350_99_258	6JFK_A	CTR_0	-34.659	11.902	7.143
O95154_PF00248_13_318	2CLP_G	CTR_0	-2.417	-30.87	73.039
O95251_PF01853_393_570	7D0P_A	CTR_0	206.113	-10.962	101.731
O95251_PF01853_393_570	7D0P_A	CTR_1	196.332	-0.261	95.13
O95271_PF00644_1116_1281	6QXU_A	CTR_0	-26.678	-14.252	-1.272
O95340_PF01583_41_192	8I1O_A	CTR_0	-32.391	-11.645	-13.553
O95340_PF01583_41_192	8I1O_A	CTR_1	-20.777	-14.229	-22.901
O95340_PF01747_384_606	7FHA_B	CTR_0	-41.312	18.744	-21.597
O95372_PF02230_13_227	5SYN_A	CTR_0	27.57	-5.376	43.306
O95372_PF02230_13_227	5SYN_A	CTR_1	30.36	-1.905	50.077
O95398_PF00027_268_347	6H7E_A	CTR_0	-12.011	-18.786	68.81
O95433_PF08327_217_331	8Z3J_A	CTR_0	-12.567	-3.504	-4.903
O95445_PF11032_1_186	2YG2_A	CTR_0	-34.915	-6.766	29.09
O95470_PF00282_196_448	8AYF_B	CTR_0	25.022	-15.378	-22.338
O95486_PF08033_744_828	5VNL_B	CTR_0	-30.388	-62.034	49.54
O95568_PF13489_182_322	4RFQ_A	CTR_0	7.012	7.895	27.146
O95619_PF03366_42_121	5R68_B	CTR_0	7.391	17.219	30.407
O95696_PF00439_572_653	5POU_B	CTR_0	-30.509	3.108	5.024
O95696_PF00855_931_1037	4Z02_A	CTR_0	42.458	36.049	1.232
O95716_PF00071_24_183	2GF9_A	CTR_0	3.216	9.987	6.894
O95718_PF00104_241_415	6LIT_A	CTR_0	8.42	3.005	-3.45
O95747_PF00069_17_291	2VWI_D	CTR_0	74.449	93.943	-22.16
O95749_PF00348_10_250	6R4V_B	CTR_0	123.898	32.468	31.704
O95819_PF00069_25_289	4U43_A	CTR_0	26.761	24.272	-7.501
O95822_PF05292_193_456	4F0X_B	CTR_0	-45.235	56.5	71.913
O95861_PF00459_12_295	2WEF_A	CTR_0	1.339	12.917	12.236
O95989_PF00293_20_139	8G9C_A	CTR_0	17.093	4.306	14.37
O96013_PF00069_326_572	5VEF_A	CTR_0	13.651	34.175	14.664
O96017_PF00069_221_486	2YCF_A	CTR_0	46.98	15.794	-8.107
O96019_PF00022_8_428	9C57_L	CTR_0	218.83	249.189	142.304
O96028_PF00855_223_303	6XCG_A	CTR_0	15.579	14.562	16.741
O96028_PF00856_1074_1180	5LSU_A	CTR_0	-1.226	56.827	22.35
P00156_PF00033_19_204	5XTI_AJ	CTR_0	293.661	201.538	225.734
P00156_PF00033_19_204	5XTI_AJ	CTR_1	295.562	198.069	247.253
P00167_PF00173_13_84	2I96_A	CTR_0	-6.064	14.272	-4.125
P00325_PF00107_203_331	1U3U_A	CTR_0	2.973	-11.771	-16.263
P00325_PF08240_35_162	1U3U_A	CTR_0	0.288	-0.942	-18.842
P00326_PF00107_203_336	1U3W_B	CTR_0	-34.605	-60.949	8.578
P00326_PF08240_34_162	1U3W_A	CTR_0	-47.758	-61.23	43.406
P00338_PF00056_22_160	5W8K_D	CTR_0	17.321	-2.375	0.481
P00338_PF00056_22_160	5W8K_D	CTR_1	15.42	4.214	-6.286
P00338_PF02866_164_324	4RLS_D	CTR_0	-11.324	-13.658	20.347
P00352_PF00171_29_492	7JWW_A	CTR_0	44.945	-14.503	31.045
P00352_PF00171_29_492	7JWW_A	CTR_1	49.638	-12.729	35.257
P00352_PF00171_29_492	7JWW_A	CTR_2	37.92	-16.725	14.417
P00374_PF00186_5_185	1KMV_A	CTR_0	13.234	28.359	34.891
P00387_PF00970_45_151	1UMK_A	CTR_0	62.843	46.645	-5.897
P00390_PF12831_66_177	2GH5_B	CTR_0	99.171	16.511	98.903
P00390_PF12831_66_177	2GH5_B	CTR_1	99.522	6.731	94.055
P00395_PF00115_14_460	5Z62_A	CTR_0	336.617	325.244	246.645
P00395_PF00115_14_460	5Z62_A	CTR_1	330.521	339.845	251.141
P00414_PF00510_6_261	5Z62_C	CTR_0	300.155	314.695	257.51
P00439_PF00351_119_449	6HYC_B	CTR_0	4.266	-8.88	28.903
P00439_PF00351_119_449	6HYC_B	CTR_1	-2.728	-3.426	28.587
P00441_PF00080_15_150	4A7U_A	CTR_0	3.202	-0.985	34.506
P00441_PF00080_15_150	4A7U_A	CTR_1	-2.514	-2.119	34.054
P00441_PF00080_15_150	4A7U_A	CTR_2	14.527	-8.616	25.934
P00441_PF00080_15_150	4A7U_A	CTR_3	-4.517	-18.996	11.086
P00480_PF00185_187_340	1OTH_A	CTR_0	0.6	2.132	-22.21
P00491_PF01048_27_276	4EAR_B	CTR_0	-18.86	28.377	-16.371
P00492_PF00156_42_195	4RAO_D	CTR_0	-27.46	-4.03	0.954
P00505_PF00155_58_425	8SKR_A	CTR_0	109.565	125.723	125.826
P00519_PF07714_242_492	5HU9_A	CTR_0	-2.404	-30.307	-17.415
P00519_PF07714_242_492	5HU9_A	CTR_1	-12.686	-16.748	-4.032
P00519_PF07714_242_492	5HU9_A	CTR_2	7.824	-10.239	-30.588
P00533_PF07714_714_966	8A2D_A	CTR_0	-12.978	-14.567	22.21
P00558_PF00162_9_406	2WZB_A	CTR_0	-9.369	14.938	-24.862
P00558_PF00162_9_406	2WZB_A	CTR_1	-14.046	23.087	-29.142
P00568_PF00406_13_168	2C95_A	CTR_0	23.106	17.969	11.794
P00734_PF00089_364_613	4YES_B	CTR_0	5.163	20.167	49.574
P00734_PF00089_364_613	4YES_B	CTR_1	16.465	42.304	47.721
P00734_PF00089_364_613	4YES_B	CTR_2	13.34	41.068	54.063
P00734_PF00089_364_613	4YES_B	CTR_3	15.366	29.693	59.823
P00734_PF00089_364_613	4YES_B	CTR_4	-0.867	42.88	57.749
P00740_PF00089_227_454	5JB9_S	CTR_0	6.199	-22.975	-3.087
P00740_PF00089_227_454	5JB9_S	CTR_1	16.953	-16.485	-2.091
P00742_PF00089_235_462	2JKH_A	CTR_0	-4.48	9.777	22.697
P00746_PF00089_26_248	5NAT_A	CTR_0	1.015	-8.608	6.649
P00747_PF00051_103_181	4CIK_A	CTR_0	-6.302	1.1	16.441
P00747_PF00051_185_262	1B2I_A	CTR_0	3.966	-0.563	-9.908
P00747_PF00089_581_803	5UGG_A	CTR_0	32.902	-9.615	41.275
P00747_PF00089_581_803	5UGG_A	CTR_1	26.227	-10.395	48.627
P00748_PF00089_373_609	6X0T_B	CTR_0	-16.186	-30.448	11.002
P00749_PF00089_179_419	1OWE_A	CTR_0	22.219	16.826	33.419
P00749_PF00089_179_419	1OWE_A	CTR_1	8.479	30.626	32.311
P00749_PF00089_179_419	1OWE_A	CTR_2	7.633	26.474	20.167
P00750_PF00089_311_556	1RTF_B	CTR_0	-8.941	32.307	37.488
P00751_PF00089_489_730	1RTK_A	CTR_0	71.25	15.641	-6.568
P00797_PF00026_85_404	3K1W_B	CTR_0	-4.18	-16.546	-10.398
P00813_PF00962_10_349	3IAR_A	CTR_0	6.692	-3.339	0.089
P00915_PF00194_12_261	7Q0D_B	CTR_0	43.319	-0.179	-15.27
P00918_PF00194_11_259	6BC9_A	CTR_0	-4.375	4.735	14.356
P00918_PF00194_11_259	6BC9_A	CTR_1	-1.871	-11.182	16.376
P00918_PF00194_11_259	6BC9_A	CTR_2	-9.655	-10.798	-3.24
P00918_PF00194_11_259	6BC9_A	CTR_3	-15.467	-6.865	28.648
P00918_PF00194_11_259	6BC9_A	CTR_4	-13.245	-11.925	20.025
P00918_PF00194_11_259	6BC9_A	CTR_5	-8.458	-0.946	28.4
P00918_PF00194_11_259	6BC9_A	CTR_6	-8.753	-9.733	7.471
P00918_PF00194_11_259	6BC9_A	CTR_7	-9.482	-3.37	5.584
P00918_PF00194_11_259	6BC9_A	CTR_8	-16.494	6.86	7.872
P00918_PF00194_11_259	6BC9_A	CTR_9	2.118	-6.668	11.936
P00918_PF00194_11_259	6BC9_A	CTR_10	5.635	-2.477	16.875
P00918_PF00194_11_259	6BC9_A	CTR_11	-11.677	-5.253	10.272
P00918_PF00194_11_259	6BC9_A	CTR_12	-14.278	0.438	9.37
P00918_PF00194_11_259	6BC9_A	CTR_13	-16.763	1.685	0.711
P00918_PF00194_11_259	6BC9_A	CTR_14	4.6	-0.462	11.425
P00918_PF00194_11_259	6BC9_A	CTR_15	1.382	-7.043	5.033
P00918_PF00194_11_259	6BC9_A	CTR_16	-19.222	-1.417	28.306
P00918_PF00194_11_259	6BC9_A	CTR_17	-20.546	0.513	5.097
P00918_PF00194_11_259	6BC9_A	CTR_18	-22.345	4.839	14.13
P00918_PF00194_11_259	6BC9_A	CTR_19	-9.475	0.162	23.326
P00918_PF00194_11_259	6BC9_A	CTR_20	-23.333	-10.328	10.828
P00918_PF00194_11_259	6BC9_A	CTR_21	-21.183	-7.329	32.091
P01008_PF00079_86_461	1DZH_I	CTR_0	16.137	7.949	-0.325
P01009_PF00079_54_415	7AEL_AAA	CTR_0	38.595	1.508	8.087
P01011_PF00079_52_420	6HGE_A	CTR_0	-7.695	9.909	-12.932
P01011_PF00079_52_420	6HGE_A	CTR_1	-37.249	18.58	-30.916
P01011_PF00079_52_420	6HGE_A	CTR_2	-5.448	40.745	-9.87
P01011_PF00079_52_420	6HGE_A	CTR_3	-22.415	27.59	-21.121
P01011_PF00079_52_420	6HGE_A	CTR_4	-25.726	17.376	-41.195
P01011_PF00079_52_420	6HGE_A	CTR_5	-20.19	40.841	-14.391
P01011_PF00079_52_420	6HGE_A	CTR_6	-22.787	36.208	-25.461
P01111_PF00071_5_164	9BG8_A	CTR_0	-52.533	27.977	1.598
P01111_PF00071_5_164	9BG8_A	CTR_1	-52.889	28.849	23.255
P01112_PF00071_5_164	2CE2_X	CTR_0	15.315	46.562	20.668
P01112_PF00071_5_164	2CE2_X	CTR_1	14.571	43.937	21.338
P01112_PF00071_5_164	2CE2_X	CTR_2	14.949	47.093	20.855
P01112_PF00071_5_164	2CE2_X	CTR_3	12.127	26.247	24.139
P01112_PF00071_5_164	2CE2_X	CTR_4	10.494	39.247	30.118
P01116_PF00071_5_164	8ONV_A	CTR_0	26.364	2.94	22.36
P01116_PF00071_5_164	8ONV_A	CTR_1	17.632	-1.245	8.861
P01116_PF00071_5_164	8ONV_A	CTR_2	23.625	-8.411	11.915
P01215_PF00236_28_115	1HCN_A	CTR_0	16.171	28.656	29.004
P01584_PF00340_147_264	5R87_A	CTR_0	25.892	17.878	62.392
P01584_PF00340_147_264	5R87_A	CTR_1	41.993	25.728	65.994
P01889_PF00129_25_203	3VRI_A	CTR_0	14.219	-10.564	43.121
P02008_PF00042_28_137	3W4U_C	CTR_0	56.556	-1.285	27.667
P02042_PF00042_27_142	1SHR_B	CTR_0	32.921	4.984	12.505
P02100_PF00042_27_141	1A9W_F	CTR_0	14.486	29.349	79.946
P02144_PF00042_28_141	3RGK_A	CTR_0	-4.283	37.351	-0.302
P02549_PF00435_1714_1817	5J4O_A	CTR_0	5.082	1.821	-31.793
P02671_PF00147_630_862	1FZD_H	CTR_0	103.218	60.038	36.671
P02689_PF00061_7_131	6S2M_A	CTR_0	12.623	-9.679	43.067
P02708_PF02931_24_230	9DMH_A	CTR_0	175.464	163.314	219.036
P02730_PF00955_378_554	8T6V_A	CTR_0	143.692	113.166	150.718
P02730_PF00955_565_889	7TY8_B	CTR_0	212.326	177.041	175.86
P02741_PF00354_25_220	7TBA_I	CTR_0	-43.621	102.751	13.859
P02743_PF00354_26_219	4AVS_A	CTR_0	17.735	15.677	56.428
P02753_PF00061_39_173	5NU2_A	CTR_0	37.146	21.49	-0.985
P02766_PF00576_34_138	9H7C_A	CTR_0	-0.505	1.0	71.565
P02768_PF00273_223_394	6YG9_A	CTR_0	35.17	4.423	9.535
P02768_PF00273_223_394	6YG9_A	CTR_1	26.582	-4.946	-2.105
P02768_PF00273_223_394	6YG9_A	CTR_2	48.278	5.219	15.846
P02768_PF00273_31_202	6YG9_A	CTR_0	51.427	2.279	19.167
P02768_PF00273_31_202	6YG9_A	CTR_1	35.325	3.658	34.629
P02768_PF00273_31_202	6YG9_A	CTR_2	62.855	1.207	25.443
P02768_PF00273_31_202	6YG9_A	CTR_3	46.038	10.576	30.337
P02768_PF00273_414_592	9IK6_A	CTR_0	0.892	2.12	33.836
P02768_PF00273_414_592	9IK6_A	CTR_1	17.606	9.615	37.972
P02768_PF00273_414_592	9IK6_A	CTR_2	22.408	12.421	38.437
P02768_PF00273_414_592	9IK6_A	CTR_3	0.096	3.324	34.096
P02768_PF00273_414_592	9IK6_A	CTR_4	26.736	11.132	31.24
P02768_PF00273_414_592	9IK6_A	CTR_5	21.778	12.957	38.386
P02768_PF00273_414_592	9IK6_A	CTR_6	7.694	11.017	42.604
P02768_PF00273_414_592	9IK6_A	CTR_7	25.884	7.562	41.423
P02768_PF00273_414_592	9IK6_A	CTR_8	15.025	-6.263	29.328
P02768_PF00273_414_592	9IK6_A	CTR_9	10.853	16.125	41.973
P02771_PF00273_222_393	8X1N_A	CTR_0	95.464	119.785	98.175
P02771_PF00273_222_393	8X1N_A	CTR_1	105.165	107.069	87.344
P02771_PF00273_415_592	8X1N_A	CTR_0	106.991	105.485	114.686
P02771_PF00273_415_592	8X1N_A	CTR_1	101.85	86.447	131.541
P02774_PF00273_27_199	1J78_B	CTR_0	-20.814	-56.447	47.199
P02778_PF00048_29_88	1LV9_A	CTR_0	-5.549	-2.122	-8.856
P02794_PF00210_19_159	9JQC_C	CTR_0	103.399	139.855	168.124
P02794_PF00210_19_159	9JQC_C	CTR_1	99.832	131.003	155.708
P03372_PF00104_337_530	7UJO_B	CTR_0	14.779	-27.946	-20.091
P03951_PF00089_388_618	7MBO_A	CTR_0	-1.521	10.472	-18.497
P03951_PF00089_388_618	7MBO_A	CTR_1	-26.286	5.415	-7.986
P03952_PF00089_391_621	6I44_A	CTR_0	110.085	2.996	9.554
P03952_PF00089_391_621	6I44_A	CTR_1	107.094	1.047	6.073
P03956_PF00413_108_261	1HFC_A	CTR_0	23.879	22.657	25.377
P03999_PF00001_49_300	8Y02_R	CTR_0	121.318	121.166	92.35
P04000_PF00001_71_322	8IU2_R	CTR_0	122.162	118.556	87.07
P04001_PF00001_71_322	8Y01_R	CTR_0	126.768	128.543	92.782
P04035_PF00368_492_871	1DQA_C	CTR_0	-4.33	-14.474	55.322
P04035_PF00368_492_871	1DQA_C	CTR_1	8.332	-30.645	25.262
P04035_PF00368_492_871	1DQA_C	CTR_2	-7.885	-21.736	58.021
P04040_PF00199_28_410	1DGF_C	CTR_0	16.425	27.661	59.558
P04040_PF00199_28_410	1DGF_C	CTR_1	14.863	15.754	78.794
P04040_PF00199_28_410	1DGF_C	CTR_2	17.714	30.259	63.959
P04049_PF07714_351_605	9AY7_A	CTR_0	-27.828	-5.538	-7.351
P04062_PF02055_117_466	9FA6_A	CTR_0	-9.768	14.72	-11.894
P04070_PF00089_213_445	1AUT_C	CTR_0	7.582	34.32	45.496
P04150_PF00104_558_735	4UDD_A	CTR_0	35.423	20.472	11.029
P04150_PF00104_558_735	4UDD_A	CTR_1	38.256	22.756	21.548
P04150_PF00104_558_735	4UDD_A	CTR_2	40.687	-6.366	-8.637
P04179_PF00081_25_106	1XIL_A	CTR_0	35.602	40.1	-4.424
P04179_PF00081_25_106	1XIL_A	CTR_1	21.264	33.247	4.395
P04179_PF00081_25_106	1XIL_A	CTR_2	8.057	23.157	3.069
P04179_PF00081_25_106	1XIL_A	CTR_3	28.361	44.54	-4.203
P04179_PF02777_113_216	1XIL_B	CTR_0	11.504	44.034	16.559
P04179_PF02777_113_216	1XIL_B	CTR_1	12.775	38.912	15.752
P04179_PF02777_113_216	1XIL_B	CTR_2	21.697	62.927	27.167
P04179_PF02777_113_216	1XIL_B	CTR_3	7.051	40.925	13.952
P04181_PF00202_50_436	8V9M_C	CTR_0	2.581	-61.384	-5.27
P04183_PF00265_19_189	1W4R_B	CTR_0	26.676	59.685	5.985
P04278_PF00054_75_204	1D2S_A	CTR_0	21.932	10.723	32.432
P04439_PF00129_25_203	5C0E_A	CTR_0	1.845	-3.943	44.504
P04626_PF07714_722_975	8VB5_A	CTR_0	-0.697	7.107	-17.046
P04629_PF07714_512_781	4PMP_A	CTR_0	32.366	-32.351	-8.009
P04637_PF00870_100_288	6GGC_B	CTR_0	124.003	103.284	-44.292
P04637_PF00870_100_288	6GGC_B	CTR_1	134.858	90.674	-16.096
P04637_PF00870_100_288	6GGC_B	CTR_2	127.416	86.243	-12.701
P04637_PF00870_100_288	6GGC_B	CTR_3	119.485	99.082	-23.727
P04637_PF00870_100_288	6GGC_B	CTR_4	120.02	95.489	-10.951
P04798_PF00067_40_491	4I8V_A	CTR_0	-19.378	43.406	-33.565
P04798_PF00067_40_491	4I8V_A	CTR_1	-17.089	36.367	-28.716
P04818_PF00303_32_313	1HVY_B	CTR_0	5.405	-9.764	-14.249
P04839_PF01794_79_219	8WEJ_B	CTR_0	175.491	164.78	149.41
P04839_PF08030_401_550	8WEJ_B	CTR_0	168.289	172.552	128.22
P05089_PF00491_7_301	4HWW_A	CTR_0	-22.953	16.028	-11.855
P05090_PF00061_44_182	2HZQ_A	CTR_0	5.265	30.493	57.153
P05091_PF00171_45_508	1O04_C	CTR_0	84.487	7.444	82.621
P05091_PF00171_45_508	1O04_C	CTR_1	91.24	17.064	69.151
P05093_PF00067_28_492	6WR1_A	CTR_0	20.487	8.343	-62.788
P05093_PF00067_28_492	6WR1_A	CTR_1	26.745	6.361	-58.114
P05093_PF00067_28_492	6WR1_A	CTR_2	30.159	-14.018	-72.201
P05106_PF07965_632_717	8T2V_B	CTR_0	153.899	188.966	127.106
P05108_PF00067_52_511	3N9Y_A	CTR_0	13.687	1.789	16.516
P05108_PF00067_52_511	3N9Y_A	CTR_1	14.253	-5.653	16.348
P05121_PF00079_35_402	4IC0_C	CTR_0	-18.835	-61.504	51.598
P05121_PF00079_35_402	4IC0_C	CTR_1	-44.353	-51.663	42.065
P05164_PF03098_173_717	5MFA_A	CTR_0	-21.881	-0.652	4.644
P05164_PF03098_173_717	5MFA_A	CTR_1	-12.611	2.477	1.473
P05177_PF00067_42_493	2HI4_A	CTR_0	2.487	17.834	20.155
P05177_PF00067_42_493	2HI4_A	CTR_1	5.067	25.125	22.79
P05181_PF00067_33_489	3E6I_B	CTR_0	29.656	31.164	20.039
P05230_PF00167_27_148	1RML_A	CTR_0	14.405	-3.163	-2.012
P05413_PF00061_7_132	7FEZ_A	CTR_0	7.14	-20.744	-2.531
P05413_PF00061_7_132	7FEZ_A	CTR_1	-3.243	-17.926	6.377
P05543_PF00079_46_412	4X30_A	CTR_0	-8.734	7.662	-21.351
P05549_PF03299_211_405	8J0R_A	CTR_0	42.273	-34.15	1.986
P05556_PF00362_138_382	8W30_B	CTR_0	2.544	113.77	40.751
P05771_PF00069_343_598	2I0E_A	CTR_0	38.665	55.797	34.684
P05981_PF00089_163_400	5CE1_A	CTR_0	16.366	-5.669	28.059
P06126_PF16497_1_196	5J1A_A	CTR_0	-29.004	16.23	-20.901
P06132_PF01208_15_360	1R3S_A	CTR_0	11.445	74.324	61.224
P06213_PF07714_1023_1289	3BU3_A	CTR_0	-3.177	6.358	21.948
P06213_PF07714_1023_1289	3BU3_A	CTR_1	19.66	9.93	25.317
P06239_PF07714_245_493	1QPC_A	CTR_0	5.24	51.569	87.066
P06239_PF07714_245_493	1QPC_A	CTR_1	24.601	37.907	83.833
P06241_PF07714_271_520	2DQ7_X	CTR_0	-33.557	34.806	-11.221
P06241_PF07714_271_520	2DQ7_X	CTR_1	-16.636	18.404	-12.742
P06276_PF00135_31_550	6ZWI_A	CTR_0	135.717	112.848	40.636
P06276_PF00135_31_550	6ZWI_A	CTR_1	120.892	116.142	37.597
P06276_PF00135_31_550	6ZWI_A	CTR_2	129.529	121.105	15.012
P06280_PF16499_39_322	3HG3_A	CTR_0	8.125	4.776	21.831
P06280_PF16499_39_322	3HG3_A	CTR_1	3.286	5.278	33.148
P06280_PF16499_39_322	3HG3_A	CTR_2	21.623	8.161	10.537
P06401_PF00104_715_887	1SQN_A	CTR_0	-2.461	2.191	25.14
P06493_PF00069_4_287	6GU2_A	CTR_0	328.707	211.874	191.533
P06576_PF00006_186_405	8H9S_D	CTR_0	207.151	167.308	151.075
P06730_PF01652_38_197	8QM8_A	CTR_0	-12.995	-34.868	-1.834
P06730_PF01652_38_197	8QM8_A	CTR_1	-12.746	-16.303	0.58
P06737_PF00343_114_828	3DDS_B	CTR_0	74.323	-91.673	81.812
P06737_PF00343_114_828	3DDS_B	CTR_1	78.019	-86.022	75.992
P06737_PF00343_114_828	3DDS_B	CTR_2	69.431	-74.839	80.992
P06744_PF00342_54_546	6XUH_D	CTR_0	-1.834	17.596	44.863
P06746_PF14792_149_262	9ICV_A	CTR_0	74.154	36.531	51.809
P06858_PF00151_30_338	6OB0_A	CTR_0	10.513	4.43	104.818
P07101_PF00351_195_524	6ZVP_D	CTR_0	71.325	102.319	123.11
P07108_PF00887_3_78	2CB8_B	CTR_0	3.661	29.552	43.336
P07148_PF14651_1_127	3VG7_A	CTR_0	4.895	-11.962	-8.259
P07148_PF14651_1_127	3VG7_A	CTR_1	6.054	-8.921	-15.442
P07148_PF14651_1_127	3VG7_A	CTR_2	1.286	-7.963	-23.051
P07195_PF00056_23_161	7DBJ_D	CTR_0	11.52	27.896	13.597
P07306_PF00059_172_279	9G76_A	CTR_0	-1.247	26.458	11.2
P07327_PF00107_203_335	1U3T_B	CTR_0	-3.375	-6.191	36.167
P07327_PF08240_34_162	1U3T_A	CTR_0	9.92	-0.69	1.323
P07332_PF07714_562_814	3CBL_A	CTR_0	20.79	24.291	21.213
P07332_PF07714_562_814	3CBL_A	CTR_1	6.42	8.199	31.673
P07333_PF07714_582_910	8JOT_A	CTR_0	34.674	12.945	75.491
P07360_PF00061_48_184	2OVD_A	CTR_0	23.861	30.308	23.914
P07384_PF00648_56_352	7W7O_A	CTR_0	-23.031	7.829	36.234
P07437_PF00091_3_211	8V2J_B	CTR_0	391.168	371.472	332.968
P07550_PF00001_50_326	9BUY_R	CTR_0	127.285	170.56	152.4
P07686_PF00728_200_516	1NOW_B	CTR_0	61.741	50.346	22.684
P07711_PF00112_115_332	2XU3_A	CTR_0	19.538	7.855	6.602
P07711_PF00112_115_332	2XU3_A	CTR_1	-0.497	16.265	21.089
P07741_PF00156_33_158	6FCL_A	CTR_0	-15.187	8.689	6.449
P07814_PF00587_1113_1284	7X09_B	CTR_0	17.562	-21.099	-20.005
P07814_PF00587_1113_1284	7X09_B	CTR_1	22.721	-23.784	-26.453
P07858_PF00112_80_328	8B4T_A	CTR_0	6.123	3.537	-16.091
P07864_PF00056_21_160	7EPM_B	CTR_0	-29.176	31.313	-15.549
P07900_PF13589_43_159	6TN5_AAA	CTR_0	34.085	10.051	24.562
P07900_PF13589_43_159	6TN5_AAA	CTR_1	45.114	12.427	9.68
P07902_PF01087_23_196	6GQD_A	CTR_0	73.595	116.828	-0.762
P07948_PF07714_247_496	5XY1_A	CTR_0	-17.976	13.26	-20.045
P07949_PF07714_725_1005	7DUA_A	CTR_0	28.245	-9.918	-2.744
P07949_PF07714_725_1005	7DUA_A	CTR_1	7.356	2.468	-3.328
P07949_PF07714_725_1005	7DUA_A	CTR_2	30.161	-4.298	-1.114
P08069_PF07714_999_1265	8PYN_AAA	CTR_0	-41.176	0.797	-18.577
P08069_PF07714_999_1265	8PYN_AAA	CTR_1	-30.961	-6.674	-18.368
P08069_PF07714_999_1265	8PYN_AAA	CTR_2	-20.673	-12.443	-19.758
P08134_PF00071_7_177	2GCO_A	CTR_0	7.815	-13.121	34.131
P08183_PF00664_52_343	9CTC_A	CTR_0	147.609	128.578	143.079
P08183_PF00664_712_986	9CTF_A	CTR_0	129.559	120.825	109.979
P08185_PF00079_42_404	2VDY_B	CTR_0	-24.424	1.637	18.2
P08235_PF00104_767_943	4PF3_A	CTR_0	-0.458	30.623	40.774
P08238_PF13589_39_154	6N8Y_A	CTR_0	-2.117	-9.09	-24.08
P08240_PF00448_419_636	6Y32_H	CTR_0	106.353	17.555	12.73
P08246_PF00089_30_242	5ABW_A	CTR_0	27.996	-23.498	3.03
P08254_PF00413_108_264	1HY7_B	CTR_0	3.126	49.16	54.923
P08254_PF00413_108_264	1HY7_B	CTR_1	-4.37	51.071	48.439
P08263_PF02798_6_77	6ATR_B	CTR_0	72.806	8.402	19.065
P08311_PF00089_21_238	7H6G_A	CTR_0	17.949	-2.544	32.582
P08311_PF00089_21_238	7H6G_A	CTR_1	-1.791	8.482	28.711
P08319_PF00107_208_331	3COS_B	CTR_0	18.582	60.981	83.788
P08397_PF01379_21_232	7AAK_A	CTR_0	96.162	31.765	9.215
P08397_PF01379_21_232	7AAK_A	CTR_1	90.516	28.103	11.892
P08473_PF01431_543_749	6SUK_A	CTR_0	22.561	-48.039	15.77
P08519_PF00051_1274_1351	4BVW_B	CTR_0	43.837	-3.149	96.277
P08519_PF00051_1616_1693	4BVC_A	CTR_0	-9.56	-5.101	2.078
P08559_PF00676_67_361	2OZL_A	CTR_0	8.333	-14.307	71.073
P08574_PF02167_96_312	5XTI_AU	CTR_0	267.255	226.036	194.029
P08581_PF07714_1078_1336	4R1V_A	CTR_0	106.442	21.317	140.482
P08581_PF07714_1078_1336	4R1V_A	CTR_1	86.563	13.732	147.135
P08581_PF07714_1078_1336	4R1V_A	CTR_2	121.554	11.25	156.027
P08581_PF07714_1078_1336	4R1V_A	CTR_3	95.141	11.172	143.833
P08588_PF00001_75_377	8S2T_R	CTR_0	157.567	173.342	147.654
P08631_PF00017_144_226	5H0B_A	CTR_0	13.826	-0.152	-36.118
P08631_PF07714_262_511	5H0B_A	CTR_0	2.428	-1.686	-1.26
P08684_PF00067_39_493	5VCC_A	CTR_0	-19.742	-29.326	-10.951
P08686_PF00067_49_479	4Y8W_A	CTR_0	-16.228	13.988	28.449
P08686_PF00067_49_479	4Y8W_A	CTR_1	-9.359	9.065	30.962
P08709_PF00089_213_447	5PAX_C	CTR_0	6.648	37.085	25.545
P08709_PF00089_213_447	5PAX_C	CTR_1	-0.202	36.896	11.026
P08709_PF00089_213_447	5PAX_C	CTR_2	2.133	30.5	32.894
P08754_PF00503_14_343	2ODE_A	CTR_0	20.188	7.899	32.231
P08842_PF00884_27_413	8EG3_A	CTR_0	80.127	-7.569	9.284
P08913_PF00001_65_441	6KUX_A	CTR_0	-2.668	-7.516	-21.351
P08913_PF00001_65_441	6KUX_A	CTR_1	-16.147	1.303	-50.189
P08922_PF07714_1948_2215	4UXL_A	CTR_0	42.241	-19.937	-4.273
P09210_PF02798_6_77	4ACS_A	CTR_0	14.411	10.787	3.003
P09211_PF02798_6_74	5J41_A	CTR_0	0.866	8.534	95.196
P09237_PF00413_103_259	2Y6D_A	CTR_0	-15.274	10.326	1.831
P09238_PF00413_107_263	1Q3A_C	CTR_0	23.376	-24.15	8.555
P09382_PF00337_10_134	8R74_A	CTR_0	36.44	-23.346	-12.882
P09417_PF00106_13_194	1HDR_A	CTR_0	27.682	45.983	32.085
P09455_PF00061_6_133	5HBS_A	CTR_0	16.176	-2.519	-12.082
P09467_PF00316_13_198	7WJV_D	CTR_0	-1.277	-39.004	36.352
P09467_PF00316_13_198	7WJV_D	CTR_1	2.922	-0.229	28.38
P09488_PF02798_5_82	1XW6_B	CTR_0	4.133	22.293	83.67
P09601_PF01126_12_216	1N45_B	CTR_0	25.675	23.394	-27.639
P09601_PF01126_12_216	1N45_B	CTR_1	24.904	21.945	-34.87
P09622_PF07992_43_370	6I4R_B	CTR_0	33.345	-38.124	20.83
P09622_PF07992_43_370	6I4R_B	CTR_1	29.519	-33.997	35.579
P09622_PF07992_43_370	6I4R_B	CTR_2	28.396	-44.042	21.323
P09651_PF00076_107_166	9F4R_A	CTR_0	4.407	4.222	27.031
P09769_PF00017_144_226	7UY0_A	CTR_0	46.74	-30.656	-32.494
P09769_PF07714_263_512	7UY0_A	CTR_0	37.473	-0.443	-12.825
P09769_PF07714_263_512	7UY0_A	CTR_1	41.264	0.887	-18.159
P09871_PF00089_438_675	8GMN_A	CTR_0	-1.536	19.895	-0.332
P09874_PF00644_808_1007	6NRH_A	CTR_0	26.586	-7.913	9.489
P09884_PF00136_775_1227	4QCL_A	CTR_0	70.1	46.727	67.833
P09917_PF00305_222_658	6N2W_B	CTR_0	35.821	65.513	38.411
P09936_PF01088_5_205	8EDE_A	CTR_0	48.178	11.518	14.318
P09958_PF00082_144_427	7LCU_A	CTR_0	-66.251	-33.709	98.969
P09960_PF01433_235_440	3U9W_A	CTR_0	28.358	2.38	1.702
P09960_PF17900_20_202	3FUD_A	CTR_0	-4.609	18.193	-19.817
P0C024_PF00293_41_156	5QHH_A	CTR_0	37.678	-42.77	74.416
P0C024_PF00293_41_156	5QHH_A	CTR_1	56.024	-40.623	82.726
P0C1S8_PF00069_214_482	5VDK_A	CTR_0	-10.212	-24.068	-14.16
P0CG47_PF00240_155_226	5XPK_B	CTR_0	-8.131	-32.915	16.171
P0CG47_PF00240_155_226	5XPK_B	CTR_1	-9.261	-35.906	10.422
P0DJD7_PF00026_75_387	1QRP_E	CTR_0	7.307	17.623	10.182
P0DJI8_PF00277_23_122	4IP8_D	CTR_0	-56.363	-48.815	14.62
P0DMM9_PF00685_38_287	2A3R_B	CTR_0	60.663	150.9	-34.49
P0DMM9_PF00685_38_287	2A3R_B	CTR_1	67.621	140.383	-37.823
P0DMS8_PF00001_29_282	8X17_R	CTR_0	124.753	97.382	82.393
P0DMV8_PF00012_6_611	7KW7_C	CTR_0	123.671	217.995	198.226
P0DP23_PF13499_12_73	5V02_R	CTR_0	34.124	53.144	49.891
P0DP23_PF13499_83_147	6HCS_A	CTR_0	30.885	-0.972	52.387
P0DPD7_PF08241_64_172	2PXX_A	CTR_0	2.841	11.208	22.237
P10114_PF00071_5_165	1KAO_A	CTR_0	-9.21	0.146	5.47
P10153_PF00074_33_158	2C01_X	CTR_0	11.647	9.631	11.503
P10253_PF01055_361_712	8CB1_A	CTR_0	-14.386	-32.315	96.218
P10253_PF01055_361_712	8CB1_A	CTR_1	-18.766	-35.731	95.76
P10275_PF00104_699_878	8E1A_A	CTR_0	27.317	2.597	4.469
P10275_PF00104_699_878	8E1A_A	CTR_1	17.718	16.103	30.014
P10275_PF00104_699_878	8E1A_A	CTR_2	33.864	8.123	18.141
P10275_PF00104_699_878	8E1A_A	CTR_3	28.98	-0.687	27.935
P10276_PF00104_227_399	9GFE_A	CTR_0	-8.303	-8.855	-13.435
P10301_PF00071_31_191	2FN4_A	CTR_0	-5.251	25.863	14.887
P10398_PF07714_311_565	9AXM_B	CTR_0	17.835	50.782	-21.414
P10415_PF00452_97_195	8HTS_A	CTR_0	-0.223	8.991	7.491
P10415_PF00452_97_195	8HTS_A	CTR_1	5.757	13.278	2.741
P10586_PF00102_1664_1897	6KR4_A	CTR_0	6.941	15.643	132.753
P10599_PF00085_6_102	5DQY_A	CTR_0	15.669	9.469	-0.06
P10599_PF00085_6_102	5DQY_A	CTR_1	5.881	11.547	1.837
P10619_PF00450_39_476	4CIB_A	CTR_0	-33.899	12.137	16.883
P10632_PF00067_30_487	2NNJ_A	CTR_0	51.525	21.857	-27.961
P10632_PF00067_30_487	2NNJ_A	CTR_1	49.5	12.671	-24.446
P10632_PF00067_30_487	2NNJ_A	CTR_2	42.276	2.542	-21.187
P10635_PF00067_34_493	3TBG_B	CTR_0	10.417	-26.17	65.208
P10635_PF00067_34_493	3TBG_B	CTR_1	15.589	-16.791	74.275
P10644_PF00027_274_359	5KJZ_A	CTR_0	-1.419	6.47	2.503
P10721_PF07714_590_922	3G0E_A	CTR_0	37.125	-9.684	-77.603
P10721_PF07714_590_922	3G0E_A	CTR_1	34.165	-3.628	-78.308
P10809_PF00118_47_546	9ES2_C	CTR_0	242.734	170.001	217.101
P10826_PF00104_227_399	4DM6_B	CTR_0	-9.17	10.287	43.801
P10827_PF00104_215_376	3ILZ_A	CTR_0	27.331	38.081	32.352
P10828_PF00104_269_435	6KKB_X	CTR_0	33.044	-10.517	14.838
P11021_PF00012_30_635	6ASY_A	CTR_0	11.978	3.0	-0.746
P11047_PF00055_50_284	8DMK_G	CTR_0	141.521	170.664	130.694
P11086_PF01234_16_279	4MIK_A	CTR_0	-6.066	-17.696	-24.352
P11086_PF01234_16_279	4MIK_A	CTR_1	2.954	-19.089	-30.482
P11166_PF00083_19_466	6THA_A	CTR_0	21.15	55.12	12.365
P11169_PF00083_14_465	4ZW9_A	CTR_0	42.332	9.091	49.672
P11169_PF00083_14_465	4ZW9_A	CTR_1	59.428	14.042	58.356
P11169_PF00083_14_465	4ZW9_A	CTR_2	58.232	23.251	56.325
P11169_PF00083_14_465	4ZW9_A	CTR_3	60.515	19.39	65.659
P11172_PF00156_46_162	2WNS_A	CTR_0	29.023	18.302	26.914
P11172_PF00215_252_466	7OUZ_A	CTR_0	13.669	10.961	38.295
P11172_PF00215_252_466	7OUZ_A	CTR_1	13.74	5.535	32.035
P11216_PF00343_114_828	5IKO_A	CTR_0	30.692	245.915	154.88
P11217_PF00343_115_828	1Z8D_A	CTR_0	31.402	27.79	24.724
P11229_PF00001_42_418	9JEA_A	CTR_0	115.624	103.704	121.579
P11233_PF00071_16_176	6P0I_B	CTR_0	24.851	17.149	1.545
P11233_PF00071_16_176	6P0I_B	CTR_1	23.865	0.311	8.7
P11234_PF00071_16_177	6ZRN_B	CTR_0	13.059	-0.61	18.143
P11245_PF00797_20_279	2PFR_A	CTR_0	9.072	34.771	67.233
P11309_PF00069_38_290	3A99_A	CTR_0	-7.319	82.753	-0.972
P11309_PF00069_38_290	3A99_A	CTR_1	-18.631	81.09	2.068
P11309_PF00069_38_290	3A99_A	CTR_2	-13.6	70.728	-14.292
P11362_PF07714_479_754	5EW8_A	CTR_0	86.755	1.774	10.896
P11362_PF07714_479_754	5EW8_A	CTR_1	83.42	5.639	34.013
P11387_PF01028_432_664	1K4T_A	CTR_0	25.851	8.13	25.723
P11388_PF02518_80_176	9BQB_B	CTR_0	27.841	-26.011	17.962
P11413_PF00479_35_210	7SNH_C	CTR_0	89.56	47.558	31.839
P11413_PF02781_212_503	6JYU_A	CTR_0	15.795	25.124	4.11
P11413_PF02781_212_503	6JYU_A	CTR_1	9.851	22.065	0.237
P11473_PF00104_228_402	3B0T_A	CTR_0	-11.231	-3.557	31.866
P11474_PF00104_226_394	3K6P_A	CTR_0	36.392	-1.588	37.611
P11498_PF00682_698_806	3BG3_D	CTR_0	11.735	-99.324	-63.8
P11498_PF02786_151_358	7WTE_C	CTR_0	215.492	128.93	137.939
P11509_PF00067_34_490	2FDV_C	CTR_0	27.379	29.718	97.456
P11509_PF00067_34_490	2FDV_C	CTR_1	33.126	31.436	96.52
P11511_PF00067_49_484	5JKV_A	CTR_0	85.395	50.342	41.561
P11511_PF00067_49_484	5JKV_A	CTR_1	85.728	54.029	46.176
P11511_PF00067_49_484	5JKV_A	CTR_2	82.53	49.998	30.202
P11586_PF02882_146_293	1A4I_B	CTR_0	14.81	23.746	33.426
P11597_PF02886_245_478	2OBD_A	CTR_0	22.079	9.956	19.344
P11597_PF02886_245_478	2OBD_A	CTR_1	19.727	16.064	23.12
P11712_PF00067_30_487	5A5I_A	CTR_0	71.584	2.501	-2.271
P11712_PF00067_30_487	5A5I_A	CTR_1	63.929	8.516	-1.926
P11712_PF00067_30_487	5A5I_A	CTR_2	72.014	4.692	-10.845
P11766_PF00107_202_331	2FZW_A	CTR_0	58.664	11.607	5.008
P11802_PF00069_6_295	9CSK_D	CTR_0	33.423	-16.235	55.511
P11926_PF00278_40_387	7S3G_A	CTR_0	7.289	-4.228	66.424
P11926_PF02784_45_281	7S3G_B	CTR_0	1.06	26.749	49.863
P12104_PF00061_6_131	3AKM_B	CTR_0	2.132	-24.737	28.148
P12268_PF00478_29_504	8G8F_A	CTR_0	188.045	147.359	137.382
P12268_PF00478_29_504	8G8F_A	CTR_1	185.628	131.479	144.961
P12268_PF00478_29_504	8G8F_A	CTR_2	179.841	132.064	147.013
P12268_PF00478_29_504	8G8F_A	CTR_3	188.099	147.221	137.142
P12268_PF00478_29_504	8G8F_A	CTR_4	176.504	114.31	156.041
P12268_PF00478_29_504	8G8F_A	CTR_5	178.033	128.186	148.668
P12268_PF00478_29_504	8G8F_A	CTR_6	186.522	147.509	137.85
P12268_PF00478_29_504	8G8F_A	CTR_7	173.728	109.132	158.729
P12268_PF00478_29_504	8G8F_A	CTR_8	182.336	130.597	138.265
P12268_PF00478_29_504	8G8F_A	CTR_9	177.883	128.62	148.562
P12268_PF00478_29_504	8G8F_A	CTR_10	177.583	127.457	149.785
P12268_PF00478_29_504	8G8F_A	CTR_11	173.559	109.495	159.465
P12268_PF00478_29_504	8G8F_A	CTR_12	176.495	131.206	139.676
P12268_PF00478_29_504	8G8F_A	CTR_13	176.426	114.771	156.344
P12268_PF00478_29_504	8G8F_A	CTR_14	176.725	116.081	156.346
P12268_PF00478_29_504	8G8F_A	CTR_15	175.992	131.733	140.518
P12268_PF00478_29_504	8G8F_A	CTR_16	180.233	133.318	147.262
P12268_PF00478_29_504	8G8F_A	CTR_17	174.54	112.373	160.788
P12268_PF00478_29_504	8G8F_A	CTR_18	175.9	119.202	161.753
P12268_PF00478_29_504	8G8F_A	CTR_19	182.222	147.216	139.344
P12268_PF00478_29_504	8G8F_A	CTR_20	183.159	127.721	147.999
P12268_PF00478_29_504	8G8F_A	CTR_21	183.159	127.722	147.999
P12268_PF00478_29_504	8G8F_A	CTR_22	193.662	146.578	135.365
P12268_PF00478_29_504	8G8F_A	CTR_23	172.796	109.064	161.339
P12268_PF00478_29_504	8G8F_A	CTR_24	180.542	132.195	147.499
P12268_PF00478_29_504	8G8F_A	CTR_25	177.737	116.775	155.033
P12268_PF00478_29_504	8G8F_A	CTR_26	173.047	109.244	162.965
P12268_PF00478_29_504	8G8F_A	CTR_27	182.424	147.962	139.075
P12268_PF00478_29_504	8G8F_A	CTR_28	194.092	146.828	135.12
P12268_PF00478_29_504	8G8F_A	CTR_29	175.928	119.139	161.457
P12268_PF00478_29_504	8G8F_A	CTR_30	170.487	113.92	139.27
P12271_PF00650_143_291	3HX3_A	CTR_0	4.29	5.065	12.852
P12277_PF00217_154_366	3B6R_B	CTR_0	-53.297	10.768	12.761
P12532_PF00217_186_399	9B14_B	CTR_0	184.641	123.378	121.164
P12544_PF00089_29_254	1ORF_A	CTR_0	15.126	29.184	2.512
P12694_PF00676_106_405	2BFF_A	CTR_0	73.615	2.851	7.867
P12694_PF00676_106_405	2BFF_A	CTR_1	78.991	16.796	-15.252
P12821_PF01401_41_623	5AMB_B	CTR_0	-0.01	14.222	23.499
P12821_PF01401_41_623	5AMB_B	CTR_1	-7.416	34.93	-3.846
P12821_PF01401_41_623	5AMB_B	CTR_2	-2.639	2.304	30.357
P12821_PF01401_41_623	5AMB_B	CTR_3	-7.083	1.857	44.766
P12821_PF01401_644_1221	6H5W_A	CTR_0	-24.387	-15.954	33.727
P12821_PF01401_644_1221	6H5W_A	CTR_1	-13.367	-6.968	20.819
P12821_PF01401_644_1221	6H5W_A	CTR_2	-6.766	0.69	12.324
P12821_PF01401_644_1221	6H5W_A	CTR_3	-18.374	-19.167	51.961
P12883_PF00063_88_766	9GZ2_A	CTR_0	134.701	150.37	155.897
P12883_PF00063_88_766	9GZ2_A	CTR_1	156.064	166.13	183.184
P12883_PF00063_88_766	9GZ2_A	CTR_2	157.934	149.448	135.577
P12931_PF00017_151_233	1O4R_A	CTR_0	17.608	26.801	18.555
P12931_PF07714_271_518	7NG7_A	CTR_0	-19.063	-6.804	-7.993
P12931_PF07714_271_518	7NG7_A	CTR_1	-12.913	-0.84	-5.767
P12931_PF07714_271_518	7NG7_A	CTR_2	-8.626	-7.937	-9.643
P12931_PF07714_271_518	7NG7_A	CTR_3	-15.372	-10.685	6.293
P13051_PF03167_141_301	3FCI_A	CTR_0	-14.151	-0.71	-0.88
P13497_PF01400_130_317	6BTQ_A	CTR_0	14.4	8.783	13.372
P13497_PF01400_130_317	6BTQ_A	CTR_1	23.48	7.454	16.841
P13569_PF00005_441_575	6ZE1_A	CTR_0	63.319	-3.679	26.609
P13569_PF00664_82_350	8GLS_A	CTR_0	165.854	140.064	164.047
P13569_PF00664_863_1147	8UBR_A	CTR_0	147.023	145.475	165.048
P13591_PF00041_510_603	2E3V_C	CTR_0	9.736	-20.235	46.494
P13631_PF00104_228_398	1FCY_A	CTR_0	40.103	15.174	84.131
P13637_PF13246_408_587	8D3U_A	CTR_0	77.864	92.293	148.011
P13639_PF00009_18_229	8XSX_CB	CTR_0	257.478	158.471	189.306
P13716_PF00490_10_326	1E51_A	CTR_0	32.159	74.022	57.458
P13804_PF00766_211_291	1EFV_A	CTR_0	10.66	22.543	65.983
P13807_PF05693_31_662	7Q13_A	CTR_0	144.884	194.629	156.409
P13866_PF00474_58_492	7WMV_A	CTR_0	100.52	110.212	112.488
P13995_PF02882_174_330	5TC4_A	CTR_0	108.784	15.216	-6.84
P13995_PF02882_174_330	5TC4_A	CTR_1	113.609	15.099	-16.009
P14061_PF00106_5_196	1I5R_A	CTR_0	15.785	-3.936	-3.416
P14061_PF00106_5_196	1I5R_A	CTR_1	10.212	7.551	-11.219
P14174_PF01187_2_115	9BNQ_C	CTR_0	-30.583	12.531	11.53
P14207_PF03024_30_205	4KN0_A	CTR_0	17.093	-36.466	1.708
P14210_PF00051_128_206	7OCM_A	CTR_0	-16.124	-43.098	-25.278
P14210_PF00051_211_288	7OCM_A	CTR_0	-0.461	0.332	5.4
P14324_PF00348_110_374	5CG5_A	CTR_0	16.393	-32.513	-9.866
P14324_PF00348_110_374	5CG5_A	CTR_1	4.897	-36.043	-11.25
P14324_PF00348_110_374	5CG5_A	CTR_2	23.455	-44.743	-13.014
P14410_PF01055_345_702	3LPP_C	CTR_0	27.391	96.169	28.246
P14555_PF00068_22_130	3U8I_A	CTR_0	23.443	14.008	6.949
P14618_PF00224_43_375	3GR4_A	CTR_0	-15.991	19.048	-2.315
P14625_PF13589_101_221	7ULL_A	CTR_0	-7.383	19.056	-5.622
P14672_PF00083_28_483	7WSM_A	CTR_0	99.122	103.81	106.406
P14735_PF16187_422_702	4RE9_B	CTR_0	122.74	118.762	104.489
P14784_PF18707_32_123	7S2S_D	CTR_0	36.287	78.507	-28.908
P14784_PF25788_141_231	7S2S_B	CTR_0	22.546	39.907	-25.555
P14867_PF02931_43_250	7QNE_D	CTR_0	116.421	101.484	110.766
P14902_PF01231_13_397	9FOZ_A	CTR_0	2.2	26.14	-31.47
P14902_PF01231_13_397	9FOZ_A	CTR_1	-10.908	28.995	-34.816
P14902_PF01231_13_397	9FOZ_A	CTR_2	-15.476	31.237	-32.449
P14902_PF01231_13_397	9FOZ_A	CTR_3	-15.247	31.87	-32.096
P14902_PF01231_13_397	9FOZ_A	CTR_4	-10.828	25.013	-35.5
P14902_PF01231_13_397	9FOZ_A	CTR_5	-19.443	34.172	-26.232
P14902_PF01231_13_397	9FOZ_A	CTR_6	-15.893	30.716	-32.417
P14902_PF01231_13_397	9FOZ_A	CTR_7	-15.53	30.983	-32.083
P14902_PF01231_13_397	9FOZ_A	CTR_8	-12.356	32.598	-31.007
P14902_PF01231_13_397	9FOZ_A	CTR_9	-15.485	31.378	-32.396
P14902_PF01231_13_397	9FOZ_A	CTR_10	-10.396	30.362	-31.137
P14902_PF01231_13_397	9FOZ_A	CTR_11	-14.368	33.382	-28.74
P14902_PF01231_13_397	9FOZ_A	CTR_12	-14.309	33.229	-28.518
P14902_PF01231_13_397	9FOZ_A	CTR_13	-15.602	30.659	-32.085
P14902_PF01231_13_397	9FOZ_A	CTR_14	-15.524	31.572	-32.211
P14902_PF01231_13_397	9FOZ_A	CTR_15	-15.373	31.746	-32.081
P14902_PF01231_13_397	9FOZ_A	CTR_16	-13.239	30.447	-32.473
P14902_PF01231_13_397	9FOZ_A	CTR_17	-19.499	34.316	-26.358
P14902_PF01231_13_397	9FOZ_A	CTR_18	-6.008	11.849	-23.381
P14902_PF01231_13_397	9FOZ_A	CTR_19	9.22	21.086	-44.81
P14902_PF01231_13_397	9FOZ_A	CTR_20	7.291	36.625	-29.706
P14902_PF01231_13_397	9FOZ_A	CTR_21	-3.053	43.259	-38.676
P14920_PF01266_2_329	7U9U_B	CTR_0	-22.843	12.237	-6.43
P14920_PF01266_2_329	7U9U_B	CTR_1	-12.429	13.087	1.147
P15056_PF07714_457_712	8C7X_A	CTR_0	26.849	111.125	14.463
P15085_PF00246_128_405	2V77_B	CTR_0	90.793	7.98	72.584
P15085_PF00246_128_405	2V77_B	CTR_1	79.792	-0.938	47.305
P15090_PF00061_6_131	7FXV_A	CTR_0	4.865	6.759	19.201
P15090_PF00061_6_131	7FXV_A	CTR_1	11.137	12.87	5.449
P15104_PF00120_114_356	9OTP_C	CTR_0	46.384	77.579	119.986
P15121_PF00248_16_289	1US0_A	CTR_0	19.3	-6.5	22.331
P15144_PF01433_316_543	4FYR_A	CTR_0	107.274	17.713	21.613
P15144_PF17900_81_279	6U7E_A	CTR_0	-72.531	23.498	-42.675
P15153_PF00071_5_176	2W2T_A	CTR_0	-7.723	-32.842	17.828
P15170_PF00009_72_271	5LZT_jj	CTR_0	290.283	331.955	216.325
P15291_PF13733_130_262	4EEA_A	CTR_0	18.312	47.524	112.193
P15309_PF00328_34_331	1ND5_C	CTR_0	57.214	145.709	32.034
P15309_PF00328_34_331	1ND5_C	CTR_1	49.706	145.642	29.355
P15328_PF03024_36_211	4KM6_A	CTR_0	9.496	27.336	45.675
P15328_PF03024_36_211	4KM6_A	CTR_1	14.549	35.708	30.306
P15374_PF01088_6_214	7YV4_A	CTR_0	-27.529	2.537	3.749
P15428_PF00106_6_198	2GDZ_A	CTR_0	24.557	7.073	89.617
P15428_PF00106_6_198	2GDZ_A	CTR_1	29.749	18.78	82.989
P15531_PF00334_5_138	8OOV_C	CTR_0	26.189	-14.94	21.655
P15538_PF00067_42_489	7E7F_A	CTR_0	7.145	-4.134	-3.93
P15538_PF00067_42_489	7E7F_A	CTR_1	2.283	1.094	-18.613
P15559_PF02525_5_210	8OK0_A	CTR_0	-10.836	-37.742	52.055
P15559_PF02525_5_210	8OK0_A	CTR_1	-15.12	-41.002	53.211
P15735_PF00069_24_291	2Y7J_A	CTR_0	-14.876	-7.925	40.843
P15813_PF16497_1_198	6V7Y_A	CTR_0	-49.762	37.409	18.802
P15813_PF16497_1_198	6V7Y_A	CTR_1	-43.803	36.478	27.864
P15907_PF00777_173_384	6QVT_B	CTR_0	18.278	45.925	82.193
P16083_PF02525_4_212	4FGL_C	CTR_0	43.736	-6.707	37.05
P16083_PF02525_4_212	4FGL_C	CTR_1	41.565	-11.599	35.571
P16118_PF01591_31_251	1K6M_A	CTR_0	-18.846	44.768	36.243
P16152_PF00106_7_146	1WMA_A	CTR_0	21.812	18.324	13.066
P16233_PF00151_17_352	1LPB_B	CTR_0	10.735	21.141	49.402
P16233_PF00151_17_352	1LPB_B	CTR_1	8.859	23.377	53.603
P16278_PF01301_40_356	3WF1_D	CTR_0	32.122	-40.646	61.784
P16422_PF21283_141_253	4MZV_A	CTR_0	-4.594	35.726	6.084
P16435_PF00175_530_640	3QFS_A	CTR_0	54.244	28.926	21.666
P16435_PF00258_82_219	3QE2_B	CTR_0	-4.823	92.162	39.225
P16442_PF03414_41_353	6GX2_A	CTR_0	-10.301	-10.88	5.485
P16442_PF03414_41_353	6GX2_A	CTR_1	-14.988	-20.495	7.055
P16442_PF03414_41_353	6GX2_A	CTR_2	-20.68	-16.298	-18.387
P16444_PF01244_26_351	1ITU_B	CTR_0	23.952	7.663	26.113
P16455_PF01035_96_173	1EH8_A	CTR_0	3.945	41.86	19.718
P16473_PF00001_431_678	7UTZ_R	CTR_0	156.961	194.741	172.982
P16473_PF00001_431_678	7UTZ_R	CTR_1	180.168	198.561	171.658
P16615_PF13246_410_604	6LN5_A	CTR_0	92.243	113.992	148.269
P16671_PF01130_14_462	5LGD_A	CTR_0	-57.172	-16.792	20.775
P16671_PF01130_14_462	5LGD_A	CTR_1	-41.83	-32.915	36.079
P16671_PF01130_14_462	5LGD_A	CTR_2	-42.498	-25.889	17.076
P16871_PF00041_131_221	3UP1_B	CTR_0	58.336	25.181	28.824
P17050_PF16499_25_308	4DO4_B	CTR_0	21.525	-24.582	27.322
P17081_PF00071_11_182	2ATX_B	CTR_0	41.213	-19.077	42.842
P17174_PF00155_32_405	6DNB_A	CTR_0	22.852	39.452	3.426
P17174_PF00155_32_405	6DNB_A	CTR_1	41.185	47.489	6.283
P17174_PF00155_32_405	6DNB_A	CTR_2	35.215	51.529	16.912
P17213_PF02886_249_486	1EWF_A	CTR_0	82.736	33.906	26.632
P17252_PF00069_340_583	8U37_A	CTR_0	30.529	-6.232	12.585
P17302_PF00029_3_232	7XQF_D	CTR_0	166.127	129.742	85.448
P17302_PF00029_3_232	7XQF_D	CTR_1	150.414	128.859	94.251
P17516_PF00248_19_300	2FVL_A	CTR_0	44.603	72.226	83.549
P17540_PF00217_187_400	4Z9M_D	CTR_0	-1.332	-31.475	-38.271
P17612_PF00069_44_298	4WB8_A	CTR_0	45.517	10.059	2.489
P17643_PF00264_184_416	5M8S_B	CTR_0	115.541	182.811	162.644
P17706_PF00102_42_274	7UAD_A	CTR_0	-22.763	-20.253	-13.157
P17735_PF00155_72_434	3DYD_B	CTR_0	52.302	83.072	11.903
P17752_PF00351_106_435	8CJK_A	CTR_0	-17.418	8.358	-18.895
P17812_PF06418_2_272	7MGZ_F	CTR_0	132.08	144.278	149.775
P17812_PF06418_2_272	7MGZ_F	CTR_1	125.958	143.062	145.418
P17858_PF00365_18_323	8W2H_D	CTR_0	264.013	205.503	236.68
P17900_PF02221_33_189	2AG4_A	CTR_0	2.946	23.006	78.265
P17900_PF02221_33_189	2AG4_A	CTR_1	11.733	32.403	87.068
P17931_PF00337_117_246	6RZK_A	CTR_0	-16.924	9.283	0.056
P17980_PF00004_223_355	5T0H_F	CTR_0	204.358	169.808	138.541
P17987_PF00118_28_533	7NVL_A	CTR_0	266.412	192.384	228.716
P18031_PF00102_40_276	8G65_B	CTR_0	5.947	-39.485	22.859
P18031_PF00102_40_276	8G65_B	CTR_1	25.047	-33.046	29.267
P18031_PF00102_40_276	8G65_B	CTR_2	21.421	-27.225	9.535
P18031_PF00102_40_276	8G65_B	CTR_3	4.153	-13.349	29.823
P18031_PF00102_40_276	8G65_B	CTR_4	12.816	-15.294	6.834
P18031_PF00102_40_276	8G65_B	CTR_5	25.344	-17.453	31.58
P18031_PF00102_40_276	8G65_B	CTR_6	-6.118	-21.864	37.627
P18031_PF00102_40_276	8G65_B	CTR_7	14.738	-25.386	44.704
P18031_PF00102_40_276	8G65_B	CTR_8	28.223	-12.54	22.918
P18031_PF00102_40_276	8G65_B	CTR_9	16.772	-9.461	22.031
P18031_PF00102_40_276	8G65_B	CTR_10	9.537	-22.457	45.347
P18054_PF00305_211_644	8GHE_A	CTR_0	126.454	159.426	138.096
P18054_PF00305_211_644	8GHE_A	CTR_1	129.855	153.323	141.556
P18075_PF00019_330_430	1LXI_A	CTR_0	2.886	89.467	19.459
P18085_PF00025_6_176	1Z6X_B	CTR_0	-1.312	-26.667	-3.404
P18440_PF00797_20_280	2PQT_A	CTR_0	-6.628	-6.033	20.754
P18505_PF02931_39_242	9CXD_D	CTR_0	95.195	142.937	104.387
P18669_PF00300_6_128	7XB9_B	CTR_0	40.583	26.937	27.881
P18858_PF01068_542_746	9BS4_A	CTR_0	24.303	-32.156	-71.865
P19099_PF00067_42_491	4DVQ_D	CTR_0	31.958	-32.824	-30.869
P19113_PF00282_36_414	4E1O_F	CTR_0	7.548	-52.627	85.898
P19113_PF00282_36_414	4E1O_F	CTR_1	10.156	-49.906	82.224
P19367_PF03727_674_907	1DGK_N	CTR_0	90.735	57.157	-13.289
P19447_PF04851_315_471	7NVV_7	CTR_0	274.484	224.344	217.149
P19474_PF00622_341_459	9QBA_A	CTR_0	-16.253	10.794	11.819
P19525_PF00069_267_534	8QEL_B	CTR_0	-44.005	15.69	20.335
P19623_PF01564_76_260	2O07_B	CTR_0	12.497	29.034	33.297
P19623_PF01564_76_260	2O07_B	CTR_1	9.85	36.697	29.074
P19634_PF00999_110_503	7DSX_B	CTR_0	115.785	132.099	123.399
P19652_PF00061_40_179	7OUB_B	CTR_0	-6.387	30.579	-1.666
P19784_PF00069_40_325	6TGU_A	CTR_0	1.55	48.26	36.829
P19784_PF00069_40_325	6TGU_A	CTR_1	8.13	59.657	35.997
P19793_PF00104_265_441	7A77_A	CTR_0	19.331	2.887	25.086
P19793_PF00104_265_441	7A77_A	CTR_1	22.412	-0.145	34.837
P19801_PF01179_301_708	3HI7_A	CTR_0	-24.841	-11.42	65.517
P19801_PF01179_301_708	3HI7_A	CTR_1	-31.931	-11.397	72.848
P19835_PF00135_26_542	6H18_A	CTR_0	5.27	1.545	13.915
P19971_PF00591_110_340	1UOU_A	CTR_0	-3.483	2.004	29.185
P20132_PF00291_8_303	4H27_A	CTR_0	-40.861	15.122	20.743
P20151_PF00089_25_253	4NFF_A	CTR_0	-0.512	20.201	14.19
P20231_PF00089_31_267	9QFU_D	CTR_0	22.394	-7.843	14.249
P20231_PF00089_31_267	9QFU_D	CTR_1	13.728	-13.126	16.845
P20231_PF00089_31_267	9QFU_D	CTR_2	21.122	-12.367	18.277
P20337_PF00071_24_183	3DZ8_A	CTR_0	1.163	6.96	17.94
P20338_PF00071_15_175	2BME_D	CTR_0	33.307	29.255	5.348
P20339_PF00071_22_181	1R2Q_A	CTR_0	8.642	-2.481	42.239
P20340_PF00071_15_173	1YZQ_A	CTR_0	24.918	17.882	14.053
P20393_PF00104_437_611	8D8I_A	CTR_0	27.242	-8.906	17.812
P20591_PF00350_73_248	4P4S_B	CTR_0	20.115	3.425	20.771
P20701_PF00092_156_325	2O7N_A	CTR_0	5.093	21.425	-5.215
P20711_PF00282_35_414	8OR9_A	CTR_0	37.373	-35.132	-10.969
P20807_PF00648_75_415	6BJD_A	CTR_0	34.659	106.895	52.27
P20813_PF00067_31_487	5UFG_A	CTR_0	32.46	-14.801	-12.574
P20813_PF00067_31_487	5UFG_A	CTR_1	54.086	-27.338	-12.292
P20813_PF00067_31_487	5UFG_A	CTR_2	32.436	-4.587	8.172
P20813_PF00067_31_487	5UFG_A	CTR_3	44.232	-24.745	-11.093
P20813_PF00067_31_487	5UFG_A	CTR_4	32.508	-3.031	2.133
P20815_PF00067_39_492	6MJM_A	CTR_0	8.712	13.663	15.83
P20815_PF00067_39_492	6MJM_A	CTR_1	22.731	22.62	11.948
P20815_PF00067_39_492	6MJM_A	CTR_2	15.264	17.97	10.811
P20839_PF00478_29_504	8U8O_F	CTR_0	113.112	161.615	159.161
P20839_PF00478_29_504	8U8O_F	CTR_1	146.924	150.016	137.023
P20839_PF00478_29_504	8U8O_F	CTR_2	147.082	153.111	137.908
P20839_PF00478_29_504	8U8O_F	CTR_3	118.002	160.819	160.646
P20839_PF00478_29_504	8U8O_F	CTR_4	146.883	148.554	136.574
P20839_PF00478_29_504	8U8O_F	CTR_5	130.557	154.776	137.174
P20839_PF00478_29_504	8U8O_F	CTR_6	147.736	149.659	136.497
P20839_PF00478_29_504	8U8O_F	CTR_7	115.458	166.783	139.928
P20839_PF00478_29_504	8U8O_F	CTR_8	107.887	163.364	159.145
P20839_PF00478_29_504	8U8O_F	CTR_9	116.897	158.782	153.239
P20839_PF00478_29_504	8U8O_F	CTR_10	119.155	160.47	160.04
P20839_PF00478_29_504	8U8O_F	CTR_11	109.427	163.095	165.757
P21127_PF00069_441_723	7UKZ_A	CTR_0	28.986	-6.536	17.192
P21359_PF13716_1602_1735	3PG7_A	CTR_0	-29.11	16.788	18.841
P21397_PF01593_23_460	2Z5Y_A	CTR_0	-26.179	-34.089	-17.848
P21397_PF01593_23_460	2Z5Y_A	CTR_1	-40.6	-27.475	-14.653
P21439_PF00664_58_345	7NIW_A	CTR_0	127.432	135.903	139.023
P21453_PF00001_62_311	7TD4_R	CTR_0	138.357	133.117	163.131
P21462_PF00001_43_301	7VFX_R	CTR_0	124.273	105.259	98.661
P21549_PF00266_44_376	5HHY_A	CTR_0	13.252	7.213	13.597
P21549_PF00266_44_376	5HHY_A	CTR_1	4.978	-0.134	41.33
P21554_PF00001_133_397	8GHV_D	CTR_0	146.411	143.855	190.449
P21554_PF00001_133_397	8GHV_D	CTR_1	141.388	140.484	177.608
P21589_PF02872_341_512	7PBB_A	CTR_0	12.264	16.292	34.875
P21589_PF02872_341_512	7PBB_A	CTR_1	10.706	0.413	22.194
P21673_PF00583_47_144	2B58_A	CTR_0	23.291	57.81	47.579
P21675_PF00439_1411_1491	6FIC_T	CTR_0	45.565	72.561	24.408
P21675_PF00439_1537_1616	5I29_A	CTR_0	5.086	-8.238	-3.871
P21695_PF01210_5_172	6PYP_A	CTR_0	-15.71	-7.566	-19.823
P21728_PF00001_40_331	7JVP_R	CTR_0	88.811	111.867	109.094
P21728_PF00001_40_331	7JVP_R	CTR_1	101.636	85.611	118.162
P21728_PF00001_40_331	7JVP_R	CTR_2	107.054	105.552	113.722
P21728_PF00001_40_331	7JVP_R	CTR_3	105.6	78.673	120.028
P21730_PF00001_54_300	5O9H_A	CTR_0	102.564	-8.819	45.456
P21730_PF00001_54_300	5O9H_A	CTR_1	103.093	-12.157	32.783
P21731_PF00001_42_308	8XJN_R	CTR_0	90.131	123.667	121.132
P21796_PF01459_4_276	5XDO_A	CTR_0	-46.447	-8.379	15.604
P21796_PF01459_4_276	5XDO_A	CTR_1	-38.541	-15.974	11.597
P21802_PF07714_481_757	2PVF_A	CTR_0	23.774	-6.785	-0.811
P21802_PF07714_481_757	2PVF_A	CTR_1	21.818	13.505	-12.492
P21802_PF07714_481_757	2PVF_A	CTR_2	36.901	-10.274	-8.788
P21860_PF07714_711_964	6OP9_A	CTR_0	-50.543	-17.344	11.357
P21964_PF01596_77_225	3BWY_A	CTR_0	-7.64	-4.26	-17.674
P21964_PF01596_77_225	3BWY_A	CTR_1	-2.72	-10.019	-19.535
P22033_PF01642_63_575	2XIQ_A	CTR_0	26.686	95.388	135.418
P22033_PF01642_63_575	2XIQ_A	CTR_1	12.56	86.177	125.679
P22033_PF01642_63_575	2XIQ_A	CTR_2	14.763	91.33	137.33
P22059_PF01237_418_795	7V62_C	CTR_0	59.061	16.211	158.141
P22061_PF01135_9_221	1I1N_A	CTR_0	12.818	1.791	14.18
P22087_PF01269_88_314	7SE7_A	CTR_0	21.16	32.827	8.956
P22102_PF00551_809_988	4ZZ1_A	CTR_0	26.48	-11.111	-18.45
P22102_PF00551_809_988	4ZZ1_A	CTR_1	31.446	-19.596	-15.435
P22102_PF01071_105_298	2QK4_B	CTR_0	-43.888	-4.191	53.509
P22234_PF00731_267_404	6YB8_B	CTR_0	-10.182	77.517	21.42
P22234_PF01259_12_238	6YB8_B	CTR_0	-22.742	19.0	14.41
P22234_PF01259_12_238	6YB8_B	CTR_1	-8.174	17.485	15.735
P22234_PF01259_12_238	6YB8_B	CTR_2	-27.688	22.087	11.205
P22303_PF00135_39_563	4M0E_B	CTR_0	10.237	-56.959	-24.013
P22392_PF00334_5_138	8PYW_B	CTR_0	-21.335	11.025	6.257
P22413_PF01663_212_538	6WFJ_AcA	CTR_0	18.935	-38.572	-28.451
P22455_PF07714_468_743	8KH9_A	CTR_0	122.318	6.348	142.599
P22557_PF00155_190_536	5QR1_B	CTR_0	30.728	-29.794	0.994
P22607_PF07714_472_748	9D1X_A	CTR_0	-2.215	-20.642	21.063
P22607_PF07714_472_748	9D1X_A	CTR_1	-12.071	-4.503	7.013
P22680_PF00067_32_495	3V8D_A	CTR_0	11.31	7.398	-42.264
P22680_PF00067_32_495	3V8D_A	CTR_1	15.302	12.294	-43.628
P22736_PF00104_402_578	4REF_A	CTR_0	-13.018	-19.999	-4.419
P22736_PF00104_402_578	4REF_A	CTR_1	-14.817	-16.113	1.985
P22736_PF00104_402_578	4REF_A	CTR_2	4.036	-15.371	-10.121
P22748_PF00194_41_284	5JNC_D	CTR_0	3.007	-20.225	18.172
P22830_PF00762_68_388	3HCN_A	CTR_0	-37.588	15.317	72.718
P22830_PF00762_68_388	3HCN_A	CTR_1	-36.211	18.364	63.997
P22888_PF00001_376_623	7FIH_R	CTR_0	137.219	153.164	155.379
P22894_PF00413_107_262	1I76_A	CTR_0	27.523	57.765	49.947
P22894_PF00413_107_262	1I76_A	CTR_1	24.705	51.562	45.952
P22894_PF00413_107_262	1I76_A	CTR_2	13.194	52.731	37.294
P23141_PF00135_23_547	9KWL_A	CTR_0	-21.834	-38.639	14.718
P23141_PF00135_23_547	9KWL_A	CTR_1	-9.744	-42.218	3.681
P23141_PF00135_23_547	9KWL_A	CTR_2	-44.309	-54.015	22.316
P23141_PF00135_23_547	9KWL_A	CTR_3	-12.914	-26.832	23.92
P23258_PF00091_4_214	3CB2_B	CTR_0	34.884	28.487	-50.563
P23368_PF03949_280_534	9AYI_A	CTR_0	34.287	-39.776	49.221
P23381_PF00579_152_439	1R6U_A	CTR_0	3.711	55.135	45.123
P23381_PF00579_152_439	1R6U_A	CTR_1	2.422	51.907	39.391
P23443_PF00069_91_352	3WF7_A	CTR_0	11.792	-11.472	11.507
P23458_PF07714_876_1147	6N7A_B	CTR_0	24.585	13.724	4.694
P23458_PF07714_876_1147	6N7A_B	CTR_1	12.911	25.701	21.221
P23467_PF00102_1727_1960	2H03_A	CTR_0	21.247	3.339	27.549
P23467_PF00102_1727_1960	2H03_A	CTR_1	33.59	16.877	19.09
P23470_PF00102_874_1118	3QCK_A	CTR_0	19.458	29.465	61.26
P23471_PF00102_1750_1991	5H08_A	CTR_0	30.314	-3.634	44.493
P23526_PF00670_191_352	1LI4_A	CTR_0	36.808	-11.083	104.145
P23526_PF05221_141_431	1LI4_A	CTR_0	36.591	-11.09	103.944
P23526_PF05221_141_431	1LI4_A	CTR_1	46.947	-19.857	102.566
P23677_PF03770_245_455	8PPI_B	CTR_0	19.671	49.278	63.209
P23919_PF02223_11_191	1NN5_A	CTR_0	6.78	66.12	34.179
P23919_PF02223_11_191	1NN5_A	CTR_1	13.564	75.62	24.834
P23921_PF02867_216_738	6L3R_A	CTR_0	-9.407	48.307	63.464
P23921_PF02867_216_738	6L3R_A	CTR_1	22.987	53.983	70.918
P23921_PF02867_216_738	6L3R_A	CTR_2	27.723	72.151	49.84
P23921_PF03477_1_89	3HNE_B	CTR_0	-34.061	-33.479	-61.136
P23945_PF00001_379_626	8I2G_R	CTR_0	134.366	143.33	148.584
P23946_PF00089_22_240	7H66_A	CTR_0	-25.686	22.093	6.044
P23975_PF00209_56_579	8ZP2_A	CTR_0	132.262	126.605	131.037
P23975_PF00209_56_579	8ZP2_A	CTR_1	122.991	108.285	126.259
P23975_PF00209_56_579	8ZP2_A	CTR_2	140.891	109.831	136.533
P23975_PF00209_56_579	8ZP2_A	CTR_3	156.317	137.258	126.081
P23975_PF00209_56_579	8ZP2_A	CTR_4	119.821	135.382	128.249
P24046_PF02931_81_280	9FRB_A	CTR_0	166.593	147.281	86.008
P24462_PF00067_39_492	7MK8_A	CTR_0	98.927	292.047	180.529
P24462_PF00067_39_492	7MK8_A	CTR_1	94.257	288.734	177.88
P24462_PF00067_39_492	7MK8_A	CTR_2	97.529	284.783	171.253
P24462_PF00067_39_492	7MK8_A	CTR_3	89.724	300.31	191.332
P24530_PF00001_118_384	6IGK_A	CTR_0	-1.887	32.552	132.57
P24666_PF01451_9_154	7KH8_A	CTR_0	18.185	15.44	14.736
P24666_PF01451_9_154	7KH8_A	CTR_1	13.466	16.54	-2.09
P24723_PF00069_355_614	8FP1_A	CTR_0	-18.187	-4.401	12.941
P24752_PF00108_42_298	2F2S_C	CTR_0	0.085	31.772	-13.753
P24821_PF00147_1980_2189	5R62_A	CTR_0	13.073	-18.257	-13.409
P24941_PF00069_4_286	6Q4H_A	CTR_0	0.099	-5.983	-26.928
P24941_PF00069_4_286	6Q4H_A	CTR_1	-17.196	1.412	-24.774
P24941_PF00069_4_286	6Q4H_A	CTR_2	-13.636	7.302	-28.773
P24941_PF00069_4_286	6Q4H_A	CTR_3	23.434	-6.064	-12.905
P24941_PF00069_4_286	6Q4H_A	CTR_4	7.917	-8.75	8.653
P24941_PF00069_4_286	6Q4H_A	CTR_5	-8.082	-19.196	2.59
P25090_PF00001_43_302	7T6S_R	CTR_0	81.893	115.414	96.832
P25098_PF00069_191_453	3V5W_A	CTR_0	14.448	-12.642	51.288
P25103_PF00001_49_305	7P00_R	CTR_0	132.199	125.762	146.301
P25105_PF00001_33_293	8XYD_A	CTR_0	119.521	131.375	92.937
P25106_PF00001_62_315	7SK8_A	CTR_0	156.596	163.994	166.181
P25106_PF00001_62_315	7SK8_A	CTR_1	166.564	174.054	143.9
P25205_PF00493_282_505	7W1Y_B	CTR_0	236.475	179.479	290.274
P25311_PF00129_26_201	1T7V_A	CTR_0	-6.63	81.837	20.636
P25440_PF00439_353_440	6DDJ_A	CTR_0	17.873	66.49	41.137
P25440_PF00439_86_167	6DDI_A	CTR_0	19.971	10.998	-10.675
P25774_PF00112_115_329	9GJ2_A	CTR_0	13.95	8.686	22.277
P25774_PF00112_115_329	9GJ2_A	CTR_1	11.338	-10.138	16.497
P25786_PF00227_29_215	5LE5_S	CTR_0	52.329	215.244	118.417
P26196_PF00271_321_429	6S8S_A	CTR_0	-24.769	7.558	37.474
P26358_PF00145_1140_1593	7SFD_A	CTR_0	-33.998	-5.472	10.361
P26639_PF00587_399_608	4HWT_A	CTR_0	4.203	-28.137	-8.479
P26639_PF00587_399_608	4HWT_A	CTR_1	4.71	-24.5	-14.898
P27037_PF00069_200_472	3SOC_A	CTR_0	100.7	40.435	-1.27
P27144_PF00406_10_189	2BBW_A	CTR_0	-2.605	6.389	43.512
P27338_PF01593_14_451	9FJT_BBB	CTR_0	23.657	125.455	14.815
P27338_PF01593_14_451	9FJT_BBB	CTR_1	16.374	127.379	22.552
P27338_PF01593_14_451	9FJT_BBB	CTR_2	27.703	124.539	10.702
P27361_PF00069_42_330	4QTB_A	CTR_0	36.657	54.768	49.946
P27361_PF00069_42_330	4QTB_A	CTR_1	30.435	54.745	46.677
P27361_PF00069_42_330	4QTB_A	CTR_2	40.762	50.442	66.183
P27448_PF00069_56_307	8UOJ_A	CTR_0	-14.499	-32.41	-18.816
P27487_PF00326_561_763	1N1M_A	CTR_0	81.605	75.12	97.965
P27694_PF04057_5_104	4O0A_A	CTR_0	0.264	9.553	1.007
P27695_PF03372_65_309	7TC2_C	CTR_0	30.561	23.384	25.348
P27707_PF01712_24_257	2NO7_A	CTR_0	50.772	59.028	98.909
P27815_PF00233_432_671	2QYK_B	CTR_0	87.825	43.078	17.121
P28039_PF00657_257_542	5W7C_C	CTR_0	5.924	-34.967	45.693
P28039_PF00657_257_542	5W7C_C	CTR_1	-2.115	-29.523	41.01
P28062_PF00227_69_250	7AWE_Z	CTR_0	-53.565	18.537	10.435
P28065_PF00227_17_198	7AWE_V	CTR_0	-20.049	-26.332	18.846
P28072_PF00227_31_212	5LF4_b	CTR_0	24.787	234.376	61.246
P28074_PF00227_56_238	5LF7_K	CTR_0	8.133	193.826	38.091
P28161_PF02798_3_82	2C4J_C	CTR_0	8.763	8.635	33.531
P28222_PF00001_67_369	5V54_B	CTR_0	-8.355	0.595	22.934
P28223_PF00001_91_380	7WC5_A	CTR_0	-27.86	-10.506	141.258
P28223_PF00001_91_380	7WC5_A	CTR_1	-30.397	-2.682	141.598
P28329_PF00755_134_713	9F85_A	CTR_0	9.089	2.311	63.957
P28329_PF00755_134_713	9F85_A	CTR_1	19.853	-3.843	70.555
P28336_PF00001_60_322	9JF4_A	CTR_0	134.862	134.559	117.608
P28340_PF00136_541_973	6TNY_A	CTR_0	153.8	172.533	207.571
P28347_PF17725_215_423	8Q68_B	CTR_0	-19.397	1.677	-65.978
P28472_PF02931_39_242	7QN5_D	CTR_0	122.429	151.464	104.27
P28482_PF00069_25_313	8AOJ_A	CTR_0	7.599	11.001	43.939
P28482_PF00069_25_313	8AOJ_A	CTR_1	17.565	5.762	30.072
P28482_PF00069_25_313	8AOJ_A	CTR_2	-5.717	13.405	41.572
P28482_PF00069_25_313	8AOJ_A	CTR_3	-2.467	10.533	48.655
P28702_PF00104_336_512	7A78_A	CTR_0	17.862	3.777	24.418
P28845_PF00106_35_226	1XU9_B	CTR_0	-25.846	-1.864	10.822
P28907_PF02267_56_296	2O3S_A	CTR_0	4.326	0.819	3.195
P29016_PF16497_1_198	5WL1_A	CTR_0	1.13	-19.22	6.295
P29016_PF16497_1_198	5WL1_A	CTR_1	5.54	-22.587	-3.084
P29017_PF16497_1_197	6C09_A	CTR_0	97.949	-27.593	-33.125
P29017_PF16497_1_197	6C09_A	CTR_1	92.591	-25.438	-33.978
P29017_PF16497_1_197	6C09_A	CTR_2	93.386	-29.651	-18.434
P29017_PF16497_1_197	6C09_A	CTR_3	91.93	-23.506	-26.893
P29033_PF00029_2_214	8QA2_A	CTR_0	152.715	188.471	131.013
P29033_PF00029_2_214	8QA2_A	CTR_1	167.463	189.534	140.647
P29218_PF00459_7_267	6GIU_A	CTR_0	5.674	52.16	314.851
P29274_PF00001_23_288	8RW0_A	CTR_0	0.296	-20.152	111.08
P29274_PF00001_23_288	8RW0_A	CTR_1	1.395	7.036	122.906
P29274_PF00001_23_288	8RW0_A	CTR_2	-10.628	-12.52	122.437
P29275_PF00001_24_290	8HDO_R	CTR_0	138.604	128.085	106.888
P29317_PF07714_614_871	5NKF_A	CTR_0	-101.197	-18.391	47.674
P29317_PF07714_614_871	5NKF_A	CTR_1	-113.724	-13.613	67.722
P29320_PF07714_622_878	2QOC_A	CTR_0	-9.329	7.979	53.16
P29320_PF07714_622_878	2QOC_A	CTR_1	-9.707	2.51	44.48
P29322_PF07714_635_892	3KUL_B	CTR_0	-5.592	-18.308	29.228
P29373_PF00061_5_138	2G7B_A	CTR_0	-20.599	0.334	15.028
P29373_PF00061_5_138	2G7B_A	CTR_1	-15.106	8.812	11.016
P29375_PF02373_470_586	6BGY_A	CTR_0	-24.536	21.179	4.508
P29401_PF00456_17_269	4KXW_A	CTR_0	-7.715	6.353	13.244
P29474_PF02898_121_481	9CWI_C	CTR_0	94.835	-32.451	-194.994
P29475_PF02898_357_717	6CID_B	CTR_0	117.733	244.942	326.265
P29597_PF07714_590_866	8S99_B	CTR_0	-16.613	-23.625	29.968
P29597_PF07714_898_1167	3LXP_A	CTR_0	-4.101	25.021	-30.546
P29597_PF07714_898_1167	3LXP_A	CTR_1	-4.239	0.429	-26.353
P29762_PF00061_5_137	7A9Y_AAA	CTR_0	6.37	-34.157	-29.549
P29965_PF00229_138_261	3LKJ_B	CTR_0	2.72	38.965	10.18
P29973_PF00027_494_583	7LG1_C	CTR_0	142.556	98.951	158.728
P29992_PF00503_19_348	7RKF_A	CTR_0	136.27	118.135	78.105
P29992_PF00503_19_348	7RKF_A	CTR_1	142.986	114.348	88.339
P30038_PF00171_81_545	8RKR_B	CTR_0	-10.728	-1.789	11.216
P30043_PF13460_10_191	1HDO_A	CTR_0	24.697	-4.663	9.366
P30043_PF13460_10_191	1HDO_A	CTR_1	15.271	-11.402	6.556
P30044_PF08534_57_200	4MMM_C	CTR_0	15.076	20.689	5.149
P30046_PF01187_2_116	9BB0_BBB	CTR_0	2.437	-32.059	2.691
P30084_PF00378_43_290	8ZRY_E	CTR_0	76.831	109.574	82.787
P30086_PF01161_48_157	2QYQ_A	CTR_0	28.241	-4.213	18.729
P30291_PF00069_299_568	8BJU_A	CTR_0	-13.323	-11.757	19.243
P30405_PF00160_50_204	7PMT_A	CTR_0	-25.952	10.436	2.571
P30405_PF00160_50_204	7PMT_A	CTR_1	-5.098	23.264	14.534
P30405_PF00160_50_204	7PMT_A	CTR_2	-20.279	20.67	13.001
P30419_PF01233_141_294	5O6H_B	CTR_0	-22.779	57.819	-24.173
P30419_PF01233_141_294	5O6H_B	CTR_1	-24.664	49.469	-21.825
P30519_PF01126_32_236	5UC9_A	CTR_0	6.123	-12.862	-14.281
P30519_PF01126_32_236	5UC9_A	CTR_1	13.939	-16.305	-8.994
P30520_PF00709_32_453	2V40_A	CTR_0	56.113	19.61	19.382
P30530_PF07714_537_803	5U6B_B	CTR_0	-23.024	-4.628	14.633
P30531_PF00209_44_558	7Y7Z_A	CTR_0	102.469	105.061	102.926
P30556_PF00001_45_302	9EAI_A	CTR_0	142.29	137.013	167.475
P30559_PF00001_56_329	6TPK_A	CTR_0	-6.996	1.263	126.069
P30613_PF02887_454_571	4IP7_C	CTR_0	53.789	4.533	28.18
P30711_PF13417_5_79	2C3Q_C	CTR_0	20.942	-37.716	-66.812
P30793_PF01227_73_249	7ALQ_O	CTR_0	19.42	-18.099	106.347
P30837_PF00171_45_508	7MJD_A	CTR_0	-30.576	-30.309	-28.039
P30837_PF00171_45_508	7MJD_A	CTR_1	-16.242	-43.499	-22.204
P30837_PF00171_45_508	7MJD_A	CTR_2	-18.24	-26.658	0.947
P30837_PF00171_45_508	7MJD_A	CTR_3	-39.144	-14.729	-11.868
P30837_PF00171_45_508	7MJD_A	CTR_4	-11.932	-26.91	-28.98
P30837_PF00171_45_508	7MJD_A	CTR_5	-32.354	-34.46	-34.598
P30837_PF00171_45_508	7MJD_A	CTR_6	-37.601	-21.076	-27.942
P30837_PF00171_45_508	7MJD_A	CTR_7	-27.531	-31.953	-34.137
P30837_PF00171_45_508	7MJD_A	CTR_8	-22.029	-49.108	-9.338
P30838_PF00171_3_425	3SZB_B	CTR_0	1.983	26.379	28.138
P30838_PF00171_3_425	3SZB_B	CTR_1	3.586	11.443	23.324
P30872_PF00001_75_323	8XIO_A	CTR_0	148.77	126.806	103.544
P30874_PF00001_60_312	7WIG_R	CTR_0	92.699	128.798	118.473
P30989_PF00001_80_364	8ZYU_R	CTR_0	150.286	157.302	171.947
P31040_PF00890_63_457	8DYE_A	CTR_0	-15.713	34.8	-14.631
P31213_PF02544_106_254	7BW1_A	CTR_0	-30.877	15.649	36.447
P31327_PF02142_1375_1465	5DOU_D	CTR_0	17.821	-68.369	134.65
P31327_PF02786_1088_1290	5DOU_D	CTR_0	1.97	-60.62	154.257
P31327_PF02786_546_749	5DOU_A	CTR_0	-16.836	-1.39	92.064
P31391_PF00001_64_311	7XMT_R	CTR_0	152.156	118.212	142.632
P31639_PF00474_55_492	8HEZ_A	CTR_0	66.846	67.143	75.759
P31639_PF00474_55_492	8HEZ_A	CTR_1	76.464	60.351	64.385
P31641_PF00209_41_568	9J7M_A	CTR_0	101.596	93.34	99.633
P31644_PF02931_50_257	8BGI_C	CTR_0	53.796	-57.784	10.674
P31645_PF00209_79_598	7TXT_S	CTR_0	141.137	145.268	137.844
P31645_PF00209_79_598	7TXT_S	CTR_1	153.924	137.736	135.495
P31645_PF00209_79_598	7TXT_S	CTR_2	144.681	128.763	147.879
P31645_PF00209_79_598	7TXT_S	CTR_3	126.009	142.731	152.523
P31645_PF00209_79_598	7TXT_S	CTR_4	135.24	162.509	150.703
P31645_PF00209_79_598	7TXT_S	CTR_5	150.62	159.027	122.529
P31749_PF00069_150_408	4GV1_A	CTR_0	-19.975	4.135	10.574
P31749_PF00069_150_408	4GV1_A	CTR_1	-26.67	-5.85	16.247
P31751_PF00069_154_409	1O6L_A	CTR_0	43.324	31.963	109.966
P31751_PF00069_154_409	1O6L_A	CTR_1	31.529	35.527	113.443
P31937_PF03446_42_200	2I9P_B	CTR_0	-20.124	72.1	57.093
P31939_PF02142_16_130	5UZ0_A	CTR_0	-15.938	-33.919	1.962
P32238_PF00001_58_370	7XOV_R	CTR_0	89.915	111.575	71.22
P32245_PF00001_61_302	7F58_R	CTR_0	95.61	106.771	73.681
P32247_PF00001_64_328	8Y53_R	CTR_0	107.654	88.452	69.567
P32249_PF00001_48_308	7TUZ_R	CTR_0	107.467	142.945	141.254
P32249_PF00001_48_308	7TUZ_R	CTR_1	114.563	141.564	141.183
P32297_PF02931_35_240	6PV7_D	CTR_0	189.766	159.522	176.958
P32298_PF00069_189_447	4YHJ_B	CTR_0	17.973	31.606	76.2
P32320_PF00383_15_116	1MQ0_B	CTR_0	37.394	83.752	118.983
P32322_PF03807_3_98	8TD2_D	CTR_0	34.267	152.78	-11.094
P32418_PF01699_81_250	8SGI_A	CTR_0	140.569	145.447	155.586
P32455_PF02263_19_282	1F5N_A	CTR_0	76.587	-14.928	33.083
P32455_PF02841_284_580	6K1Z_A	CTR_0	8.617	-24.082	-20.501
P32456_PF02263_19_280	6VKJ_A	CTR_0	20.639	22.203	-27.9
P32929_PF01053_19_395	3COG_C	CTR_0	-39.736	14.984	-54.97
P33176_PF00225_14_325	1BG2_A	CTR_0	12.951	12.053	45.401
P33261_PF00067_30_487	4GQS_B	CTR_0	-102.818	-27.67	-64.279
P33261_PF00067_30_487	4GQS_B	CTR_1	-97.157	-31.787	-66.062
P33897_PF06472_78_352	7X07_A	CTR_0	175.386	163.557	138.375
P33981_PF00069_525_791	7LQD_A	CTR_0	70.012	66.699	44.538
P33981_PF00069_525_791	7LQD_A	CTR_1	76.716	69.227	36.664
P33981_PF00069_525_791	7LQD_A	CTR_2	48.036	74.091	39.107
P33981_PF00069_525_791	7LQD_A	CTR_3	68.097	80.238	49.068
P33981_PF00069_525_791	7LQD_A	CTR_4	58.899	72.757	20.645
P33981_PF00069_525_791	7LQD_A	CTR_5	52.517	55.822	40.73
P33981_PF00069_525_791	7LQD_A	CTR_6	72.407	62.767	34.103
P33991_PF00493_446_669	7W1Y_C	CTR_0	177.872	202.335	297.285
P33992_PF00493_319_540	7W1Y_D	CTR_0	251.649	212.774	294.023
P33993_PF00493_322_541	7W1Y_F	CTR_0	200.49	174.18	290.654
P34059_PF00884_31_354	4FDJ_A	CTR_0	0.22	0.757	1.768
P34096_PF00074_33_146	2RNF_B	CTR_0	-3.069	26.688	13.259
P34896_PF00464_26_425	1BJ4_A	CTR_0	59.179	54.391	184.08
P34897_PF00464_49_448	8AQL_D	CTR_0	2.498	89.732	40.822
P34897_PF00464_49_448	8AQL_D	CTR_1	12.539	87.754	35.84
P34913_PF00561_259_531	8QZD_A	CTR_0	-12.792	15.94	-25.463
P34913_PF00702_4_197	5ALU_A	CTR_0	-19.727	-62.541	-10.694
P34913_PF00702_4_197	5ALU_A	CTR_1	-17.994	-60.733	-5.415
P34947_PF00069_187_448	4TND_A	CTR_0	28.873	-35.797	26.868
P34972_PF00001_50_299	8GUR_R	CTR_0	136.839	144.056	170.294
P34995_PF00001_67_351	9M1H_A	CTR_0	122.769	124.86	155.545
P34998_PF00002_118_359	8GTI_A	CTR_0	21.996	6.733	4.645
P35030_PF00089_81_296	5TP0_A	CTR_0	3.317	-3.726	-10.042
P35228_PF00258_541_672	3HR4_E	CTR_0	-12.789	36.34	-0.471
P35228_PF02898_137_497	3E7G_B	CTR_0	90.041	17.447	74.703
P35228_PF02898_137_497	3E7G_B	CTR_1	91.904	23.145	77.712
P35270_PF00106_9_211	6I6V_A	CTR_0	22.919	-0.411	24.216
P35270_PF00106_9_211	6I6V_A	CTR_1	25.463	-11.101	18.043
P35270_PF00106_9_211	6I6V_A	CTR_2	3.484	9.773	27.348
P35354_PF03098_207_513	5IKR_B	CTR_0	40.65	38.742	86.936
P35372_PF00001_87_338	8EFO_M	CTR_0	150.383	154.513	168.497
P35372_PF00001_87_338	8EFO_M	CTR_1	163.685	163.016	165.211
P35398_PF00104_327_492	1N83_A	CTR_0	21.658	25.177	17.827
P35408_PF00001_34_329	8GCP_R	CTR_0	112.78	94.112	116.731
P35414_PF00001_45_309	8XZI_R	CTR_0	87.667	124.768	111.549
P35475_PF01229_30_525	6I6R_B	CTR_0	-63.121	-15.032	-2.421
P35520_PF00291_81_376	4COO_B	CTR_0	6.399	18.302	-61.051
P35557_PF00349_16_215	3F9M_A	CTR_0	-8.179	3.33	19.995
P35557_PF03727_222_455	3FGU_A	CTR_0	-26.531	-0.761	1.51
P35558_PF00821_260_618	1KHB_A	CTR_0	39.323	37.312	34.194
P35558_PF00821_260_618	1KHB_A	CTR_1	37.014	44.064	33.683
P35575_PF01569_59_199	9J7U_A	CTR_0	128.964	145.602	141.623
P35609_PF00307_152_257	4D1E_A	CTR_0	-20.698	255.851	-170.113
P35609_PF00307_39_142	4D1E_A	CTR_0	-34.755	229.101	-184.01
P35609_PF00307_39_142	4D1E_A	CTR_1	-46.602	228.391	-181.792
P35609_PF00307_39_142	4D1E_A	CTR_2	-42.027	220.533	-174.564
P35609_PF00435_282_390	4D1E_A	CTR_0	-7.28	164.787	-129.499
P35609_PF00435_282_390	4D1E_A	CTR_1	-14.505	179.911	-133.943
P35610_PF03062_171_520	6P2J_A	CTR_0	91.008	154.28	148.42
P35610_PF03062_171_520	6P2J_A	CTR_1	98.547	157.951	151.735
P35610_PF03062_171_520	6P2J_A	CTR_2	101.011	164.713	141.284
P35610_PF03062_171_520	6P2J_A	CTR_3	80.066	165.99	134.449
P35670_PF00702_1021_1279	8IOY_A	CTR_0	56.42	133.762	121.59
P35749_PF00063_87_771	9FU2_A	CTR_0	-16.809	35.055	7.404
P35749_PF00063_87_771	9FU2_A	CTR_1	-3.955	45.599	-3.771
P35790_PF01633_114_449	5FTG_A	CTR_0	-16.866	8.323	4.684
P35790_PF01633_114_449	5FTG_A	CTR_1	-14.832	16.596	-5.148
P35790_PF01633_114_449	5FTG_A	CTR_2	-28.925	17.53	4.189
P35790_PF01633_114_449	5FTG_A	CTR_3	-22.384	-2.941	3.871
P35869_PF08447_300_382	8QMO_D	CTR_0	130.437	144.71	138.698
P35914_PF00682_32_306	3MP5_B	CTR_0	20.479	-13.615	-5.057
P35968_PF07714_834_1160	2XIR_A	CTR_0	21.369	24.72	38.134
P36021_PF07690_140_440	8ZKO_A	CTR_0	164.36	136.875	134.496
P36222_PF00704_23_357	8R4X_A	CTR_0	-28.587	-23.457	36.633
P36404_PF00025_4_175	3DOE_A	CTR_0	28.094	-22.084	29.815
P36507_PF00069_72_369	1S9I_B	CTR_0	24.848	119.072	51.798
P36507_PF00069_72_369	1S9I_B	CTR_1	25.729	118.07	42.388
P36544_PF02931_27_230	8CI1_C	CTR_0	137.982	105.087	124.767
P36639_PF00293_7_126	5WS7_B	CTR_0	18.462	14.285	-13.228
P36639_PF00293_7_126	5WS7_B	CTR_1	9.85	17.192	-12.771
P36776_PF05362_737_947	7KRZ_F	CTR_0	117.926	89.509	77.372
P36873_PF00149_59_251	1IT6_A	CTR_0	36.566	16.579	36.137
P36897_PF00069_208_489	9J9D_A	CTR_0	4.117	7.956	4.734
P36959_PF00478_10_339	2BLE_A	CTR_0	62.64	24.696	13.552
P37023_PF07714_204_488	3MY0_M	CTR_0	49.162	-47.512	14.152
P37173_PF07714_244_537	5QIN_A	CTR_0	15.515	-1.832	7.297
P37173_PF08917_49_157	4XJJ_A	CTR_0	37.236	68.087	3.036
P37231_PF00104_319_485	6MS7_A	CTR_0	48.555	8.612	10.885
P37268_PF00494_48_319	3WEG_A	CTR_0	29.921	20.455	5.685
P38117_PF01012_29_211	1EFV_B	CTR_0	16.405	39.848	48.324
P38435_PF05090_56_315	9BUX_A	CTR_0	105.422	116.829	106.131
P38606_PF00006_230_455	6WLZ_C	CTR_0	188.942	129.549	199.15
P39900_PF00413_109_263	3F17_A	CTR_0	3.197	-6.221	5.557
P40227_PF00118_30_524	7NVL_Z	CTR_0	195.731	191.787	270.856
P40261_PF01234_2_259	9GVW_A	CTR_0	0.262	18.732	38.274
P40261_PF01234_2_259	9GVW_A	CTR_1	8.084	18.306	36.617
P40306_PF00227_37_217	7B12_w	CTR_0	18.256	37.856	-54.444
P40337_PF01847_63_144	9GIO_C	CTR_0	25.457	13.239	41.486
P40394_PF00107_214_347	1D1T_C	CTR_0	38.671	-6.744	108.25
P40616_PF00025_5_176	1UPT_A	CTR_0	-25.142	-12.352	31.468
P40692_PF13589_29_131	4P7A_A	CTR_0	18.138	-23.14	12.682
P40879_PF00916_73_475	8X1U_B	CTR_0	141.673	136.203	117.805
P40879_PF00916_73_475	8X1U_B	CTR_1	135.999	134.077	105.664
P40879_PF00916_73_475	8X1U_B	CTR_2	141.318	134.586	100.048
P40879_PF00916_73_475	8X1U_B	CTR_3	133.614	121.856	111.854
P40926_PF00056_26_168	2DFD_A	CTR_0	28.669	144.582	44.526
P40933_PF02372_33_160	4GS7_A	CTR_0	26.536	-13.49	-12.966
P41091_PF00009_41_244	8PPL_It	CTR_0	270.371	228.477	267.225
P41143_PF00001_66_318	9CGK_A	CTR_0	124.94	130.216	94.065
P41143_PF00001_66_318	9CGK_A	CTR_1	126.99	133.483	117.846
P41145_PF00001_76_330	8DZP_A	CTR_0	129.604	120.65	93.414
P41180_PF00003_606_856	8SZH_B	CTR_0	204.6	184.843	204.996
P41180_PF00003_606_856	8SZH_B	CTR_1	210.511	184.999	200.17
P41180_PF01094_70_495	5K5T_A	CTR_0	5.533	-16.416	-44.757
P41180_PF01094_70_495	5K5T_A	CTR_1	-5.044	-31.854	-45.997
P41182_PF00651_22_128	7RV1_A	CTR_0	-11.276	-1.188	11.857
P41222_PF00061_41_184	4ORR_A	CTR_0	-12.431	-0.578	32.059
P41227_PF00583_19_124	6PPL_C	CTR_0	-13.451	-6.107	15.441
P41229_PF02373_501_617	5FWJ_A	CTR_0	20.249	62.096	-4.714
P41231_PF00001_51_306	9K20_A	CTR_0	143.053	153.974	182.374
P41235_PF00104_175_361	8C1L_A	CTR_0	12.941	16.69	19.407
P41240_PF07714_195_440	1BYG_A	CTR_0	28.36	44.901	12.635
P41279_PF00069_145_386	4Y85_C	CTR_0	19.463	12.576	231.778
P41440_PF01770_24_433	8GOF_A	CTR_0	157.298	166.987	152.365
P41440_PF01770_24_433	8GOF_A	CTR_1	162.887	162.168	164.275
P41594_PF00003_573_821	8X0B_A	CTR_0	203.285	212.026	229.91
P41594_PF01094_69_472	7FD9_B	CTR_0	123.494	114.53	190.447
P41595_PF00001_71_380	7SRS_R	CTR_0	155.313	154.282	143.445
P41743_PF00069_255_521	5LI9_A	CTR_0	-5.258	7.963	-8.223
P42126_PF00378_54_298	1SG4_B	CTR_0	24.648	-40.654	10.047
P42330_PF00248_19_300	1S1P_A	CTR_0	28.858	-29.887	51.77
P42330_PF00248_19_300	1S1P_A	CTR_1	24.193	-26.332	62.766
P42336_PF00454_798_1015	4JPS_A	CTR_0	-1.913	-9.133	17.929
P42336_PF00454_798_1015	4JPS_A	CTR_1	-20.431	-12.317	28.633
P42336_PF00454_798_1015	4JPS_A	CTR_2	-23.347	-3.086	14.158
P42336_PF00794_174_291	9B4U_B	CTR_0	-21.797	-8.111	0.793
P42345_PF00454_2182_2430	3JBZ_A	CTR_0	-5.104	-38.146	-40.839
P42568_PF03366_28_107	8PJ7_A	CTR_0	15.002	1.168	-15.994
P42574_PF00656_45_274	1NMS_B	CTR_0	20.886	4.175	-6.102
P42684_PF07714_288_538	3HMI_A	CTR_0	-31.465	8.011	-14.646
P42684_PF07714_288_538	3HMI_A	CTR_1	-28.034	9.289	-7.101
P42684_PF07714_288_538	3HMI_A	CTR_2	-14.402	22.044	-28.471
P42768_PF00786_237_294	1T84_A	CTR_0	-4.603	8.413	-1.592
P42898_PF02219_48_337	6FCX_A	CTR_0	3.702	34.983	-35.823
P42898_PF21895_344_644	6FCX_B	CTR_0	-47.122	-7.916	-28.048
P42898_PF21895_344_644	6FCX_B	CTR_1	-40.545	-7.417	-17.446
P43004_PF00375_46_495	9JVV_C	CTR_0	126.359	120.881	150.542
P43004_PF00375_46_495	9JVV_C	CTR_1	106.986	100.959	145.929
P43004_PF00375_46_495	9JVV_C	CTR_2	112.49	120.454	143.566
P43004_PF00375_46_495	9JVV_C	CTR_3	104.924	124.338	141.442
P43004_PF00375_46_495	9JVV_C	CTR_4	108.824	127.352	145.215
P43005_PF00375_22_464	6S3Q_B	CTR_0	133.66	105.477	98.496
P43088_PF00001_44_304	8XJK_R	CTR_0	98.288	123.591	121.229
P43115_PF00001_65_346	8GDC_R	CTR_0	100.626	90.413	109.434
P43116_PF00001_65_314	7CX3_R	CTR_0	84.128	114.769	120.819
P43119_PF00001_30_291	8X79_R	CTR_0	99.941	119.326	88.012
P43155_PF00755_38_609	1S5O_A	CTR_0	44.105	28.18	9.794
P43166_PF00194_14_262	7P1A_A	CTR_0	18.28	24.463	4.107
P43220_PF00002_144_398	6X19_R	CTR_0	131.463	111.912	84.943
P43235_PF00112_116_327	4X6H_A	CTR_0	15.29	8.512	-19.309
P43235_PF00112_116_327	4X6H_A	CTR_1	21.688	-15.451	-15.295
P43246_PF00488_666_852	8RB1_A	CTR_0	-0.714	-4.175	-27.819
P43250_PF00069_187_448	2ACX_B	CTR_0	23.317	-2.645	81.531
P43354_PF00104_398_578	5Y41_B	CTR_0	30.424	-63.375	-10.035
P43403_PF07714_342_592	1U59_A	CTR_0	10.912	5.438	52.865
P43405_PF07714_374_623	4YJR_A	CTR_0	35.723	37.57	31.952
P43405_PF07714_374_623	4YJR_A	CTR_1	23.022	16.597	27.479
P43490_PF04095_188_465	8DSC_A	CTR_0	14.502	6.256	1.052
P43652_PF00273_222_394	6FAK_A	CTR_0	-26.238	31.419	-16.861
P43652_PF00273_222_394	6FAK_A	CTR_1	-32.339	30.979	-17.412
P43652_PF00273_31_202	6FAK_A	CTR_0	-61.419	18.836	-12.143
P43657_PF00001_35_291	9ITE_R	CTR_0	147.001	134.328	151.684
P43657_PF00001_35_291	9ITE_R	CTR_1	137.759	121.104	171.12
P43681_PF02931_37_242	8ST4_A	CTR_0	190.744	168.444	193.884
P45452_PF00413_112_267	5B5O_B	CTR_0	-19.252	-13.693	11.627
P45974_PF02148_199_271	7MS6_A	CTR_0	-7.109	26.88	-10.647
P45983_PF00069_26_321	4QTD_A	CTR_0	23.102	9.54	30.859
P45983_PF00069_26_321	4QTD_A	CTR_1	21.314	34.876	14.732
P45983_PF00069_26_321	4QTD_A	CTR_2	24.368	18.441	27.87
P45983_PF00069_26_321	4QTD_A	CTR_3	15.114	-4.472	20.568
P45984_PF00069_26_321	7N8T_A	CTR_0	2.292	4.639	-6.587
P45984_PF00069_26_321	7N8T_A	CTR_1	6.193	-2.167	-9.057
P45984_PF00069_26_321	7N8T_A	CTR_2	-2.536	-14.907	-12.663
P45985_PF00069_104_367	8YP5_A	CTR_0	-22.735	-12.434	10.844
P46089_PF00001_57_297	8WW2_R	CTR_0	145.433	137.753	171.474
P46089_PF00001_57_297	8WW2_R	CTR_1	141.24	136.072	174.28
P46093_PF00001_35_286	9JCO_R	CTR_0	98.668	98.445	84.536
P46093_PF00001_35_286	9JCO_R	CTR_1	90.149	76.259	66.614
P46108_PF00017_13_104	2DVJ_A	CTR_0	341.28	-10.163	-8.901
P46199_PF00009_182_341	8QRN_7	CTR_0	329.867	233.856	204.744
P46597_PF00891_117_327	4A6D_A	CTR_0	-2.366	23.58	40.244
P46597_PF00891_117_327	4A6D_A	CTR_1	2.243	33.215	41.35
P46934_PF00632_1014_1316	5C91_A	CTR_0	-35.876	7.267	-5.133
P46976_PF01501_7_116	3U2U_B	CTR_0	41.558	10.153	47.669
P46977_PF02516_17_417	6S7O_A	CTR_0	160.979	144.691	166.327
P46977_PF02516_17_417	6S7O_A	CTR_1	163.348	148.704	156.49
P47211_PF00001_50_303	7WQ3_R	CTR_0	123.665	126.175	113.534
P47895_PF00171_40_503	7QK9_A	CTR_0	22.137	-23.012	-11.326
P47895_PF00171_40_503	7QK9_A	CTR_1	22.807	-16.336	-30.75
P47898_PF00001_58_338	7UM5_A	CTR_0	121.793	119.631	144.915
P47900_PF00001_68_324	7XXH_R	CTR_0	157.415	111.118	146.108
P47989_PF00941_234_411	2E1Q_C	CTR_0	30.114	27.599	102.063
P47989_PF20256_972_1237	2E1Q_B	CTR_0	84.286	15.842	139.986
P48039_PF00001_44_295	7VGY_A	CTR_0	133.883	139.319	99.764
P48066_PF00209_50_575	9CP4_A	CTR_0	169.254	167.875	157.313
P48067_PF00209_100_634	8WFL_A	CTR_0	113.309	104.543	109.971
P48067_PF00209_100_634	8WFL_A	CTR_1	95.191	98.999	93.899
P48067_PF00209_100_634	8WFL_A	CTR_2	98.593	106.825	107.628
P48067_PF00209_100_634	8WFL_A	CTR_3	103.958	85.416	92.605
P48163_PF03949_270_522	7X12_D	CTR_0	1.922	5.408	-30.373
P48163_PF03949_270_522	7X12_D	CTR_1	0.969	16.105	-37.426
P48443_PF00104_258_442	7A79_B	CTR_0	19.537	19.385	17.31
P48546_PF00002_135_388	7RBT_R	CTR_0	131.202	141.725	109.552
P48637_PF03917_13_472	2HGS_A	CTR_0	55.688	8.052	26.514
P48637_PF03917_13_472	2HGS_A	CTR_1	44.117	7.418	19.869
P48643_PF00118_44_533	7NVL_e	CTR_0	239.979	231.749	161.904
P48651_PF03034_96_372	9B4E_B	CTR_0	120.128	138.29	103.242
P48651_PF03034_96_372	9B4E_B	CTR_1	135.384	147.327	124.495
P48651_PF03034_96_372	9B4E_B	CTR_2	112.552	149.735	111.422
P48651_PF03034_96_372	9B4E_B	CTR_3	112.502	141.326	127.791
P48728_PF01571_38_293	1WSV_B	CTR_0	8.567	16.828	11.59
P48729_PF00069_17_235	6GZD_A	CTR_0	-5.06	-18.435	-8.77
P48730_PF00069_9_226	6RCG_A	CTR_0	-10.935	58.662	21.012
P48735_PF00180_45_437	5I95_A	CTR_0	-15.69	22.489	-22.264
P48735_PF00180_45_437	5I95_A	CTR_1	-35.904	23.297	-23.753
P48736_PF00454_828_1043	3L54_A	CTR_0	23.181	14.657	21.831
P48751_PF00955_681_852	8Y85_A	CTR_0	164.275	127.455	131.984
P48764_PF00999_62_462	7X2U_A	CTR_0	132.398	128.144	126.203
P48775_PF03301_27_372	6PYZ_B	CTR_0	12.817	-58.012	-53.754
P48775_PF03301_27_372	6PYZ_B	CTR_1	5.624	-70.745	-14.758
P49019_PF00001_44_294	8JEI_A	CTR_0	142.041	124.058	93.562
P49137_PF00069_67_325	6T8X_E	CTR_0	-15.221	284.065	418.636
P49137_PF00069_67_325	6T8X_E	CTR_1	-13.567	281.319	396.15
P49189_PF00171_27_483	6VR6_F	CTR_0	9.884	-31.612	18.061
P49238_PF00001_48_293	7XBW_R	CTR_0	143.468	130.945	122.919
P49286_PF00001_57_308	7VH0_A	CTR_0	110.857	98.512	70.788
P49327_PF00698_493_809	2JFK_A	CTR_0	-27.146	-43.123	-72.377
P49327_PF00975_2242_2500	3TJM_A	CTR_0	2.12	64.114	52.644
P49327_PF08659_1886_2064	6NNA_A	CTR_0	-1.36	14.704	-38.399
P49336_PF00069_26_335	5XS2_A	CTR_0	6.28	24.526	-11.538
P49366_PF01916_45_353	6XXJ_B	CTR_0	-8.964	-37.573	-10.079
P49366_PF01916_45_353	6XXJ_B	CTR_1	-21.028	-50.485	-16.515
P49366_PF01916_45_353	6XXJ_B	CTR_2	-10.044	-50.472	-15.393
P49368_PF00118_33_524	7NVL_g	CTR_0	183.381	231.279	265.44
P49411_PF00009_58_251	7O9K_t	CTR_0	277.156	195.393	312.711
P49419_PF00171_64_520	2J6L_F	CTR_0	58.449	88.744	43.955
P49419_PF00171_64_520	2J6L_F	CTR_1	60.206	102.077	42.165
P49419_PF00171_64_520	2J6L_F	CTR_2	37.138	94.825	57.193
P49427_PF00179_15_154	3RZ3_A	CTR_0	-1.485	-37.013	-26.418
P49591_PF00587_259_444	4L87_A	CTR_0	38.335	-44.364	12.256
P49638_PF00650_99_247	1R5L_A	CTR_0	-0.062	61.512	13.895
P49638_PF00650_99_247	1R5L_A	CTR_1	3.916	50.522	10.55
P49642_PF01896_108_335	6R5E_A	CTR_0	24.451	6.378	32.151
P49674_PF00069_9_227	4HNI_B	CTR_0	-31.288	22.017	-16.785
P49682_PF00001_70_318	8XYK_R	CTR_0	131.046	116.945	90.492
P49721_PF00227_5_183	5LE5_J	CTR_0	40.117	187.052	27.194
P49736_PF00493_461_683	7W1Y_A	CTR_0	228.719	241.536	294.865
P49759_PF00069_161_477	6FT8_A	CTR_0	-20.059	20.171	12.358
P49759_PF00069_161_477	6FT8_A	CTR_1	-39.021	23.994	18.859
P49760_PF00069_163_479	6FYL_A	CTR_0	10.821	91.011	36.083
P49761_PF00069_156_472	6FYR_A	CTR_0	-7.465	10.328	35.373
P49761_PF00069_156_472	6FYR_A	CTR_1	-3.076	4.891	33.92
P49773_PF01230_24_120	6YQM_AAA	CTR_0	6.576	5.973	3.436
P49789_PF01230_11_104	5FIT_A	CTR_0	8.341	22.19	24.955
P49789_PF01230_11_104	5FIT_A	CTR_1	9.63	15.583	24.896
P49821_PF01512_80_249	5XTI_A	CTR_0	303.561	372.262	350.045
P49840_PF00069_119_403	7SXF_A	CTR_0	-15.906	-13.218	14.589
P49841_PF00069_56_340	1J1B_B	CTR_0	38.865	-6.965	-34.539
P49841_PF00069_56_340	1J1B_B	CTR_1	24.422	-16.679	-25.89
P49862_PF00089_30_245	2QXI_A	CTR_0	-2.533	4.636	14.867
P49862_PF00089_30_245	2QXI_A	CTR_1	3.74	7.256	-0.059
P49888_PF00685_37_286	1G3M_A	CTR_0	2.342	-12.846	39.367
P49888_PF00685_37_286	1G3M_A	CTR_1	-9.138	-13.769	31.783
P49902_PF05761_35_488	2JC9_A	CTR_0	-2.534	19.012	60.486
P49902_PF05761_35_488	2JC9_A	CTR_1	2.729	15.452	41.748
P49902_PF05761_35_488	2JC9_A	CTR_2	-22.8	32.047	50.328
P49902_PF05761_35_488	2JC9_A	CTR_3	6.831	32.333	36.937
P49914_PF01812_10_198	3HY3_A	CTR_0	6.467	15.25	-10.378
P49914_PF01812_10_198	3HY3_A	CTR_1	-1.504	14.369	-4.782
P49916_PF01068_483_677	3L2P_A	CTR_0	6.656	31.496	53.486
P49917_PF01068_248_451	3W1B_A	CTR_0	-22.153	31.096	23.296
P50053_PF00294_4_289	9FHD_B	CTR_0	-25.399	22.043	53.845
P50120_PF00061_6_133	4QYN_B	CTR_0	21.383	-3.469	29.416
P50135_PF13489_32_216	2AOT_A	CTR_0	52.407	-11.685	29.527
P50135_PF13489_32_216	2AOT_A	CTR_1	46.149	-5.738	35.459
P50135_PF13489_32_216	2AOT_A	CTR_2	51.253	-22.458	28.954
P50148_PF00503_20_348	8IYS_A	CTR_0	124.42	168.652	167.956
P50213_PF00180_33_358	5YVT_A	CTR_0	46.997	-19.261	34.449
P50225_PF00685_38_287	1LS6_A	CTR_0	20.177	114.907	64.406
P50225_PF00685_38_287	1LS6_A	CTR_1	17.766	105.013	56.953
P50225_PF00685_38_287	1LS6_A	CTR_2	24.624	103.443	51.749
P50226_PF00685_38_287	1Z29_A	CTR_0	9.281	2.003	22.319
P50336_PF01593_12_471	3NKS_A	CTR_0	-27.853	-1.537	30.615
P50336_PF01593_12_471	3NKS_A	CTR_1	-29.611	3.375	45.365
P50406_PF00001_44_320	7YS6_A	CTR_0	115.436	176.671	137.631
P50479_PF00595_8_80	2V1W_B	CTR_0	16.051	33.298	41.776
P50579_PF00557_169_372	5D6E_A	CTR_0	27.339	19.56	18.34
P50583_PF00293_20_129	1XSC_A	CTR_0	-2.059	-11.257	-24.115
P50613_PF00069_12_295	8P6X_J	CTR_0	156.818	137.504	126.807
P50750_PF00069_19_315	3MY1_A	CTR_0	54.154	-16.724	-13.056
P50990_PF00118_39_529	7NVL_q	CTR_0	264.386	230.755	240.824
P50991_PF00118_44_538	7NVL_D	CTR_0	263.095	193.221	184.828
P51148_PF00071_23_182	4KYI_F	CTR_0	-64.818	60.469	9.77
P51149_PF00071_10_174	1T91_C	CTR_0	13.725	7.558	39.77
P51151_PF00071_9_173	1WMS_A	CTR_0	-1.291	20.591	7.704
P51157_PF00071_14_177	2HXS_A	CTR_0	19.965	21.235	10.746
P51159_PF00071_11_182	6HUF_I	CTR_0	94.52	49.238	48.009
P51160_PF00233_561_803	9CXG_A	CTR_0	152.03	153.162	108.445
P51160_PF01590_77_223	9CXG_A	CTR_0	106.68	125.306	192.462
P51161_PF14651_1_128	5L8I_B	CTR_0	67.104	-6.618	81.424
P51161_PF14651_1_128	5L8I_B	CTR_1	64.279	1.975	76.006
P51161_PF14651_1_128	5L8I_B	CTR_2	71.485	0.158	73.429
P51398_PF10236_99_393	7QI4_AX	CTR_0	142.171	174.668	148.494
P51398_PF10236_99_393	7QI4_AX	CTR_1	175.384	168.559	135.229
P51449_PF00104_321_486	7NPC_A	CTR_0	-4.064	-34.834	-6.294
P51449_PF00104_321_486	7NPC_A	CTR_1	-1.589	-43.785	-14.865
P51449_PF00104_321_486	7NPC_A	CTR_2	-0.175	-44.826	9.941
P51452_PF00782_37_175	8TK2_A	CTR_0	10.917	6.104	-1.783
P51512_PF00413_126_291	1RM8_A	CTR_0	0.524	2.935	48.016
P51531_PF00176_727_1021	9AYQ_B	CTR_0	34.104	16.956	11.297
P51531_PF00176_727_1021	9AYQ_B	CTR_1	16.804	6.618	19.818
P51531_PF00439_1419_1491	6HAZ_A	CTR_0	3.974	-7.308	1.115
P51532_PF00176_757_1051	7VDV_A	CTR_0	125.002	204.539	241.537
P51532_PF00439_1478_1549	7TAB_A	CTR_0	-9.491	-1.247	23.464
P51553_PF00180_56_379	6L59_B	CTR_0	-41.449	24.747	-1.455
P51570_PF00288_108_194	7RCM_A	CTR_0	21.614	-36.607	-9.173
P51580_PF05724_25_245	2BZG_A	CTR_0	19.89	10.429	14.022
P51582_PF00001_56_306	9K0K_I	CTR_0	121.323	128.841	78.466
P51617_PF00069_214_514	6BFN_B	CTR_0	-40.149	10.141	28.156
P51649_PF00171_71_530	2W8R_A	CTR_0	32.383	-50.217	-61.467
P51659_PF00106_10_196	1ZBQ_E	CTR_0	22.967	-6.497	9.272
P51659_PF02036_628_731	8AF3_A	CTR_0	30.723	35.064	16.177
P51685_PF00001_52_300	8KFX_R	CTR_0	124.968	130.638	165.959
P51686_PF00001_65_317	5LWE_A	CTR_0	173.223	76.518	53.711
P51686_PF00001_65_317	5LWE_A	CTR_1	168.346	71.68	39.107
P51687_PF00173_86_160	1MJ4_A	CTR_0	26.667	1.811	7.277
P51688_PF00884_23_327	4MIV_G	CTR_0	42.851	58.697	47.658
P51788_PF00654_146_546	8TA2_A	CTR_0	113.709	116.48	138.441
P51798_PF00654_187_594	7JM7_A	CTR_0	156.329	116.573	118.265
P51812_PF00069_422_679	4D9T_A	CTR_0	-30.173	12.466	-21.795
P51812_PF00069_68_327	4NW6_A	CTR_0	-14.754	2.211	-23.384
P51813_PF07714_417_665	8X2A_A	CTR_0	21.264	20.54	18.378
P51857_PF00248_21_303	3BUV_A	CTR_0	5.617	-15.912	2.749
P51857_PF00248_21_303	3BUV_A	CTR_1	15.159	-16.462	-4.29
P51955_PF00069_8_270	2W5A_A	CTR_0	-25.862	9.733	18.933
P52333_PF07714_823_1094	5LWM_A	CTR_0	19.761	26.993	35.59
P52333_PF07714_823_1094	5LWM_A	CTR_1	37.899	25.263	53.154
P52333_PF07714_823_1094	5LWM_A	CTR_2	13.646	20.082	57.815
P52333_PF07714_823_1094	5LWM_A	CTR_3	47.187	14.904	38.67
P52564_PF00069_56_314	8P7J_A	CTR_0	-30.603	9.933	-37.57
P52565_PF02115_13_201	1HH4_D	CTR_0	73.866	30.841	55.127
P52732_PF00225_24_359	6TLE_A	CTR_0	-19.069	-10.363	-9.925
P52732_PF00225_24_359	6TLE_A	CTR_1	-21.416	1.145	-15.957
P52732_PF00225_24_359	6TLE_A	CTR_2	-3.371	-17.407	-17.671
P52732_PF00225_24_359	6TLE_A	CTR_3	-18.446	-4.186	-1.614
P52732_PF00225_24_359	6TLE_A	CTR_4	-20.251	-0.319	-21.715
P52732_PF00225_24_359	6TLE_A	CTR_5	-18.753	-9.406	-31.371
P52788_PF01564_176_364	3C6K_A	CTR_0	6.196	67.247	0.432
P52788_PF01564_176_364	3C6K_A	CTR_1	8.141	56.027	3.133
P52799_PF00812_30_164	4UF7_E	CTR_0	32.377	60.399	-38.748
P52848_PF00685_605_858	1NST_A	CTR_0	-33.033	-8.043	54.568
P52895_PF00248_19_300	4XO6_A	CTR_0	2.755	-0.008	5.002
P52895_PF00248_19_300	4XO6_A	CTR_1	10.721	-3.634	15.022
P53004_PF01408_9_125	2H63_A	CTR_0	6.298	3.121	-24.355
P53041_PF00149_236_429	4ZX2_A	CTR_0	4.021	-1.044	-10.151
P53350_PF00069_53_305	2RKU_A	CTR_0	-45.791	13.577	15.959
P53355_PF00069_13_275	2W4J_A	CTR_0	24.176	29.019	11.342
P53396_PF00285_888_1081	6HXM_A	CTR_0	72.192	16.916	18.668
P53396_PF16114_244_420	6O0H_D	CTR_0	128.453	115.529	88.361
P53396_PF24948_2_233	5TDF_A	CTR_0	11.972	29.079	9.548
P53582_PF00557_137_365	2GZ5_A	CTR_0	25.686	20.585	10.751
P53597_PF02629_53_146	6WCV_A	CTR_0	19.001	6.101	29.018
P53634_PF00112_231_457	3PDF_A	CTR_0	29.507	25.723	19.667
P53667_PF07714_342_602	3S95_A	CTR_0	18.844	7.046	34.842
P53671_PF07714_334_599	7QHG_A	CTR_0	13.424	-10.084	101.012
P53778_PF00069_27_311	1CM8_B	CTR_0	7.362	38.154	47.695
P53779_PF00069_64_359	7ORF_A	CTR_0	62.899	11.047	30.907
P53985_PF07690_27_397	7CKO_A	CTR_0	106.839	107.878	108.242
P53985_PF07690_27_397	7CKO_A	CTR_1	102.936	108.24	113.006
P54219_PF07690_137_431	8TGN_A	CTR_0	149.738	151.255	164.033
P54219_PF07690_308_488	8TGN_A	CTR_0	152.93	151.615	163.413
P54278_PF13589_34_137	7RCI_A	CTR_0	9.293	14.188	-34.031
P54577_PF00579_32_321	1Q11_A	CTR_0	67.184	13.342	24.944
P54577_PF00579_32_321	1Q11_A	CTR_1	62.622	17.994	27.048
P54578_PF00443_105_480	6IIK_A	CTR_0	-18.601	18.047	-4.58
P54646_PF00069_16_268	3AQV_A	CTR_0	-4.492	46.852	10.111
P54687_PF01063_94_343	7NWA_A	CTR_0	-35.209	3.858	19.647
P54687_PF01063_94_343	7NWA_A	CTR_1	-39.632	2.122	12.87
P54753_PF07714_633_892	5L6O_A	CTR_0	14.852	3.162	-6.018
P54760_PF07714_615_874	2VWY_A	CTR_0	10.599	6.066	11.112
P54762_PF07714_619_878	5MJA_B	CTR_0	-37.251	24.313	0.244
P54762_PF07714_619_878	5MJA_B	CTR_1	-34.3	48.216	1.647
P54829_PF00102_324_552	6H8R_A	CTR_0	-5.052	-14.522	25.864
P54829_PF00102_324_552	6H8R_A	CTR_1	-10.711	-17.457	15.462
P54829_PF00102_324_552	6H8R_A	CTR_2	-21.0	5.277	19.521
P54922_PF03747_6_324	6IUX_A	CTR_0	16.798	14.612	9.822
P55011_PF00324_290_792	9C0H_B	CTR_0	189.65	155.448	139.885
P55011_PF03522_801_1212	9C0E_B	CTR_0	133.676	159.602	101.523
P55017_PF00324_141_646	8FHO_B	CTR_0	143.419	139.273	162.613
P55017_PF00324_141_646	8FHO_B	CTR_1	121.374	140.862	167.561
P55017_PF03522_655_790	8FHO_A	CTR_0	101.459	97.58	152.044
P55040_PF00071_77_240	2CJW_A	CTR_0	-9.434	69.615	-0.288
P55042_PF00071_93_252	3Q72_A	CTR_0	-5.57	1.963	-6.165
P55055_PF00104_262_443	6S5K_A	CTR_0	-9.325	-12.959	-15.109
P55072_PF00004_241_370	7R7T_D	CTR_0	162.138	164.877	116.549
P55072_PF00004_514_647	7R7T_B	CTR_0	124.242	165.799	178.678
P55085_PF00001_93_344	9E7R_R	CTR_0	118.735	106.509	166.938
P55157_PF19444_592_884	6I7S_H	CTR_0	-10.561	87.105	14.093
P55157_PF19444_592_884	6I7S_H	CTR_1	-8.705	89.618	22.171
P55196_PF00595_1010_1089	2EXG_A	CTR_0	3.496	5.298	4.836
P55201_PF00439_638_719	5ETB_A	CTR_0	7.777	-10.758	5.642
P55201_PF00855_1087_1196	5C6S_A	CTR_0	-19.618	-3.287	26.217
P55210_PF00656_68_300	5V6Z_B	CTR_0	35.385	-9.985	8.009
P55210_PF00656_68_300	5V6Z_B	CTR_1	42.7	-11.607	9.917
P55212_PF00656_44_286	8F9D_B	CTR_0	-24.729	-46.819	-25.323
P55263_PF00294_45_356	1BX4_A	CTR_0	40.308	14.805	37.298
P55263_PF00294_45_356	1BX4_A	CTR_1	44.257	25.514	50.438
P55263_PF00294_45_356	1BX4_A	CTR_2	38.789	9.319	38.168
P55789_PF04777_104_196	3U5S_A	CTR_0	-6.51	-11.448	-6.588
P55899_PF00129_28_197	6NHA_A	CTR_0	17.431	-10.781	-62.194
P56524_PF00850_675_992	5A2S_B	CTR_0	-28.689	-32.257	-73.689
P56545_PF00389_44_358	8ATI_B	CTR_0	36.234	-0.311	-20.183
P56545_PF02826_141_323	8ATI_C	CTR_0	42.986	39.46	-39.712
P56556_PF13233_32_81	5XTI_E	CTR_0	276.637	302.672	295.539
P56703_PF00110_48_355	6AHY_B	CTR_0	4.393	-9.75	-47.431
P56703_PF00110_48_355	6AHY_B	CTR_1	-3.076	-8.237	-46.507
P56703_PF00110_48_355	6AHY_B	CTR_2	10.27	18.141	-64.545
P56703_PF00110_48_355	6AHY_B	CTR_3	-1.316	-16.652	-29.656
P56703_PF00110_48_355	6AHY_B	CTR_4	13.903	-7.51	-33.448
P56703_PF00110_48_355	6AHY_B	CTR_5	-4.026	6.57	-33.404
P56817_PF00026_75_416	7MYI_A	CTR_0	23.402	56.21	88.501
P57729_PF00071_11_178	6S5H_A	CTR_0	6.345	9.798	0.28
P57735_PF00071_14_173	3TSO_A	CTR_0	-0.515	17.543	14.926
P57772_PF00009_8_211	5IZL_B	CTR_0	7.625	-56.392	18.2
P57789_PF07885_244_323	4BW5_B	CTR_0	31.382	41.2	-10.08
P57789_PF07885_244_323	4BW5_B	CTR_1	20.854	49.392	-19.261
P58004_PF04636_44_479	6N0M_C	CTR_0	-15.786	27.419	94.146
P58743_PF00916_81_475	7LGU_A	CTR_0	93.336	36.033	73.101
P58743_PF00916_81_475	7LGU_A	CTR_1	107.047	43.467	67.863
P58743_PF00916_81_475	7LGU_A	CTR_2	103.508	38.715	80.455
P58743_PF00916_81_475	7LGU_A	CTR_3	87.471	36.121	57.44
P58743_PF00916_81_475	7LGU_A	CTR_4	91.739	58.031	74.084
P59665_PF00323_66_94	9FQB_A	CTR_0	-25.545	6.048	8.713
P59665_PF00323_66_94	9FQB_A	CTR_1	-31.605	8.617	8.328
P60033_PF00335_10_228	5TCX_A	CTR_0	21.424	36.306	21.354
P60568_PF00715_7_150	1M48_B	CTR_0	2.454	-13.276	34.782
P60568_PF00715_7_150	1M48_B	CTR_1	5.438	1.386	28.783
P60709_PF00022_3_375	8OI8_D	CTR_0	136.607	128.827	163.413
P60709_PF00022_3_375	8OI8_D	CTR_1	147.265	137.88	160.998
P60709_PF00022_3_375	8OI8_D	CTR_2	146.669	133.215	153.585
P60763_PF00071_5_176	2QME_A	CTR_0	-10.864	7.651	22.852
P60842_PF00270_57_222	5ZBZ_A	CTR_0	-10.818	-7.612	20.268
P60842_PF00270_57_222	5ZBZ_A	CTR_1	-1.76	8.631	9.284
P60900_PF00227_35_220	5LE5_G	CTR_0	72.905	245.48	4.152
P60953_PF00071_5_174	4JS0_A	CTR_0	6.371	-32.371	8.445
P60953_PF00071_5_174	4JS0_A	CTR_1	-1.826	-28.378	4.202
P61006_PF00071_10_170	4LHW_E	CTR_0	72.892	-9.309	8.783
P61011_PF00448_102_296	6Y32_E	CTR_0	183.713	16.188	24.29
P61018_PF00071_10_170	2O52_B	CTR_0	41.852	-12.247	9.69
P61019_PF00071_8_168	1Z0A_A	CTR_0	61.807	17.948	1.472
P61020_PF00071_22_181	2HEI_A	CTR_0	13.044	25.91	11.215
P61026_PF00071_11_171	9G0C_B	CTR_0	20.355	-5.856	25.255
P61073_PF00001_55_302	8ZPL_R	CTR_0	122.031	137.558	119.881
P61088_PF00179_7_143	4ONM_B	CTR_0	37.968	21.448	23.561
P61106_PF00071_13_173	1Z0F_A	CTR_0	4.633	10.73	6.349
P61158_PF00022_5_238	8P94_A	CTR_0	213.7	242.286	236.726
P61160_PF00022_7_388	8P94_B	CTR_0	247.012	252.652	210.316
P61163_PF00022_9_375	9B85_B	CTR_0	331.305	355.586	268.245
P61204_PF00025_7_176	6II6_D	CTR_0	-0.601	21.606	-17.097
P61224_PF00071_5_166	4HDO_B	CTR_0	29.957	-3.407	24.931
P61586_PF00071_7_178	6V6U_A	CTR_0	-4.679	-1.88	7.138
P61586_PF00071_7_178	6V6U_A	CTR_1	3.191	2.764	-16.568
P61586_PF00071_7_178	6V6U_A	CTR_2	2.116	14.178	14.459
P61586_PF00071_7_178	6V6U_A	CTR_3	1.215	10.753	-8.769
P61586_PF00071_7_178	6V6U_A	CTR_4	15.94	9.304	-5.401
P61586_PF00071_7_178	6V6U_A	CTR_5	4.787	15.466	-12.081
P61587_PF00071_25_193	1M7B_A	CTR_0	29.053	25.308	12.365
P61599_PF00583_16_128	7STX_A	CTR_0	94.818	120.749	128.821
P61619_PF00344_75_458	8DO0_A	CTR_0	141.691	119.613	155.146
P61626_PF00062_19_146	7XF7_A	CTR_0	-1.44	-13.88	25.146
P61626_PF00062_19_146	7XF7_A	CTR_1	9.289	-10.389	16.373
P61769_PF07654_27_106	5C0E_B	CTR_0	16.058	-10.892	20.72
P61916_PF02221_22_147	5KWY_D	CTR_0	6.733	-35.46	26.343
P62070_PF00071_16_176	9B4Q_A	CTR_0	-19.543	22.523	-17.355
P62136_PF00149_59_251	3E7B_A	CTR_0	6.424	36.307	-14.703
P62136_PF00149_59_251	3E7B_A	CTR_1	15.423	22.84	-11.577
P62136_PF00149_59_251	3E7B_A	CTR_2	11.792	33.332	-13.456
P62166_PF13499_99_172	4GUK_A	CTR_0	13.25	11.702	-5.21
P62330_PF00025_2_172	1E0S_A	CTR_0	5.24	14.593	47.375
P62491_PF00071_13_173	1OIX_A	CTR_0	15.426	13.656	8.13
P62508_PF00104_266_440	9KNG_A	CTR_0	-16.524	-3.31	-26.796
P62745_PF00071_7_178	6HXU_A	CTR_0	26.218	-17.048	-11.506
P62820_PF00071_13_173	7EQ2_A	CTR_0	0.92	3.672	12.617
P62826_PF00071_12_168	3GJ0_A	CTR_0	17.466	8.779	-9.197
P62834_PF00071_5_166	4KVG_A	CTR_0	-42.805	-27.089	5.936
P62937_PF00160_7_162	6GJL_A	CTR_0	-1.575	17.07	-5.691
P62942_PF00254_14_105	8CHM_A	CTR_0	-0.07	-14.582	-19.341
P62987_PF00240_3_74	5GOD_D	CTR_0	-4.606	-3.922	-16.863
P62987_PF00240_3_74	5GOD_D	CTR_1	-5.152	0.876	-21.411
P62987_PF00240_3_74	5GOD_D	CTR_2	-16.2	-10.629	-10.628
P62987_PF00240_3_74	5GOD_D	CTR_3	-11.022	-5.644	-6.359
P62987_PF00240_3_74	5GOD_D	CTR_4	-16.407	-3.492	-9.035
P62987_PF00240_3_74	5GOD_D	CTR_5	-14.686	-7.177	0.605
P62993_PF00017_60_135	3IN8_A	CTR_0	-11.777	12.452	0.106
P63000_PF00071_5_176	1MH1_A	CTR_0	0.118	41.687	19.201
P63092_PF00503_21_383	6EG8_J	CTR_0	44.537	-25.52	7.769
P63096_PF00503_14_343	6CRK_A	CTR_0	-70.557	-41.746	-14.114
P63261_PF00022_3_375	8DNF_C	CTR_0	125.385	127.551	101.825
P63261_PF00022_3_375	8DNF_C	CTR_1	111.955	121.566	99.414
P63267_PF00022_4_376	8V2O_C	CTR_0	143.646	152.877	160.213
P63267_PF00022_4_376	8V2O_C	CTR_1	133.386	143.544	157.196
P63279_PF00179_8_151	5F6V_A	CTR_0	12.186	9.432	110.811
P63316_PF13499_94_158	1IH0_A	CTR_0	56.637	6.454	0.547
P63316_PF13499_94_158	1IH0_A	CTR_1	58.926	0.134	5.803
P63316_PF13833_32_84	1LXF_C	CTR_0	90.256	2.003	-0.516
P68032_PF00022_5_377	8GT1_A	CTR_0	7.433	-14.464	-16.639
P68032_PF00022_5_377	8GT1_A	CTR_1	11.315	-25.787	-9.272
P68104_PF00009_5_237	8G60_EF	CTR_0	345.151	246.776	237.846
P68133_PF00022_5_377	9DUV_F	CTR_0	240.091	254.132	310.455
P68133_PF00022_5_377	9DUV_F	CTR_1	232.308	242.605	307.389
P68363_PF00091_3_213	6S8L_A	CTR_0	29.093	-0.119	16.254
P68371_PF00091_3_211	8SH7_B	CTR_0	360.821	364.003	381.342
P68400_PF00069_39_324	8AEC_A	CTR_0	-118.228	-179.082	310.697
P68400_PF00069_39_324	8AEC_A	CTR_1	-114.941	-177.471	310.515
P68400_PF00069_39_324	8AEC_A	CTR_2	-118.597	-179.333	309.882
P68400_PF00069_39_324	8AEC_A	CTR_3	-112.766	-176.25	311.474
P68400_PF00069_39_324	8AEC_A	CTR_4	-120.823	-178.865	310.899
P68400_PF00069_39_324	8AEC_A	CTR_5	-120.927	-181.736	311.392
P68400_PF00069_39_324	8AEC_A	CTR_6	-114.443	-177.169	311.467
P68400_PF00069_39_324	8AEC_A	CTR_7	-121.359	-179.92	310.967
P68400_PF00069_39_324	8AEC_A	CTR_8	-118.861	-178.423	310.518
P68400_PF00069_39_324	8AEC_A	CTR_9	-120.554	-178.611	310.663
P68400_PF00069_39_324	8AEC_A	CTR_10	-106.875	-175.694	312.738
P68400_PF00069_39_324	8AEC_A	CTR_11	-98.617	-198.391	289.214
P68400_PF00069_39_324	8AEC_A	CTR_12	-117.348	-193.743	301.194
P68400_PF00069_39_324	8AEC_A	CTR_13	-89.618	-196.844	290.629
P68400_PF00069_39_324	8AEC_A	CTR_14	-120.35	-181.922	303.313
P68400_PF00069_39_324	8AEC_A	CTR_15	-131.964	-183.876	299.943
P68871_PF00042_27_142	2W72_D	CTR_0	23.902	-7.999	31.569
P68871_PF00042_27_142	2W72_D	CTR_1	25.533	-10.098	22.773
P69891_PF00042_27_142	1I3D_B	CTR_0	10.7	26.069	3.655
P69892_PF00042_27_142	7QU4_H	CTR_0	-21.114	-7.161	19.622
P69905_PF00042_27_137	2W72_C	CTR_0	23.066	5.091	-3.79
P69905_PF00042_27_137	2W72_C	CTR_1	15.085	7.318	12.484
P69905_PF00042_27_137	2W72_C	CTR_2	15.119	7.396	12.578
P69905_PF00042_27_137	2W72_C	CTR_3	22.854	5.005	-3.935
P69905_PF00042_27_137	2W72_C	CTR_4	14.989	7.394	12.471
P69905_PF00042_27_137	2W72_C	CTR_5	23.063	5.087	-3.811
P69905_PF00042_27_137	2W72_C	CTR_6	15.049	7.387	12.518
P69905_PF00042_27_137	2W72_C	CTR_7	22.878	5.077	-3.947
P69905_PF00042_27_137	2W72_C	CTR_8	7.377	9.774	29.111
P69905_PF00042_27_137	2W72_C	CTR_9	33.659	5.22	5.153
P69905_PF00042_27_137	2W72_C	CTR_10	25.206	0.924	-10.516
P78325_PF01421_200_400	4DD8_C	CTR_0	-1.896	14.653	34.959
P78362_PF00069_81_223	7ZKX_A	CTR_0	-23.699	38.08	-13.989
P78368_PF00069_46_262	2C47_A	CTR_0	4.241	36.736	19.524
P78371_PF00118_36_524	7NVL_b	CTR_0	196.599	232.05	156.595
P78383_PF08449_16_311	9I20_A	CTR_0	132.619	130.253	148.608
P78383_PF08449_16_311	9I20_A	CTR_1	126.848	131.601	152.648
P78417_PF13409_31_95	5YVN_A	CTR_0	15.145	-9.021	13.818
P78527_PF00454_3749_4014	7Z87_A	CTR_0	220.795	206.186	292.401
P78536_PF13574_246_461	2DDF_B	CTR_0	49.335	31.014	41.117
P78540_PF00491_25_321	4HZE_C	CTR_0	31.56	44.091	74.873
P80188_PF00061_48_190	6QMU_B	CTR_0	4.411	-6.609	21.633
P80188_PF00061_48_190	6QMU_B	CTR_1	9.688	-8.387	26.796
P80192_PF00069_146_401	3DTC_A	CTR_0	22.448	38.922	31.514
P82980_PF00061_7_131	9BCB_A	CTR_0	11.37	5.733	30.872
P84077_PF00025_6_176	8SDW_A	CTR_0	6.548	-3.191	2.645
P84077_PF00025_6_176	8SDW_A	CTR_1	-10.089	1.94	-5.178
P84085_PF00025_7_176	2B6H_A	CTR_0	9.271	38.376	31.452
P84095_PF00071_5_177	7Y4A_A	CTR_0	17.415	3.906	26.951
P98066_PF00193_36_128	2PF5_D	CTR_0	-13.119	27.559	40.934
P98073_PF00089_785_1014	6ZOV_C	CTR_0	51.989	104.351	110.212
P98073_PF00089_785_1014	6ZOV_C	CTR_1	79.211	105.61	110.641
P98073_PF00431_225_331	8ZI4_A	CTR_0	123.233	104.921	158.4
P98170_PF00653_268_330	5C3K_A	CTR_0	-14.774	-19.091	-5.076
P98194_PF13246_401_550	7YAG_A	CTR_0	95.963	89.004	58.582
P99999_PF00034_4_101	5TY3_B	CTR_0	-4.821	6.022	39.399
Q00169_PF02121_3_251	1UW5_C	CTR_0	3.154	96.504	35.466
Q00532_PF00069_4_287	4AGU_A	CTR_0	36.246	112.03	4.983
Q00534_PF00069_13_300	1XO2_B	CTR_0	-1.118	36.936	138.906
Q00535_PF00069_4_286	4AU8_B	CTR_0	-6.731	27.759	47.947
Q00536_PF00069_165_446	5G6V_B	CTR_0	79.31	27.256	29.162
Q00536_PF00069_165_446	5G6V_B	CTR_1	82.788	29.661	24.009
Q00796_PF00107_183_312	1PL8_B	CTR_0	74.898	69.053	10.636
Q00975_PF00520_482_718	7VFS_A	CTR_0	212.11	223.685	231.938
Q00975_PF00520_95_365	7VFS_A	CTR_0	209.69	182.214	198.435
Q00987_PF02201_34_95	5OC8_A	CTR_0	-8.401	11.652	1.057
Q01064_PF00233_222_449	5UOY_A	CTR_0	-18.861	-21.084	-22.959
Q01415_PF00288_109_196	2A2C_A	CTR_0	50.611	24.608	4.098
Q01433_PF19326_163_806	8HU6_D	CTR_0	92.094	86.643	32.606
Q01433_PF19326_163_806	8HU6_D	CTR_1	100.768	78.883	32.544
Q01469_PF00061_9_133	7G0E_A	CTR_0	-6.995	-13.26	9.242
Q01650_PF13520_51_467	7DSL_B	CTR_0	145.548	138.677	134.806
Q01650_PF13520_51_467	7DSL_B	CTR_1	133.393	127.578	137.174
Q01813_PF00365_27_332	4XZ2_B	CTR_0	-48.969	143.157	106.144
Q01959_PF00209_60_582	9EO4_B	CTR_0	129.836	125.111	126.687
Q01959_PF00209_60_582	9EO4_B	CTR_1	123.333	127.558	129.865
Q01959_PF00209_60_582	9EO4_B	CTR_2	142.15	131.642	129.91
Q01959_PF00209_60_582	9EO4_B	CTR_3	138.523	107.993	127.014
Q01959_PF00209_60_582	9EO4_B	CTR_4	123.388	143.571	115.298
Q01973_PF07714_474_746	6TU9_A	CTR_0	-18.856	13.268	-6.026
Q02083_PF02275_126_255	6DXX_D	CTR_0	47.837	-0.792	-12.452
Q02094_PF00909_15_402	7UZQ_Q	CTR_0	79.617	34.531	44.67
Q02127_PF01180_77_377	4OQV_A	CTR_0	-3.527	-40.565	5.629
Q02127_PF01180_77_377	4OQV_A	CTR_1	8.883	-48.731	4.457
Q02127_PF01180_77_377	4OQV_A	CTR_2	5.061	-35.605	-1.875
Q02127_PF01180_77_377	4OQV_A	CTR_3	0.266	-33.547	26.49
Q02127_PF01180_77_377	4OQV_A	CTR_4	-3.943	-35.456	29.876
Q02153_PF07700_2_166	8HBH_B	CTR_0	129.212	150.368	116.682
Q02153_PF07700_2_166	8HBH_B	CTR_1	134.785	142.74	123.958
Q02218_PF00676_257_581	8I0K_B	CTR_0	101.299	123.195	111.494
Q02224_PF00225_12_327	8HFH_A	CTR_0	30.013	17.975	1.987
Q02224_PF00225_12_327	8HFH_A	CTR_1	36.755	34.034	22.86
Q02643_PF00002_127_372	7CZ5_R	CTR_0	99.578	121.678	112.037
Q02750_PF00069_68_361	7B9L_B	CTR_0	-30.931	7.306	-5.688
Q02750_PF00069_68_361	7B9L_B	CTR_1	-32.122	-1.475	-9.506
Q02750_PF00069_68_361	7B9L_B	CTR_2	-25.553	13.139	-3.629
Q02763_PF07714_824_1091	6MWE_A	CTR_0	-10.097	32.806	114.383
Q02790_PF00254_44_134	4LAY_A	CTR_0	18.823	-13.613	15.422
Q02880_PF02518_101_197	9BQ8_A	CTR_0	-7.415	16.85	0.492
Q03111_PF03366_28_107	8PJI_A	CTR_0	14.237	-2.181	-16.069
Q03111_PF03366_28_107	8PJI_A	CTR_1	14.085	3.368	-11.83
Q03181_PF00104_239_420	5U3Q_B	CTR_0	45.271	-38.968	105.831
Q03431_PF00002_186_455	8JR9_R	CTR_0	118.809	107.305	104.776
Q04759_PF00069_382_634	5F9E_A	CTR_0	25.612	79.09	28.843
Q04771_PF07714_209_494	6SRH_A	CTR_0	-31.796	21.17	15.091
Q04771_PF07714_209_494	6SRH_A	CTR_1	-26.0	31.216	8.263
Q04828_PF00248_19_300	1MRQ_A	CTR_0	8.503	34.234	28.488
Q04828_PF00248_19_300	1MRQ_A	CTR_1	4.927	34.417	17.087
Q04912_PF07714_1084_1338	8ZKD_A	CTR_0	23.524	30.382	-5.571
Q05193_PF00350_34_207	2X2F_D	CTR_0	-15.58	-15.292	60.195
Q05329_PF00282_138_508	2OKK_A	CTR_0	7.278	17.81	-18.372
Q05397_PF07714_422_676	6YQ1_B	CTR_0	31.498	12.904	58.324
Q05397_PF07714_422_676	6YQ1_B	CTR_1	43.375	13.245	52.727
Q05586_PF10613_454_545	9GIF_A	CTR_0	22.078	39.142	42.382
Q05823_PF00069_387_512	4OAU_C	CTR_0	4.645	-40.324	17.499
Q05940_PF07690_127_423	8JSW_A	CTR_0	133.696	138.7	121.61
Q05940_PF07690_301_478	8JSW_A	CTR_0	133.243	137.206	121.477
Q06124_PF00102_273_519	2SHP_A	CTR_0	20.658	-21.983	30.42
Q06187_PF00169_5_133	6TSE_A	CTR_0	4.914	-16.196	17.688
Q06187_PF07714_402_650	5P9J_A	CTR_0	21.447	7.513	2.491
Q06278_PF00941_241_418	7OPN_B	CTR_0	-35.768	-64.997	-95.974
Q06520_PF00685_34_277	1J99_A	CTR_0	1.435	-46.229	36.158
Q06520_PF00685_34_277	1J99_A	CTR_1	10.794	-42.724	26.11
Q06609_PF08423_95_337	8PBC_F	CTR_0	107.908	117.685	149.967
Q07075_PF01433_321_538	4KXB_A	CTR_0	-12.294	39.087	41.702
Q07343_PF00233_405_644	4KP6_A	CTR_0	-41.6	91.311	114.09
Q07817_PF00452_90_188	7JGW_A	CTR_0	-3.097	2.039	22.143
Q07820_PF00452_213_312	6UDV_A	CTR_0	6.619	2.505	99.119
Q07869_PF00104_270_448	6KAX_A	CTR_0	12.031	4.448	-6.334
Q07889_PF00617_783_962	6V9N_B	CTR_0	35.069	29.557	23.991
Q07890_PF00617_781_960	9BVI_A	CTR_0	34.567	13.83	-18.1
Q07890_PF00617_781_960	9BVI_A	CTR_1	8.234	-3.272	-11.46
Q07912_PF07714_127_384	7KP6_A	CTR_0	24.902	28.189	22.996
Q07912_PF07714_127_384	7KP6_A	CTR_1	1.502	35.763	22.118
Q08174_PF00028_175_271	6BX7_A	CTR_0	68.494	-15.675	16.05
Q08211_PF00270_395_547	9MFT_A	CTR_0	17.416	12.913	-63.046
Q08345_PF07714_610_905	5SAW_A	CTR_0	28.955	21.757	13.962
Q08345_PF07714_610_905	5SAW_A	CTR_1	31.488	29.284	10.617
Q08499_PF00233_461_700	1Y2K_B	CTR_0	5.135	35.664	55.832
Q08623_PF13419_12_194	9M7M_A	CTR_0	31.812	16.49	10.033
Q08881_PF07714_363_612	4HCU_A	CTR_0	4.779	4.629	23.7
Q08881_PF07714_363_612	4HCU_A	CTR_1	-6.293	8.834	13.6
Q08AH3_PF00501_77_426	3C5E_A	CTR_0	28.291	-3.221	-16.177
Q08AH3_PF00501_77_426	3C5E_A	CTR_1	24.43	-6.241	-18.415
Q09013_PF00069_71_339	2VD5_B	CTR_0	30.253	-77.766	14.704
Q09328_PF15024_172_726	6YJT_BBB	CTR_0	5.846	30.423	-23.697
Q09328_PF15024_172_726	6YJT_BBB	CTR_1	11.988	33.791	-37.538
Q09472_PF00439_1068_1143	5BT3_A	CTR_0	22.285	3.978	5.406
Q09472_PF08214_1306_1611	3BIY_A	CTR_0	-17.452	15.746	0.141
Q09472_PF08214_1306_1611	3BIY_A	CTR_1	-12.382	31.318	14.556
Q0Z7S8_PF00061_7_131	7FY1_A	CTR_0	-52.468	20.601	0.796
Q10469_PF05060_92_440	5VCM_A	CTR_0	2.38	-27.737	-35.505
Q10471_PF00535_139_318	5AJP_A	CTR_0	5.216	14.648	-9.994
Q10471_PF00652_451_563	5AJO_A	CTR_0	39.747	37.904	-20.085
Q10588_PF02267_41_280	1ISJ_A	CTR_0	13.624	65.056	148.298
Q12756_PF00225_11_354	8UTV_K	CTR_0	219.895	170.187	180.496
Q12791_PF00520_181_396	9JO3_D	CTR_0	136.313	106.501	170.111
Q12791_PF00520_181_396	9JO3_D	CTR_1	131.569	119.31	156.622
Q12797_PF05118_591_745	7BMI_A	CTR_0	58.326	17.413	14.574
Q12830_PF00439_2936_3018	8AG2_A	CTR_0	5.666	-3.966	4.565
Q12852_PF07714_131_363	9CDY_A	CTR_0	5.686	14.857	32.037
Q12866_PF07714_589_853	7AAZ_A	CTR_0	1.817	27.418	-4.407
Q12866_PF07714_589_853	7AAZ_A	CTR_1	-5.724	26.119	5.81
Q12888_PF09038_1483_1604	6VA5_A	CTR_0	-20.629	-15.542	8.173
Q12918_PF00059_113_212	5MGS_B	CTR_0	-3.618	-1.401	115.796
Q12918_PF00059_113_212	5MGS_B	CTR_1	11.744	1.081	113.684
Q13043_PF00069_31_281	8PAV_B	CTR_0	8.028	6.769	-16.715
Q13093_PF03403_49_416	3F97_B	CTR_0	-48.005	5.954	19.282
Q13093_PF03403_49_416	3F97_B	CTR_1	-44.324	13.771	24.897
Q13126_PF01048_11_255	5TC6_A	CTR_0	60.659	15.953	29.07
Q13131_PF00069_29_279	6C9H_A	CTR_0	-19.47	22.932	-24.693
Q13131_PF00069_29_279	6C9H_A	CTR_1	-15.502	18.87	-23.385
Q13133_PF00104_252_430	5HJS_B	CTR_0	47.255	-42.608	27.361
Q13153_PF00069_270_521	3FXZ_A	CTR_0	-11.934	34.238	-15.566
Q13153_PF00069_270_521	3FXZ_A	CTR_1	-20.973	28.42	-7.047
Q13164_PF00069_55_347	5BYZ_A	CTR_0	1.223	-43.056	-10.905
Q13164_PF00069_55_347	5BYZ_A	CTR_1	-4.556	-36.719	-7.49
Q13177_PF00069_249_500	9D51_B	CTR_0	9.8	-11.196	-19.519
Q13188_PF00069_28_278	8A66_A	CTR_0	22.084	12.885	3.501
Q13191_PF02762_256_341	8VW4_B	CTR_0	-30.951	1.948	-3.607
Q13231_PF00704_23_363	5NRA_A	CTR_0	94.646	30.878	22.858
Q13231_PF00704_23_363	5NRA_A	CTR_1	102.487	29.808	29.006
Q13232_PF00334_22_155	8QW3_E	CTR_0	-0.511	14.231	15.062
Q13237_PF00027_187_268	5C8W_B	CTR_0	2.837	-18.634	6.187
Q13237_PF00027_305_390	5JIX_A	CTR_0	-20.266	-2.441	-6.452
Q13255_PF01094_79_486	3KS9_B	CTR_0	-68.85	21.3	20.287
Q13257_PF02301_16_191	2VFX_C	CTR_0	123.008	-9.727	4.438
Q13258_PF00001_59_323	8ZVZ_D	CTR_0	131.266	122.846	116.047
Q13258_PF00001_59_323	8ZVZ_D	CTR_1	145.244	126.48	104.016
Q13283_PF02136_11_133	8V1L_B	CTR_0	-29.219	-18.701	-7.397
Q13285_PF00104_256_438	1ZDT_A	CTR_0	-7.481	10.599	84.444
Q13303_PF00248_52_354	1ZSX_A	CTR_0	7.16	-38.246	23.767
Q13315_PF00454_2715_2961	8OXQ_A	CTR_0	139.358	136.814	214.782
Q13336_PF03253_59_353	6QD5_A	CTR_0	129.771	64.559	10.605
Q13336_PF03253_59_353	6QD5_A	CTR_1	131.18	59.414	-11.507
Q13363_PF00389_38_352	1MX3_A	CTR_0	-1.657	27.039	52.759
Q13363_PF00389_38_352	1MX3_A	CTR_1	4.193	32.155	62.343
Q13363_PF02826_135_317	1MX3_A	CTR_0	-1.555	26.866	53.111
Q13370_PF00233_736_1002	1SO2_D	CTR_0	33.865	36.481	56.366
Q13395_PF00588_1464_1605	2HA8_B	CTR_0	9.558	37.439	18.412
Q13418_PF07714_194_444	3REP_A	CTR_0	-7.266	2.462	11.653
Q13432_PF05351_80_236	9GKG_K	CTR_0	25.42	-4.212	40.734
Q13432_PF05351_80_236	9GKG_K	CTR_1	31.59	-9.576	42.51
Q13451_PF00254_44_135	7AOT_A	CTR_0	7.581	-2.901	-16.012
Q13464_PF00069_76_338	3V8S_C	CTR_0	-78.326	-46.035	-14.14
Q13467_PF01392_33_138	5URY_A	CTR_0	-45.276	61.202	-9.668
Q13467_PF01392_33_138	5URY_A	CTR_1	-40.49	58.456	-13.27
Q13469_PF16179_580_678	8R3F_B	CTR_0	14.493	26.428	20.075
Q13490_PF00653_272_336	4HY4_A	CTR_0	22.56	-10.457	-13.983
Q13509_PF00091_3_211	6S8L_B	CTR_0	1.362	-12.377	46.856
Q13510_PF02275_143_384	6MHM_B	CTR_0	-8.362	1.6	30.008
Q13523_PF00069_688_1003	4IIR_B	CTR_0	-26.904	-28.9	21.473
Q13523_PF00069_688_1003	4IIR_B	CTR_1	-30.444	-23.113	25.511
Q13526_PF00639_59_162	3I6C_B	CTR_0	-6.312	20.785	48.93
Q13535_PF00454_2324_2566	9L40_B	CTR_0	157.987	140.763	222.149
Q13546_PF07714_21_284	9MZY_B	CTR_0	6.849	13.13	27.073
Q13546_PF07714_21_284	9MZY_B	CTR_1	16.094	16.424	16.334
Q13554_PF00069_14_272	3BHH_B	CTR_0	34.533	28.522	-15.677
Q13555_PF00069_14_272	2V7O_A	CTR_0	-16.921	-26.953	-10.729
Q13557_PF00069_14_272	2WEL_A	CTR_0	22.637	-11.842	-2.657
Q13572_PF05770_119_317	2Q7D_B	CTR_0	-21.072	53.273	-5.065
Q13614_PF06602_192_528	1ZSQ_A	CTR_0	34.221	57.697	-54.696
Q13627_PF00069_159_479	6S1H_A	CTR_0	17.206	-55.185	36.28
Q13627_PF00069_159_479	6S1H_A	CTR_1	30.267	-51.65	25.71
Q13627_PF00069_159_479	6S1H_A	CTR_2	-2.027	-51.031	33.156
Q13630_PF01370_10_245	4E5Y_A	CTR_0	-44.248	-32.158	6.475
Q13630_PF01370_10_245	4E5Y_A	CTR_1	-41.838	-33.793	-9.628
Q13636_PF00071_8_167	2FG5_A	CTR_0	19.441	5.707	1.671
Q13637_PF00071_27_192	6FF8_B	CTR_0	3.615	-10.207	14.233
Q13637_PF00071_27_192	6FF8_B	CTR_1	-11.266	-10.408	26.232
Q13686_PF13532_101_344	8K62_A	CTR_0	17.151	-34.81	-1.036
Q13822_PF01663_166_478	4ZG7_A	CTR_0	-6.969	0.921	-39.91
Q13822_PF01663_166_478	4ZG7_A	CTR_1	-15.763	11.158	-35.572
Q13823_PF01926_313_399	8RL2_CB	CTR_0	312.508	242.056	279.989
Q13873_PF00069_205_496	6UNP_A	CTR_0	-5.701	99.52	0.372
Q13882_PF07714_192_441	6CZ4_A	CTR_0	-10.34	20.012	-28.125
Q13882_PF07714_192_441	6CZ4_A	CTR_1	-7.833	14.438	-29.184
Q13936_PF00520_952_1196	8WE8_A	CTR_0	150.466	169.007	150.702
Q13946_PF00233_211_438	1ZKL_A	CTR_0	-0.778	52.515	23.012
Q13976_PF00027_122_203	3OCP_B	CTR_0	0.124	22.925	17.495
Q13976_PF00027_240_325	5L0N_A	CTR_0	6.774	58.724	19.658
Q13976_PF00069_361_619	6BG2_B	CTR_0	15.298	-39.931	19.574
Q14004_PF00069_707_997	5EFQ_A	CTR_0	18.101	-5.894	-23.678
Q14004_PF00069_707_997	5EFQ_A	CTR_1	18.579	-1.415	-28.506
Q14012_PF00069_20_276	4FG8_B	CTR_0	22.054	21.675	-16.274
Q14028_PF00027_982_1067	7RHJ_B	CTR_0	147.047	98.302	160.083
Q14108_PF01130_12_456	4F7B_B	CTR_0	12.151	-59.548	-21.838
Q14141_PF00735_39_307	6UPA_B	CTR_0	-0.481	29.804	-7.857
Q14145_PF00651_67_178	9DU7_A	CTR_0	28.025	40.633	1.099
Q14149_PF13589_30_139	6O1E_A	CTR_0	6.696	169.415	5.329
Q14204_PF12774_1868_2231	8PTK_m	CTR_0	195.729	462.432	372.079
Q14204_PF12775_2561_2737	9DH5_A	CTR_0	249.307	191.32	199.793
Q14204_PF12780_2908_3186	9BLZ_A	CTR_0	118.232	85.212	72.372
Q14289_PF07714_427_679	3FZT_A	CTR_0	-4.459	-2.755	12.312
Q14289_PF07714_427_679	3FZT_A	CTR_1	1.599	-9.227	11.181
Q14332_PF01392_39_144	6C0B_B	CTR_0	50.488	117.544	108.728
Q14376_PF16363_6_332	1I3M_B	CTR_0	34.492	24.563	8.555
Q14376_PF16363_6_332	1I3M_B	CTR_1	29.741	39.327	8.525
Q14416_PF00003_562_813	7MTS_A	CTR_0	196.789	187.241	172.108
Q14416_PF01094_61_458	7EPB_B	CTR_0	160.507	140.563	82.222
Q14416_PF01094_61_458	7EPB_B	CTR_1	158.235	147.033	80.782
Q14432_PF00233_751_1015	7L29_B	CTR_0	-20.65	-2.802	1.491
Q14534_PF08491_277_548	6C6N_A	CTR_0	-20.226	74.286	55.302
Q14541_PF00104_125_312	1LV2_A	CTR_0	56.342	73.246	41.398
Q14562_PF00270_572_721	6HYT_B	CTR_0	4.302	-12.414	123.671
Q14565_PF08423_94_338	7C9C_C	CTR_0	163.033	189.108	188.881
Q14566_PF00493_334_556	7W1Y_E	CTR_0	192.355	236.174	299.691
Q14680_PF00069_11_263	5K00_A	CTR_0	-4.253	-9.716	2.29
Q14703_PF00082_209_464	9CSD_A	CTR_0	111.259	121.134	121.82
Q147X3_PF00583_225_338	7RB3_A	CTR_0	-6.869	26.614	-6.968
Q14807_PF00225_49_368	6NJE_A	CTR_0	22.309	34.451	69.604
Q14832_PF01094_68_472	4XAR_A	CTR_0	52.597	-26.557	10.172
Q14833_PF00003_581_841	8JD6_S	CTR_0	183.053	200.523	189.016
Q14833_PF00003_581_841	8JD6_S	CTR_1	176.581	209.056	178.204
Q14894_PF02423_4_313	2I99_B	CTR_0	-15.694	-24.253	47.004
Q14914_PF00107_153_284	2Y05_B	CTR_0	4.749	28.484	11.635
Q14994_PF00104_159_329	1XVP_D	CTR_0	25.531	54.16	29.509
Q14995_PF00104_403_577	4N73_A	CTR_0	12.257	-16.536	-24.632
Q15019_PF00735_34_312	6UPQ_A	CTR_0	15.346	13.846	14.044
Q15029_PF00009_129_365	8C6J_C	CTR_0	317.543	249.729	337.971
Q15046_PF00152_222_573	6ILD_B	CTR_0	-10.618	5.713	46.016
Q15046_PF00152_222_573	6ILD_B	CTR_1	-6.814	16.644	46.827
Q15047_PF18358_348_397	5KE2_A	CTR_0	17.545	44.62	11.799
Q15059_PF00439_315_402	3S92_A	CTR_0	31.737	24.742	17.287
Q15059_PF00439_46_127	6QJU_A	CTR_0	-2.611	2.479	-1.394
Q15084_PF00085_27_126	3VWW_B	CTR_0	56.186	26.127	28.281
Q15118_PF02518_270_390	9M3O_A	CTR_0	5.337	8.838	-14.461
Q15118_PF10436_56_220	2Q8G_A	CTR_0	-4.942	40.974	8.206
Q15119_PF02518_242_361	5J71_A	CTR_0	14.523	2.284	-36.209
Q15119_PF10436_30_192	9M3U_A	CTR_0	-60.395	16.095	-44.659
Q15119_PF10436_30_192	9M3U_A	CTR_1	-28.082	20.329	-31.874
Q15120_PF02518_238_359	1Y8O_A	CTR_0	-48.129	19.132	69.064
Q15125_PF05241_96_206	8W0R_A	CTR_0	128.715	102.509	107.463
Q15208_PF00069_89_369	6BXI_B	CTR_0	159.641	-13.767	-26.194
Q15257_PF03095_26_351	2HV7_C	CTR_0	10.162	-45.107	-25.103
Q15274_PF01729_114_284	4KWW_E	CTR_0	-44.805	17.916	-19.704
Q15286_PF00071_10_168	6IF3_B	CTR_0	-26.701	18.124	-23.892
Q15303_PF07714_719_973	2R4B_A	CTR_0	-15.26	16.97	-2.016
Q15375_PF07714_633_888	3DKO_A	CTR_0	-19.308	9.669	-10.698
Q15382_PF00071_8_167	6BSX_A	CTR_0	-27.817	-4.682	-34.672
Q15382_PF00071_8_167	6BSX_A	CTR_1	-17.316	-5.957	-49.522
Q15391_PF00001_57_295	9J0F_R	CTR_0	136.76	125.945	100.949
Q15418_PF00069_62_320	2Z7R_A	CTR_0	-0.295	-5.305	24.819
Q15485_PF00147_102_312	2J3O_C	CTR_0	28.453	-4.057	66.952
Q15561_PF17725_222_431	6SEN_B	CTR_0	9.6	46.817	3.849
Q15561_PF17725_222_431	6SEN_B	CTR_1	20.531	59.794	3.765
Q15562_PF17725_227_444	6UYB_A	CTR_0	-33.201	9.511	19.384
Q15562_PF17725_227_444	6UYB_A	CTR_1	-40.429	17.819	7.418
Q15562_PF17725_227_444	6UYB_A	CTR_2	-17.055	16.995	21.376
Q15652_PF02373_2383_2481	2YPD_B	CTR_0	25.041	-7.399	53.307
Q15661_PF00089_31_267	4MPU_A	CTR_0	-20.465	9.362	12.61
Q15661_PF00089_31_267	4MPU_A	CTR_1	-24.539	27.962	10.902
Q15722_PF00001_35_285	7VKT_A	CTR_0	135.077	147.144	108.911
Q15738_PF01073_42_292	6JKH_B	CTR_0	-23.804	13.954	-60.463
Q15743_PF00001_39_286	9BI6_R	CTR_0	134.036	123.872	151.41
Q15758_PF00375_54_483	7BCQ_A	CTR_0	121.669	106.768	105.836
Q15759_PF00069_27_308	3GP0_A	CTR_0	19.881	66.533	24.292
Q15759_PF00069_27_308	3GP0_A	CTR_1	19.174	60.752	23.566
Q15771_PF00071_11_168	2EW1_A	CTR_0	-2.06	-3.357	-2.259
Q15811_PF14604_747_800	6H5T_A	CTR_0	42.01	34.268	55.716
Q15822_PF02931_59_264	5FJV_E	CTR_0	-15.482	0.438	-6.505
Q15825_PF02931_34_239	8ZRN_A	CTR_0	127.762	161.941	93.468
Q15831_PF00069_52_309	2WTK_C	CTR_0	-72.71	44.979	40.287
Q15849_PF03253_581_875	8XD7_B	CTR_0	100.147	121.468	129.674
Q15849_PF03253_581_875	8XD7_B	CTR_1	100.385	124.298	105.53
Q15849_PF03253_581_875	8XD7_B	CTR_2	101.51	115.72	129.419
Q15858_PF00520_1191_1466	8J4F_A	CTR_0	147.98	134.156	135.643
Q15858_PF00520_1515_1770	7W9K_A	CTR_0	210.593	189.133	213.201
Q15858_PF00520_1515_1770	7W9K_A	CTR_1	174.692	222.022	224.322
Q15907_PF00071_13_173	2F9L_A	CTR_0	5.682	2.339	6.694
Q15910_PF00856_623_726	5HYN_A	CTR_0	81.427	-98.844	2.694
Q15910_PF00856_623_726	5HYN_A	CTR_1	76.958	-91.86	5.42
Q16181_PF00735_47_318	6UQQ_A	CTR_0	-6.026	-26.205	-9.965
Q16186_PF04683_23_121	8FTQ_A	CTR_0	23.693	-8.274	34.294
Q16222_PF01704_46_451	1JV1_B	CTR_0	15.148	49.352	24.508
Q16281_PF00027_502_590	8EV8_A	CTR_0	140.271	122.171	181.449
Q16288_PF07714_539_823	6KZD_A	CTR_0	-9.086	-15.726	14.609
Q16394_PF03016_111_395	7SCK_A	CTR_0	132.112	121.318	107.14
Q16512_PF00069_616_874	4OTG_A	CTR_0	-14.657	9.215	-13.696
Q16513_PF00069_661_916	4CRS_A	CTR_0	-11.414	33.31	194.78
Q16539_PF00069_24_308	3ZS5_A	CTR_0	19.65	33.285	16.926
Q16539_PF00069_24_308	3ZS5_A	CTR_1	9.343	32.433	27.514
Q16539_PF00069_24_308	3ZS5_A	CTR_2	19.479	31.697	18.14
Q16539_PF00069_24_308	3ZS5_A	CTR_3	7.754	31.415	23.245
Q16539_PF00069_24_308	3ZS5_A	CTR_4	7.45	31.274	23.264
Q16539_PF00069_24_308	3ZS5_A	CTR_5	8.259	31.056	24.312
Q16539_PF00069_24_308	3ZS5_A	CTR_6	8.61	30.826	23.284
Q16539_PF00069_24_308	3ZS5_A	CTR_7	2.364	27.641	27.489
Q16539_PF00069_24_308	3ZS5_A	CTR_8	6.845	28.99	24.387
Q16539_PF00069_24_308	3ZS5_A	CTR_9	8.665	30.401	23.463
Q16539_PF00069_24_308	3ZS5_A	CTR_10	6.775	29.125	24.335
Q16539_PF00069_24_308	3ZS5_A	CTR_11	7.219	28.924	24.391
Q16539_PF00069_24_308	3ZS5_A	CTR_12	7.069	28.826	24.366
Q16539_PF00069_24_308	3ZS5_A	CTR_13	-5.33	27.765	32.987
Q16539_PF00069_24_308	3ZS5_A	CTR_14	20.698	35.135	15.416
Q16539_PF00069_24_308	3ZS5_A	CTR_15	13.36	27.549	24.709
Q16548_PF00452_37_140	9GIR_A	CTR_0	-0.574	0.41	1.975
Q16555_PF01979_64_453	5LXX_B	CTR_0	-21.965	46.367	18.558
Q16566_PF00069_46_300	2W4O_A	CTR_0	7.257	10.61	15.177
Q16620_PF07714_539_806	4AT5_A	CTR_0	-12.093	28.04	-17.711
Q16637_PF06003_91_144	4QQ6_A	CTR_0	8.875	0.6	3.939
Q16644_PF00069_47_304	7NRB_A	CTR_0	19.634	4.726	14.65
Q16647_PF00067_269_491	3B6H_A	CTR_0	71.062	50.874	44.7
Q16651_PF00089_45_281	3DFL_A	CTR_0	-15.471	8.508	1.329
Q16651_PF00089_45_281	3DFL_A	CTR_1	-11.087	11.092	3.048
Q16654_PF02518_245_365	2ZKJ_B	CTR_0	9.416	10.414	11.791
Q16658_PF06268_21_134	6I16_A	CTR_0	0.604	-1.813	-12.025
Q16658_PF06268_268_377	3P53_A	CTR_0	34.492	-64.946	44.401
Q16659_PF00069_21_316	6YLC_D	CTR_0	17.774	-5.047	-14.827
Q16678_PF00067_51_519	3PM0_A	CTR_0	-19.501	13.944	-16.857
Q16678_PF00067_51_519	3PM0_A	CTR_1	-18.466	21.476	-19.881
Q16696_PF00067_34_490	2PG5_A	CTR_0	55.585	78.543	59.962
Q16696_PF00067_34_490	2PG5_A	CTR_1	52.539	83.5	58.297
Q16696_PF00067_34_490	2PG5_A	CTR_2	50.816	74.766	64.744
Q16698_PF13561_69_302	1W6U_A	CTR_0	28.36	5.142	21.914
Q16740_PF00574_68_246	9DKW_D	CTR_0	147.497	151.941	141.653
Q16740_PF00574_68_246	9DKW_D	CTR_1	157.712	138.989	166.247
Q16769_PF04389_122_352	2AFW_B	CTR_0	-1.239	-14.03	63.578
Q16772_PF02798_6_77	2VCV_O	CTR_0	10.802	-4.696	-4.631
Q16773_PF00155_29_409	4WLH_A	CTR_0	24.132	-7.99	10.384
Q16774_PF00625_5_187	8PTS_A	CTR_0	25.406	46.732	12.922
Q16790_PF00194_148_390	6G9U_D	CTR_0	23.644	-18.833	-85.807
Q16795_PF01370_57_260	5XTI_BJ	CTR_0	267.097	130.524	301.272
Q16798_PF03949_305_557	8EYO_A	CTR_0	57.437	68.708	49.311
Q16816_PF00069_20_288	8Z5R_C	CTR_0	199.141	347.111	219.185
Q16819_PF01400_75_257	7UAF_C	CTR_0	116.535	65.849	75.859
Q16820_PF01400_70_253	7AQ1_B	CTR_0	-36.688	12.509	35.492
Q16831_PF01048_54_304	3EUF_A	CTR_0	59.949	74.146	-9.881
Q16832_PF07714_563_846	6FER_J	CTR_0	34.011	4.87	5.479
Q16836_PF02737_29_214	1F0Y_B	CTR_0	9.598	0.939	-54.696
Q16850_PF00067_71_498	6UEZ_A	CTR_0	-27.594	-35.562	14.804
Q16850_PF00067_71_498	6UEZ_A	CTR_1	-35.397	-39.316	25.555
Q16851_PF01704_56_473	4R7P_A	CTR_0	32.62	-24.095	31.696
Q16853_PF01179_316_716	2C10_B	CTR_0	30.712	42.048	-13.488
Q16854_PF01712_41_275	2OCP_B	CTR_0	32.259	78.255	13.113
Q16873_PF01124_9_123	6R7D_I	CTR_0	-54.642	89.345	66.607
Q16873_PF01124_9_123	6R7D_I	CTR_1	-49.76	84.985	71.206
Q16875_PF01591_26_246	6HVI_A	CTR_0	92.118	48.825	266.804
Q16875_PF01591_26_246	6HVI_A	CTR_1	97.226	49.274	252.983
Q16875_PF01591_26_246	6HVI_A	CTR_2	103.386	50.504	250.952
Q16878_PF05995_1_170	6BPU_A	CTR_0	-47.152	41.485	-5.065
Q16881_PF07992_163_500	3QFA_A	CTR_0	95.734	21.109	-77.216
Q16881_PF07992_163_500	3QFA_A	CTR_1	101.33	20.401	-91.663
Q2M1P5_PF00225_21_349	6MLR_C	CTR_0	54.214	122.233	106.269
Q2M2I8_PF00069_48_307	5TE0_A	CTR_0	-4.733	-29.6	-9.39
Q38SD2_PF08477_640_760	8FAC_A	CTR_0	160.043	180.333	234.447
Q3MIT2_PF21238_289_520	2V9K_A	CTR_0	-27.866	-12.845	36.929
Q460N3_PF00644_504_676	7OTF_A	CTR_0	14.231	15.072	10.497
Q460N3_PF01661_322_420	3V2B_A	CTR_0	10.409	22.366	-3.964
Q460N5_PF00644_1628_1747	3SMJ_A	CTR_0	21.538	-9.77	-13.071
Q460N5_PF01661_1043_1146	5O2D_A	CTR_0	29.925	-22.439	-20.753
Q460N5_PF01661_1043_1146	5O2D_A	CTR_1	22.146	-21.079	-22.961
Q460N5_PF01661_1245_1346	4ABK_A	CTR_0	6.428	18.299	-21.638
Q460N5_PF01661_820_936	4D86_A	CTR_0	34.737	5.597	20.081
Q49A26_PF03446_269_428	2UYY_A	CTR_0	32.812	32.983	-4.295
Q4FZB7_PF00856_209_308	8T68_A	CTR_0	16.109	13.306	3.321
Q4U2R8_PF00083_136_512	9U55_A	CTR_0	115.58	117.229	121.721
Q53GL7_PF00644_829_952	5LX6_A	CTR_0	43.984	16.484	79.444
Q53H47_PF00856_150_262	3BO5_A	CTR_0	22.584	14.352	19.911
Q53TN4_PF03188_49_185	5ZLE_A	CTR_0	12.519	48.792	9.731
Q53TN4_PF03188_49_185	5ZLE_A	CTR_1	14.292	23.654	13.125
Q58F21_PF00439_276_362	7L99_C	CTR_0	-29.569	16.587	15.856
Q58F21_PF00439_39_120	7UUU_A	CTR_0	-0.846	-10.709	-7.725
Q59H18_PF07714_463_719	4YFI_D	CTR_0	-14.25	-22.165	-28.584
Q5FWF5_PF13880_763_831	4MXE_B	CTR_0	54.456	19.184	28.599
Q5JRX3_PF05193_245_429	4L3T_A	CTR_0	76.021	87.076	16.82
Q5JRX3_PF08367_504_752	4L3T_A	CTR_0	65.188	70.512	2.05
Q5JRX3_PF08367_504_752	4L3T_A	CTR_1	95.299	78.201	18.42
Q5JRX3_PF08367_504_752	4L3T_A	CTR_2	80.049	72.991	12.554
Q5JRX3_PF22516_856_1001	4L3T_A	CTR_0	99.362	57.136	-24.695
Q5JRX3_PF22516_856_1001	4L3T_A	CTR_1	91.603	56.405	-17.889
Q5JRX3_PF22516_856_1001	4L3T_A	CTR_2	83.859	60.389	-16.028
Q5JUK3_PF07885_260_327	8HKQ_D	CTR_0	132.543	123.726	162.465
Q5NUL3_PF00001_58_321	8ID6_R	CTR_0	96.856	125.753	118.519
Q5S007_PF00069_1884_2129	8TZG_A	CTR_0	190.028	174.787	142.773
Q5S007_PF00069_1884_2129	8TZG_A	CTR_1	193.572	177.729	148.717
Q5S007_PF00069_1884_2129	8TZG_A	CTR_2	184.83	177.853	143.526
Q5S007_PF08477_1336_1455	7LI4_A	CTR_0	188.412	212.992	134.431
Q5SQI0_PF05301_9_190	4B5O_A	CTR_0	34.213	3.934	23.406
Q5SRI9_PF16317_98_448	6ZFQ_AAA	CTR_0	1.501	15.627	27.497
Q5SRI9_PF16317_98_448	6ZFQ_AAA	CTR_1	-19.446	11.229	21.178
Q5T280_PF02598_74_364	4RG1_A	CTR_0	18.581	16.888	9.857
Q5T280_PF02598_74_364	4RG1_A	CTR_1	3.943	17.305	33.004
Q5T6V5_PF10343_55_341	7UGK_B	CTR_0	18.888	37.815	13.014
Q5T8I9_PF13489_42_190	5WY0_A	CTR_0	12.132	8.969	-20.452
Q5T9L3_PF06664_227_496	7DRT_B	CTR_0	147.947	135.707	134.094
Q5TA50_PF08718_28_176	4K84_B	CTR_0	2.469	33.721	33.282
Q5TCX8_PF07714_124_398	4UYA_A	CTR_0	25.418	-5.453	14.336
Q5TCY1_PF00069_35_273	4NFN_A	CTR_0	9.474	21.396	24.492
Q5VTE6_PF03372_170_486	6RVZ_A	CTR_0	-40.945	37.957	6.016
Q5VTY9_PF03062_125_441	7Q1U_A	CTR_0	178.789	168.187	186.524
Q5VTY9_PF03062_125_441	7Q1U_A	CTR_1	180.709	182.105	181.318
Q5VTY9_PF03062_125_441	7Q1U_A	CTR_2	168.497	168.578	186.76
Q5VVY1_PF05891_66_277	6DUB_B	CTR_0	33.845	-3.535	171.408
Q5VWZ2_PF02230_12_225	5KRE_A	CTR_0	21.409	43.491	27.343
Q5VZV1_PF10294_80_239	4MTL_B	CTR_0	11.153	14.736	16.462
Q5W0Z9_PF01529_123_245	6BMM_A	CTR_0	-19.782	3.19	-19.871
Q658P3_PF03807_30_117	2VQ3_A	CTR_0	40.907	-24.284	53.096
Q687X5_PF01794_249_394	6HCY_B	CTR_0	142.469	125.828	107.544
Q687X5_PF01794_249_394	6HCY_B	CTR_1	135.227	121.281	131.296
Q687X5_PF03807_21_107	6HCY_B	CTR_0	122.802	91.133	87.511
Q68CP4_PF07786_267_389	8JL3_B	CTR_0	148.467	166.567	179.923
Q68CP4_PF07786_267_389	8JL3_B	CTR_1	147.627	164.702	162.646
Q695T7_PF00209_32_607	8WBY_D	CTR_0	137.028	173.885	138.876
Q6B0I6_PF02373_179_295	6H10_A	CTR_0	-4.202	-10.529	-17.01
Q6B0I6_PF02373_179_295	6H10_A	CTR_1	-19.433	-5.188	-23.887
Q6DD88_PF02263_37_305	5VGR_B	CTR_0	173.749	24.459	30.809
Q6DHV7_PF00962_19_344	8QCH_C	CTR_0	14.014	44.391	-24.361
Q6IA69_PF02540_339_603	6OFB_B	CTR_0	-3.76	62.541	49.675
Q6IMI6_PF00685_46_296	2REO_A	CTR_0	15.426	-25.091	5.082
Q6IQ22_PF00071_45_205	8VH5_D	CTR_0	258.336	217.399	193.164
Q6IQ55_PF00069_22_241	6VRF_B	CTR_0	-21.925	27.451	-19.374
Q6L8Q7_PF03372_299_599	4Z2B_A	CTR_0	-11.332	-11.547	29.722
Q6NVY1_PF16113_47_376	3BPT_A	CTR_0	44.01	0.527	11.641
Q6NYC1_PF02373_174_288	6MEV_A	CTR_0	205.719	28.187	53.791
Q6P179_PF01433_298_502	7PFS_B	CTR_0	16.493	8.702	60.964
Q6P1N9_PF01026_8_293	8EFG_A	CTR_0	-15.836	1.25	-10.081
Q6P4R8_PF14465_379_478	3U21_A	CTR_0	51.848	52.715	45.396
Q6P6C2_PF13532_114_274	4NRQ_A	CTR_0	14.992	5.554	15.233
Q6P988_PF03283_87_450	7BLS_A	CTR_0	2.602	-5.879	6.275
Q6P988_PF03283_87_450	7BLS_A	CTR_1	5.981	18.136	15.894
Q6P988_PF03283_87_450	7BLS_A	CTR_2	6.99	-1.633	15.696
Q6P988_PF03283_87_450	7BLS_A	CTR_3	21.045	-9.91	-3.967
Q6PHR2_PF00069_17_270	6FDY_U	CTR_0	22.473	186.636	-60.01
Q6PHW0_PF00881_98_267	5YAK_C	CTR_0	-18.236	-20.868	-2.912
Q6PL18_PF00439_1004_1066	5R4V_A	CTR_0	26.475	46.479	-10.438
Q6QNK2_PF00002_565_802	8X9T_R	CTR_0	130.694	129.63	95.835
Q6UWP2_PF00106_13_210	1XG5_D	CTR_0	-7.604	53.134	-4.96
Q6UWY2_PF00089_34_258	4Q7Z_A	CTR_0	-16.678	-5.836	-0.603
Q6V1X1_PF00326_687_890	6HP8_A	CTR_0	26.762	262.303	267.029
Q6V1X1_PF00326_687_890	6HP8_A	CTR_1	35.598	260.366	276.116
Q6VAB6_PF07714_666_928	7JUR_B	CTR_0	-67.136	55.755	-5.287
Q6VVX0_PF00067_40_497	3CZH_B	CTR_0	-17.397	28.332	-12.051
Q6VVX0_PF00067_40_497	3CZH_B	CTR_1	-25.032	19.661	-12.856
Q6YN16_PF00106_12_198	3KVO_B	CTR_0	44.156	1.232	72.027
Q6ZMG9_PF03798_131_324	8QZ7_A	CTR_0	130.816	100.225	125.265
Q6ZMG9_PF03798_131_324	8QZ7_A	CTR_1	127.597	97.747	140.656
Q6ZT98_PF03133_90_378	4YLR_A	CTR_0	-27.667	-22.131	-9.102
Q712K3_PF00179_13_153	6NYO_A	CTR_0	98.19	216.906	250.375
Q71U36_PF00091_3_213	8SH7_A	CTR_0	362.625	362.575	339.779
Q7KYR7_PF00622_385_491	8JYC_A	CTR_0	25.615	-8.761	-16.232
Q7KYR7_PF00622_385_491	8JYC_A	CTR_1	37.127	-1.1	-28.527
Q7KZF4_PF00565_220_327	7KNW_A	CTR_0	-54.807	53.916	-47.586
Q7KZI7_PF00069_53_304	5EAK_A	CTR_0	41.744	33.825	0.516
Q7L0J3_PF00083_195_471	8YF1_B	CTR_0	124.728	135.461	145.141
Q7L0J3_PF07690_599_734	8UO9_A	CTR_0	127.874	113.547	115.901
Q7L0Q8_PF00071_51_219	2Q3H_A	CTR_0	11.782	-12.986	17.636
Q7L1I2_PF07690_538_678	8UO8_A	CTR_0	115.863	115.676	124.737
Q7L1T6_PF00173_58_129	3LF5_B	CTR_0	18.585	-10.57	6.523
Q7L1T6_PF00175_395_500	6MV2_A	CTR_0	48.824	3.264	-4.02
Q7L266_PF01112_1_293	3TKJ_B	CTR_0	21.384	-9.333	13.838
Q7L523_PF04670_9_235	6S6D_A	CTR_0	8.288	9.079	13.462
Q7L8A9_PF14822_58_302	6J7B_A	CTR_0	55.021	78.377	29.289
Q7LBC6_PF02373_1599_1704	5RB2_B	CTR_0	0.781	75.865	76.984
Q7RTN6_PF00069_69_379	3GNI_B	CTR_0	1.694	-21.718	-29.993
Q7Z2E3_PF11969_188_292	6CVQ_B	CTR_0	0.569	-14.776	-36.121
Q7Z3B1_PF07679_46_135	6DLD_D	CTR_0	24.603	-52.959	-7.986
Q7Z3C6_PF04109_37_525	6WQZ_A	CTR_0	72.121	124.701	113.82
Q7Z3C6_PF04109_37_525	6WQZ_A	CTR_1	73.473	122.389	103.131
Q7Z3C6_PF04109_37_525	6WQZ_A	CTR_2	93.469	125.8	103.824
Q7Z3F1_PF03547_45_360	8U5Q_C	CTR_0	142.191	171.756	182.375
Q7Z3F1_PF03547_45_360	8U5Q_C	CTR_1	138.133	178.375	182.812
Q7Z3F1_PF03547_45_360	8U5Q_C	CTR_2	159.4	175.639	178.067
Q7Z3F1_PF03547_45_360	8U5Q_C	CTR_3	143.324	168.469	178.583
Q7Z3F1_PF03547_45_360	8U5Q_C	CTR_4	141.747	192.878	186.19
Q7Z4H3_PF13023_24_176	4L1J_B	CTR_0	-21.812	-29.575	26.014
Q7Z4V5_PF00855_8_87	7HGV_A	CTR_0	1.949	-26.182	-5.113
Q7Z4W1_PF13561_14_241	3D3W_B	CTR_0	14.144	10.11	-18.186
Q7Z5P4_PF00106_38_228	8G9V_B	CTR_0	14.383	29.411	13.473
Q7Z624_PF10294_125_276	4PWY_A	CTR_0	8.235	30.219	-4.788
Q7Z6Z7_PF02825_1617_1678	8RD0_D	CTR_0	-43.114	8.013	-35.01
Q86SF2_PF00535_210_395	6IWR_D	CTR_0	73.713	163.594	27.517
Q86SQ9_PF01255_32_251	7PAX_A	CTR_0	28.017	120.273	26.898
Q86SR1_PF00535_148_328	2D7I_A	CTR_0	14.95	45.336	20.917
Q86SX6_PF00462_54_119	2WUL_B	CTR_0	27.597	-0.351	28.489
Q86TI2_PF00326_663_863	6X6C_A	CTR_0	163.974	175.905	177.798
Q86TM3_PF00270_246_416	3IUY_A	CTR_0	-3.562	9.25	30.521
Q86TN4_PF01885_26_203	7YW3_A	CTR_0	-23.681	-21.93	-20.4
Q86TU7_PF00856_105_314	6MBK_B	CTR_0	7.172	-12.308	-52.344
Q86U44_PF05063_389_550	5IL2_A	CTR_0	29.623	21.962	25.559
Q86U86_PF00439_198_274	6ZNV_A	CTR_0	18.999	-2.212	14.399
Q86U86_PF00439_678_749	5FH7_B	CTR_0	9.629	18.717	30.468
Q86UD5_PF00999_136_509	9QUW_B	CTR_0	144.108	149.616	117.693
Q86UE8_PF00069_464_741	5O0Y_A	CTR_0	-14.544	-33.083	22.481
Q86UW9_PF18102_480_614	6Y3J_A	CTR_0	47.238	42.577	35.96
Q86UY6_PF00583_89_188	4U9V_B	CTR_0	19.621	10.814	7.289
Q86V24_PF03006_140_363	6KS1_A	CTR_0	9.684	43.936	28.374
Q86V24_PF03006_140_363	6KS1_A	CTR_1	2.163	59.693	24.728
Q86V24_PF03006_140_363	6KS1_A	CTR_2	21.187	63.968	33.42
Q86V24_PF03006_140_363	6KS1_A	CTR_3	-1.525	37.426	33.532
Q86V25_PF14822_48_291	6J4P_A	CTR_0	-25.977	2.648	-21.1
Q86VU5_PF01596_61_262	2AVD_A	CTR_0	3.841	4.563	19.992
Q86W50_PF05971_1_291	6B92_A	CTR_0	-11.23	10.196	24.198
Q86W56_PF05028_706_908	7KG8_A	CTR_0	27.036	2.085	-0.356
Q86WA6_PF00561_62_190	2OCI_A	CTR_0	-26.109	172.19	-27.065
Q86WJ1_PF00176_49_327	7EPU_B	CTR_0	-21.898	-27.259	41.195
Q86WV6_PF15009_154_337	6XNP_A	CTR_0	16.398	-1.586	-15.562
Q86X55_PF06325_183_257	8G2H_A	CTR_0	23.022	7.208	-6.071
Q86XE5_PF00701_35_318	3S5O_A	CTR_0	21.406	68.799	56.264
Q86Y01_PF02825_107_171	8R6B_A	CTR_0	-0.752	3.366	23.998
Q86Y01_PF02825_26_94	8R6A_B	CTR_0	20.299	2.031	58.422
Q86Y01_PF18102_479_613	6Y5P_A	CTR_0	59.653	38.354	10.446
Q86Y07_PF00069_31_263	8Q1Z_A	CTR_0	9.358	19.186	9.07
Q86Y34_PF00002_268_517	7D77_R	CTR_0	106.992	108.304	98.598
Q86Y34_PF00002_268_517	7D77_R	CTR_1	88.522	123.279	111.666
Q86Y38_PF02485_328_581	6EJ7_A	CTR_0	1.173	28.683	59.82
Q86YS6_PF00071_20_180	2HUP_A	CTR_0	-10.066	9.071	-19.227
Q86YT5_PF00939_14_552	8UVB_B	CTR_0	103.479	93.266	110.727
Q86YV6_PF00069_108_361	2X4F_A	CTR_0	88.782	51.814	30.779
Q8IU60_PF00293_98_210	5QOQ_A	CTR_0	-38.525	20.894	79.258
Q8IU60_PF00293_98_210	5QOQ_A	CTR_1	-53.375	19.927	85.695
Q8IU85_PF00069_23_279	6T29_AAA	CTR_0	-19.433	-13.267	-1.417
Q8IU85_PF00069_23_279	6T29_AAA	CTR_1	-13.434	-20.362	4.271
Q8IU99_PF14798_2_255	8GMP_C	CTR_0	106.917	152.111	138.286
Q8IUN9_PF00059_199_305	6PY1_A	CTR_0	0.322	17.378	-5.433
Q8IV48_PF00929_132_305	1W0H_A	CTR_0	6.018	71.852	36.834
Q8IVH4_PF03308_101_382	8GJU_A	CTR_0	62.298	-148.645	95.148
Q8IVH4_PF03308_101_382	8GJU_A	CTR_1	78.903	-145.3	116.49
Q8IVH8_PF00069_16_273	5J5T_A	CTR_0	18.859	-8.267	12.498
Q8IVS2_PF00698_66_336	2C2N_A	CTR_0	47.002	6.236	35.104
Q8IVT5_PF07714_614_876	7JUW_B	CTR_0	-5.923	63.808	-6.552
Q8IVV7_PF09783_122_289	7U3J_A	CTR_0	11.633	6.511	-5.594
Q8IVW4_PF00069_4_286	3ZDU_A	CTR_0	25.551	18.958	60.874
Q8IVW8_PF07690_108_469	8JHR_A	CTR_0	130.47	130.668	129.694
Q8IWA4_PF00350_78_237	5GOM_A	CTR_0	-19.059	13.674	30.877
Q8IWT1_PF07686_41_145	5XAW_B	CTR_0	34.423	13.13	6.977
Q8IXI2_PF00071_6_166	6D71_B	CTR_0	5.659	-10.698	5.467
Q8IXJ6_PF02146_84_268	9FDR_A	CTR_0	-0.98	13.906	17.679
Q8IXJ6_PF02146_84_268	9FDR_A	CTR_1	0.953	20.99	9.138
Q8IXJ6_PF02146_84_268	9FDR_A	CTR_2	4.853	11.407	7.559
Q8IXK2_PF00535_139_322	6PXU_B	CTR_0	43.273	-24.287	-12.444
Q8IXL7_PF01641_54_168	6Q9V_A	CTR_0	4.505	34.084	8.012
Q8IXL7_PF01641_54_168	6Q9V_A	CTR_1	-7.596	19.264	1.062
Q8IXL7_PF01641_54_168	6Q9V_A	CTR_2	6.557	30.181	18.481
Q8IXQ6_PF01661_136_254	9QYE_A	CTR_0	7.263	24.263	4.606
Q8IXQ6_PF01661_335_445	9QYF_A	CTR_0	-5.666	12.548	4.245
Q8IYK8_PF00071_116_278	3CBQ_A	CTR_0	6.6	27.855	-2.402
Q8IYM1_PF00735_47_319	6MQ9_D	CTR_0	-67.96	-23.065	14.517
Q8IYT8_PF00069_9_271	6QAV_B	CTR_0	-64.605	-24.876	-60.967
Q8IZ41_PF00071_543_709	2P5S_B	CTR_0	-56.549	-1.954	-34.567
Q8IZH2_PF03159_1_227	9E70_A	CTR_0	-18.57	3.577	-17.135
Q8IZK6_PF08016_379_513	9EL0_B	CTR_0	109.694	129.63	105.338
Q8IZT8_PF00685_91_335	3BD9_A	CTR_0	-3.206	13.576	58.119
Q8IZX4_PF00439_1535_1614	5IGL_A	CTR_0	3.123	25.204	27.933
Q8N0X4_PF03328_46_274	5VXC_A	CTR_0	-18.948	26.26	-12.208
Q8N138_PF04061_11_146	7K0M_D	CTR_0	160.363	192.146	189.091
Q8N138_PF04061_11_146	7K0M_D	CTR_1	149.2	183.632	189.223
Q8N159_PF04768_357_519	4K30_B	CTR_0	21.41	138.282	136.689
Q8N1G2_PF01728_233_448	4N49_A	CTR_0	8.889	20.865	16.693
Q8N1Q1_PF00194_12_261	5OGJ_A	CTR_0	-7.412	-0.479	18.205
Q8N335_PF01210_7_174	2PLA_A	CTR_0	58.478	-33.41	20.034
Q8N371_PF13621_194_416	6I9L_A	CTR_0	5.564	-10.517	-24.157
Q8N423_PF13895_28_113	6BCS_A	CTR_0	-35.258	1.405	-8.162
Q8N465_PF01565_101_238	6LPN_B	CTR_0	-8.545	-22.3	60.178
Q8N4A0_PF00535_138_321	6H0B_B	CTR_0	34.941	-35.729	26.932
Q8N4A0_PF00652_445_574	5NQA_A	CTR_0	-7.62	3.76	-25.745
Q8N4J0_PF07942_146_408	5YF0_B	CTR_0	-56.266	21.913	2.286
Q8N4J0_PF07942_146_408	5YF0_B	CTR_1	-50.009	29.637	1.174
Q8N4P3_PF13328_11_136	5VXA_B	CTR_0	7.507	-16.445	-56.608
Q8N4Q0_PF00107_184_319	2C0C_B	CTR_0	34.99	33.462	-34.409
Q8N4T8_PF13561_12_233	4CQM_F	CTR_0	67.335	-2.663	1.008
Q8N543_PF13661_141_238	4NHY_C	CTR_0	-21.598	3.86	-31.233
Q8N5C1_PF14798_1_250	7D60_J	CTR_0	223.525	220.599	182.418
Q8N5S9_PF00069_128_409	6CCF_A	CTR_0	38.093	56.587	57.59
Q8N5Y2_PF22732_11_87	3OB9_A	CTR_0	29.063	-3.041	4.422
Q8N5Y8_PF00644_103_272	6HXS_A	CTR_0	25.797	-39.949	0.404
Q8N5Y8_PF00644_103_272	6HXS_A	CTR_1	20.383	-42.379	-3.438
Q8N5Z0_PF00155_65_416	5TF5_A	CTR_0	93.091	1.241	29.51
Q8N5Z0_PF00155_65_416	5TF5_A	CTR_1	98.616	-17.176	36.899
Q8N697_PF00854_104_512	8JZX_B	CTR_0	128.934	134.722	157.284
Q8N6N7_PF00887_4_78	3EPY_A	CTR_0	72.309	12.909	-12.468
Q8N6R0_PF01564_477_613	5WCJ_A	CTR_0	-6.173	4.13	-29.901
Q8N6T7_PF02146_86_221	6HOY_A	CTR_0	-25.94	24.163	14.924
Q8N6T7_PF02146_86_221	6HOY_A	CTR_1	-28.255	23.605	7.514
Q8N884_PF03281_214_389	9ELX_A	CTR_0	-20.613	14.504	-10.563
Q8N884_PF03281_214_389	9ELX_A	CTR_1	-15.709	9.436	-14.858
Q8N884_PF20266_405_509	7FUO_A	CTR_0	13.381	12.286	21.786
Q8NAT1_PF04577_259_362	6XI2_A	CTR_0	50.042	168.513	58.762
Q8NB16_PF07714_218_466	5KO1_A	CTR_0	-16.329	-10.661	-9.706
Q8NB16_PF22215_4_146	6ZZ1_A	CTR_0	-11.821	-7.069	1.304
Q8NB16_PF22215_4_146	6ZZ1_A	CTR_1	26.453	-15.32	-3.865
Q8NB49_PF13246_465_656	7BSQ_A	CTR_0	95.379	117.031	150.366
Q8NB78_PF01593_393_819	4HSU_A	CTR_0	29.21	-24.983	18.447
Q8NB78_PF01593_393_819	4HSU_A	CTR_1	23.47	-20.057	9.419
Q8NBJ5_PF01755_341_524	9EVJ_A	CTR_0	97.92	16.507	28.439
Q8NBJ5_PF13704_61_175	9EVJ_B	CTR_0	67.962	49.811	97.636
Q8NBL1_PF05686_50_388	5L0V_A	CTR_0	14.766	27.168	11.122
Q8NBN3_PF06814_225_467	8HSI_A	CTR_0	138.477	127.919	131.713
Q8NBN3_PF06814_225_467	8HSI_A	CTR_1	124.892	137.853	115.522
Q8NBN3_PF06814_225_467	8HSI_A	CTR_2	139.933	128.348	122.855
Q8NBP7_PF00082_181_419	6U3X_B	CTR_0	-6.302	24.587	-25.401
Q8NBZ7_PF16363_92_386	2B69_A	CTR_0	41.623	35.328	25.285
Q8NBZ7_PF16363_92_386	2B69_A	CTR_1	51.208	19.107	23.233
Q8NBZ7_PF16363_92_386	2B69_A	CTR_2	31.383	47.925	39.678
Q8NC06_PF00887_13_91	2WH5_A	CTR_0	16.105	82.546	70.492
Q8NCC3_PF02450_72_397	4X91_A	CTR_0	3.554	-18.643	19.985
Q8NCM8_PF12774_1651_1986	4RH7_A	CTR_0	-38.188	381.975	25.789
Q8NCM8_PF12780_2625_2881	4RH7_A	CTR_0	10.446	331.824	45.277
Q8NEB9_PF00454_631_831	7RSP_B	CTR_0	35.316	-2.709	86.07
Q8NER1_PF00520_435_694	8GFA_C	CTR_0	86.462	139.991	86.85
Q8NER1_PF00520_435_694	8GFA_C	CTR_1	94.889	142.591	72.707
Q8NER1_PF00520_435_694	8GFA_C	CTR_2	100.934	126.575	92.08
Q8NET8_PF00520_442_688	8V6K_D	CTR_0	80.404	70.495	119.029
Q8NET8_PF00520_442_688	8V6K_D	CTR_1	95.057	80.64	123.653
Q8NFF5_PF01507_399_553	8ROM_A	CTR_0	-33.943	-15.143	-16.612
Q8NFN8_PF00003_46_311	8YK0_B	CTR_0	120.424	127.127	150.785
Q8NFT2_PF01794_261_404	7TAI_C	CTR_0	143.575	114.645	124.746
Q8NFT2_PF03807_32_119	7TAI_A	CTR_0	122.097	158.88	104.138
Q8NFU1_PF01062_1_324	9DYN_C	CTR_0	169.719	180.793	136.174
Q8NG68_PF03133_85_365	8ASN_I	CTR_0	-57.473	2.513	-11.831
Q8NHV1_PF04548_9_215	3ZJC_C	CTR_0	-20.337	-19.507	-26.785
Q8NI60_PF03109_300_538	7UDQ_B	CTR_0	-18.666	57.882	12.39
Q8NI77_PF00225_17_355	3LRE_B	CTR_0	68.819	82.932	7.052
Q8NI77_PF00225_17_355	3LRE_B	CTR_1	72.814	72.149	8.667
Q8NI99_PF00147_258_467	6Y43_A	CTR_0	26.756	20.769	31.712
Q8TAI7_PF00071_8_168	3OES_A	CTR_0	-19.804	29.111	2.666
Q8TBC4_PF00899_64_365	1R4N_B	CTR_0	54.662	96.535	15.528
Q8TBG4_PF00202_31_433	6TOR_B	CTR_0	-32.021	12.479	1.139
Q8TBK2_PF00856_74_286	3QXY_A	CTR_0	63.058	20.148	9.997
Q8TCB7_PF08242_84_182	7EZG_A	CTR_0	24.146	34.454	54.33
Q8TCD5_PF06941_3_190	2I7D_A	CTR_0	41.805	-28.387	14.558
Q8TCJ2_PF02516_72_471	6S7T_A	CTR_0	159.899	142.866	167.868
Q8TD30_PF00155_111_510	3IHJ_A	CTR_0	-15.105	55.366	12.136
Q8TDQ0_PF07686_25_127	7M3Y_B	CTR_0	15.679	5.32	-23.362
Q8TDQ0_PF07686_25_127	7M3Y_B	CTR_1	15.839	19.517	-0.352
Q8TDS4_PF00001_44_294	8J6P_R	CTR_0	108.159	121.644	106.075
Q8TDS4_PF00001_44_294	8J6P_R	CTR_1	98.548	127.236	124.585
Q8TDS4_PF00001_44_294	8J6P_R	CTR_2	106.241	139.775	117.535
Q8TDS7_PF00001_44_276	9DQJ_A	CTR_0	122.486	136.736	92.975
Q8TDU6_PF00001_32_249	7CFM_R	CTR_0	98.486	119.37	113.564
Q8TDU6_PF00001_32_249	7CFM_R	CTR_1	107.926	105.419	95.659
Q8TDU9_PF00001_56_309	7YK7_R	CTR_0	132.32	146.967	101.788
Q8TDV5_PF00001_22_279	7WCM_R	CTR_0	127.461	119.722	148.33
Q8TDX5_PF04909_3_330	4IH3_E	CTR_0	40.055	17.823	47.38
Q8TDX7_PF00069_34_286	9NFQ_C	CTR_0	-4.841	-3.252	50.567
Q8TDX7_PF00069_34_286	9NFQ_C	CTR_1	-1.795	-4.396	44.871
Q8TE76_PF13589_50_165	7K7T_A	CTR_0	-11.752	-2.382	-28.282
Q8TEA1_PF01189_229_400	9IMB_A	CTR_0	45.99	-25.311	5.183
Q8TEK3_PF08123_115_317	6TE6_B	CTR_0	45.911	-40.657	13.662
Q8TEK3_PF08123_115_317	6TE6_B	CTR_1	41.428	-31.039	20.358
Q8TF76_PF12330_413_781	4QTC_A	CTR_0	65.823	28.971	12.003
Q8TF76_PF12330_413_781	4QTC_A	CTR_1	58.373	34.201	10.955
Q8WTS6_PF00856_227_336	4JDS_B	CTR_0	-27.58	16.644	8.249
Q8WTS6_PF00856_227_336	4JDS_B	CTR_1	-37.654	19.066	13.922
Q8WU08_PF00069_23_280	4FR4_B	CTR_0	-32.029	212.492	-17.596
Q8WUD1_PF00071_8_168	2A5J_A	CTR_0	32.119	-10.725	15.909
Q8WUI4_PF00850_541_859	3C10_A	CTR_0	-4.241	-5.703	10.291
Q8WVM0_PF00398_28_278	6AAX_C	CTR_0	8.993	35.803	-10.54
Q8WWM9_PF00042_44_160	2DC3_B	CTR_0	12.257	22.241	18.94
Q8WWP7_PF04548_28_229	3V70_A	CTR_0	28.11	23.344	113.942
Q8WWQ0_PF00439_1325_1406	5S9G_A	CTR_0	-19.752	14.338	26.466
Q8WWT9_PF00939_11_571	8UVD_A	CTR_0	109.474	122.321	110.004
Q8WWT9_PF00939_11_571	8UVD_A	CTR_1	98.424	134.115	88.133
Q8WXB1_PF10294_27_189	4LEC_B	CTR_0	30.876	-15.644	-19.563
Q8WXF7_PF02263_43_313	7OL3_B	CTR_0	-40.016	-3.63	-34.734
Q8WY91_PF08768_422_574	3IA8_A	CTR_0	28.014	26.714	52.54
Q8WZA1_PF03071_301_560	5GGI_A	CTR_0	22.074	162.203	19.337
Q92506_PF13561_18_259	2PD6_B	CTR_0	-2.469	-13.272	22.135
Q92599_PF00735_41_309	6UPR_B	CTR_0	25.898	1.877	23.661
Q92630_PF00069_222_535	5LXC_A	CTR_0	44.845	12.405	15.679
Q92633_PF00001_67_311	7TD0_R	CTR_0	139.931	132.772	164.692
Q92730_PF00071_15_183	3Q3J_B	CTR_0	9.963	31.494	15.379
Q92731_PF00104_287_480	3OLL_B	CTR_0	-25.865	28.09	-12.649
Q92743_PF13365_204_342	3TJO_B	CTR_0	41.211	-55.095	42.214
Q92769_PF00850_29_319	7KBG_A	CTR_0	71.15	32.377	1.081
Q92769_PF00850_29_319	7KBG_A	CTR_1	63.351	29.307	6.104
Q92769_PF00850_29_319	7KBG_A	CTR_2	64.541	7.567	-0.923
Q92772_PF00069_4_287	4AAA_A	CTR_0	31.991	10.607	76.776
Q92793_PF00439_1104_1178	5I86_B	CTR_0	-53.251	-15.533	15.89
Q92794_PF01853_565_741	9DZN_A	CTR_0	0.48	-0.319	18.573
Q92794_PF01853_565_741	9DZN_A	CTR_1	13.622	10.647	17.432
Q92800_PF00856_624_727	7TD5_F	CTR_0	-0.827	65.858	36.774
Q92830_PF00439_738_818	6J3P_B	CTR_0	-26.63	0.349	-19.922
Q92830_PF00583_535_627	1Z4R_A	CTR_0	-0.858	4.956	-6.556
Q92831_PF00439_733_814	5FE6_A	CTR_0	0.199	9.427	34.066
Q92831_PF00583_531_622	1CM0_A	CTR_0	48.466	22.493	9.551
Q92835_PF22669_409_706	5RW2_A	CTR_0	-37.577	9.405	3.585
Q92835_PF22669_409_706	5RW2_A	CTR_1	-35.564	22.353	-1.024
Q92835_PF22669_409_706	5RW2_A	CTR_2	-25.825	-6.887	-22.465
Q92835_PF22669_409_706	5RW2_A	CTR_3	-38.712	-1.839	-16.384
Q92835_PF22669_409_706	5RW2_A	CTR_4	-29.509	-7.949	-18.1
Q92847_PF00001_60_323	7F83_A	CTR_0	-7.208	4.878	15.58
Q92847_PF00001_60_323	7F83_A	CTR_1	-11.276	3.747	11.866
Q92871_PF03332_36_255	6CFV_A	CTR_0	26.543	25.907	91.688
Q92876_PF00089_23_237	7QHZ_A	CTR_0	-5.011	-9.035	-16.631
Q92905_PF01398_52_163	5JOG_A	CTR_0	28.988	-28.876	13.261
Q92918_PF00069_17_273	9H8F_A	CTR_0	18.466	8.138	17.966
Q92918_PF00069_17_273	9H8F_A	CTR_1	6.527	-6.116	15.389
Q92959_PF03137_33_602	8KGW_A	CTR_0	111.194	108.582	111.13
Q92963_PF00071_23_183	4KLZ_A	CTR_0	19.699	3.336	0.007
Q92974_PF00621_239_429	7G8T_B	CTR_0	25.409	-46.143	41.481
Q92974_PF00621_239_429	7G8T_B	CTR_1	33.239	-36.082	35.825
Q92979_PF03587_45_238	5FAI_A	CTR_0	-15.777	43.721	15.828
Q92993_PF01853_288_471	2OU2_A	CTR_0	27.463	24.066	10.277
Q92993_PF01853_288_471	2OU2_A	CTR_1	44.521	24.048	9.542
Q92997_PF00595_250_333	6ZC7_A	CTR_0	38.763	2.922	3.183
Q93009_PF00443_214_518	5N9T_B	CTR_0	-7.803	11.93	47.585
Q93009_PF00443_214_518	5N9T_B	CTR_1	-4.546	20.251	32.912
Q93009_PF00443_214_518	5N9T_B	CTR_2	0.79	24.696	43.715
Q93015_PF00583_114_188	6NBE_N	CTR_0	-26.853	-45.874	64.971
Q93050_PF01496_27_827	6WM2_R	CTR_0	239.326	263.09	249.789
Q93063_PF09258_456_701	7SCK_B	CTR_0	106.014	89.54	67.696
Q93088_PF02574_23_314	1LT8_A	CTR_0	26.903	14.226	-4.789
Q93091_PF00074_29_147	6MV7_A	CTR_0	-2.813	-6.621	22.843
Q95460_PF00129_24_198	6PUG_C	CTR_0	3.044	64.069	162.045
Q95460_PF00129_24_198	6PUG_C	CTR_1	7.97	51.107	160.128
Q969G6_PF01687_4_129	1NB9_A	CTR_0	-0.749	22.885	24.225
Q969G6_PF01687_4_129	1NB9_A	CTR_1	0.086	31.888	32.842
Q969R5_PF02820_540_605	3F70_A	CTR_0	28.955	18.647	-55.565
Q969S9_PF00009_69_351	7L20_w	CTR_0	173.695	188.992	147.961
Q969T7_PF05822_44_288	7ZEH_A	CTR_0	36.457	-3.846	-2.029
Q96A54_PF03006_129_352	6KRZ_A	CTR_0	-18.56	-47.356	13.731
Q96A54_PF03006_129_352	6KRZ_A	CTR_1	-16.047	-44.139	2.382
Q96A54_PF03006_129_352	6KRZ_A	CTR_2	-11.521	-45.663	12.35
Q96A58_PF00071_8_168	2ATV_A	CTR_0	7.22	19.365	7.881
Q96AT9_PF00834_6_200	3OVP_B	CTR_0	15.69	11.621	-7.511
Q96AT9_PF00834_6_200	3OVP_B	CTR_1	20.566	3.512	-14.625
Q96AZ1_PF10294_38_195	4QPN_A	CTR_0	-0.218	33.31	18.65
Q96AZ6_PF00929_8_162	1WLJ_A	CTR_0	8.393	44.262	29.45
Q96BM9_PF00025_12_180	1ZD9_A	CTR_0	40.619	67.875	-10.416
Q96C45_PF00069_7_279	6U5L_A	CTR_0	23.931	51.188	96.145
Q96C86_PF11969_174_292	1ST0_A	CTR_0	37.095	55.414	53.943
Q96CA5_PF00653_90_154	2I3I_A	CTR_0	78.863	62.475	14.501
Q96CB9_PF01189_167_340	4FZV_A	CTR_0	85.83	-1.174	17.514
Q96CD2_PF02441_19_194	1QZU_C	CTR_0	-13.683	70.488	1.459
Q96DA2_PF00071_10_172	6S5F_A	CTR_0	22.155	0.919	7.959
Q96DC9_PF10275_3_229	5QIX_A	CTR_0	13.045	55.469	24.355
Q96DE0_PF22327_21_181	2XSQ_A	CTR_0	68.712	32.347	16.354
Q96E17_PF00071_32_191	6Y7G_B	CTR_0	-6.476	3.553	32.669
Q96EB6_PF02146_261_447	4KXQ_A	CTR_0	31.477	-16.941	9.331
Q96EB6_PF02146_261_447	4KXQ_A	CTR_1	25.362	-18.026	5.057
Q96EB6_PF02146_261_447	4KXQ_A	CTR_2	23.448	-26.028	14.045
Q96EK6_PF00583_69_170	2O28_B	CTR_0	9.67	-5.987	33.145
Q96EP0_PF22191_866_911	6GZY_B	CTR_0	135.104	110.97	60.94
Q96F10_PF00583_50_144	2BEI_A	CTR_0	-11.494	48.069	11.536
Q96F15_PF04548_28_230	6Z3E_A	CTR_0	10.904	-0.805	28.115
Q96FX7_PF08704_64_286	5CCB_A	CTR_0	-40.732	-39.354	22.552
Q96G04_PF10294_134_288	8FZB_C	CTR_0	-25.37	-28.96	-37.967
Q96GA7_PF00291_16_310	2RKB_A	CTR_0	-1.735	31.51	144.112
Q96GD0_PF13344_22_127	2CFT_A	CTR_0	23.514	19.42	17.779
Q96GD4_PF00069_77_327	4AF3_A	CTR_0	20.833	-22.129	-10.387
Q96GX5_PF00069_36_195	8V5H_A	CTR_0	-20.607	-42.133	-0.456
Q96HE7_PF04137_61_456	3AHQ_A	CTR_0	35.132	37.361	30.083
Q96HN2_PF00670_370_530	3GVP_D	CTR_0	-21.69	41.929	126.378
Q96HN2_PF05221_320_610	3GVP_B	CTR_0	-18.912	26.118	102.38
Q96HU8_PF00071_10_167	2ERX_B	CTR_0	-25.414	20.032	33.731
Q96HY7_PF00676_260_498	5RW1_A	CTR_0	-1.462	23.295	-25.155
Q96I15_PF00266_32_429	3GZD_D	CTR_0	-6.63	11.819	-1.091
Q96IJ6_PF00483_3_195	7D73_B	CTR_0	103.31	137.65	115.294
Q96IY4_PF00246_129_410	4P10_A	CTR_0	24.553	0.614	22.008
Q96JA3_PF08718_330_470	5KDI_A	CTR_0	56.321	11.504	24.079
Q96JM7_PF02820_375_442	3UT1_A	CTR_0	-6.313	-1.527	20.309
Q96KC2_PF00025_5_175	1YZG_A	CTR_0	11.879	-6.14	-1.125
Q96KP4_PF01546_95_468	4RUH_A	CTR_0	18.888	108.389	39.079
Q96KQ7_PF00856_1049_1155	5VSC_B	CTR_0	34.769	12.973	-13.115
Q96KQ7_PF00856_1049_1155	5VSC_B	CTR_1	42.52	2.993	-13.468
Q96KS0_PF13640_283_374	5V1B_A	CTR_0	14.1	24.989	-2.428
Q96L34_PF00069_59_310	5ES1_A	CTR_0	-44.654	-22.88	-3.98
Q96L73_PF00856_1953_2059	3OOI_A	CTR_0	1.881	1.122	-9.819
Q96LA8_PF13649_86_182	4QQK_A	CTR_0	-10.13	28.861	6.322
Q96LA8_PF22528_188_364	6W6D_A	CTR_0	21.073	41.536	1.719
Q96LB1_PF00001_47_279	7S8N_R	CTR_0	114.107	137.369	80.4
Q96LB2_PF00001_44_272	8DWG_R	CTR_0	150.604	140.704	109.644
Q96LB2_PF00001_44_272	8DWG_R	CTR_1	148.949	132.896	102.384
Q96LI5_PF03372_193_529	3NGQ_A	CTR_0	-6.443	51.135	15.865
Q96MU7_PF04146_355_492	6YNP_B	CTR_0	33.115	52.212	15.26
Q96NX5_PF00069_25_277	2JAM_A	CTR_0	14.543	3.556	11.425
Q96NY9_PF02732_276_414	9F9L_A	CTR_0	-2.013	-7.898	36.253
Q96P11_PF01189_219_421	2B9E_A	CTR_0	37.716	-23.838	18.367
Q96P20_PF05729_220_389	9MGY_C	CTR_0	104.316	157.521	147.325
Q96PH1_PF01794_286_412	8U85_C	CTR_0	124.726	151.998	132.896
Q96PH1_PF01794_286_412	8U85_C	CTR_1	113.669	144.871	128.454
Q96PN6_PF00211_291_418	4OYO_A	CTR_0	18.028	31.29	-6.981
Q96PN6_PF00211_43_207	4OYM_A	CTR_0	17.289	24.431	0.25
Q96PP8_PF02263_18_280	7E5A_B	CTR_0	54.757	-7.901	-2.498
Q96PY6_PF00069_4_257	4B9D_B	CTR_0	34.451	9.691	-69.2
Q96Q15_PF00454_2150_2426	7PW6_A	CTR_0	173.548	176.627	186.247
Q96Q83_PF13532_90_275	8JNR_D	CTR_0	26.98	-12.103	47.185
Q96R05_PF00061_6_133	6E6K_A	CTR_0	-10.568	3.289	18.033
Q96RG2_PF00069_999_1251	3DLS_B	CTR_0	5.953	-8.804	1.543
Q96RI1_PF00104_298_469	6HL1_A	CTR_0	12.037	-14.11	11.546
Q96RJ0_PF00001_40_304	8W8A_R	CTR_0	122.784	125.459	155.169
Q96RP9_PF00009_44_319	6VMI_v	CTR_0	176.431	185.143	166.332
Q96RR4_PF00069_165_446	8TUC_A	CTR_0	16.08	-23.415	18.464
Q96RS0_PF09445_692_844	3GDH_B	CTR_0	29.743	-5.908	-19.244
Q96S37_PF07690_147_484	9B1G_A	CTR_0	122.942	122.546	119.353
Q96S44_PF06293_71_225	7SZC_C	CTR_0	-56.076	-3.255	-19.18
Q96S52_PF10510_22_546	8IMX_S	CTR_0	104.447	137.242	131.181
Q96SB4_PF00069_80_228	5MY8_A	CTR_0	10.562	52.012	28.155
Q96SW2_PF03226_321_432	9FJX_B	CTR_0	8.813	-55.995	2.255
Q96T66_PF01467_10_207	1NUT_A	CTR_0	7.923	8.869	17.715
Q96T66_PF01467_10_207	1NUT_A	CTR_1	9.052	8.087	12.672
Q96T66_PF01467_10_207	1NUT_A	CTR_2	7.97	7.707	23.513
Q96T88_PF12148_133_284	6VYJ_A	CTR_0	-5.117	2.462	25.884
Q96T88_PF12148_133_284	6VYJ_A	CTR_1	-1.155	13.571	21.546
Q99259_PF00282_151_517	3VP6_A	CTR_0	-11.034	0.858	27.538
Q99418_PF01369_61_243	4JXH_A	CTR_0	28.116	9.963	54.453
Q99436_PF00227_41_221	5LF7_V	CTR_0	5.521	219.643	60.096
Q99447_PF01467_218_309	3ELB_A	CTR_0	22.965	3.012	54.153
Q99447_PF01467_26_150	4XSV_A	CTR_0	-35.149	-3.171	7.346
Q99469_PF00018_291_336	6B25_A	CTR_0	-3.341	27.763	33.787
Q99489_PF01266_5_324	6RKF_A	CTR_0	-24.46	-30.254	-20.603
Q99496_PF16207_246_330	3IXS_C	CTR_0	6.666	23.224	99.708
Q99497_PF01965_4_170	7PA2_AAA	CTR_0	20.215	8.954	59.56
Q99500_PF00001_56_298	7EW3_R	CTR_0	125.962	115.36	84.7
Q99500_PF00001_56_298	7EW3_R	CTR_1	119.736	117.929	88.75
Q99527_PF00001_76_324	8XOF_R	CTR_0	95.032	95.258	130.625
Q99536_PF13602_233_385	6LHR_C	CTR_0	-10.933	-38.851	14.984
Q99538_PF01650_29_285	7FQI_A	CTR_0	7.935	17.16	2.561
Q99558_PF00069_405_646	4IDT_B	CTR_0	76.42	46.746	136.452
Q99570_PF00069_27_310	9MHF_A	CTR_0	207.871	156.735	178.552
Q99570_PF00069_27_310	9MHF_A	CTR_1	207.471	141.098	186.276
Q99571_PF00864_13_373	9BQI_A	CTR_0	201.255	193.211	148.208
Q99594_PF17725_223_432	8P0M_D	CTR_0	6.856	0.123	-22.162
Q99594_PF17725_223_432	8P0M_D	CTR_1	-5.884	1.584	-32.402
Q99594_PF17725_223_432	8P0M_D	CTR_2	9.517	6.492	-33.796
Q99640_PF00069_110_357	5VCZ_A	CTR_0	6.037	-2.123	-2.543
Q99661_PF00225_264_587	5MIO_C	CTR_0	-43.508	-40.86	56.267
Q99683_PF00069_685_937	6E2N_A	CTR_0	-4.514	-25.587	52.31
Q99685_PF12146_40_275	9F8D_A	CTR_0	-37.78	-20.533	-5.565
Q99685_PF12146_40_275	9F8D_A	CTR_1	-46.394	-21.72	-3.85
Q99707_PF00809_375_613	4CCZ_A	CTR_0	-26.858	44.651	0.713
Q99714_PF00106_12_211	2O23_A	CTR_0	20.37	13.666	-12.623
Q99720_PF04622_15_215	5HK1_A	CTR_0	11.181	37.535	-35.036
Q99720_PF04622_15_215	5HK1_A	CTR_1	21.695	48.783	-29.011
Q99720_PF04622_15_215	5HK1_A	CTR_2	27.467	42.65	-25.929
Q99720_PF04622_15_215	5HK1_A	CTR_3	18.678	21.566	-34.976
Q99720_PF04622_15_215	5HK1_A	CTR_4	18.326	50.848	-37.327
Q99788_PF00001_57_316	8ZJG_A	CTR_0	121.464	129.203	142.104
Q99807_PF03232_48_214	7SSS_H	CTR_0	124.302	98.346	109.707
Q99808_PF01733_144_454	6OB7_A	CTR_0	-27.648	-21.757	26.609
Q99808_PF01733_144_454	6OB7_A	CTR_1	-47.086	-22.803	43.738
Q99814_PF14598_243_347	3H82_A	CTR_0	9.167	-9.45	5.862
Q99832_PF00118_32_522	7NVL_H	CTR_0	156.659	193.629	196.334
Q99835_PF01534_221_551	6OT0_R	CTR_0	164.815	127.8	165.322
Q99835_PF01534_221_551	6OT0_R	CTR_1	162.862	131.051	160.22
Q99835_PF01534_221_551	6OT0_R	CTR_2	166.984	120.921	173.876
Q99836_PF13676_164_278	4DOM_A	CTR_0	24.215	31.381	14.954
Q99873_PF13649_92_189	6NT2_D	CTR_0	12.763	57.129	58.305
Q99986_PF00069_41_272	6BU6_A	CTR_0	28.678	4.071	13.97
Q9BPX1_PF13561_19_249	6H0M_A	CTR_0	-14.372	36.027	-18.409
Q9BPX1_PF13561_19_249	6H0M_A	CTR_1	-6.394	29.96	-12.806
Q9BQ65_PF09749_44_263	6D31_A	CTR_0	-4.191	9.76	54.783
Q9BQ69_PF01661_170_282	6LH4_B	CTR_0	18.208	29.784	15.155
Q9BRQ8_PF07992_13_298	8YOQ_A	CTR_0	-24.073	-13.545	21.134
Q9BRQ8_PF07992_13_298	8YOQ_A	CTR_1	-17.275	-1.692	19.136
Q9BRS2_PF01163_193_380	6ZXG_z	CTR_0	195.506	236.45	158.532
Q9BSA4_PF04906_10_437	9G71_B	CTR_0	145.362	162.699	117.671
Q9BSB4_PF07855_9_171	5C50_A	CTR_0	39.683	26.978	45.786
Q9BTU6_PF00454_134_428	4HNE_B	CTR_0	-39.583	22.603	17.052
Q9BTZ2_PF13561_39_273	3O4R_C	CTR_0	36.989	-22.354	23.629
Q9BUB5_PF00069_52_164	5WVD_A	CTR_0	-6.118	-27.516	36.61
Q9BUP3_PF13460_25_173	2BKA_A	CTR_0	13.072	48.2	52.555
Q9BUT1_PF13561_14_244	2AG5_A	CTR_0	28.142	-9.228	13.558
Q9BV23_PF00561_72_313	7OTS_B	CTR_0	68.617	-2.832	65.977
Q9BV23_PF00561_72_313	7OTS_B	CTR_1	74.431	5.122	63.171
Q9BV86_PF05891_8_223	5CVD_A	CTR_0	-25.38	24.09	-28.02
Q9BV86_PF05891_8_223	5CVD_A	CTR_1	-14.939	20.723	-31.008
Q9BVA1_PF00091_3_211	7ZCW_B	CTR_0	85.829	58.225	26.91
Q9BVA6_PF02661_285_381	6I7L_A	CTR_0	-45.863	-50.369	-14.606
Q9BVA6_PF02661_285_381	6I7L_A	CTR_1	-55.199	-62.4	-8.156
Q9BVG8_PF00225_451_768	5WDE_A	CTR_0	-7.653	32.589	45.283
Q9BVG9_PF03034_120_399	9N0X_A	CTR_0	119.406	114.04	132.889
Q9BVG9_PF03034_120_399	9N0X_A	CTR_1	127.617	112.74	143.917
Q9BVS4_PF01163_108_279	6FDM_A	CTR_0	57.904	11.481	183.473
Q9BWV3_PF00383_320_443	9HFS_D	CTR_0	69.584	104.431	122.713
Q9BX68_PF01230_64_157	5KM9_B	CTR_0	-9.613	-3.536	3.076
Q9BXA5_PF00001_40_295	8YKV_R	CTR_0	116.358	97.635	68.224
Q9BXC0_PF00001_32_278	9IZD_A	CTR_0	126.615	145.203	98.158
Q9BXC1_PF00001_36_292	7XV3_R	CTR_0	139.112	137.098	103.734
Q9BXC1_PF00001_36_292	7XV3_R	CTR_1	143.185	127.45	122.386
Q9BXC1_PF00001_36_292	7XV3_R	CTR_2	130.47	138.096	122.665
Q9BXF3_PF00439_445_524	5V84_A	CTR_0	27.71	36.627	30.58
Q9BXJ8_PF07851_14_335	7N7P_B	CTR_0	125.722	100.258	131.454
Q9BXR0_PF01702_26_380	6H45_A	CTR_0	36.581	-10.116	19.397
Q9BXW6_PF01237_548_942	5ZM5_A	CTR_0	45.537	-46.966	-26.349
Q9BXW6_PF01237_548_942	5ZM5_A	CTR_1	41.28	-56.913	-23.335
Q9BY32_PF01725_10_188	2J4E_E	CTR_0	2.148	50.973	19.219
Q9BY41_PF00850_35_320	7JVU_B	CTR_0	17.698	36.42	26.735
Q9BY76_PF00147_185_399	6U1U_A	CTR_0	-7.898	-49.179	-2.245
Q9BYF1_PF01401_21_606	9FMM_A	CTR_0	16.343	15.329	25.833
Q9BYF1_PF01401_21_606	9FMM_A	CTR_1	33.083	34.617	12.991
Q9BYF1_PF01401_21_606	9FMM_A	CTR_2	-13.139	7.614	13.418
Q9BYJ9_PF04146_390_523	7QKN_B	CTR_0	14.315	-40.429	28.102
Q9BYN0_PF02195_40_132	3CYI_A	CTR_0	15.012	-8.324	-2.778
Q9BYP7_PF00069_152_405	5O26_A	CTR_0	0.179	7.369	71.553
Q9BYT3_PF00069_116_381	8VF6_A	CTR_0	-9.448	27.67	-35.435
Q9BYW2_PF00856_1561_1667	5JLB_A	CTR_0	-12.978	2.736	-9.626
Q9BYX4_PF04851_306_491	7JL2_A	CTR_0	113.397	159.09	138.453
Q9BZ11_PF01421_210_409	1R55_A	CTR_0	9.381	13.944	25.293
Q9BZ23_PF03630_213_564	5E26_C	CTR_0	11.54	88.844	-3.179
Q9BZ95_PF00855_271_349	6G25_A	CTR_0	-3.636	8.485	-20.869
Q9BZ95_PF00856_1156_1262	6CEN_A	CTR_0	27.415	25.783	49.255
Q9BZP6_PF00704_24_365	3FY1_B	CTR_0	-0.397	47.697	48.542
Q9BZV2_PF01770_10_441	8S5Z_A	CTR_0	149.543	143.889	147.789
Q9BZX2_PF00485_22_217	1UJ2_A	CTR_0	-2.177	13.112	49.772
Q9BZX2_PF00485_22_217	1UJ2_A	CTR_1	7.066	10.645	59.159
Q9C0B1_PF12933_37_325	4IE5_A	CTR_0	31.01	-7.164	-28.674
Q9GZN1_PF00022_2_394	8X1C_K	CTR_0	210.509	271.252	291.646
Q9GZQ8_PF02991_15_120	7GAK_A	CTR_0	21.138	-22.21	-2.852
Q9GZQ8_PF02991_15_120	7GAK_A	CTR_1	17.834	-26.096	-12.37
Q9GZT4_PF00291_20_314	3L6B_A	CTR_0	-1.054	23.454	-20.53
Q9GZT4_PF00291_20_314	3L6B_A	CTR_1	10.402	27.0	-27.162
Q9GZT9_PF13640_299_390	4BQY_A	CTR_0	-41.556	-19.863	3.398
Q9GZU1_PF08016_385_524	9HL3_C	CTR_0	198.504	203.815	180.188
Q9GZU7_PF03031_92_250	3L0B_A	CTR_0	62.079	-5.026	5.783
Q9GZV3_PF00474_43_442	8ZQO_A	CTR_0	101.344	112.31	113.013
Q9GZV3_PF00474_43_442	8ZQO_A	CTR_1	92.513	113.112	114.189
Q9GZZ1_PF00583_20_129	6WFN_A	CTR_0	20.219	-2.837	12.118
Q9GZZ1_PF00583_20_129	6WFN_A	CTR_1	1.878	-5.235	8.552
Q9GZZ9_PF00899_53_304	6H77_D	CTR_0	13.007	5.03	76.968
Q9H040_PF22934_164_211	6MDW_A	CTR_0	2.823	3.246	2.074
Q9H082_PF00071_35_200	6Y09_B	CTR_0	5.385	143.039	31.316
Q9H0A0_PF05127_282_488	7MQ8_NK	CTR_0	388.554	273.416	398.483
Q9H0A0_PF13718_528_752	9J3C_B	CTR_0	104.128	148.964	137.891
Q9H0F7_PF00025_11_181	2H57_B	CTR_0	-6.538	38.785	-14.999
Q9H0J9_PF00644_507_678	6V3W_A	CTR_0	-26.282	17.518	-14.174
Q9H0J9_PF00644_507_678	6V3W_A	CTR_1	-25.406	23.601	-11.745
Q9H0U4_PF00071_10_170	3NKV_B	CTR_0	-2.211	-4.149	-32.492
Q9H1A3_PF05219_56_317	7YF2_B	CTR_0	70.74	-0.999	26.919
Q9H1D0_PF00520_394_627	7S8B_B	CTR_0	112.611	93.058	92.451
Q9H1D0_PF00520_394_627	7S8B_B	CTR_1	135.434	100.214	101.191
Q9H1D0_PF00520_394_627	7S8B_B	CTR_2	124.495	97.406	92.827
Q9H1D0_PF00520_394_627	7S8B_B	CTR_3	144.233	102.236	73.77
Q9H1D0_PF00520_394_627	7S8B_B	CTR_4	138.747	104.572	95.257
Q9H1D0_PF00520_394_627	7S8B_B	CTR_5	127.938	91.878	93.182
Q9H227_PF00232_2_464	2E9L_A	CTR_0	3.963	33.368	1.742
Q9H227_PF00232_2_464	2E9L_A	CTR_1	5.416	19.854	19.162
Q9H237_PF03062_63_363	7URD_A	CTR_0	114.758	107.064	108.96
Q9H237_PF03062_63_363	7URD_A	CTR_1	119.524	104.898	108.109
Q9H244_PF00001_49_298	7XXI_A	CTR_0	150.927	112.197	139.231
Q9H2G2_PF00069_35_292	6HVD_A	CTR_0	11.958	92.456	6.766
Q9H2K2_PF00644_963_1128	4PNL_B	CTR_0	23.887	-6.537	34.929
Q9H2K2_PF00644_963_1128	4PNL_B	CTR_1	0.799	-3.259	36.998
Q9H2K8_PF00069_27_277	6BDN_A	CTR_0	64.304	10.276	122.882
Q9H2X6_PF00069_199_527	7NCF_A	CTR_0	-34.113	-40.976	5.507
Q9H3H5_PF00953_99_269	6BW5_C	CTR_0	60.028	19.855	43.316
Q9H3R0_PF02373_177_293	5FJK_A	CTR_0	-13.551	-19.919	-3.258
Q9H422_PF00069_197_525	7O7J_A	CTR_0	-54.535	7.981	-46.314
Q9H477_PF00294_17_312	5C40_B	CTR_0	4.597	58.666	-19.018
Q9H479_PF03881_21_309	9CXM_B	CTR_0	14.417	57.529	78.557
Q9H479_PF03881_21_309	9CXM_B	CTR_1	21.119	65.768	84.108
Q9H488_PF10250_34_368	5UXH_B	CTR_0	-23.667	-8.333	70.537
Q9H492_PF02991_16_120	6TBE_A	CTR_0	12.384	21.088	4.476
Q9H492_PF02991_16_120	6TBE_A	CTR_1	12.253	18.564	-2.661
Q9H4A3_PF00069_226_479	5WE8_B	CTR_0	57.983	4.699	20.098
Q9H4A3_PF00069_226_479	5WE8_B	CTR_1	45.952	9.578	22.072
Q9H4B4_PF00069_63_314	4B6L_A	CTR_0	54.89	-5.016	-8.046
Q9H4K7_PF01926_227_346	7O9K_G	CTR_0	248.235	228.638	344.683
Q9H4L5_PF01237_527_873	7DEI_A	CTR_0	54.101	-55.149	-41.318
Q9H4Y5_PF13417_27_100	3Q19_A	CTR_0	19.667	-5.485	21.336
Q9H4Z3_PF12237_446_621	6IRW_B	CTR_0	-38.757	-5.736	-35.092
Q9H5I1_PF00856_262_373	2R3A_A	CTR_0	27.752	33.639	50.069
Q9H5I1_PF00856_262_373	2R3A_A	CTR_1	30.45	39.213	51.632
Q9H5U6_PF10237_167_343	6UCA_D	CTR_0	122.331	74.944	-1.029
Q9H611_PF05970_206_404	6HPH_A	CTR_0	-24.95	-19.922	-2.858
Q9H6D3_PF09815_15_343	8XEJ_X	CTR_0	165.756	152.735	156.223
Q9H6W3_PF08007_298_425	4DIQ_B	CTR_0	-65.068	-65.098	-62.911
Q9H7B4_PF00856_15_239	6P7Z_A	CTR_0	14.004	-13.731	-23.166
Q9H7B4_PF00856_15_239	6P7Z_A	CTR_1	17.877	-1.314	-15.967
Q9H7E2_PF00567_554_611	6V9T_AAA	CTR_0	75.979	21.909	25.608
Q9H7H0_PF09243_155_438	8CSS_7	CTR_0	192.617	201.872	248.216
Q9H7X0_PF00583_27_155	5HGZ_A	CTR_0	13.746	70.705	17.047
Q9H7Z6_PF01853_235_412	6OIO_A	CTR_0	16.991	22.175	17.381
Q9H7Z6_PF01853_235_412	6OIO_A	CTR_1	4.58	11.572	18.827
Q9H867_PF10294_23_193	4LG1_A	CTR_0	-6.041	-5.208	27.815
Q9H8M2_PF00439_146_228	6BQA_A	CTR_0	-46.028	-28.291	3.351
Q9H903_PF02882_188_344	7QEI_A	CTR_0	11.535	21.37	172.795
Q9H999_PF03630_13_364	7UE7_A	CTR_0	-21.102	15.786	-9.449
Q9H9B1_PF00856_1137_1243	6MBO_A	CTR_0	2.806	-19.095	28.097
Q9H9T3_PF04055_107_295	8PTZ_C	CTR_0	179.404	204.997	194.419
Q9HA47_PF00485_25_218	2UVQ_A	CTR_0	-7.317	-14.688	-25.542
Q9HAB3_PF06237_10_435	8XSM_A	CTR_0	142.496	135.203	129.83
Q9HAB8_PF04127_171_268	7EDZ_A	CTR_0	42.394	0.813	20.935
Q9HAB8_PF04127_171_268	7EDZ_A	CTR_1	49.599	-5.391	22.527
Q9HAC7_PF02515_41_408	9BR7_D	CTR_0	28.571	-71.646	-5.746
Q9HAN9_PF01467_12_228	1KQN_B	CTR_0	22.29	4.883	4.337
Q9HAN9_PF01467_12_228	1KQN_B	CTR_1	20.651	9.965	5.16
Q9HAU4_PF00632_444_747	9FSH_A	CTR_0	8.719	5.195	28.354
Q9HAZ1_PF00069_159_475	6FYV_A	CTR_0	-29.478	22.698	-18.49
Q9HB90_PF04670_63_289	6WJ2_G	CTR_0	166.684	180.258	194.135
Q9HBA0_PF00520_475_729	8T1E_A	CTR_0	100.206	100.163	123.323
Q9HBA0_PF00520_475_729	8T1E_A	CTR_1	93.627	99.822	102.4
Q9HBH1_PF01327_66_231	3G5K_D	CTR_0	34.445	-36.413	-41.869
Q9HBH9_PF00069_87_368	8P9B_A	CTR_0	-2.554	72.364	-2.752
Q9HBL8_PF05368_4_288	2WM3_A	CTR_0	61.254	16.726	88.655
Q9HBL8_PF05368_4_288	2WM3_A	CTR_1	71.902	16.993	86.225
Q9HC97_PF00001_38_276	8H8J_C	CTR_0	126.194	133.774	147.575
Q9HC97_PF00001_38_276	8H8J_C	CTR_1	145.082	139.934	162.85
Q9HCC0_PF01039_76_554	8J4Z_J	CTR_0	150.542	136.121	177.545
Q9HCE5_PF05063_186_362	8PW8_A	CTR_0	14.689	-21.799	-14.235
Q9HCE7_PF00632_450_756	9FSJ_A	CTR_0	-23.126	10.17	-28.599
Q9HCL2_PF01553_220_355	8E4Y_A	CTR_0	171.156	181.837	151.056
Q9HCL2_PF01553_220_355	8E4Y_A	CTR_1	171.753	186.514	149.195
Q9HCL2_PF01553_220_355	8E4Y_A	CTR_2	166.98	169.659	154.332
Q9HCP0_PF00069_44_262	2CMW_A	CTR_0	29.356	46.535	5.588
Q9HCP0_PF00069_44_262	2CMW_A	CTR_1	17.088	37.558	2.963
Q9HD40_PF05889_61_459	8G9Z_D	CTR_0	69.387	71.953	41.02
Q9HD67_PF00063_65_727	5I0H_B	CTR_0	-34.894	10.23	46.525
Q9NP72_PF00071_10_170	1X3S_A	CTR_0	29.183	32.23	18.11
Q9NP81_PF00587_292_468	7TZB_A	CTR_0	46.462	27.871	-49.783
Q9NP87_PF14792_292_362	7KTN_A	CTR_0	9.616	-7.605	1.126
Q9NP87_PF14792_292_362	7KTN_A	CTR_1	4.693	-2.83	-6.275
Q9NP90_PF00071_9_173	2OCB_A	CTR_0	-33.428	10.538	19.977
Q9NP91_PF00209_5_579	8WM3_C	CTR_0	165.65	149.71	174.807
Q9NPB1_PF06941_38_224	4MUM_A	CTR_0	-3.818	24.124	27.209
Q9NPB1_PF06941_38_224	4MUM_A	CTR_1	-3.74	28.41	10.164
Q9NPD5_PF03137_29_618	8PG0_A	CTR_0	115.442	156.199	112.14
Q9NPD8_PF00179_6_146	8JUC_A	CTR_0	-16.252	-15.596	-6.72
Q9NPD8_PF00179_6_146	8JUC_A	CTR_1	-11.343	0.85	-0.475
Q9NPD8_PF00179_6_146	8JUC_A	CTR_2	-20.966	-4.376	-27.284
Q9NPG2_PF00042_27_144	7VQG_A	CTR_0	22.851	10.853	13.598
Q9NPI1_PF00439_141_223	5MQ1_A	CTR_0	14.948	154.536	44.944
Q9NQ11_PF13246_626_730	7VPJ_A	CTR_0	87.031	87.03	51.049
Q9NQG6_PF21297_153_345	4NXV_A	CTR_0	-5.198	-32.173	-8.221
Q9NQH7_PF00557_253_482	5X49_B	CTR_0	-1.831	-17.985	27.629
Q9NQR1_PF00856_268_378	5TEG_A	CTR_0	-10.412	-0.041	-7.797
Q9NQR1_PF00856_268_378	5TEG_A	CTR_1	-6.839	4.42	-3.536
Q9NQT8_PF00225_11_353	3GBJ_A	CTR_0	-18.024	-29.574	5.088
Q9NQU5_PF00069_411_658	4KS7_A	CTR_0	30.256	37.341	26.509
Q9NQV7_PF21549_248_367	6NM4_B	CTR_0	-8.448	4.144	24.977
Q9NQW7_PF00557_328_542	3CTZ_A	CTR_0	7.028	62.845	60.046
Q9NQW8_PF00027_545_629	8EV8_D	CTR_0	95.545	124.833	170.038
Q9NQX4_PF00063_70_741	4ZG4_E	CTR_0	-39.62	-10.899	35.038
Q9NR31_PF00025_12_197	8DZM_B	CTR_0	304.429	67.363	88.789
Q9NR48_PF00856_2156_2261	6WZW_A	CTR_0	0.778	-7.503	11.963
Q9NRA2_PF07690_47_441	8U3H_A	CTR_0	125.261	123.189	134.388
Q9NRD5_PF00595_23_99	6AR4_B	CTR_0	-39.025	-6.34	5.517
Q9NRD9_PF01794_1097_1236	7D3F_A	CTR_0	117.347	89.633	115.277
Q9NRD9_PF08030_1381_1534	7D3F_A	CTR_0	107.406	69.53	130.039
Q9NRF8_PF00117_310_539	2V4U_A	CTR_0	-37.012	-1.488	0.43
Q9NRF8_PF06418_2_272	7MII_B	CTR_0	132.558	172.363	166.057
Q9NRF8_PF06418_2_272	7MII_B	CTR_1	126.562	171.988	169.603
Q9NRG1_PF00156_47_202	2JBH_B	CTR_0	52.962	62.505	16.767
Q9NRG4_PF00856_18_240	4WUY_A	CTR_0	-30.168	-34.036	28.595
Q9NRG4_PF00856_18_240	4WUY_A	CTR_1	-20.702	-26.773	27.805
Q9NRG4_PF00856_18_240	4WUY_A	CTR_2	-23.904	-22.036	19.053
Q9NRG7_PF01370_3_208	4B4O_A	CTR_0	39.009	-55.445	-41.994
Q9NRG7_PF01370_3_208	4B4O_A	CTR_1	42.474	-52.383	-30.042
Q9NRK6_PF00664_174_438	3ZDQ_A	CTR_0	-61.048	75.194	11.836
Q9NRM0_PF00083_63_514	8Y66_A	CTR_0	111.007	105.648	102.624
Q9NRN9_PF05175_51_145	9OHL_C	CTR_0	7.979	10.648	0.181
Q9NRW1_PF00071_15_173	2FFQ_A	CTR_0	15.315	28.082	31.313
Q9NS75_PF00001_55_305	9IXX_R	CTR_0	115.918	100.541	79.128
Q9NS87_PF00225_32_363	4BN2_A	CTR_0	-27.979	-14.866	-29.755
Q9NSA0_PF00083_144_520	9U5A_A	CTR_0	95.361	107.411	103.794
Q9NSY1_PF00069_54_311	4W9W_A	CTR_0	4.934	-19.422	-49.581
Q9NTG7_PF02146_145_326	4BN4_A	CTR_0	16.879	6.83	0.392
Q9NTG7_PF02146_145_326	4BN4_A	CTR_1	10.364	2.692	4.529
Q9NTG7_PF02146_145_326	4BN4_A	CTR_2	22.037	6.065	8.603
Q9NTG7_PF02146_145_326	4BN4_A	CTR_3	9.359	9.287	0.349
Q9NTX7_PF02825_104_168	3V3L_B	CTR_0	20.545	49.09	85.843
Q9NUI1_PF13561_38_270	4FC7_B	CTR_0	25.542	25.142	6.369
Q9NUI1_PF13561_38_270	4FC7_B	CTR_1	36.069	23.116	5.537
Q9NUT2_PF00664_149_425	5OCH_E	CTR_0	158.426	64.906	457.635
Q9NUT2_PF00664_149_425	5OCH_E	CTR_1	162.475	60.586	478.083
Q9NUV9_PF04548_31_238	3LXX_A	CTR_0	11.593	30.288	0.12
Q9NUW8_PF06087_166_582	6N0D_B	CTR_0	8.107	-1.175	-98.485
Q9NV35_PF00293_13_132	7B67_A	CTR_0	-7.201	14.616	-10.778
Q9NV96_PF03381_69_351	7BSV_C	CTR_0	116.081	115.845	52.322
Q9NVA2_PF00735_38_306	6UPQ_B	CTR_0	29.104	0.538	18.894
Q9NVJ2_PF00025_11_180	8JCA_A	CTR_0	41.417	20.192	21.772
Q9NVS9_PF01243_75_194	8ROS_AAA	CTR_0	-3.663	29.3	10.594
Q9NW15_PF04547_200_626	5OC9_A	CTR_0	55.357	95.446	42.58
Q9NW15_PF04547_200_626	5OC9_A	CTR_1	47.134	96.893	61.454
Q9NW15_PF04547_200_626	5OC9_A	CTR_2	54.067	96.997	57.697
Q9NW15_PF04547_200_626	5OC9_A	CTR_3	33.982	114.316	71.193
Q9NW15_PF04547_200_626	5OC9_A	CTR_4	32.836	119.609	72.01
Q9NWM0_PF01593_34_268	7OY0_A	CTR_0	77.862	-53.269	22.611
Q9NWM8_PF00254_38_132	4MSP_A	CTR_0	8.178	-8.024	6.852
Q9NWT6_PF13621_53_299	7A1Q_A	CTR_0	21.567	-24.937	6.225
Q9NWW6_PF13238_6_147	2QT1_A	CTR_0	7.77	-14.924	0.984
Q9NWW6_PF13238_6_147	2QT1_A	CTR_1	10.936	-20.828	-9.892
Q9NWX6_PF04446_35_164	3OTB_B	CTR_0	-50.427	21.052	35.634
Q9NWZ3_PF07714_190_453	6EGE_D	CTR_0	-12.246	-12.664	-7.791
Q9NX46_PF03747_25_337	7ARW_A	CTR_0	8.664	1.422	39.596
Q9NX74_PF01207_15_285	4XP7_A	CTR_0	11.27	6.774	14.288
Q9NXA8_PF02146_58_256	6EQS_A	CTR_0	6.486	11.912	-3.949
Q9NXA8_PF02146_58_256	6EQS_A	CTR_1	6.87	20.099	-8.686
Q9NXA8_PF02146_58_256	6EQS_A	CTR_2	8.823	9.513	2.234
Q9NXL6_PF13965_184_827	8JUN_A	CTR_0	155.318	132.251	121.579
Q9NXL9_PF00493_304_508	8S94_F	CTR_0	176.285	216.423	137.944
Q9NXS2_PF04389_150_374	3PB9_X	CTR_0	7.634	16.321	-16.795
Q9NY46_PF00520_1526_1781	7W7F_D	CTR_0	97.718	144.826	148.813
Q9NY97_PF01762_156_347	6WMM_B	CTR_0	21.315	61.931	98.201
Q9NYA1_PF00781_16_123	3VZD_E	CTR_0	-32.925	-40.517	34.989
Q9NYL2_PF07714_17_259	5X5O_A	CTR_0	11.384	2.65	9.708
Q9NYN1_PF00071_23_183	3C5C_C	CTR_0	-2.558	-32.119	24.796
Q9NYV4_PF00069_729_1020	4NST_A	CTR_0	-18.001	-2.098	26.334
Q9NYV7_PF05296_2_286	9KPF_R	CTR_0	119.385	119.841	153.23
Q9NYV8_PF05296_1_298	8VY7_R	CTR_0	125.914	146.767	98.904
Q9NYV8_PF05296_1_298	8VY7_R	CTR_1	137.877	126.139	113.294
Q9NYY3_PF00069_84_334	4I5P_A	CTR_0	9.736	7.264	10.552
Q9NZ08_PF01433_281_484	6Q4R_A	CTR_0	-619.694	378.137	456.444
Q9NZ08_PF11838_597_916	9GK6_A	CTR_0	26.219	50.52	15.644
Q9NZD2_PF08718_18_166	3RZN_A	CTR_0	14.162	12.516	19.494
Q9NZD2_PF08718_18_166	3RZN_A	CTR_1	14.257	-2.935	20.303
Q9NZJ5_PF00069_881_1074	4X7J_A	CTR_0	27.524	10.247	4.069
Q9NZK5_PF00962_198_495	3LGG_B	CTR_0	-14.645	-4.309	-16.504
Q9NZK7_PF00068_21_127	5Y5E_A	CTR_0	14.682	-19.23	-12.145
Q9NZL9_PF04321_30_322	2YDX_C	CTR_0	1.506	-58.236	12.704
Q9NZL9_PF04321_30_322	2YDX_C	CTR_1	7.202	-53.311	6.135
Q9NZN9_PF23322_29_154	5U9J_B	CTR_0	19.042	-6.49	43.444
Q9P121_PF07679_37_132	6DLF_A	CTR_0	10.379	25.515	-57.183
Q9P1W9_PF00069_32_286	4X7Q_B	CTR_0	55.489	21.486	3.843
Q9P1Z3_PF00027_447_528	8IO0_D	CTR_0	123.966	163.698	98.565
Q9P286_PF00069_454_700	2F57_B	CTR_0	16.979	29.44	7.018
Q9P289_PF00069_24_274	3GGF_B	CTR_0	66.84	11.885	92.726
Q9P2J5_PF00133_188_755	6LPF_B	CTR_0	56.727	-9.691	147.318
Q9P2K8_PF00069_795_999	7QWK_B	CTR_0	28.679	-22.526	-62.939
Q9P2K8_PF00069_795_999	7QWK_B	CTR_1	23.304	-16.498	-62.226
Q9P2T1_PF00478_10_339	2C6Q_H	CTR_0	-24.347	-7.091	-25.978
Q9P2T1_PF00478_10_339	2C6Q_H	CTR_1	-33.066	0.02	-29.349
Q9P2W7_PF03360_105_315	1V84_B	CTR_0	6.025	5.119	37.584
Q9UBC3_PF00145_575_707	6KDB_A	CTR_0	-15.967	70.226	-12.243
Q9UBC3_PF00855_226_309	5NRR_A	CTR_0	-22.127	108.432	35.199
Q9UBD6_PF00909_49_418	3HD6_A	CTR_0	17.723	82.738	54.104
Q9UBF8_PF00454_560_755	8Q6F_A	CTR_0	15.578	-9.469	28.126
Q9UBH6_PF03124_269_617	9DVJ_B	CTR_0	169.909	157.263	131.091
Q9UBH6_PF03124_269_617	9DVJ_B	CTR_1	149.5	147.085	130.221
Q9UBH6_PF03124_269_617	9DVJ_B	CTR_2	164.084	169.91	106.574
Q9UBK8_PF00175_542_661	2QTZ_A	CTR_0	37.439	24.781	35.48
Q9UBN7_PF02148_1133_1194	8G43_A	CTR_0	0.028	3.301	7.946
Q9UBP6_PF02390_77_253	7OGJ_B	CTR_0	-23.384	9.02	36.737
Q9UBQ7_PF00389_9_326	2GCG_D	CTR_0	-10.27	-21.718	-57.3
Q9UBQ7_PF02826_117_295	2GCG_B	CTR_0	23.112	49.527	-18.271
Q9UBS5_PF00003_588_856	6WIV_A	CTR_0	151.038	149.142	163.049
Q9UBS5_PF01094_188_544	4MS4_A	CTR_0	-23.866	18.664	-30.931
Q9UBT2_PF00899_14_442	1Y8Q_D	CTR_0	21.51	-8.592	6.352
Q9UBT2_PF00899_14_442	1Y8Q_D	CTR_1	8.247	-5.186	12.557
Q9UBT2_PF14732_452_538	5FQ2_B	CTR_0	34.057	150.627	14.486
Q9UBV7_PF13733_84_175	4IRQ_C	CTR_0	18.344	-2.987	-3.117
Q9UDR5_PF03435_483_598	5L78_A	CTR_0	50.444	36.788	119.932
Q9UDX3_PF00650_86_243	4TLG_B	CTR_0	38.501	-21.931	114.575
Q9UDY8_PF00656_343_556	7PAW_B	CTR_0	12.349	2.432	-7.854
Q9UDY8_PF00656_343_556	7PAW_B	CTR_1	-3.792	-6.636	11.28
Q9UEE5_PF00069_65_321	7QUE_A	CTR_0	-16.189	2.148	27.309
Q9UET6_PF01728_21_199	8Y2O_B	CTR_0	83.925	113.681	85.281
Q9UG22_PF04548_23_227	2XTM_A	CTR_0	-10.534	-4.924	-47.685
Q9UGL1_PF02373_486_602	5FYZ_A	CTR_0	77.725	64.865	-0.441
Q9UGL1_PF02373_486_602	5FYZ_A	CTR_1	85.555	63.1	12.803
Q9UGM6_PF00579_33_314	5EKD_B	CTR_0	29.065	30.214	52.651
Q9UGM6_PF00579_33_314	5EKD_B	CTR_1	30.597	30.975	60.492
Q9UGN5_PF00644_376_577	4ZZX_A	CTR_0	6.569	15.629	58.773
Q9UH03_PF00735_59_331	4Z54_A	CTR_0	18.249	5.23	-32.488
Q9UHB4_PF00258_8_145	4H2D_A	CTR_0	38.173	-7.987	-13.408
Q9UHD2_PF00069_13_232	4EUU_A	CTR_0	-1.38	-8.851	9.464
Q9UHD8_PF00735_295_571	5CYO_A	CTR_0	19.107	-8.496	11.133
Q9UHE8_PF01794_120_263	6Y9B_A	CTR_0	151.584	167.599	144.571
Q9UHE8_PF01794_120_263	6Y9B_A	CTR_1	147.557	171.516	122.114
Q9UHI7_PF00860_45_474	8JEW_A	CTR_0	115.579	141.499	137.467
Q9UHI7_PF00860_45_474	8JEW_A	CTR_1	134.661	147.209	153.383
Q9UHI8_PF01421_258_467	2JIH_B	CTR_0	38.707	17.388	45.219
Q9UHL4_PF05577_38_464	3N0T_A	CTR_0	-18.357	1.946	17.179
Q9UHY7_PF00702_11_224	1YNS_A	CTR_0	40.007	9.167	-12.254
Q9UI17_PF01266_52_414	5L46_A	CTR_0	19.305	-14.994	99.062
Q9UI43_PF01728_52_236	2NYU_A	CTR_0	53.262	19.095	11.85
Q9UIC8_PF04072_32_216	3IEI_H	CTR_0	25.68	49.5	33.489
Q9UIF8_PF00439_2069_2148	5PB8_A	CTR_0	13.18	40.086	29.734
Q9UIF8_PF00628_1934_1978	6FI1_A	CTR_0	18.823	4.272	5.788
Q9UIF9_PF00439_1802_1883	7QYO_A	CTR_0	9.544	6.254	-8.354
Q9UIF9_PF00628_1679_1723	6FAP_B	CTR_0	36.563	19.678	51.868
Q9UIJ7_PF00406_12_191	6ZJE_A	CTR_0	20.892	-1.541	5.097
Q9UIJ7_PF00406_12_191	6ZJE_A	CTR_1	27.933	0.017	2.268
Q9UIK4_PF00069_23_285	2CKE_C	CTR_0	-44.943	-18.941	48.051
Q9UIQ6_PF01433_392_610	5MJ6_B	CTR_0	43.377	-88.929	-20.766
Q9UJ37_PF00777_97_368	6APL_D	CTR_0	-30.0	-12.239	87.473
Q9UJ37_PF00777_97_368	6APL_D	CTR_1	-29.451	3.976	82.593
Q9UJ70_PF01869_7_278	2CH5_C	CTR_0	55.294	133.393	116.602
Q9UJ70_PF01869_7_278	2CH5_C	CTR_1	43.358	129.227	120.567
Q9UJA3_PF00493_391_612	8S94_C	CTR_0	143.792	196.149	138.42
Q9UJM8_PF01070_15_361	6GMC_A	CTR_0	9.577	27.119	-53.015
Q9UJM8_PF01070_15_361	6GMC_A	CTR_1	5.014	33.568	-48.967
Q9UJM8_PF01070_15_361	6GMC_A	CTR_2	3.373	45.209	-52.141
Q9UJM8_PF01070_15_361	6GMC_A	CTR_3	11.36	18.005	-47.418
Q9UK32_PF00069_73_330	6G77_B	CTR_0	-12.439	51.686	-32.228
Q9UK32_PF00069_73_330	6G77_B	CTR_1	8.001	54.612	-34.182
Q9UK39_PF03372_146_414	6NF0_A	CTR_0	-2.259	-25.277	5.233
Q9UKE5_PF00069_25_289	6RA7_A	CTR_0	10.368	10.515	6.767
Q9UKK3_PF00644_389_565	8SWY_A	CTR_0	11.606	-8.731	25.924
Q9UKL6_PF01852_12_211	7U9D_A	CTR_0	50.875	48.352	17.867
Q9UL25_PF00071_21_180	1Z08_D	CTR_0	43.194	62.36	66.485
Q9UL51_PF00027_563_645	3U10_A	CTR_0	-6.895	-18.624	-7.596
Q9UL52_PF00089_192_417	2OQ5_A	CTR_0	-6.881	23.115	22.963
Q9UL62_PF00520_376_635	7WDB_C	CTR_0	116.969	164.189	157.695
Q9UL62_PF00520_376_635	7WDB_C	CTR_1	131.167	143.519	168.019
Q9ULC3_PF00071_11_169	8YL3_A	CTR_0	14.022	-16.636	-9.137
Q9ULV1_PF01392_45_151	5BQE_C	CTR_0	-11.123	-14.3	-28.049
Q9ULW5_PF00071_65_226	2G6B_A	CTR_0	13.31	12.059	18.745
Q9ULW8_PF03068_284_661	7D56_C	CTR_0	40.487	14.681	30.241
Q9ULX7_PF00194_28_278	5CJF_A	CTR_0	67.757	37.504	-2.106
Q9UM07_PF03068_284_660	3B1U_A	CTR_0	-23.962	16.162	-22.464
Q9UM07_PF03068_284_660	3B1U_A	CTR_1	-26.928	9.994	-27.101
Q9UM07_PF03068_284_660	3B1U_A	CTR_2	-13.773	10.865	-2.835
Q9UM54_PF00063_59_759	8W41_A	CTR_0	170.701	183.263	147.761
Q9UM73_PF07714_1116_1382	9GBE_A	CTR_0	-21.051	10.442	-8.437
Q9UM73_PF07714_1116_1382	9GBE_A	CTR_1	-7.191	24.783	-14.785
Q9UNA0_PF01421_269_476	3HYG_A	CTR_0	14.465	3.471	-5.589
Q9UNA4_PF00817_58_235	3OSN_A	CTR_0	1.82	22.706	17.39
Q9UNN5_PF00789_569_647	3QWZ_B	CTR_0	-8.387	-87.284	-18.024
Q9UNN8_PF16497_8_192	3JTC_A	CTR_0	-5.11	2.854	24.434
Q9UNN8_PF16497_8_192	3JTC_A	CTR_1	-6.813	1.738	33.046
Q9UNQ2_PF00398_30_255	1ZQ9_A	CTR_0	-1.923	35.018	-1.592
Q9UNU6_PF00067_37_491	7LYX_A	CTR_0	-18.27	-1.783	11.637
Q9UNU6_PF00067_37_491	7LYX_A	CTR_1	-21.031	-7.122	12.786
Q9UNU6_PF00067_37_491	7LYX_A	CTR_2	-22.117	-14.612	14.57
Q9UP95_PF00324_124_300	7TTI_A	CTR_0	121.169	118.719	124.609
Q9UP95_PF03522_709_824	7AIP_B	CTR_0	112.887	135.045	187.473
Q9UPC5_PF00001_71_327	8XBH_R	CTR_0	113.699	104.242	139.056
Q9UPN9_PF00439_966_1050	8BDY_A	CTR_0	-26.68	-45.062	-5.083
Q9UQB9_PF00069_43_293	6GR8_A	CTR_0	25.755	7.865	-2.659
Q9UQB9_PF00069_43_293	6GR8_A	CTR_1	25.271	10.076	-9.149
Q9UQG0_PF00078_76_245	7SR6_F	CTR_0	-61.579	-73.096	16.642
Q9UQM7_PF00069_13_271	7UJT_A	CTR_0	49.176	19.122	50.452
Q9UQM7_PF08332_346_473	9EOY_C	CTR_0	-16.806	-47.227	-25.022
Q9UQM7_PF08332_346_473	9EOY_C	CTR_1	-22.316	-40.517	-27.548
Q9Y210_PF00520_486_738	6UZA_C	CTR_0	186.696	153.248	153.309
Q9Y223_PF00480_410_714	2YHW_A	CTR_0	-9.799	30.657	17.093
Q9Y223_PF00480_410_714	2YHW_A	CTR_1	-5.907	40.786	24.069
Q9Y223_PF02350_37_375	4ZHT_B	CTR_0	-35.235	50.667	69.521
Q9Y223_PF02350_37_375	4ZHT_B	CTR_1	-33.032	41.655	72.669
Q9Y230_PF06068_21_364	9C57_F	CTR_0	219.846	195.466	244.768
Q9Y231_PF00852_183_356	8D0U_A	CTR_0	91.113	89.565	46.273
Q9Y233_PF00233_790_1020	2OUR_A	CTR_0	3.605	13.943	40.379
Q9Y233_PF01590_544_688	2ZMF_A	CTR_0	7.453	24.885	48.992
Q9Y251_PF03662_165_370	5L9Z_A	CTR_0	-19.71	15.38	60.828
Q9Y253_PF00817_12_227	7M7N_A	CTR_0	-21.138	44.228	6.171
Q9Y255_PF04707_16_171	6I3V_B	CTR_0	-50.545	52.612	-15.759
Q9Y257_PF07885_181_257	9MEK_B	CTR_0	135.567	145.566	122.481
Q9Y259_PF01633_72_382	3FEG_A	CTR_0	32.03	51.642	7.816
Q9Y259_PF01633_72_382	3FEG_A	CTR_1	23.148	59.183	2.883
Q9Y265_PF06068_14_368	9C57_C	CTR_0	206.738	134.595	205.295
Q9Y2C3_PF01762_72_260	8ZWP_A	CTR_0	22.832	1.739	33.88
Q9Y2G5_PF10250_45_399	4AP6_B	CTR_0	-7.264	-47.757	5.9
Q9Y2J2_PF00373_192_301	5RYS_A	CTR_0	8.353	-3.473	-35.746
Q9Y2J2_PF09380_305_390	5RZG_A	CTR_0	-9.334	4.887	-5.354
Q9Y2J8_PF03068_285_662	9DOL_A	CTR_0	384.724	-14.355	89.683
Q9Y2K2_PF00069_66_317	8R4V_B	CTR_0	-3.697	-1.631	-4.149
Q9Y2N7_PF14598_241_344	4WN5_A	CTR_0	11.368	-28.437	-4.246
Q9Y2Q0_PF13246_479_664	6K7K_A	CTR_0	112.719	118.807	160.102
Q9Y2Q3_PF01323_7_210	3RPN_F	CTR_0	-1.63	-70.468	35.469
Q9Y2R4_PF00270_189_361	3DKP_A	CTR_0	26.596	3.117	33.17
Q9Y2S2_PF02737_9_189	3F3S_A	CTR_0	-24.017	3.964	-11.517
Q9Y2T3_PF01979_74_447	4AQL_A	CTR_0	4.801	-25.638	2.48
Q9Y2T5_PF00001_57_317	8HMP_R	CTR_0	119.86	133.215	165.759
Q9Y2T6_PF00001_56_288	9GE2_R	CTR_0	124.109	143.171	101.132
Q9Y2Z4_PF00579_74_374	2PID_A	CTR_0	-0.402	3.243	23.517
Q9Y316_PF01875_9_291	7M8H_C	CTR_0	31.533	11.765	63.685
Q9Y337_PF00089_67_285	6QFE_B	CTR_0	-5.332	-3.069	71.407
Q9Y397_PF01529_137_261	8HF3_A	CTR_0	116.076	107.419	108.442
Q9Y3I0_PF01139_68_505	8ODO_G	CTR_0	-49.17	51.506	-5.379
Q9Y3Q0_PF04389_347_550	3FED_A	CTR_0	18.647	43.156	17.917
Q9Y3Q4_PF00027_614_696	3OTF_A	CTR_0	-22.497	-21.155	13.99
Q9Y3Q4_PF00520_263_523	6GYN_A	CTR_0	177.493	153.316	124.305
Q9Y3Q4_PF00520_263_523	6GYN_A	CTR_1	165.674	144.172	140.419
Q9Y450_PF00009_258_476	5LZZ_jj	CTR_0	288.74	332.991	216.268
Q9Y463_PF00069_111_431	8C2Z_A	CTR_0	-19.442	-26.666	1.508
Q9Y468_PF02820_417_484	6BYB_A	CTR_0	16.058	47.272	-0.853
Q9Y468_PF02820_521_587	2RHI_A	CTR_0	5.927	-0.413	18.599
Q9Y4U1_PF16690_20_234	7WUZ_A	CTR_0	-20.649	9.213	21.375
Q9Y4U1_PF16690_20_234	7WUZ_A	CTR_1	-31.438	7.61	7.856
Q9Y4U1_PF16690_20_234	7WUZ_A	CTR_2	-18.883	0.541	31.002
Q9Y530_PF01661_36_134	4J5R_B	CTR_0	-4.528	68.43	46.887
Q9Y572_PF00069_22_280	7MX3_A	CTR_0	10.584	22.08	22.547
Q9Y5A9_PF04146_411_544	7Z5M_A	CTR_0	17.625	25.569	-9.549
Q9Y5K2_PF00089_31_247	7JQK_E	CTR_0	39.511	15.834	-3.093
Q9Y5K2_PF00089_31_247	7JQK_E	CTR_1	38.266	22.812	-17.292
Q9Y5M8_PF09439_62_241	7NFX_v	CTR_0	330.775	102.595	273.863
Q9Y5N5_PF05175_29_127	9FKW_A	CTR_0	-34.912	-6.742	-13.995
Q9Y5P4_PF01852_415_618	2E3P_B	CTR_0	19.016	62.285	53.765
Q9Y5P6_PF00483_2_230	7D73_F	CTR_0	146.838	191.165	108.799
Q9Y5S2_PF00069_76_342	5OTE_A	CTR_0	16.149	0.757	28.824
Q9Y5W5_PF02019_38_171	2YGO_A	CTR_0	1.735	-14.373	16.088
Q9Y5W5_PF02019_38_171	2YGO_A	CTR_1	2.842	-24.695	24.417
Q9Y5X0_PF00787_42_123	4ON3_A	CTR_0	96.708	1.092	-8.087
Q9Y5X0_PF00787_42_123	4ON3_A	CTR_1	97.386	-0.66	1.132
Q9Y5Y4_PF00001_50_304	8XXV_A	CTR_0	124.817	106.899	85.341
Q9Y5Y6_PF00089_615_849	3NCL_A	CTR_0	20.206	29.533	24.794
Q9Y5Y9_PF00520_1151_1427	9DBN_A	CTR_0	149.427	150.757	144.625
Q9Y5Y9_PF00520_1476_1732	7WE4_A	CTR_0	136.968	136.314	128.589
Q9Y5Z0_PF00026_92_430	7D5B_A	CTR_0	22.195	-7.84	-19.176
Q9Y600_PF00282_49_416	2JIS_B	CTR_0	-1.592	97.026	59.033
Q9Y616_PF00069_166_441	6ZIW_I	CTR_0	27.627	-27.917	-8.218
Q9Y617_PF00266_8_357	8A5V_A	CTR_0	16.831	-72.354	10.883
Q9Y657_PF02513_54_102	4H75_A	CTR_0	30.248	2.365	5.435
Q9Y663_PF00685_153_388	6XKG_A	CTR_0	44.207	-49.32	84.373
Q9Y689_PF00025_12_174	2H17_A	CTR_0	12.657	26.282	23.794
Q9Y697_PF00266_60_421	6UXE_A	CTR_0	38.156	59.608	71.431
Q9Y697_PF00266_60_421	6UXE_A	CTR_1	44.848	65.193	100.97
Q9Y6A2_PF00067_34_469	7N6F_A	CTR_0	-10.611	-1.322	22.132
Q9Y6A2_PF00067_34_469	7N6F_A	CTR_1	-17.998	-0.037	22.009
Q9Y6B6_PF00025_12_197	8E0D_A	CTR_0	26.159	8.359	349.922
Q9Y6E0_PF00069_36_286	3A7J_A	CTR_0	-0.4	23.677	16.537
Q9Y6E0_PF00069_36_286	3A7J_A	CTR_1	20.994	3.141	5.721
Q9Y6F1_PF00644_335_532	4GV2_A	CTR_0	-8.013	-5.258	12.29
Q9Y6K0_PF01066_82_228	8GYX_A	CTR_0	129.099	128.116	101.153
Q9Y6K0_PF01066_82_228	8GYX_A	CTR_1	132.772	124.701	88.271
Q9Y6K1_PF00145_634_766	6W8B_K	CTR_0	63.774	111.95	-3.66
Q9Y6K1_PF00855_293_374	3LLR_C	CTR_0	22.145	27.866	7.762
Q9Y6L6_PF03137_29_621	8K6L_A	CTR_0	116.49	119.999	122.222
Q9Y6M4_PF00069_43_259	2IZR_A	CTR_0	8.244	32.469	26.468
Q9Y6M9_PF05347_14_72	5XTI_p	CTR_0	217.69	219.692	286.916
Q9Y6N5_PF07992_44_160	8DHK_B	CTR_0	13.495	4.89	-9.326
Q9Y6W6_PF00782_329_460	7UMV_A	CTR_0	-32.474	5.295	-10.643
Q9Y6X5_PF01663_28_339	4LQY_A	CTR_0	-32.919	141.753	17.895
Q9Y6X9_PF13589_30_169	5OF9_A	CTR_0	-14.292	-29.326	-5.228
Q9Y6Y9_PF02221_32_151	2E56_A	CTR_0	-2.992	19.938	18.224
