Domain	Reference	Res	Number of structures	Numb pockets	Aligned ligands	Pocket info
A0AVT1_PF00899_449_931	7PVN_A	2.71	2	1	2	0(2)
A0FGR8_PF17047_191_370	4P42_A	2.44	4	2	4	0(2),1(2)
A1L3X0_PF01151_30_266	6Y7F_B	2.052	2	1	2	0(2)
A1Z1Q3_PF01661_88_201	4IQY_A	1.55	2	1	2	0(2)
A6NGN9_PF07686_42_123	6DLD_C	3.3	2	1	2	0(2)
A6NHR9_PF13589_143_277	6MW7_C	2.194	4	1	4	0(4)
A6NJ78_PF01795_71_405	7PNX_b	2.76	9	1	9	0(9)
B2RXH2_PF02373_176_292	2W2I_A	2.1	3	1	3	0(3)
L0R8F8_PF05347_8_58	7OIC_v	3.1	1	1	1	0(1)
O00139_PF00225_229_552	6BBN_E	3.514	2	1	2	0(2)
O00141_PF00069_98_355	2R5T_A	1.9	4	1	4	0(4)
O00151_PF00595_5_81	2PKT_A	1.5	1	1	1	0(1)
O00159_PF00063_49_718	4BYF_A	2.74	2	1	2	0(2)
O00167_PF00702_269_513	5ZMA_A	3.175	8	1	8	0(8)
O00187_PF00089_445_679	9D40_A	1.76	4	1	4	0(4)
O00194_PF00071_11_182	2F7S_A	2.7	2	1	2	0(2)
O00204_PF00685_60_304	1Q20_A	2.3	8	3	8	0(4),1(3),2(1)
O00212_PF00071_19_188	7KDC_A	3.1	3	1	3	0(3)
O00214_PF00337_18_150	7P1M_B	1.52	6	1	6	0(6)
O00222_PF01094_75_477	6E5V_B	2.95	2	1	2	0(2)
O00238_PF07714_204_489	3MDY_A	2.05	2	1	2	0(2)
O00255_PF05053_3_499	8VA5_A	1.3	55	3	55	0(46),1(5),2(4)
O00268_PF07531_592_682	2P6V_A	2	3	3	3	0(1),1(1),2(1)
O00311_PF00069_58_207	6YA6_A	1.44	9	1	9	0(9)
O00327_PF14598_339_441	8RW8_B	2.16	2	1	2	0(2)
O00329_PF00454_774_990	5DXU_A	2.64	4	1	4	0(4)
O00338_PF00685_39_288	3BFX_A	1.8	1	1	1	0(1)
O00370_PF00078_517_773	8C8J_A	2.1	3	1	3	0(3)
O00370_PF03372_11_230	8SP7_A	1.83	1	1	1	0(1)
O00391_PF04777_405_504	3LLI_A	2.05	4	1	4	0(4)
O00398_PF00001_52_305	8KGG_R	3.06	1	1	1	0(1)
O00408_PF00233_655_887	5U00_D	1.41	130	1	130	0(130)
O00411_PF00940_831_1205	8U8V_E	2.74	1	1	1	0(1)
O00418_PF02816_139_318	8GM5_A	2.12	4	1	4	0(4)
O00429_PF00350_28_217	3W6P_B	1.7	14	1	14	0(14)
O00444_PF00069_12_265	3COK_B	2.25	5	1	5	0(5)
O00482_PF00104_332_522	6VC2_A	1.697	28	1	28	0(28)
O00506_PF00069_20_270	7Z4V_A	1.644	3	1	3	0(3)
O00560_PF00595_115_191	7FSX_B	1.91	2	1	2	0(2)
O00560_PF00595_200_270	7FT9_C	1.77	29	2	29	0(25),1(4)
O00602_PF00147_115_325	2JHM_F	1.52	1	1	1	0(1)
O00625_PF02678_22_118	6N0K_A	1.46	6	1	6	0(6)
O00757_PF00316_13_198	3IFA_D	1.93	21	1	21	0(21)
O00763_PF02785_651_757	3JRX_A	2.5	1	1	1	0(1)
O00764_PF08543_94_274	8WR2_A	1.94	14	1	14	0(14)
O14508_PF00017_48_129	7ZLM_A	1.79	9	1	9	0(9)
O14520_PF00230_30_272	8C9H_A	3.2	8	1	8	0(8)
O14522_PF00102_912_1142	2OOQ_A	1.8	1	1	1	0(1)
O14607_PF02373_1080_1188	4UF0_B	1.78	6	1	6	0(6)
O14638_PF01663_161_486	6C02_A	1.942	2	1	2	0(2)
O14641_PF00778_13_89	4WIP_A	2.691	3	1	3	0(3)
O14656_PF06309_44_169	5J1S_A	1.399	2	1	2	0(2)
O14672_PF13574_243_445	8ESV_A	3.3	1	1	1	0(1)
O14684_PF01124_16_146	4AL0_A	1.16	16	2	16	0(14),1(2)
O14733_PF00069_122_380	6IB0_A	2.6	26	1	26	0(26)
O14744_PF05185_297_464	9MGQ_A	1.85	139	2	139	0(89),1(50)
O14744_PF17285_37_290	6V0P_A	1.88	5	1	5	0(5)
O14744_PF17286_467_635	6UXY_A	2.57	2	1	2	0(2)
O14746_PF21399_968_1097	5UGW_A	2.31	1	1	1	0(1)
O14757_PF00069_11_264	2YEX_A	1.3	161	3	161	0(158),1(2),2(1)
O14782_PF00225_16_257	3B6V_B	2.7	2	1	2	0(2)
O14786_PF00754_290_421	5JGI_B	1.38	10	1	10	0(10)
O14792_PF00685_55_294	1ZRH_A	2.1	1	1	1	0(1)
O14807_PF00071_15_176	7TXH_A	1.95	13	1	13	0(13)
O14842_PF00001_23_274	8EJC_R	3.0	4	2	4	0(3),1(1)
O14843_PF00001_32_276	8J20_D	3.2	1	1	1	0(1)
O14874_PF02518_268_401	8F5J_A	2.545	3	1	3	0(3)
O14874_PF10436_70_222	9DI9_A	2.155	6	1	6	0(6)
O14920_PF00069_16_290	4KIK_B	2.83	2	1	2	0(2)
O14931_PF07686_23_127	3NOI_A	1.842	1	1	1	0(1)
O14936_PF00069_12_276	3C0I_A	1.85	24	1	24	0(24)
O14965_PF00069_133_383	5L8L_A	1.67	255	5	255	0(20),1(189),2(8),3(36),4(2)
O14966_PF00071_9_174	6HH2_A	1.449	2	1	2	0(2)
O14976_PF00069_43_312	5Y80_A	2.5	10	2	10	0(9),1(1)
O14994_PF02750_193_395	2P0A_B	1.9	2	1	2	0(2)
O15054_PF02373_1377_1485	2XXZ_B	1.8	6	1	6	0(6)
O15066_PF00225_15_340	3B6U_B	1.8	2	1	2	0(2)
O15075_PF00069_390_647	5JZJ_A	1.71	12	2	12	0(11),1(1)
O15111_PF00069_16_290	5EBZ_J	4.5	12	1	12	0(12)
O15118_PF16414_23_266	6W5S_A	3.0	8	1	8	0(8)
O15164_PF00439_908_988	4YBT_A	1.82	14	1	14	0(14)
O15178_PF00907_44_218	5QSK_A	1.55	7	3	7	0(3),1(3),2(1)
O15229_PF01494_10_324	5X68_B	2.1	2	1	2	0(2)
O15244_PF00083_149_524	8ET9_A	3.61	1	1	1	0(1)
O15245_PF00083_148_523	8JTZ_A	3.27	7	1	7	0(7)
O15264_PF00069_28_308	5EKO_A	2	4	1	4	0(4)
O15270_PF00155_169_528	7K0K_B	2.6	23	1	23	0(23)
O15294_PF13844_476_1016	4GYW_A	1.7	79	1	79	0(79)
O15296_PF00305_211_656	8VIY_A	2.34	4	1	4	0(4)
O15382_PF01063_100_350	5MPR_A	1.6	90	2	90	0(89),1(1)
O15393_PF00089_256_484	8V04_B	1.58	16	4	16	0(13),1(1),2(1),3(1)
O15399_PF00060_584_856	9D3B_D	3.71	1	1	1	0(1)
O15439_PF00664_714_991	8ZBR_A	2.92	2	1	2	0(2)
O15496_PF00068_46_149	5OWC_A	1.75	10	1	10	0(10)
O15527_PF00730_143_285	7AYY_EEE	2	5	1	5	0(5)
O15530_PF00069_83_330	5LVO_A	1.09	94	3	94	0(23),1(69),2(2)
O15540_PF00061_8_131	7E25_A	1.6	14	1	14	0(14)
O15550_PF02373_1133_1241	6FUL_A	1.649	3	1	3	0(3)
O15552_PF00001_25_272	8Y6W_R	3.19	12	5	12	0(5),1(4),2(1),3(1),4(1)
O43148_PF03291_137_475	5E9W_B	2.283	6	1	6	0(6)
O43159_PF05148_238_456	2ZFU_A	2	2	1	2	0(2)
O43169_PF00173_29_99	3NER_B	1.45	2	1	2	0(2)
O43173_PF00777_117_370	5BO7_A	1.85	8	1	8	0(8)
O43175_PF00389_9_317	6RJ3_B	1.42	29	1	29	0(29)
O43175_PF02826_112_285	5NZO_B	1.29	50	1	50	0(50)
O43189_PF18104_34_69	8H43_C	2.3	3	1	3	0(3)
O43252_PF01583_51_203	2PEZ_A	1.4	27	2	27	0(14),1(13)
O43252_PF01747_394_617	1XNJ_B	1.98	6	1	6	0(6)
O43292_PF04114_125_615	7WLD_G	2.53	2	1	2	0(2)
O43293_PF00069_13_275	3BHY_A	1.24	9	1	9	0(9)
O43318_PF07714_36_283	2EVA_A	2	1	1	1	0(1)
O43353_PF07714_22_288	5NG0_B	2	62	1	62	0(62)
O43414_PF00929_147_319	7LPZ_A	1.55	12	1	12	0(12)
O43451_PF01055_370_726	3L4U_A	1.9	6	2	6	0(2),1(4)
O43488_PF00248_41_346	2BP1_D	2.4	4	1	4	0(4)
O43502_PF08423_100_348	8OUZ_B	2.2	3	1	3	0(3)
O43504_PF16672_1_88	3MSH_A	1.51	1	1	1	0(1)
O43520_PF13246_524_711	8OX5_A	2.9	1	1	1	0(1)
O43526_PF00520_96_321	9IXY_C	3.1	12	2	12	0(8),1(4)
O43570_PF00194_39_289	9FN7_A	1.12	130	1	130	0(130)
O43598_PF05014_23_119	9DA4_A	1.73	20	1	20	0(20)
O43613_PF00001_63_358	6TOD_A	2.11	52	10	52	0(34),1(6),2(3),3(3),4(1),5(1),6(1),7(1),8(1),9(1)
O43614_PF00001_71_364	7XRR_A	2.89	4	1	4	0(4)
O43617_PF04051_19_165	1SZ7_A	1.55	5	1	5	0(5)
O43683_PF00069_790_1004	6F7B_A	2	6	2	6	0(5),1(1)
O43704_PF00685_38_288	3CKL_B	2	5	2	5	0(3),1(2)
O43708_PF13409_14_81	1FW1_A	1.9	1	1	1	0(1)
O43709_PF08241_58_130	7WTU_q	3.0	3	1	3	0(3)
O43766_PF04055_133_295	9C19_C	2.58	3	1	3	0(3)
O43776_PF00152_226_541	8TC8_C	1.9	12	1	12	0(12)
O43781_PF00069_209_522	5Y86_A	1.9	1	1	1	0(1)
O43809_PF13869_36_222	5R4Q_B	1.49	12	2	12	0(10),1(2)
O43824_PF01926_297_390	7OF6_C	2.6	3	1	3	0(3)
O43865_PF00670_289_449	3MTG_B	2.64	2	1	2	0(2)
O43865_PF05221_239_529	3MTG_B	2.64	2	1	2	0(2)
O43909_PF09258_663_904	8OG4_B	2.1	4	1	4	0(4)
O43913_PF13191_8_154	7CTE_E	3.8	4	1	4	0(4)
O43924_PF05351_10_149	5ML3_B	1.4	36	1	36	0(36)
O60218_PF00248_17_292	1ZUA_X	1.25	91	8	91	0(11),1(11),2(11),3(31),4(6),5(5),6(15),7(1)
O60313_PF00350_291_469	6JTG_A	2.4	25	1	25	0(25)
O60341_PF01593_288_825	6KGP_A	2.25	158	2	158	0(120),1(38)
O60493_PF00787_58_147	7BLO_L	9.5	2	1	2	0(2)
O60502_PF07555_62_342	5M7U_A	2.3	22	1	22	0(22)
O60507_PF13469_70_262	5WRI_A	1.6	6	1	6	0(6)
O60547_PF16363_27_358	6GPK_B	1.47	64	2	64	0(32),1(32)
O60551_PF01233_143_296	6PAU_A	1.93	2	1	2	0(2)
O60568_PF25342_37_279	6FXR_A	2.1	16	1	16	0(16)
O60658_PF00233_555_807	3ECN_B	2.1	9	1	9	0(9)
O60674_PF07714_546_805	8BA3_A	1.4	56	1	56	0(56)
O60674_PF07714_849_1120	8BXH_A	1.3	246	2	246	0(173),1(73)
O60678_PF06325_255_328	2FYT_A	2	1	1	1	0(1)
O60678_PF22528_364_522	3SMQ_A	2	4	1	4	0(4)
O60701_PF03721_5_190	5VR8_D	1.999	83	1	83	0(83)
O60704_PF13469_69_262	3AP1_B	1.9	8	1	8	0(8)
O60741_PF00027_494_576	6UQF_D	3.04	28	1	28	0(28)
O60741_PF00520_143_403	9BC6_D	2.5	20	2	20	0(16),1(4)
O60760_PF02798_5_72	7JR8_A	1.13	89	1	89	0(89)
O60779_PF01770_28_458	8Z7Z_A	3.23	2	1	2	0(2)
O60825_PF01591_27_249	5HTK_A	2.01	2	1	2	0(2)
O60841_PF00009_632_843	8PJ5_0	2.9	4	1	4	0(4)
O60882_PF00413_116_271	2JSD_A	NOT	1	1	1	0(1)
O60885_PF00439_357_444	4Z93_A	1.27	63	1	63	0(63)
O60885_PF00439_70_151	4QB3_A	0.94	451	4	451	0(447),1(2),2(1),3(1)
O60911_PF00112_114_332	7QGW_A	1.3	4	1	4	0(4)
O75116_PF00069_92_354	8X92_A	2.2	59	1	59	0(59)
O75144_PF07686_20_129	6X4G_C	3.5	1	1	1	0(1)
O75164_PF02373_175_291	3PDQ_A	1.989	118	1	118	0(118)
O75173_PF01421_218_428	4WK7_A	1.24	7	1	7	0(7)
O75191_PF02782_296_479	4BC2_A	1.97	3	1	3	0(3)
O75208_PF08511_213_284	6DEW_B	2	1	1	1	0(1)
O75367_PF01661_213_326	3IID_A	1.9	4	1	4	0(4)
O75385_PF00069_17_278	4WNO_A	1.56	28	1	28	0(28)
O75390_PF00285_71_450	8ZVT_A	2.05	3	1	3	0(3)
O75417_PF00270_104_272	9BPA_A	3.21	6	1	6	0(6)
O75417_PF00476_2098_2584	7ZUS_CCC	2.26	36	2	36	0(27),1(9)
O75460_PF00069_575_832	7BMK_B	1.85	33	2	33	0(30),1(3)
O75469_PF00104_243_411	9FZJ_A	1.6	63	1	63	0(63)
O75582_PF00069_429_686	3KN5_A	2.4	11	1	11	0(11)
O75608_PF02230_11_225	5SYM_B	1.55	11	1	11	0(11)
O75628_PF00071_82_243	2NZJ_B	2.5	4	1	4	0(4)
O75643_PF00270_482_660	8BCE_B	2.05	3	1	3	0(3)
O75689_PF00169_131_228	3MDB_C	2.952	2	1	2	0(2)
O75716_PF00069_22_286	2BUJ_A	2.6	2	1	2	0(2)
O75751_PF07690_159_485	7ZHA_A	3.55	2	1	2	0(2)
O75762_PF00520_745_971	6PQQ_A	2.81	12	2	12	0(8),1(4)
O75794_PF07065_14_314	8PHV_C	1.97	4	1	4	0(4)
O75828_PF00106_6_148	2HRB_A	1.9	1	1	1	0(1)
O75844_PF01435_229_472	6BH8_B	3.85	2	1	2	0(2)
O75844_PF16491_41_225	5SYT_A	2	2	2	2	0(1),1(1)
O75874_PF00180_11_380	6BKX_B	1.65	194	4	194	0(130),1(6),2(48),3(10)
O75891_PF00551_1_180	2CFI_A	1.85	1	1	1	0(1)
O75897_PF00685_45_294	2GWH_A	1.8	2	1	2	0(2)
O75899_PF00003_477_743	6WIV_B	3.3	2	1	2	0(2)
O75907_PF03062_155_474	6VP0_E	3.1	10	2	10	0(8),1(2)
O75908_PF03062_151_494	7N6Q_D	3.87	24	4	24	0(4),1(8),2(4),3(8)
O75914_PF00069_283_534	6FD3_A	1.52	1	1	1	0(1)
O75936_PF02668_114_366	4C5W_A	1.7	14	2	14	0(8),1(6)
O75940_PF06003_72_122	4A4H_A	NOT	2	1	2	0(2)
O76039_PF00069_14_296	8CIE_A	2.2	3	1	3	0(3)
O76054_PF00650_84_243	4OMJ_A	1.6	10	1	10	0(10)
O76074_PF00233_612_845	5JO3_B	1.49	46	2	46	0(44),1(2)
O76083_PF00233_311_539	4Y86_A	2.01	50	1	50	0(50)
O76090_PF01062_1_324	9DYL_D	2.6	8	1	8	0(8)
O94759_PF18139_141_397	8E6U_B	3.2	33	1	33	0(33)
O94766_PF03360_96_312	3CU0_A	1.9	5	1	5	0(5)
O94768_PF00069_36_293	6ZJF_A	1.75	10	1	10	0(10)
O94788_PF00171_46_509	6ALJ_B	1.89	32	2	32	0(16),1(16)
O94804_PF00069_37_294	6EIM_A	1.43	25	1	25	0(25)
O94925_PF04960_244_530	3VP1_A	2.3	3	1	3	0(3)
O94953_PF02373_176_292	4LXL_A	1.87	2	1	2	0(2)
O95045_PF01048_60_310	3P0F_A	1.54	7	1	7	0(7)
O95050_PF01234_4_259	2A14_A	1.7	1	1	1	0(1)
O95057_PF00071_9_165	2GF0_A	1.9	4	1	4	0(4)
O95136_PF00001_50_288	7T6B_R	3.19	1	1	1	0(1)
O95140_PF00350_99_258	6JFK_A	1.997	1	1	1	0(1)
O95154_PF00248_13_318	2CLP_G	3	11	1	11	0(11)
O95251_PF01853_393_570	7D0P_A	1.8	14	2	14	0(7),1(7)
O95271_PF00644_1116_1281	6QXU_A	1.2	84	1	84	0(84)
O95340_PF01583_41_192	8I1O_A	2.4	17	2	17	0(11),1(6)
O95340_PF01747_384_606	7FHA_B	2	2	1	2	0(2)
O95372_PF02230_13_227	5SYN_A	1.64	6	2	6	0(4),1(2)
O95398_PF00027_268_347	6H7E_A	2.3	2	1	2	0(2)
O95433_PF08327_217_331	8Z3J_A	1.52	1	1	1	0(1)
O95445_PF11032_1_186	2YG2_A	1.7	4	1	4	0(4)
O95470_PF00282_196_448	8AYF_B	1.84	4	1	4	0(4)
O95486_PF08033_744_828	5VNL_B	2.394	3	1	3	0(3)
O95568_PF13489_182_322	4RFQ_A	2.4	1	1	1	0(1)
O95619_PF03366_42_121	5R68_B	1.64	4	1	4	0(4)
O95696_PF00439_572_653	5POU_B	1.43	55	1	55	0(55)
O95696_PF00855_931_1037	4Z02_A	1.87	2	1	2	0(2)
O95716_PF00071_24_183	2GF9_A	1.53	1	1	1	0(1)
O95718_PF00104_241_415	6LIT_A	2	2	1	2	0(2)
O95747_PF00069_17_291	2VWI_D	2.15	7	1	7	0(7)
O95749_PF00348_10_250	6R4V_B	2.202	19	1	19	0(19)
O95819_PF00069_25_289	4U43_A	2.18	17	1	17	0(17)
O95822_PF05292_193_456	4F0X_B	3.29	4	1	4	0(4)
O95861_PF00459_12_295	2WEF_A	1.8	1	1	1	0(1)
O95989_PF00293_20_139	8G9C_A	1.4	1	1	1	0(1)
O96013_PF00069_326_572	5VEF_A	1.752	33	1	33	0(33)
O96017_PF00069_221_486	2YCF_A	1.77	34	1	34	0(34)
O96019_PF00022_8_428	9C57_L	2.75	11	1	11	0(11)
O96028_PF00855_223_303	6XCG_A	1.64	34	1	34	0(34)
O96028_PF00856_1074_1180	5LSU_A	2.14	3	1	3	0(3)
P00156_PF00033_19_204	5XTI_AJ	17.4	12	2	12	0(6),1(6)
P00167_PF00173_13_84	2I96_A	NOT	1	1	1	0(1)
P00325_PF00107_203_331	1U3U_A	1.6	17	1	17	0(17)
P00325_PF08240_35_162	1U3U_A	1.6	4	1	4	0(4)
P00326_PF00107_203_336	1U3W_B	1.45	4	1	4	0(4)
P00326_PF08240_34_162	1U3W_A	1.45	2	1	2	0(2)
P00338_PF00056_22_160	5W8K_D	1.6	145	2	145	0(143),1(2)
P00338_PF02866_164_324	4RLS_D	1.91	48	1	48	0(48)
P00352_PF00171_29_492	7JWW_A	1.6	44	3	44	0(20),1(8),2(16)
P00374_PF00186_5_185	1KMV_A	1.05	198	1	198	0(198)
P00387_PF00970_45_151	1UMK_A	1.75	12	1	12	0(12)
P00390_PF12831_66_177	2GH5_B	1.7	4	2	4	0(3),1(1)
P00395_PF00115_14_460	5Z62_A	3.6	2	2	2	0(1),1(1)
P00414_PF00510_6_261	5Z62_C	3.6	1	1	1	0(1)
P00439_PF00351_119_449	6HYC_B	3.18	17	2	17	0(2),1(15)
P00441_PF00080_15_150	4A7U_A	0.98	7	4	7	0(4),1(1),2(1),3(1)
P00480_PF00185_187_340	1OTH_A	1.85	1	1	1	0(1)
P00491_PF01048_27_276	4EAR_B	1.7	65	1	65	0(65)
P00492_PF00156_42_195	4RAO_D	1.871	75	1	75	0(75)
P00505_PF00155_58_425	8SKR_A	2.99	2	1	2	0(2)
P00519_PF07714_242_492	5HU9_A	1.529	104	3	104	0(80),1(9),2(15)
P00533_PF07714_714_966	8A2D_A	1.11	514	1	514	0(514)
P00558_PF00162_9_406	2WZB_A	1.47	26	2	26	0(25),1(1)
P00568_PF00406_13_168	2C95_A	1.71	5	1	5	0(5)
P00734_PF00089_364_613	4YES_B	1.5	372	5	372	0(365),1(2),2(2),3(2),4(1)
P00740_PF00089_227_454	5JB9_S	1.3	23	2	23	0(22),1(1)
P00742_PF00089_235_462	2JKH_A	1.25	139	1	139	0(139)
P00746_PF00089_26_248	5NAT_A	1.17	54	1	54	0(54)
P00747_PF00051_103_181	4CIK_A	1.78	3	1	3	0(3)
P00747_PF00051_185_262	1B2I_A	NOT	1	1	1	0(1)
P00747_PF00089_581_803	5UGG_A	1.2	11	2	11	0(3),1(8)
P00748_PF00089_373_609	6X0T_B	1.388	10	1	10	0(10)
P00749_PF00089_179_419	1OWE_A	1.6	113	3	113	0(110),1(2),2(1)
P00750_PF00089_311_556	1RTF_B	2.3	5	1	5	0(5)
P00751_PF00089_489_730	1RTK_A	2.3	1	1	1	0(1)
P00797_PF00026_85_404	3K1W_B	1.5	157	1	157	0(157)
P00813_PF00962_10_349	3IAR_A	1.52	1	1	1	0(1)
P00915_PF00194_12_261	7Q0D_B	1.24	81	1	81	0(81)
P00918_PF00194_11_259	6BC9_A	0,1.8	751	22	751	0(705),1(2),2(4),3(2),4(4),5(2),6(4),7(2),8(2),9(2),10(2),11(2),12(2),13(2),14(2),15(2),16(2),17(2),18(2),19(2),20(1),21(1)
P01008_PF00079_86_461	1DZH_I	2.85	1	1	1	0(1)
P01009_PF00079_54_415	7AEL_AAA	1.76	3	1	3	0(3)
P01011_PF00079_52_420	6HGE_A	2.8	16	7	16	0(4),1(2),2(4),3(2),4(2),5(1),6(1)
P01111_PF00071_5_164	9BG8_A	1.2	28	2	28	0(25),1(3)
P01112_PF00071_5_164	2CE2_X	1	261	5	261	0(46),1(7),2(204),3(3),4(1)
P01116_PF00071_5_164	8ONV_A	1.01	943	3	943	0(697),1(244),2(2)
P01215_PF00236_28_115	1HCN_A	2.6	1	1	1	0(1)
P01584_PF00340_147_264	5R87_A	1.47	3	2	3	0(2),1(1)
P01889_PF00129_25_203	3VRI_A	1.6	6	1	6	0(6)
P02008_PF00042_28_137	3W4U_C	1.95	5	1	5	0(5)
P02042_PF00042_27_142	1SHR_B	1.88	4	1	4	0(4)
P02100_PF00042_27_141	1A9W_F	2.9	2	1	2	0(2)
P02144_PF00042_28_141	3RGK_A	1.65	1	1	1	0(1)
P02549_PF00435_1714_1817	5J4O_A	1.54	1	1	1	0(1)
P02671_PF00147_630_862	1FZD_H	2.1	2	1	2	0(2)
P02689_PF00061_7_131	6S2M_A	0.72	48	1	48	0(48)
P02708_PF02931_24_230	9DMH_A	2.06	7	1	7	0(7)
P02730_PF00955_378_554	8T6V_A	2.95	10	1	10	0(10)
P02730_PF00955_565_889	7TY8_B	3.18	2	1	2	0(2)
P02741_PF00354_25_220	7TBA_I	3.5	20	1	20	0(20)
P02743_PF00354_26_219	4AVS_A	1.399	10	1	10	0(10)
P02753_PF00061_39_173	5NU2_A	1.5	27	1	27	0(27)
P02766_PF00576_34_138	9H7C_A	1.27	1	1	1	0(1)
P02768_PF00273_223_394	6YG9_A	1.89	244	3	244	0(138),1(102),2(4)
P02768_PF00273_31_202	6YG9_A	1.89	162	4	162	0(52),1(108),2(1),3(1)
P02768_PF00273_414_592	9IK6_A	1.69	362	10	362	0(8),1(8),2(70),3(234),4(3),5(33),6(2),7(2),8(1),9(1)
P02771_PF00273_222_393	8X1N_A	3.31	2	2	2	0(1),1(1)
P02771_PF00273_415_592	8X1N_A	3.31	2	2	2	0(1),1(1)
P02774_PF00273_27_199	1J78_B	2.31	3	1	3	0(3)
P02778_PF00048_29_88	1LV9_A	NOT	1	1	1	0(1)
P02794_PF00210_19_159	9JQC_C	1.73	116	2	116	0(108),1(8)
P03372_PF00104_337_530	7UJO_B	1.449	780	1	780	0(780)
P03951_PF00089_388_618	7MBO_A	0.924	105	2	105	0(103),1(2)
P03952_PF00089_391_621	6I44_A	1.36	8	2	8	0(4),1(4)
P03956_PF00413_108_261	1HFC_A	1.5	7	1	7	0(7)
P03999_PF00001_49_300	8Y02_R	2.61	1	1	1	0(1)
P04000_PF00001_71_322	8IU2_R	3.35	1	1	1	0(1)
P04001_PF00001_71_322	8Y01_R	2.48	1	1	1	0(1)
P04035_PF00368_492_871	1DQA_C	2	30	3	30	0(6),1(14),2(10)
P04040_PF00199_28_410	1DGF_C	1.5	80	3	80	0(61),1(17),2(2)
P04049_PF07714_351_605	9AY7_A	2.41	5	1	5	0(5)
P04062_PF02055_117_466	9FA6_A	1.49	42	1	42	0(42)
P04070_PF00089_213_445	1AUT_C	2.8	2	1	2	0(2)
P04150_PF00104_558_735	4UDD_A	1.8	59	3	59	0(55),1(2),2(2)
P04179_PF00081_25_106	1XIL_A	1.53	12	4	12	0(4),1(3),2(4),3(1)
P04179_PF02777_113_216	1XIL_B	1.53	16	4	16	0(4),1(4),2(4),3(4)
P04181_PF00202_50_436	8V9M_C	1.61	97	1	97	0(97)
P04183_PF00265_19_189	1W4R_B	1.83	26	1	26	0(26)
P04278_PF00054_75_204	1D2S_A	1.55	13	1	13	0(13)
P04439_PF00129_25_203	5C0E_A	1.491	1	1	1	0(1)
P04626_PF07714_722_975	8VB5_A	1.48	15	1	15	0(15)
P04629_PF07714_512_781	4PMP_A	1.8	56	1	56	0(56)
P04637_PF00870_100_288	6GGC_B	1.24	111	5	111	0(94),1(8),2(2),3(5),4(2)
P04798_PF00067_40_491	4I8V_A	2.6	43	2	43	0(24),1(19)
P04818_PF00303_32_313	1HVY_B	1.9	156	1	156	0(156)
P04839_PF01794_79_219	8WEJ_B	2.79	5	1	5	0(5)
P04839_PF08030_401_550	8WEJ_B	2.79	1	1	1	0(1)
P05089_PF00491_7_301	4HWW_A	1.298	94	1	94	0(94)
P05090_PF00061_44_182	2HZQ_A	1.8	1	1	1	0(1)
P05091_PF00171_45_508	1O04_C	1.42	162	2	162	0(114),1(48)
P05093_PF00067_28_492	6WR1_A	1.85	134	3	134	0(66),1(66),2(2)
P05106_PF07965_632_717	8T2V_B	3.4	1	1	1	0(1)
P05108_PF00067_52_511	3N9Y_A	2.1	16	2	16	0(8),1(8)
P05121_PF00079_35_402	4IC0_C	2.32	6	2	6	0(5),1(1)
P05164_PF03098_173_717	5MFA_A	1.2	69	2	69	0(63),1(6)
P05177_PF00067_42_493	2HI4_A	1.95	2	2	2	0(1),1(1)
P05181_PF00067_33_489	3E6I_B	2.2	26	1	26	0(26)
P05230_PF00167_27_148	1RML_A	NOT	1	1	1	0(1)
P05413_PF00061_7_132	7FEZ_A	0.76	79	2	79	0(78),1(1)
P05543_PF00079_46_412	4X30_A	1.55	5	1	5	0(5)
P05549_PF03299_211_405	8J0R_A	2.1	1	1	1	0(1)
P05556_PF00362_138_382	8W30_B	2.45	1	1	1	0(1)
P05771_PF00069_343_598	2I0E_A	2.6	2	1	2	0(2)
P05981_PF00089_163_400	5CE1_A	2.5	4	1	4	0(4)
P06126_PF16497_1_196	5J1A_A	1.86	17	1	17	0(17)
P06132_PF01208_15_360	1R3S_A	1.65	7	1	7	0(7)
P06213_PF07714_1023_1289	3BU3_A	1.65	24	2	24	0(13),1(11)
P06239_PF07714_245_493	1QPC_A	1.6	61	2	61	0(25),1(36)
P06241_PF07714_271_520	2DQ7_X	2.8	2	2	2	0(1),1(1)
P06276_PF00135_31_550	6ZWI_A	1.85	84	3	84	0(82),1(1),2(1)
P06280_PF16499_39_322	3HG3_A	1.9	25	3	25	0(20),1(4),2(1)
P06401_PF00104_715_887	1SQN_A	1.451	33	1	33	0(33)
P06493_PF00069_4_287	6GU2_A	2	9	1	9	0(9)
P06576_PF00006_186_405	8H9S_D	2.53	13	1	13	0(13)
P06730_PF01652_38_197	8QM8_A	1.585	24	2	24	0(9),1(15)
P06737_PF00343_114_828	3DDS_B	1.8	74	3	74	0(36),1(27),2(11)
P06744_PF00342_54_546	6XUH_D	2.38	2	1	2	0(2)
P06746_PF14792_149_262	9ICV_A	2.7	5	1	5	0(5)
P06858_PF00151_30_338	6OB0_A	2.81	4	1	4	0(4)
P07101_PF00351_195_524	6ZVP_D	4.0	12	1	12	0(12)
P07108_PF00887_3_78	2CB8_B	1.4	1	1	1	0(1)
P07148_PF14651_1_127	3VG7_A	1.44	87	3	87	0(16),1(58),2(13)
P07195_PF00056_23_161	7DBJ_D	1.551	34	1	34	0(34)
P07306_PF00059_172_279	9G76_A	1.199	4	1	4	0(4)
P07327_PF00107_203_335	1U3T_B	2.49	4	1	4	0(4)
P07327_PF08240_34_162	1U3T_A	2.49	2	1	2	0(2)
P07332_PF07714_562_814	3CBL_A	1.75	7	2	7	0(6),1(1)
P07333_PF07714_582_910	8JOT_A	1.69	10	1	10	0(10)
P07360_PF00061_48_184	2OVD_A	1.8	1	1	1	0(1)
P07384_PF00648_56_352	7W7O_A	1.59	3	1	3	0(3)
P07437_PF00091_3_211	8V2J_B	2.9	23	1	23	0(23)
P07550_PF00001_50_326	9BUY_R	2.9	82	1	82	0(82)
P07686_PF00728_200_516	1NOW_B	2.2	10	1	10	0(10)
P07711_PF00112_115_332	2XU3_A	0.9	130	2	130	0(129),1(1)
P07741_PF00156_33_158	6FCL_A	1.5	13	1	13	0(13)
P07814_PF00587_1113_1284	7X09_B	1.7	56	2	56	0(42),1(14)
P07858_PF00112_80_328	8B4T_A	1.45	13	1	13	0(13)
P07864_PF00056_21_160	7EPM_B	3	2	1	2	0(2)
P07900_PF13589_43_159	6TN5_AAA	1.165	422	2	422	0(416),1(6)
P07902_PF01087_23_196	6GQD_A	1.523	3	1	3	0(3)
P07948_PF07714_247_496	5XY1_A	2.7	2	1	2	0(2)
P07949_PF07714_725_1005	7DUA_A	1.64	57	3	57	0(15),1(35),2(7)
P08069_PF07714_999_1265	8PYN_AAA	1.71	86	3	86	0(62),1(4),2(20)
P08134_PF00071_7_177	2GCO_A	1.4	6	1	6	0(6)
P08183_PF00664_52_343	9CTC_A	3.6	1	1	1	0(1)
P08183_PF00664_712_986	9CTF_A	3.9	1	1	1	0(1)
P08185_PF00079_42_404	2VDY_B	2.3	6	1	6	0(6)
P08235_PF00104_767_943	4PF3_A	1.1	47	1	47	0(47)
P08238_PF13589_39_154	6N8Y_A	1.55391	53	1	53	0(53)
P08240_PF00448_419_636	6Y32_H	2.6	6	1	6	0(6)
P08246_PF00089_30_242	5ABW_A	1.6	13	1	13	0(13)
P08254_PF00413_108_264	1HY7_B	1.5	38	2	38	0(37),1(1)
P08263_PF02798_6_77	6ATR_B	1.29	22	1	22	0(22)
P08311_PF00089_21_238	7H6G_A	1.21	9	2	9	0(8),1(1)
P08319_PF00107_208_331	3COS_B	2.1	1	1	1	0(1)
P08397_PF01379_21_232	7AAK_A	1.7	24	2	24	0(22),1(2)
P08473_PF01431_543_749	6SUK_A	1.75	12	1	12	0(12)
P08519_PF00051_1274_1351	4BVW_B	2	2	1	2	0(2)
P08519_PF00051_1616_1693	4BVC_A	1.6	4	1	4	0(4)
P08559_PF00676_67_361	2OZL_A	1.9	17	1	17	0(17)
P08574_PF02167_96_312	5XTI_AU	17.4	6	1	6	0(6)
P08581_PF07714_1078_1336	4R1V_A	1.2	125	4	125	0(120),1(3),2(1),3(1)
P08588_PF00001_75_377	8S2T_R	3.3	1	1	1	0(1)
P08631_PF00017_144_226	5H0B_A	1.651	40	1	40	0(40)
P08631_PF07714_262_511	5H0B_A	1.651	44	1	44	0(44)
P08684_PF00067_39_493	5VCC_A	1.7	263	1	263	0(263)
P08686_PF00067_49_479	4Y8W_A	2.64	12	2	12	0(6),1(6)
P08709_PF00089_213_447	5PAX_C	1.36	101	3	101	0(99),1(1),2(1)
P08754_PF00503_14_343	2ODE_A	1.9	24	1	24	0(24)
P08842_PF00884_27_413	8EG3_A	2.04	2	1	2	0(2)
P08913_PF00001_65_441	6KUX_A	2.7	3	2	3	0(2),1(1)
P08922_PF07714_1948_2215	4UXL_A	2.4	7	1	7	0(7)
P09210_PF02798_6_77	4ACS_A	2.1	11	1	11	0(11)
P09211_PF02798_6_74	5J41_A	1.19035	104	1	104	0(104)
P09237_PF00413_103_259	2Y6D_A	1.6	6	1	6	0(6)
P09238_PF00413_107_263	1Q3A_C	2.1	3	1	3	0(3)
P09382_PF00337_10_134	8R74_A	1.54	2	1	2	0(2)
P09417_PF00106_13_194	1HDR_A	2.5	1	1	1	0(1)
P09455_PF00061_6_133	5HBS_A	0.89	19	1	19	0(19)
P09467_PF00316_13_198	7WJV_D	1.724	240	2	240	0(239),1(1)
P09488_PF02798_5_82	1XW6_B	1.9	7	1	7	0(7)
P09601_PF01126_12_216	1N45_B	1.5	60	2	60	0(10),1(50)
P09622_PF07992_43_370	6I4R_B	1.439	100	3	100	0(76),1(16),2(8)
P09651_PF00076_107_166	9F4R_A	1.59	1	1	1	0(1)
P09769_PF00017_144_226	7UY0_A	2.55	2	1	2	0(2)
P09769_PF07714_263_512	7UY0_A	2.55	3	2	3	0(2),1(1)
P09871_PF00089_438_675	8GMN_A	2.6	5	1	5	0(5)
P09874_PF00644_808_1007	6NRH_A	1.5	158	1	158	0(158)
P09884_PF00136_775_1227	4QCL_A	2.2	5	1	5	0(5)
P09917_PF00305_222_658	6N2W_B	2.71	1	1	1	0(1)
P09936_PF01088_5_205	8EDE_A	1.799	2	1	2	0(2)
P09958_PF00082_144_427	7LCU_A	1.24	15	1	15	0(15)
P09960_PF01433_235_440	3U9W_A	1.25	82	1	82	0(82)
P09960_PF17900_20_202	3FUD_A	2.2	1	1	1	0(1)
P0C024_PF00293_41_156	5QHH_A	1.52	31	2	31	0(30),1(1)
P0C1S8_PF00069_214_482	5VDK_A	2.7	1	1	1	0(1)
P0CG47_PF00240_155_226	5XPK_B	2.274	2	2	2	0(1),1(1)
P0DJD7_PF00026_75_387	1QRP_E	1.96	1	1	1	0(1)
P0DJI8_PF00277_23_122	4IP8_D	2.193	5	1	5	0(5)
P0DMM9_PF00685_38_287	2A3R_B	2.6	4	2	4	0(2),1(2)
P0DMS8_PF00001_29_282	8X17_R	3.19	2	1	2	0(2)
P0DMV8_PF00012_6_611	7KW7_C	3.57	1	1	1	0(1)
P0DP23_PF13499_12_73	5V02_R	1.78	4	1	4	0(4)
P0DP23_PF13499_83_147	6HCS_A	2	2	1	2	0(2)
P0DPD7_PF08241_64_172	2PXX_A	1.3	1	1	1	0(1)
P10114_PF00071_5_165	1KAO_A	1.7	4	1	4	0(4)
P10153_PF00074_33_158	2C01_X	1.24	5	1	5	0(5)
P10253_PF01055_361_712	8CB1_A	1.75	5	2	5	0(3),1(2)
P10275_PF00104_699_878	8E1A_A	1.2	99	4	99	0(94),1(3),2(1),3(1)
P10276_PF00104_227_399	9GFE_A	1.583	15	1	15	0(15)
P10301_PF00071_31_191	2FN4_A	1.65	3	1	3	0(3)
P10398_PF07714_311_565	9AXM_B	2.42	1	1	1	0(1)
P10415_PF00452_97_195	8HTS_A	1.25	21	2	21	0(18),1(3)
P10586_PF00102_1664_1897	6KR4_A	2.85	3	1	3	0(3)
P10599_PF00085_6_102	5DQY_A	1.4	2	2	2	0(1),1(1)
P10619_PF00450_39_476	4CIB_A	1.89	2	1	2	0(2)
P10632_PF00067_30_487	2NNJ_A	2.28	17	3	17	0(7),1(7),2(3)
P10635_PF00067_34_493	3TBG_B	2.1	102	2	102	0(94),1(8)
P10644_PF00027_274_359	5KJZ_A	1.347	3	1	3	0(3)
P10721_PF07714_590_922	3G0E_A	1.6	3	2	3	0(2),1(1)
P10809_PF00118_47_546	9ES2_C	2.44	146	1	146	0(146)
P10826_PF00104_227_399	4DM6_B	1.9	14	1	14	0(14)
P10827_PF00104_215_376	3ILZ_A	1.85	10	1	10	0(10)
P10828_PF00104_269_435	6KKB_X	1.7	38	1	38	0(38)
P11021_PF00012_30_635	6ASY_A	1.85	11	1	11	0(11)
P11047_PF00055_50_284	8DMK_G	3.7	1	1	1	0(1)
P11086_PF01234_16_279	4MIK_A	1.9506	153	2	153	0(88),1(65)
P11166_PF00083_19_466	6THA_A	2.4	6	1	6	0(6)
P11169_PF00083_14_465	4ZW9_A	1.502	10	4	10	0(2),1(3),2(3),3(2)
P11172_PF00156_46_162	2WNS_A	1.9	1	1	1	0(1)
P11172_PF00215_252_466	7OUZ_A	0.9	81	2	81	0(80),1(1)
P11216_PF00343_114_828	5IKO_A	2.5	2	1	2	0(2)
P11217_PF00343_115_828	1Z8D_A	2.3	1	1	1	0(1)
P11229_PF00001_42_418	9JEA_A	3.4	1	1	1	0(1)
P11233_PF00071_16_176	6P0I_B	1.18	25	2	25	0(18),1(7)
P11234_PF00071_16_177	6ZRN_B	1.482	6	1	6	0(6)
P11245_PF00797_20_279	2PFR_A	1.92	2	1	2	0(2)
P11309_PF00069_38_290	3A99_A	1.6	187	3	187	0(185),1(1),2(1)
P11362_PF07714_479_754	5EW8_A	1.63	121	2	121	0(120),1(1)
P11387_PF01028_432_664	1K4T_A	2.1	6	1	6	0(6)
P11388_PF02518_80_176	9BQB_B	1.5	22	1	22	0(22)
P11413_PF00479_35_210	7SNH_C	2.2	25	1	25	0(25)
P11413_PF02781_212_503	6JYU_A	1.89	42	2	42	0(36),1(6)
P11473_PF00104_228_402	3B0T_A	1.3	48	1	48	0(48)
P11474_PF00104_226_394	3K6P_A	1.996	5	1	5	0(5)
P11498_PF00682_698_806	3BG3_D	2.8	4	1	4	0(4)
P11498_PF02786_151_358	7WTE_C	3.3	6	1	6	0(6)
P11509_PF00067_34_490	2FDV_C	1.65	91	2	91	0(46),1(45)
P11511_PF00067_49_484	5JKV_A	2.75	23	3	23	0(11),1(11),2(1)
P11586_PF02882_146_293	1A4I_B	1.5	31	1	31	0(31)
P11597_PF02886_245_478	2OBD_A	2.1	6	2	6	0(3),1(3)
P11712_PF00067_30_487	5A5I_A	2	50	3	50	0(21),1(25),2(4)
P11766_PF00107_202_331	2FZW_A	1.84	13	1	13	0(13)
P11802_PF00069_6_295	9CSK_D	2.253	3	1	3	0(3)
P11926_PF00278_40_387	7S3G_A	1.66	16	1	16	0(16)
P11926_PF02784_45_281	7S3G_B	1.66	16	1	16	0(16)
P12104_PF00061_6_131	3AKM_B	1.9	6	1	6	0(6)
P12268_PF00478_29_504	8G8F_A	2.6	332	31	332	0(8),1(2),2(2),3(8),4(4),5(2),6(8),7(8),8(2),9(2),10(2),11(9),12(2),13(4),14(13),15(2),16(2),17(21),18(8),19(9),20(2),21(2),22(8),23(8),24(2),25(35),26(41),27(55),28(43),29(17),30(1)
P12271_PF00650_143_291	3HX3_A	1.69	4	1	4	0(4)
P12277_PF00217_154_366	3B6R_B	2	2	1	2	0(2)
P12532_PF00217_186_399	9B14_B	2.2	40	1	40	0(40)
P12544_PF00089_29_254	1ORF_A	2.4	1	1	1	0(1)
P12694_PF00676_106_405	2BFF_A	1.46	26	2	26	0(23),1(3)
P12821_PF01401_41_623	5AMB_B	1.55	80	4	80	0(70),1(7),2(2),3(1)
P12821_PF01401_644_1221	6H5W_A	1.37	41	4	41	0(11),1(26),2(3),3(1)
P12883_PF00063_88_766	9GZ2_A	2.9	15	3	15	0(10),1(2),2(3)
P12931_PF00017_151_233	1O4R_A	1.5	19	1	19	0(19)
P12931_PF07714_271_518	7NG7_A	1.5	39	4	39	0(33),1(2),2(2),3(2)
P13051_PF03167_141_301	3FCI_A	1.27	7	1	7	0(7)
P13497_PF01400_130_317	6BTQ_A	1.75	5	2	5	0(3),1(2)
P13569_PF00005_441_575	6ZE1_A	2.705	1	1	1	0(1)
P13569_PF00664_82_350	8GLS_A	3.8	1	1	1	0(1)
P13569_PF00664_863_1147	8UBR_A	2.7	2	1	2	0(2)
P13591_PF00041_510_603	2E3V_C	1.95	1	1	1	0(1)
P13631_PF00104_228_398	1FCY_A	1.3	11	1	11	0(11)
P13637_PF13246_408_587	8D3U_A	3.7	1	1	1	0(1)
P13639_PF00009_18_229	8XSX_CB	2.4	1	1	1	0(1)
P13716_PF00490_10_326	1E51_A	2.83	2	1	2	0(2)
P13804_PF00766_211_291	1EFV_A	2.1	2	1	2	0(2)
P13807_PF05693_31_662	7Q13_A	3.0	4	1	4	0(4)
P13866_PF00474_58_492	7WMV_A	3.2	1	1	1	0(1)
P13995_PF02882_174_330	5TC4_A	1.89	21	2	21	0(19),1(2)
P14061_PF00106_5_196	1I5R_A	1.6	31	2	31	0(27),1(4)
P14174_PF01187_2_115	9BNQ_C	1.09	133	1	133	0(133)
P14207_PF03024_30_205	4KN0_A	2.1	6	1	6	0(6)
P14210_PF00051_128_206	7OCM_A	1.7	30	1	30	0(30)
P14210_PF00051_211_288	7OCM_A	1.7	1	1	1	0(1)
P14324_PF00348_110_374	5CG5_A	1.402,2.4	59	3	59	0(36),1(21),2(2)
P14410_PF01055_345_702	3LPP_C	2.15	1	1	1	0(1)
P14555_PF00068_22_130	3U8I_A	1.1	28	1	28	0(28)
P14618_PF00224_43_375	3GR4_A	1.6	3	1	3	0(3)
P14625_PF13589_101_221	7ULL_A	2.31	3	1	3	0(3)
P14672_PF00083_28_483	7WSM_A	3.25	2	1	2	0(2)
P14735_PF16187_422_702	4RE9_B	2.908	1	1	1	0(1)
P14784_PF18707_32_123	7S2S_D	1.93	1	1	1	0(1)
P14784_PF25788_141_231	7S2S_B	1.93	3	1	3	0(3)
P14867_PF02931_43_250	7QNE_D	2.7	3	1	3	0(3)
P14902_PF01231_13_397	9FOZ_A	1.694	320	22	320	0(2),1(8),2(8),3(8),4(8),5(8),6(8),7(8),8(8),9(8),10(8),11(8),12(8),13(8),14(8),15(8),16(175),17(15),18(4),19(2),20(1),21(1)
P14920_PF01266_2_329	7U9U_B	1.66	118	2	118	0(70),1(48)
P15056_PF07714_457_712	8C7X_A	1.65	172	1	172	0(172)
P15085_PF00246_128_405	2V77_B	1.603	11	2	11	0(10),1(1)
P15090_PF00061_6_131	7FXV_A	0.88	254	2	254	0(253),1(1)
P15104_PF00120_114_356	9OTP_C	1.95	75	1	75	0(75)
P15121_PF00248_16_289	1US0_A	0.66	303	1	303	0(303)
P15144_PF01433_316_543	4FYR_A	1.91	1	1	1	0(1)
P15144_PF17900_81_279	6U7E_A	3	1	1	1	0(1)
P15153_PF00071_5_176	2W2T_A	1.95	8	1	8	0(8)
P15170_PF00009_72_271	5LZT_jj	3.65	1	1	1	0(1)
P15291_PF13733_130_262	4EEA_A	2	1	1	1	0(1)
P15309_PF00328_34_331	1ND5_C	2.9	9	2	9	0(7),1(2)
P15328_PF03024_36_211	4KM6_A	1.55	16	2	16	0(15),1(1)
P15374_PF01088_6_214	7YV4_A	1.58	1	1	1	0(1)
P15428_PF00106_6_198	2GDZ_A	1.65	11	2	11	0(4),1(7)
P15531_PF00334_5_138	8OOV_C	1.7	18	1	18	0(18)
P15538_PF00067_42_489	7E7F_A	1.4	7	2	7	0(6),1(1)
P15559_PF02525_5_210	8OK0_A	1.6	122	2	122	0(121),1(1)
P15735_PF00069_24_291	2Y7J_A	2.5	4	1	4	0(4)
P15813_PF16497_1_198	6V7Y_A	2.4	24	2	24	0(22),1(2)
P15907_PF00777_173_384	6QVT_B	1.7	4	1	4	0(4)
P16083_PF02525_4_212	4FGL_C	1.2	135	2	135	0(129),1(6)
P16118_PF01591_31_251	1K6M_A	2.4	2	1	2	0(2)
P16152_PF00106_7_146	1WMA_A	1.24	9	1	9	0(9)
P16233_PF00151_17_352	1LPB_B	2.46	2	2	2	0(1),1(1)
P16278_PF01301_40_356	3WF1_D	2	20	1	20	0(20)
P16422_PF21283_141_253	4MZV_A	1.865	1	1	1	0(1)
P16435_PF00175_530_640	3QFS_A	1.4	11	1	11	0(11)
P16435_PF00258_82_219	3QE2_B	1.75	11	1	11	0(11)
P16442_PF03414_41_353	6GX2_A	1.07	114	3	114	0(24),1(89),2(1)
P16444_PF01244_26_351	1ITU_B	2	2	1	2	0(2)
P16455_PF01035_96_173	1EH8_A	2.5	1	1	1	0(1)
P16473_PF00001_431_678	7UTZ_R	2.4	5	2	5	0(4),1(1)
P16615_PF13246_410_604	6LN5_A	2.8	4	1	4	0(4)
P16671_PF01130_14_462	5LGD_A	2.07	3	3	3	0(1),1(1),2(1)
P16871_PF00041_131_221	3UP1_B	2.15	1	1	1	0(1)
P17050_PF16499_25_308	4DO4_B	1.4	4	1	4	0(4)
P17081_PF00071_11_182	2ATX_B	2.65	2	1	2	0(2)
P17174_PF00155_32_405	6DNB_A	1.7	18	3	18	0(16),1(1),2(1)
P17213_PF02886_249_486	1EWF_A	1.7	2	1	2	0(2)
P17252_PF00069_340_583	8U37_A	2.48	6	1	6	0(6)
P17302_PF00029_3_232	7XQF_D	2.3	36	2	36	0(24),1(12)
P17516_PF00248_19_300	2FVL_A	2.4	3	1	3	0(3)
P17540_PF00217_187_400	4Z9M_D	2.1	6	1	6	0(6)
P17612_PF00069_44_298	4WB8_A	1.55	47	1	47	0(47)
P17643_PF00264_184_416	5M8S_B	2.2	23	1	23	0(23)
P17706_PF00102_42_274	7UAD_A	2.044	2	1	2	0(2)
P17735_PF00155_72_434	3DYD_B	2.3	2	1	2	0(2)
P17752_PF00351_106_435	8CJK_A	1.45915	19	1	19	0(19)
P17812_PF06418_2_272	7MGZ_F	2.8	20	2	20	0(12),1(8)
P17858_PF00365_18_323	8W2H_D	2.6	28	1	28	0(28)
P17900_PF02221_33_189	2AG4_A	1.8	17	2	17	0(15),1(2)
P17931_PF00337_117_246	6RZK_A	1.046	8	1	8	0(8)
P17980_PF00004_223_355	5T0H_F	6.8	1	1	1	0(1)
P17987_PF00118_28_533	7NVL_A	2.5	60	1	60	0(60)
P18031_PF00102_40_276	8G65_B	1.45	149	11	149	0(93),1(3),2(5),3(7),4(8),5(12),6(15),7(3),8(1),9(1),10(1)
P18054_PF00305_211_644	8GHE_A	2.05	7	2	7	0(6),1(1)
P18075_PF00019_330_430	1LXI_A	2	1	1	1	0(1)
P18085_PF00025_6_176	1Z6X_B	2.7	2	1	2	0(2)
P18440_PF00797_20_280	2PQT_A	1.78	1	1	1	0(1)
P18505_PF02931_39_242	9CXD_D	3.36	1	1	1	0(1)
P18669_PF00300_6_128	7XB9_B	1.58	21	1	21	0(21)
P18858_PF01068_542_746	9BS4_A	2.4	7	1	7	0(7)
P19099_PF00067_42_491	4DVQ_D	2.49	106	1	106	0(106)
P19113_PF00282_36_414	4E1O_F	1.8	18	2	18	0(6),1(12)
P19367_PF03727_674_907	1DGK_N	2.8	1	1	1	0(1)
P19447_PF04851_315_471	7NVV_7	2.9	3	1	3	0(3)
P19474_PF00622_341_459	9QBA_A	1.45	5	1	5	0(5)
P19525_PF00069_267_534	8QEL_B	2.451	5	1	5	0(5)
P19623_PF01564_76_260	2O07_B	1.89	11	2	11	0(9),1(2)
P19634_PF00999_110_503	7DSX_B	3.5	2	1	2	0(2)
P19652_PF00061_40_179	7OUB_B	1.82	8	1	8	0(8)
P19784_PF00069_40_325	6TGU_A	0.833	35	2	35	0(33),1(2)
P19793_PF00104_265_441	7A77_A	1.5	116	2	116	0(115),1(1)
P19801_PF01179_301_708	3HI7_A	1.799	11	2	11	0(9),1(2)
P19835_PF00135_26_542	6H18_A	1.85	3	1	3	0(3)
P19971_PF00591_110_340	1UOU_A	2.11	1	1	1	0(1)
P20132_PF00291_8_303	4H27_A	1.3	2	1	2	0(2)
P20151_PF00089_25_253	4NFF_A	1.9	2	1	2	0(2)
P20231_PF00089_31_267	9QFU_D	1.983	42	3	42	0(14),1(20),2(8)
P20337_PF00071_24_183	3DZ8_A	1.9	5	1	5	0(5)
P20338_PF00071_15_175	2BME_D	1.57	8	1	8	0(8)
P20339_PF00071_22_181	1R2Q_A	1.05	21	1	21	0(21)
P20340_PF00071_15_173	1YZQ_A	1.78	13	1	13	0(13)
P20393_PF00104_437_611	8D8I_A	2.504	1	1	1	0(1)
P20591_PF00350_73_248	4P4S_B	3.3	2	1	2	0(2)
P20701_PF00092_156_325	2O7N_A	1.75	14	1	14	0(14)
P20711_PF00282_35_414	8OR9_A	1.9	10	1	10	0(10)
P20807_PF00648_75_415	6BJD_A	2.8	1	1	1	0(1)
P20813_PF00067_31_487	5UFG_A	1.76	73	5	73	0(55),1(13),2(2),3(2),4(1)
P20815_PF00067_39_492	6MJM_A	2.2	66	3	66	0(8),1(28),2(30)
P20839_PF00478_29_504	8U8O_F	2.4	325	12	325	0(91),1(5),2(8),3(8),4(4),5(2),6(101),7(45),8(16),9(16),10(15),11(14)
P21127_PF00069_441_723	7UKZ_A	2.6	6	1	6	0(6)
P21359_PF13716_1602_1735	3PG7_A	2.189	12	1	12	0(12)
P21397_PF01593_23_460	2Z5Y_A	2.17	12	2	12	0(6),1(6)
P21439_PF00664_58_345	7NIW_A	3.8	1	1	1	0(1)
P21453_PF00001_62_311	7TD4_R	2.6	9	1	9	0(9)
P21462_PF00001_43_301	7VFX_R	2.8	2	1	2	0(2)
P21549_PF00266_44_376	5HHY_A	1.7	43	2	43	0(30),1(13)
P21554_PF00001_133_397	8GHV_D	2.8	11	2	11	0(10),1(1)
P21589_PF02872_341_512	7PBB_A	1.47	5	2	5	0(4),1(1)
P21673_PF00583_47_144	2B58_A	1.95	8	1	8	0(8)
P21675_PF00439_1411_1491	6FIC_T	2.18	1	1	1	0(1)
P21675_PF00439_1537_1616	5I29_A	1.21	21	1	21	0(21)
P21695_PF01210_5_172	6PYP_A	1.95	9	1	9	0(9)
P21728_PF00001_40_331	7JVP_R	2.9	25	4	25	0(2),1(21),2(1),3(1)
P21730_PF00001_54_300	5O9H_A	2.7	3	2	3	0(2),1(1)
P21731_PF00001_42_308	8XJN_R	3.06	2	1	2	0(2)
P21796_PF01459_4_276	5XDO_A	3.1	3	2	3	0(2),1(1)
P21802_PF07714_481_757	2PVF_A	1.8	102	3	102	0(91),1(7),2(4)
P21860_PF07714_711_964	6OP9_A	2.501	11	1	11	0(11)
P21964_PF01596_77_225	3BWY_A	1.3	13	2	13	0(11),1(2)
P22033_PF01642_63_575	2XIQ_A	1.95	10	3	10	0(6),1(3),2(1)
P22059_PF01237_418_795	7V62_C	3.25	4	1	4	0(4)
P22061_PF01135_9_221	1I1N_A	1.5	2	1	2	0(2)
P22087_PF01269_88_314	7SE7_A	1.75	9	1	9	0(9)
P22102_PF00551_809_988	4ZZ1_A	1.351	72	2	72	0(44),1(28)
P22102_PF01071_105_298	2QK4_B	2.45	2	1	2	0(2)
P22234_PF00731_267_404	6YB8_B	2.36	2	1	2	0(2)
P22234_PF01259_12_238	6YB8_B	2.36	10	3	10	0(2),1(6),2(2)
P22303_PF00135_39_563	4M0E_B	2	110	1	110	0(110)
P22392_PF00334_5_138	8PYW_B	1.553	27	1	27	0(27)
P22413_PF01663_212_538	6WFJ_AcA	2.5	6	1	6	0(6)
P22455_PF07714_468_743	8KH9_A	1.42	47	1	47	0(47)
P22557_PF00155_190_536	5QR1_B	1.44	54	1	54	0(54)
P22607_PF07714_472_748	9D1X_A	1.6	19	2	19	0(17),1(2)
P22680_PF00067_32_495	3V8D_A	1.9	10	2	10	0(4),1(6)
P22736_PF00104_402_578	4REF_A	2.1	8	3	8	0(6),1(1),2(1)
P22748_PF00194_41_284	5JNC_D	2	23	1	23	0(23)
P22830_PF00762_68_388	3HCN_A	1.6	92	2	92	0(54),1(38)
P22888_PF00001_376_623	7FIH_R	3.2	1	1	1	0(1)
P22894_PF00413_107_262	1I76_A	1.2	24	3	24	0(18),1(5),2(1)
P23141_PF00135_23_547	9KWL_A	1.83	86	4	86	0(65),1(16),2(4),3(1)
P23258_PF00091_4_214	3CB2_B	2.303	59	1	59	0(59)
P23368_PF03949_280_534	9AYI_A	1.89	58	1	58	0(58)
P23381_PF00579_152_439	1R6U_A	2	8	2	8	0(7),1(1)
P23443_PF00069_91_352	3WF7_A	1.85	23	1	23	0(23)
P23458_PF07714_876_1147	6N7A_B	1.33	157	2	157	0(78),1(79)
P23467_PF00102_1727_1960	2H03_A	1.65	11	2	11	0(10),1(1)
P23470_PF00102_874_1118	3QCK_A	2.05	12	1	12	0(12)
P23471_PF00102_1750_1991	5H08_A	2.53	1	1	1	0(1)
P23526_PF00670_191_352	1LI4_A	2.01	21	1	21	0(21)
P23526_PF05221_141_431	1LI4_A	2.01	32	2	32	0(21),1(11)
P23677_PF03770_245_455	8PPI_B	1.65	4	1	4	0(4)
P23919_PF02223_11_191	1NN5_A	1.5	43	2	43	0(23),1(20)
P23921_PF02867_216_738	6L3R_A	2	39	3	39	0(26),1(8),2(5)
P23921_PF03477_1_89	3HNE_B	3.11	8	1	8	0(8)
P23945_PF00001_379_626	8I2G_R	2.8	1	1	1	0(1)
P23946_PF00089_22_240	7H66_A	1.13	34	1	34	0(34)
P23975_PF00209_56_579	8ZP2_A	2.4	38	5	38	0(27),1(4),2(2),3(4),4(1)
P24046_PF02931_81_280	9FRB_A	2.05	5	1	5	0(5)
P24462_PF00067_39_492	7MK8_A	2.15	29	4	29	0(6),1(6),2(14),3(3)
P24530_PF00001_118_384	6IGK_A	2	1	1	1	0(1)
P24666_PF01451_9_154	7KH8_A	1.3	8	2	8	0(7),1(1)
P24723_PF00069_355_614	8FP1_A	1.85	3	1	3	0(3)
P24752_PF00108_42_298	2F2S_C	2	1	1	1	0(1)
P24821_PF00147_1980_2189	5R62_A	1.4	2	1	2	0(2)
P24941_PF00069_4_286	6Q4H_A	1	568	6	568	0(553),1(7),2(3),3(2),4(2),5(1)
P25090_PF00001_43_302	7T6S_R	3.0	1	1	1	0(1)
P25098_PF00069_191_453	3V5W_A	2.07	18	1	18	0(18)
P25103_PF00001_49_305	7P00_R	2.71	2	1	2	0(2)
P25105_PF00001_33_293	8XYD_A	2.9	1	1	1	0(1)
P25106_PF00001_62_315	7SK8_A	3.3	4	2	4	0(3),1(1)
P25205_PF00493_282_505	7W1Y_B	2.59	20	1	20	0(20)
P25311_PF00129_26_201	1T7V_A	1.95	6	1	6	0(6)
P25440_PF00439_353_440	6DDJ_A	1.05	136	1	136	0(136)
P25440_PF00439_86_167	6DDI_A	1.5	80	1	80	0(80)
P25774_PF00112_115_329	9GJ2_A	1.15	66	2	66	0(65),1(1)
P25786_PF00227_29_215	5LE5_S	1.8	17	1	17	0(17)
P26196_PF00271_321_429	6S8S_A	2.21	3	1	3	0(3)
P26358_PF00145_1140_1593	7SFD_A	2.09	8	1	8	0(8)
P26639_PF00587_399_608	4HWT_A	2.3	5	2	5	0(3),1(2)
P27037_PF00069_200_472	3SOC_A	1.95	4	1	4	0(4)
P27144_PF00406_10_189	2BBW_A	2.05	2	1	2	0(2)
P27338_PF01593_14_451	9FJT_BBB	1.4	235	3	235	0(73),1(97),2(65)
P27361_PF00069_42_330	4QTB_A	1.4	7	3	7	0(2),1(4),2(1)
P27448_PF00069_56_307	8UOJ_A	1.6	9	1	9	0(9)
P27487_PF00326_561_763	1N1M_A	2.5	2	1	2	0(2)
P27694_PF04057_5_104	4O0A_A	1.2	14	1	14	0(14)
P27695_PF03372_65_309	7TC2_C	1.43	4	1	4	0(4)
P27707_PF01712_24_257	2NO7_A	1.7	236	1	236	0(236)
P27815_PF00233_432_671	2QYK_B	2.1	6	1	6	0(6)
P28039_PF00657_257_542	5W7C_C	2.23	5	2	5	0(3),1(2)
P28062_PF00227_69_250	7AWE_Z	2.288	4	1	4	0(4)
P28065_PF00227_17_198	7AWE_V	2.288	4	1	4	0(4)
P28072_PF00227_31_212	5LF4_b	1.99	16	1	16	0(16)
P28074_PF00227_56_238	5LF7_K	2	10	1	10	0(10)
P28161_PF02798_3_82	2C4J_C	1.35	18	1	18	0(18)
P28222_PF00001_67_369	5V54_B	3.9	2	1	2	0(2)
P28223_PF00001_91_380	7WC5_A	3.2	19	2	19	0(17),1(2)
P28329_PF00755_134_713	9F85_A	1.6	5	2	5	0(2),1(3)
P28336_PF00001_60_322	9JF4_A	3.6	1	1	1	0(1)
P28340_PF00136_541_973	6TNY_A	3.08	2	1	2	0(2)
P28347_PF17725_215_423	8Q68_B	1.58	18	1	18	0(18)
P28472_PF02931_39_242	7QN5_D	2.5	12	1	12	0(12)
P28482_PF00069_25_313	8AOJ_A	1.12	154	4	154	0(150),1(2),2(1),3(1)
P28702_PF00104_336_512	7A78_A	1.72	6	1	6	0(6)
P28845_PF00106_35_226	1XU9_B	1.55	283	1	283	0(283)
P28907_PF02267_56_296	2O3S_A	1.5	56	1	56	0(56)
P29016_PF16497_1_198	5WL1_A	1.38	38	2	38	0(36),1(2)
P29017_PF16497_1_197	6C09_A	2.95	5	4	5	0(2),1(1),2(1),3(1)
P29033_PF00029_2_214	8QA2_A	2.3	70	2	70	0(63),1(7)
P29218_PF00459_7_267	6GIU_A	1.39	2	1	2	0(2)
P29274_PF00001_23_288	8RW0_A	1.94	58	3	58	0(14),1(32),2(12)
P29275_PF00001_24_290	8HDO_R	2.87	2	1	2	0(2)
P29317_PF07714_614_871	5NKF_A	1.099	72	2	72	0(71),1(1)
P29320_PF07714_622_878	2QOC_A	1.25	20	2	20	0(16),1(4)
P29322_PF07714_635_892	3KUL_B	2.15	1	1	1	0(1)
P29373_PF00061_5_138	2G7B_A	1.18	78	2	78	0(77),1(1)
P29375_PF02373_470_586	6BGY_A	1.22	32	1	32	0(32)
P29401_PF00456_17_269	4KXW_A	0.97	18	1	18	0(18)
P29474_PF02898_121_481	9CWI_C	1.73	449	1	449	0(449)
P29475_PF02898_357_717	6CID_B	1.75	462	1	462	0(462)
P29597_PF07714_590_866	8S99_B	1.71	41	1	41	0(41)
P29597_PF07714_898_1167	3LXP_A	1.65	33	2	33	0(30),1(3)
P29762_PF00061_5_137	7A9Y_AAA	1.64	3	1	3	0(3)
P29965_PF00229_138_261	3LKJ_B	2.5	2	1	2	0(2)
P29973_PF00027_494_583	7LG1_C	2.7	31	1	31	0(31)
P29992_PF00503_19_348	7RKF_A	4.0	5	2	5	0(3),1(2)
P30038_PF00171_81_545	8RKR_B	1.2	2	1	2	0(2)
P30043_PF13460_10_191	1HDO_A	1.15	57	2	57	0(36),1(21)
P30044_PF08534_57_200	4MMM_C	1.47	22	1	22	0(22)
P30046_PF01187_2_116	9BB0_BBB	0.985	11	1	11	0(11)
P30084_PF00378_43_290	8ZRY_E	2.23	21	1	21	0(21)
P30086_PF01161_48_157	2QYQ_A	1.948	1	1	1	0(1)
P30291_PF00069_299_568	8BJU_A	1.53	22	1	22	0(22)
P30405_PF00160_50_204	7PMT_A	0.98	48	3	48	0(46),1(1),2(1)
P30419_PF01233_141_294	5O6H_B	1.29	84	2	84	0(81),1(3)
P30519_PF01126_32_236	5UC9_A	1.903	13	2	13	0(4),1(9)
P30520_PF00709_32_453	2V40_A	1.9	1	1	1	0(1)
P30530_PF07714_537_803	5U6B_B	2.84	4	1	4	0(4)
P30531_PF00209_44_558	7Y7Z_A	3.2	2	1	2	0(2)
P30556_PF00001_45_302	9EAI_A	3.1	2	1	2	0(2)
P30559_PF00001_56_329	6TPK_A	3.2	1	1	1	0(1)
P30613_PF02887_454_571	4IP7_C	1.8	1	1	1	0(1)
P30711_PF13417_5_79	2C3Q_C	1.85	1	1	1	0(1)
P30793_PF01227_73_249	7ALQ_O	2.205	15	1	15	0(15)
P30837_PF00171_45_508	7MJD_A	2.12	18	9	18	0(6),1(4),2(2),3(1),4(1),5(1),6(1),7(1),8(1)
P30838_PF00171_3_425	3SZB_B	1.51	22	2	22	0(4),1(18)
P30872_PF00001_75_323	8XIO_A	2.65	1	1	1	0(1)
P30874_PF00001_60_312	7WIG_R	2.7	2	1	2	0(2)
P30989_PF00001_80_364	8ZYU_R	2.65	6	1	6	0(6)
P31040_PF00890_63_457	8DYE_A	1.44	5	1	5	0(5)
P31213_PF02544_106_254	7BW1_A	2.8	1	1	1	0(1)
P31327_PF02142_1375_1465	5DOU_D	2.6	4	1	4	0(4)
P31327_PF02786_1088_1290	5DOU_D	2.6	4	1	4	0(4)
P31327_PF02786_546_749	5DOU_A	2.6	4	1	4	0(4)
P31391_PF00001_64_311	7XMT_R	2.8	1	1	1	0(1)
P31639_PF00474_55_492	8HEZ_A	2.8	7	2	7	0(6),1(1)
P31641_PF00209_41_568	9J7M_A	2.82	2	1	2	0(2)
P31644_PF02931_50_257	8BGI_C	2.56	23	1	23	0(23)
P31645_PF00209_79_598	7TXT_S	3.0	44	6	44	0(23),1(14),2(3),3(2),4(1),5(1)
P31749_PF00069_150_408	4GV1_A	1.49	22	2	22	0(15),1(7)
P31751_PF00069_154_409	1O6L_A	1.6	16	2	16	0(15),1(1)
P31937_PF03446_42_200	2I9P_B	2.55	4	1	4	0(4)
P31939_PF02142_16_130	5UZ0_A	1.79	11	1	11	0(11)
P32238_PF00001_58_370	7XOV_R	3.0	1	1	1	0(1)
P32245_PF00001_61_302	7F58_R	3.1	1	1	1	0(1)
P32247_PF00001_64_328	8Y53_R	2.93	1	1	1	0(1)
P32249_PF00001_48_308	7TUZ_R	3.12	2	2	2	0(1),1(1)
P32297_PF02931_35_240	6PV7_D	3.34	2	1	2	0(2)
P32298_PF00069_189_447	4YHJ_B	2.6	2	1	2	0(2)
P32320_PF00383_15_116	1MQ0_B	2.4	2	1	2	0(2)
P32322_PF03807_3_98	8TD2_D	1.65	66	1	66	0(66)
P32418_PF01699_81_250	8SGI_A	2.9	2	1	2	0(2)
P32455_PF02263_19_282	1F5N_A	1.7	17	1	17	0(17)
P32455_PF02841_284_580	6K1Z_A	2.307	1	1	1	0(1)
P32456_PF02263_19_280	6VKJ_A	2.105	1	1	1	0(1)
P32929_PF01053_19_395	3COG_C	2	34	1	34	0(34)
P33176_PF00225_14_325	1BG2_A	1.8	50	1	50	0(50)
P33261_PF00067_30_487	4GQS_B	2.87	8	2	8	0(4),1(4)
P33897_PF06472_78_352	7X07_A	3.78	1	1	1	0(1)
P33981_PF00069_525_791	7LQD_A	1.95	104	7	104	0(71),1(23),2(4),3(2),4(2),5(1),6(1)
P33991_PF00493_446_669	7W1Y_C	2.59	9	1	9	0(9)
P33992_PF00493_319_540	7W1Y_D	2.59	14	1	14	0(14)
P33993_PF00493_322_541	7W1Y_F	2.59	13	1	13	0(13)
P34059_PF00884_31_354	4FDJ_A	2.81	2	1	2	0(2)
P34096_PF00074_33_146	2RNF_B	2.4	2	1	2	0(2)
P34896_PF00464_26_425	1BJ4_A	2.65	15	1	15	0(15)
P34897_PF00464_49_448	8AQL_D	1.23	54	2	54	0(48),1(6)
P34913_PF00561_259_531	8QZD_A	1.3	153	1	153	0(153)
P34913_PF00702_4_197	5ALU_A	1.87	2	2	2	0(1),1(1)
P34947_PF00069_187_448	4TND_A	1.802	11	1	11	0(11)
P34972_PF00001_50_299	8GUR_R	2.84	7	1	7	0(7)
P34995_PF00001_67_351	9M1H_A	2.55	1	1	1	0(1)
P34998_PF00002_118_359	8GTI_A	2.2	3	1	3	0(3)
P35030_PF00089_81_296	5TP0_A	1.25	2	1	2	0(2)
P35228_PF00258_541_672	3HR4_E	2.5	4	1	4	0(4)
P35228_PF02898_137_497	3E7G_B	2.2	28	2	28	0(24),1(4)
P35270_PF00106_9_211	6I6V_A	1.43	71	3	71	0(44),1(25),2(2)
P35354_PF03098_207_513	5IKR_B	2.342	12	1	12	0(12)
P35372_PF00001_87_338	8EFO_M	2.8	23	2	23	0(11),1(12)
P35398_PF00104_327_492	1N83_A	1.63	4	1	4	0(4)
P35408_PF00001_34_329	8GCP_R	3.1	7	1	7	0(7)
P35414_PF00001_45_309	8XZI_R	2.7	2	1	2	0(2)
P35475_PF01229_30_525	6I6R_B	2.02	4	1	4	0(4)
P35520_PF00291_81_376	4COO_B	2	81	1	81	0(81)
P35557_PF00349_16_215	3F9M_A	1.5	28	1	28	0(28)
P35557_PF03727_222_455	3FGU_A	2.15	2	1	2	0(2)
P35558_PF00821_260_618	1KHB_A	1.854	5	2	5	0(2),1(3)
P35575_PF01569_59_199	9J7U_A	3.14	1	1	1	0(1)
P35609_PF00307_152_257	4D1E_A	3.5	1	1	1	0(1)
P35609_PF00307_39_142	4D1E_A	3.5	3	3	3	0(1),1(1),2(1)
P35609_PF00435_282_390	4D1E_A	3.5	2	2	2	0(1),1(1)
P35610_PF03062_171_520	6P2J_A	3.0	20	4	20	0(4),1(6),2(8),3(2)
P35670_PF00702_1021_1279	8IOY_A	4.0	1	1	1	0(1)
P35749_PF00063_87_771	9FU2_A	2.581	2	2	2	0(1),1(1)
P35790_PF01633_114_449	5FTG_A	1.45	50	4	50	0(31),1(14),2(2),3(3)
P35869_PF08447_300_382	8QMO_D	2.76	2	1	2	0(2)
P35914_PF00682_32_306	3MP5_B	2.25	2	1	2	0(2)
P35968_PF07714_834_1160	2XIR_A	1.5	22	1	22	0(22)
P36021_PF07690_140_440	8ZKO_A	3.13	3	1	3	0(3)
P36222_PF00704_23_357	8R4X_A	1.54	8	1	8	0(8)
P36404_PF00025_4_175	3DOE_A	2.25	2	1	2	0(2)
P36507_PF00069_72_369	1S9I_B	3.2	4	2	4	0(2),1(2)
P36544_PF02931_27_230	8CI1_C	2.8	10	1	10	0(10)
P36639_PF00293_7_126	5WS7_B	1	134	2	134	0(132),1(2)
P36776_PF05362_737_947	7KRZ_F	3.2	22	1	22	0(22)
P36873_PF00149_59_251	1IT6_A	2	2	1	2	0(2)
P36897_PF00069_208_489	9J9D_A	1.337	44	1	44	0(44)
P36959_PF00478_10_339	2BLE_A	1.9	5	1	5	0(5)
P37023_PF07714_204_488	3MY0_M	2.65	24	1	24	0(24)
P37173_PF07714_244_537	5QIN_A	1.57	5	1	5	0(5)
P37173_PF08917_49_157	4XJJ_A	1.4	2	1	2	0(2)
P37231_PF00104_319_485	6MS7_A	1.43	95	1	95	0(95)
P37268_PF00494_48_319	3WEG_A	1.75	83	1	83	0(83)
P38117_PF01012_29_211	1EFV_B	2.1	4	1	4	0(4)
P38435_PF05090_56_315	9BUX_A	3.06	6	1	6	0(6)
P38606_PF00006_230_455	6WLZ_C	2.9	5	1	5	0(5)
P39900_PF00413_109_263	3F17_A	1.1	81	1	81	0(81)
P40227_PF00118_30_524	7NVL_Z	2.5	64	1	64	0(64)
P40261_PF01234_2_259	9GVW_A	1.241	126	2	126	0(86),1(40)
P40306_PF00227_37_217	7B12_w	2.43	2	1	2	0(2)
P40337_PF01847_63_144	9GIO_C	1.486	184	1	184	0(184)
P40394_PF00107_214_347	1D1T_C	2.4	12	1	12	0(12)
P40616_PF00025_5_176	1UPT_A	1.7	8	1	8	0(8)
P40692_PF13589_29_131	4P7A_A	2.3	1	1	1	0(1)
P40879_PF00916_73_475	8X1U_B	2.21	12	4	12	0(2),1(6),2(2),3(2)
P40926_PF00056_26_168	2DFD_A	1.9	16	1	16	0(16)
P40933_PF02372_33_160	4GS7_A	2.35	1	1	1	0(1)
P41091_PF00009_41_244	8PPL_It	2.65	5	1	5	0(5)
P41143_PF00001_66_318	9CGK_A	2.62	5	2	5	0(4),1(1)
P41145_PF00001_76_330	8DZP_A	2.71	14	1	14	0(14)
P41180_PF00003_606_856	8SZH_B	3.1	37	2	37	0(36),1(1)
P41180_PF01094_70_495	5K5T_A	3.1	21	2	21	0(20),1(1)
P41182_PF00651_22_128	7RV1_A	1.17	1	1	1	0(1)
P41222_PF00061_41_184	4ORR_A	1.4	12	1	12	0(12)
P41227_PF00583_19_124	6PPL_C	3.02	2	1	2	0(2)
P41229_PF02373_501_617	5FWJ_A	2.1	2	1	2	0(2)
P41231_PF00001_51_306	9K20_A	2.65	2	1	2	0(2)
P41235_PF00104_175_361	8C1L_A	2	16	1	16	0(16)
P41240_PF07714_195_440	1BYG_A	2.4	2	1	2	0(2)
P41279_PF00069_145_386	4Y85_C	2.33	8	1	8	0(8)
P41440_PF01770_24_433	8GOF_A	3.0	10	2	10	0(7),1(3)
P41594_PF00003_573_821	8X0B_A	3.1	10	1	10	0(10)
P41594_PF01094_69_472	7FD9_B	4.0	2	1	2	0(2)
P41595_PF00001_71_380	7SRS_R	3.3	1	1	1	0(1)
P41743_PF00069_255_521	5LI9_A	1.79	15	1	15	0(15)
P42126_PF00378_54_298	1SG4_B	1.3	1	1	1	0(1)
P42330_PF00248_19_300	1S1P_A	1.2	163	2	163	0(94),1(69)
P42336_PF00454_798_1015	4JPS_A	2.2	84	3	84	0(61),1(14),2(9)
P42336_PF00794_174_291	9B4U_B	2.21	5	1	5	0(5)
P42345_PF00454_2182_2430	3JBZ_A	28.0	14	1	14	0(14)
P42568_PF03366_28_107	8PJ7_A	1.26	4	1	4	0(4)
P42574_PF00656_45_274	1NMS_B	1.7	6	1	6	0(6)
P42684_PF07714_288_538	3HMI_A	1.65	6	3	6	0(4),1(1),2(1)
P42768_PF00786_237_294	1T84_A	NOT	1	1	1	0(1)
P42898_PF02219_48_337	6FCX_A	2.5	4	1	4	0(4)
P42898_PF21895_344_644	6FCX_B	2.5	7	2	7	0(5),1(2)
P43004_PF00375_46_495	9JVV_C	2.82	39	5	39	0(20),1(6),2(7),3(3),4(3)
P43005_PF00375_22_464	6S3Q_B	3.34	3	1	3	0(3)
P43088_PF00001_44_304	8XJK_R	2.63	8	1	8	0(8)
P43115_PF00001_65_346	8GDC_R	3.5	1	1	1	0(1)
P43116_PF00001_65_314	7CX3_R	2.8	3	1	3	0(3)
P43119_PF00001_30_291	8X79_R	2.41	2	1	2	0(2)
P43155_PF00755_38_609	1S5O_A	1.8	1	1	1	0(1)
P43166_PF00194_14_262	7P1A_A	1.58	8	1	8	0(8)
P43220_PF00002_144_398	6X19_R	2.1	10	1	10	0(10)
P43235_PF00112_116_327	4X6H_A	1	56	2	56	0(55),1(1)
P43246_PF00488_666_852	8RB1_A	2.085	9	1	9	0(9)
P43250_PF00069_187_448	2ACX_B	2.6	6	1	6	0(6)
P43354_PF00104_398_578	5Y41_B	2.05	8	1	8	0(8)
P43403_PF07714_342_592	1U59_A	2.3	3	1	3	0(3)
P43405_PF07714_374_623	4YJR_A	1.32	106	2	106	0(99),1(7)
P43490_PF04095_188_465	8DSC_A	1.321	171	1	171	0(171)
P43652_PF00273_222_394	6FAK_A	1.9	2	2	2	0(1),1(1)
P43652_PF00273_31_202	6FAK_A	1.9	1	1	1	0(1)
P43657_PF00001_35_291	9ITE_R	3.06	4	2	4	0(2),1(2)
P43681_PF02931_37_242	8ST4_A	2.35	21	1	21	0(21)
P45452_PF00413_112_267	5B5O_B	1.2	99	1	99	0(99)
P45974_PF02148_199_271	7MS6_A	1.55	6	1	6	0(6)
P45983_PF00069_26_321	4QTD_A	1.5	47	4	47	0(43),1(2),2(1),3(1)
P45984_PF00069_26_321	7N8T_A	1.69	7	3	7	0(2),1(4),2(1)
P45985_PF00069_104_367	8YP5_A	2.5	4	1	4	0(4)
P46089_PF00001_57_297	8WW2_R	2.79	2	2	2	0(1),1(1)
P46093_PF00001_35_286	9JCO_R	2.36	5	2	5	0(4),1(1)
P46108_PF00017_13_104	2DVJ_A	NOT	1	1	1	0(1)
P46199_PF00009_182_341	8QRN_7	2.98	9	1	9	0(9)
P46597_PF00891_117_327	4A6D_A	2.4	3	2	3	0(2),1(1)
P46934_PF00632_1014_1316	5C91_A	2.44	1	1	1	0(1)
P46976_PF01501_7_116	3U2U_B	1.45	18	1	18	0(18)
P46977_PF02516_17_417	6S7O_A	3.5	3	2	3	0(2),1(1)
P47211_PF00001_50_303	7WQ3_R	2.7	1	1	1	0(1)
P47895_PF00171_40_503	7QK9_A	1.782	37	2	37	0(14),1(23)
P47898_PF00001_58_338	7UM5_A	2.73	4	1	4	0(4)
P47900_PF00001_68_324	7XXH_R	2.9	1	1	1	0(1)
P47989_PF00941_234_411	2E1Q_C	2.6	8	1	8	0(8)
P47989_PF20256_972_1237	2E1Q_B	2.6	1	1	1	0(1)
P48039_PF00001_44_295	7VGY_A	3.1	3	1	3	0(3)
P48066_PF00209_50_575	9CP4_A	3.42	1	1	1	0(1)
P48067_PF00209_100_634	8WFL_A	3.03	10	4	10	0(5),1(2),2(2),3(1)
P48163_PF03949_270_522	7X12_D	2.07	9	2	9	0(8),1(1)
P48443_PF00104_258_442	7A79_B	2.05	2	1	2	0(2)
P48546_PF00002_135_388	7RBT_R	3.08	1	1	1	0(1)
P48637_PF03917_13_472	2HGS_A	2.1	2	2	2	0(1),1(1)
P48643_PF00118_44_533	7NVL_e	2.5	66	1	66	0(66)
P48651_PF03034_96_372	9B4E_B	2.7	26	4	26	0(2),1(10),2(10),3(4)
P48728_PF01571_38_293	1WSV_B	2.6	2	1	2	0(2)
P48729_PF00069_17_235	6GZD_A	2.28	1	1	1	0(1)
P48730_PF00069_9_226	6RCG_A	1.4	95	1	95	0(95)
P48735_PF00180_45_437	5I95_A	1.54	14	2	14	0(13),1(1)
P48736_PF00454_828_1043	3L54_A	2.3	90	1	90	0(90)
P48751_PF00955_681_852	8Y85_A	2.73	2	1	2	0(2)
P48764_PF00999_62_462	7X2U_A	3.2	2	1	2	0(2)
P48775_PF03301_27_372	6PYZ_B	2.02	185	2	185	0(121),1(64)
P49019_PF00001_44_294	8JEI_A	2.73	2	1	2	0(2)
P49137_PF00069_67_325	6T8X_E	2.81	81	2	81	0(80),1(1)
P49189_PF00171_27_483	6VR6_F	2.5	8	1	8	0(8)
P49238_PF00001_48_293	7XBW_R	2.8	1	1	1	0(1)
P49286_PF00001_57_308	7VH0_A	3.46	1	1	1	0(1)
P49327_PF00698_493_809	2JFK_A	2.4	1	1	1	0(1)
P49327_PF00975_2242_2500	3TJM_A	1.48	5	1	5	0(5)
P49327_PF08659_1886_2064	6NNA_A	2.26	34	1	34	0(34)
P49336_PF00069_26_335	5XS2_A	2.04	32	1	32	0(32)
P49366_PF01916_45_353	6XXJ_B	1.41	37	3	37	0(22),1(13),2(2)
P49368_PF00118_33_524	7NVL_g	2.5	62	1	62	0(62)
P49411_PF00009_58_251	7O9K_t	3.1	2	1	2	0(2)
P49419_PF00171_64_520	2J6L_F	1.3	99	3	99	0(81),1(9),2(9)
P49427_PF00179_15_154	3RZ3_A	2.3	12	1	12	0(12)
P49591_PF00587_259_444	4L87_A	2.897	5	1	5	0(5)
P49638_PF00650_99_247	1R5L_A	1.5	8	2	8	0(7),1(1)
P49642_PF01896_108_335	6R5E_A	1.85	9	1	9	0(9)
P49674_PF00069_9_227	4HNI_B	2.74	2	1	2	0(2)
P49682_PF00001_70_318	8XYK_R	3.03	4	1	4	0(4)
P49721_PF00227_5_183	5LE5_J	1.8	18	1	18	0(18)
P49736_PF00493_461_683	7W1Y_A	2.59	21	1	21	0(21)
P49759_PF00069_161_477	6FT8_A	1.45	61	2	61	0(60),1(1)
P49760_PF00069_163_479	6FYL_A	1.95	11	1	11	0(11)
P49761_PF00069_156_472	6FYR_A	1.42	25	2	25	0(24),1(1)
P49773_PF01230_24_120	6YQM_AAA	1.02	40	1	40	0(40)
P49789_PF01230_11_104	5FIT_A	2.3	5	2	5	0(4),1(1)
P49821_PF01512_80_249	5XTI_A	17.4	5	1	5	0(5)
P49840_PF00069_119_403	7SXF_A	1.94	2	1	2	0(2)
P49841_PF00069_56_340	1J1B_B	1.8	156	2	156	0(152),1(4)
P49862_PF00089_30_245	2QXI_A	1	29	2	29	0(24),1(5)
P49888_PF00685_37_286	1G3M_A	1.7	18	2	18	0(10),1(8)
P49902_PF05761_35_488	2JC9_A	1.5	17	4	17	0(10),1(5),2(1),3(1)
P49914_PF01812_10_198	3HY3_A	1.8	3	2	3	0(2),1(1)
P49916_PF01068_483_677	3L2P_A	3	1	1	1	0(1)
P49917_PF01068_248_451	3W1B_A	2.4	6	1	6	0(6)
P50053_PF00294_4_289	9FHD_B	1.845	55	1	55	0(55)
P50120_PF00061_6_133	4QYN_B	1.19	103	1	103	0(103)
P50135_PF13489_32_216	2AOT_A	1.9	12	3	12	0(3),1(8),2(1)
P50148_PF00503_20_348	8IYS_A	2.95	6	1	6	0(6)
P50213_PF00180_33_358	5YVT_A	2.4	10	1	10	0(10)
P50225_PF00685_38_287	1LS6_A	1.9	26	3	26	0(17),1(8),2(1)
P50226_PF00685_38_287	1Z29_A	2.4	1	1	1	0(1)
P50336_PF01593_12_471	3NKS_A	1.9	6	2	6	0(3),1(3)
P50406_PF00001_44_320	7YS6_A	3.0	2	1	2	0(2)
P50479_PF00595_8_80	2V1W_B	1.9	1	1	1	0(1)
P50579_PF00557_169_372	5D6E_A	1.49	22	1	22	0(22)
P50583_PF00293_20_129	1XSC_A	NOT	1	1	1	0(1)
P50613_PF00069_12_295	8P6X_J	1.9	37	1	37	0(37)
P50750_PF00069_19_315	3MY1_A	2.8	27	1	27	0(27)
P50990_PF00118_39_529	7NVL_q	2.5	66	1	66	0(66)
P50991_PF00118_44_538	7NVL_D	2.5	60	1	60	0(60)
P51148_PF00071_23_182	4KYI_F	3.075	4	1	4	0(4)
P51149_PF00071_10_174	1T91_C	1.9	18	1	18	0(18)
P51151_PF00071_9_173	1WMS_A	1.25	4	1	4	0(4)
P51157_PF00071_14_177	2HXS_A	1.1	2	1	2	0(2)
P51159_PF00071_11_182	6HUF_I	2.82	16	1	16	0(16)
P51160_PF00233_561_803	9CXG_A	3.0	4	1	4	0(4)
P51160_PF01590_77_223	9CXG_A	3.0	6	1	6	0(6)
P51161_PF14651_1_128	5L8I_B	1.88	8	3	8	0(2),1(5),2(1)
P51398_PF10236_99_393	7QI4_AX	2.21	91	2	91	0(36),1(55)
P51449_PF00104_321_486	7NPC_A	1.47	259	3	259	0(227),1(31),2(1)
P51452_PF00782_37_175	8TK2_A	1.7	4	1	4	0(4)
P51512_PF00413_126_291	1RM8_A	1.8	1	1	1	0(1)
P51531_PF00176_727_1021	9AYQ_B	2.9	4	2	4	0(2),1(2)
P51531_PF00439_1419_1491	6HAZ_A	1.31	31	1	31	0(31)
P51532_PF00176_757_1051	7VDV_A	3.4	1	1	1	0(1)
P51532_PF00439_1478_1549	7TAB_A	1.16	8	1	8	0(8)
P51553_PF00180_56_379	6L59_B	2.254	5	1	5	0(5)
P51570_PF00288_108_194	7RCM_A	2.1	19	1	19	0(19)
P51580_PF05724_25_245	2BZG_A	1.58	3	1	3	0(3)
P51582_PF00001_56_306	9K0K_I	3.14	1	1	1	0(1)
P51617_PF00069_214_514	6BFN_B	2.26	2	1	2	0(2)
P51649_PF00171_71_530	2W8R_A	2.4	1	1	1	0(1)
P51659_PF00106_10_196	1ZBQ_E	2.19	6	1	6	0(6)
P51659_PF02036_628_731	8AF3_A	1.52	7	1	7	0(7)
P51685_PF00001_52_300	8KFX_R	2.96	2	1	2	0(2)
P51686_PF00001_65_317	5LWE_A	2.8	4	2	4	0(2),1(2)
P51687_PF00173_86_160	1MJ4_A	1.2	1	1	1	0(1)
P51688_PF00884_23_327	4MIV_G	2.4	1	1	1	0(1)
P51788_PF00654_146_546	8TA2_A	2.74	4	1	4	0(4)
P51798_PF00654_187_594	7JM7_A	2.82	2	1	2	0(2)
P51812_PF00069_422_679	4D9T_A	2.4	5	1	5	0(5)
P51812_PF00069_68_327	4NW6_A	1.74	23	1	23	0(23)
P51813_PF07714_417_665	8X2A_A	1.3	6	1	6	0(6)
P51857_PF00248_21_303	3BUV_A	1.35	45	2	45	0(28),1(17)
P51955_PF00069_8_270	2W5A_A	1.55	28	1	28	0(28)
P52333_PF07714_823_1094	5LWM_A	1.55	94	4	94	0(17),1(71),2(5),3(1)
P52564_PF00069_56_314	8P7J_A	2.4	9	1	9	0(9)
P52565_PF02115_13_201	1HH4_D	2.7	2	1	2	0(2)
P52732_PF00225_24_359	6TLE_A	1.75	205	6	205	0(109),1(89),2(4),3(1),4(1),5(1)
P52788_PF01564_176_364	3C6K_A	1.95	16	2	16	0(8),1(8)
P52799_PF00812_30_164	4UF7_E	1.7	2	1	2	0(2)
P52848_PF00685_605_858	1NST_A	2.3	4	1	4	0(4)
P52895_PF00248_19_300	4XO6_A	1.2	59	2	59	0(32),1(27)
P53004_PF01408_9_125	2H63_A	2.7	4	1	4	0(4)
P53041_PF00149_236_429	4ZX2_A	1.23	24	1	24	0(24)
P53350_PF00069_53_305	2RKU_A	1.95	14	1	14	0(14)
P53355_PF00069_13_275	2W4J_A	1.3	56	1	56	0(56)
P53396_PF00285_888_1081	6HXM_A	1.3	11	1	11	0(11)
P53396_PF16114_244_420	6O0H_D	3.67	4	1	4	0(4)
P53396_PF24948_2_233	5TDF_A	1.8	44	1	44	0(44)
P53582_PF00557_137_365	2GZ5_A	1.1	25	1	25	0(25)
P53597_PF02629_53_146	6WCV_A	1.52	6	1	6	0(6)
P53634_PF00112_231_457	3PDF_A	1.85	1	1	1	0(1)
P53667_PF07714_342_602	3S95_A	1.65	17	1	17	0(17)
P53671_PF07714_334_599	7QHG_A	1.45	14	1	14	0(14)
P53778_PF00069_27_311	1CM8_B	2.4	2	1	2	0(2)
P53779_PF00069_64_359	7ORF_A	1.7	71	1	71	0(71)
P53985_PF07690_27_397	7CKO_A	2.95	3	2	3	0(2),1(1)
P54219_PF07690_137_431	8TGN_A	3.3	14	1	14	0(14)
P54219_PF07690_308_488	8TGN_A	3.3	5	1	5	0(5)
P54278_PF13589_34_137	7RCI_A	2.12	1	1	1	0(1)
P54577_PF00579_32_321	1Q11_A	1.6	3	2	3	0(2),1(1)
P54578_PF00443_105_480	6IIK_A	1.97	8	1	8	0(8)
P54646_PF00069_16_268	3AQV_A	2.08	16	1	16	0(16)
P54687_PF01063_94_343	7NWA_A	1.59	72	2	72	0(41),1(31)
P54753_PF07714_633_892	5L6O_A	1.88	2	1	2	0(2)
P54760_PF07714_615_874	2VWY_A	1.65	21	1	21	0(21)
P54762_PF07714_619_878	5MJA_B	2.14	10	2	10	0(4),1(6)
P54829_PF00102_324_552	6H8R_A	1.66	4	3	4	0(2),1(1),2(1)
P54922_PF03747_6_324	6IUX_A	1.195	4	1	4	0(4)
P55011_PF00324_290_792	9C0H_B	2.5	12	1	12	0(12)
P55011_PF03522_801_1212	9C0E_B	2.7	2	1	2	0(2)
P55017_PF00324_141_646	8FHO_B	2.95	5	2	5	0(4),1(1)
P55017_PF03522_655_790	8FHO_A	2.95	4	1	4	0(4)
P55040_PF00071_77_240	2CJW_A	2.1	5	1	5	0(5)
P55042_PF00071_93_252	3Q72_A	1.655	10	1	10	0(10)
P55055_PF00104_262_443	6S5K_A	1.6	58	1	58	0(58)
P55072_PF00004_241_370	7R7T_D	4.5	1	1	1	0(1)
P55072_PF00004_514_647	7R7T_B	4.5	1	1	1	0(1)
P55085_PF00001_93_344	9E7R_R	3.18	1	1	1	0(1)
P55157_PF19444_592_884	6I7S_H	2.5	2	2	2	0(1),1(1)
P55196_PF00595_1010_1089	2EXG_A	NOT	1	1	1	0(1)
P55201_PF00439_638_719	5ETB_A	1.33	56	1	56	0(56)
P55201_PF00855_1087_1196	5C6S_A	1.3	1	1	1	0(1)
P55210_PF00656_68_300	5V6Z_B	2.6	5	2	5	0(2),1(3)
P55212_PF00656_44_286	8F9D_B	2.65	3	1	3	0(3)
P55263_PF00294_45_356	1BX4_A	1.5	10	3	10	0(7),1(2),2(1)
P55789_PF04777_104_196	3U5S_A	1.5	9	1	9	0(9)
P55899_PF00129_28_197	6NHA_A	2.381	2	1	2	0(2)
P56524_PF00850_675_992	5A2S_B	2.65	15	1	15	0(15)
P56545_PF00389_44_358	8ATI_B	2.6	24	1	24	0(24)
P56545_PF02826_141_323	8ATI_C	2.6	24	1	24	0(24)
P56556_PF13233_32_81	5XTI_E	17.4	5	1	5	0(5)
P56703_PF00110_48_355	6AHY_B	2.8	14	6	14	0(3),1(2),2(3),3(2),4(3),5(1)
P56817_PF00026_75_416	7MYI_A	1.25	644	1	644	0(644)
P57729_PF00071_11_178	6S5H_A	2	5	1	5	0(5)
P57735_PF00071_14_173	3TSO_A	1.8	3	1	3	0(3)
P57772_PF00009_8_211	5IZL_B	2.72	5	1	5	0(5)
P57789_PF07885_244_323	4BW5_B	3.2	4	2	4	0(2),1(2)
P58004_PF04636_44_479	6N0M_C	3.3	5	1	5	0(5)
P58743_PF00916_81_475	7LGU_A	2.3	12	5	12	0(2),1(4),2(2),3(2),4(2)
P59665_PF00323_66_94	9FQB_A	1.09	3	2	3	0(2),1(1)
P60033_PF00335_10_228	5TCX_A	2.955	1	1	1	0(1)
P60568_PF00715_7_150	1M48_B	1.95	4	2	4	0(3),1(1)
P60709_PF00022_3_375	8OI8_D	2.28	93	3	93	0(27),1(64),2(2)
P60763_PF00071_5_176	2QME_A	1.75	15	1	15	0(15)
P60842_PF00270_57_222	5ZBZ_A	1.3086	6	2	6	0(3),1(3)
P60900_PF00227_35_220	5LE5_G	1.8	17	1	17	0(17)
P60953_PF00071_5_174	4JS0_A	1.9	42	2	42	0(41),1(1)
P61006_PF00071_10_170	4LHW_E	1.55	43	1	43	0(43)
P61011_PF00448_102_296	6Y32_E	2.6	7	1	7	0(7)
P61018_PF00071_10_170	2O52_B	2.2	2	1	2	0(2)
P61019_PF00071_8_168	1Z0A_A	2.12	4	1	4	0(4)
P61020_PF00071_22_181	2HEI_A	1.55	2	1	2	0(2)
P61026_PF00071_11_171	9G0C_B	1.8	5	1	5	0(5)
P61073_PF00001_55_302	8ZPL_R	3.01	3	1	3	0(3)
P61088_PF00179_7_143	4ONM_B	1.35	2	1	2	0(2)
P61106_PF00071_13_173	1Z0F_A	2.15	3	1	3	0(3)
P61158_PF00022_5_238	8P94_A	3.3	3	1	3	0(3)
P61160_PF00022_7_388	8P94_B	3.3	2	1	2	0(2)
P61163_PF00022_9_375	9B85_B	3.47	16	1	16	0(16)
P61204_PF00025_7_176	6II6_D	2.1	3	1	3	0(3)
P61224_PF00071_5_166	4HDO_B	1.67	24	1	24	0(24)
P61586_PF00071_7_178	6V6U_A	1.16	93	6	93	0(83),1(3),2(4),3(1),4(1),5(1)
P61587_PF00071_25_193	1M7B_A	2	3	1	3	0(3)
P61599_PF00583_16_128	7STX_A	3.14	2	1	2	0(2)
P61619_PF00344_75_458	8DO0_A	2.86	2	1	2	0(2)
P61626_PF00062_19_146	7XF7_A	1.55	3	2	3	0(2),1(1)
P61769_PF07654_27_106	5C0E_B	1.491	1	1	1	0(1)
P61916_PF02221_22_147	5KWY_D	2.405	3	1	3	0(3)
P62070_PF00071_16_176	9B4Q_A	1.46	4	1	4	0(4)
P62136_PF00149_59_251	3E7B_A	1.7	7	3	7	0(2),1(2),2(3)
P62166_PF13499_99_172	4GUK_A	1.75	2	1	2	0(2)
P62330_PF00025_2_172	1E0S_A	2.28	19	1	19	0(19)
P62491_PF00071_13_173	1OIX_A	1.7	67	1	67	0(67)
P62508_PF00104_266_440	9KNG_A	1.5	42	1	42	0(42)
P62745_PF00071_7_178	6HXU_A	1.19	4	1	4	0(4)
P62820_PF00071_13_173	7EQ2_A	1.5509	22	1	22	0(22)
P62826_PF00071_12_168	3GJ0_A	1.48	183	1	183	0(183)
P62834_PF00071_5_166	4KVG_A	1.65	5	1	5	0(5)
P62937_PF00160_7_162	6GJL_A	1.16	19	1	19	0(19)
P62942_PF00254_14_105	8CHM_A	1.12	29	1	29	0(29)
P62987_PF00240_3_74	5GOD_D	1.15	29	6	29	0(14),1(11),2(1),3(1),4(1),5(1)
P62993_PF00017_60_135	3IN8_A	1.7	9	1	9	0(9)
P63000_PF00071_5_176	1MH1_A	1.38	53	1	53	0(53)
P63092_PF00503_21_383	6EG8_J	2.8	16	1	16	0(16)
P63096_PF00503_14_343	6CRK_A	2	33	1	33	0(33)
P63261_PF00022_3_375	8DNF_C	3.38	13	2	13	0(9),1(4)
P63267_PF00022_4_376	8V2O_C	2.45	30	2	30	0(15),1(15)
P63279_PF00179_8_151	5F6V_A	1.492	5	1	5	0(5)
P63316_PF13499_94_158	1IH0_A	NOT	2	2	2	0(1),1(1)
P63316_PF13833_32_84	1LXF_C	NOT	2	1	2	0(2)
P68032_PF00022_5_377	8GT1_A	1.35	46	2	46	0(30),1(16)
P68104_PF00009_5_237	8G60_EF	2.54	2	1	2	0(2)
P68133_PF00022_5_377	9DUV_F	3.3	24	2	24	0(12),1(12)
P68363_PF00091_3_213	6S8L_A	1.801	110	1	110	0(110)
P68371_PF00091_3_211	8SH7_B	2.8	468	1	468	0(468)
P68400_PF00069_39_324	8AEC_A	1.09	369	16	369	0(15),1(34),2(20),3(10),4(8),5(9),6(8),7(41),8(14),9(181),10(21),11(3),12(2),13(1),14(1),15(1)
P68871_PF00042_27_142	2W72_D	1.07	691	2	691	0(690),1(1)
P69891_PF00042_27_142	1I3D_B	1.7	4	1	4	0(4)
P69892_PF00042_27_142	7QU4_H	1.66	12	1	12	0(12)
P69905_PF00042_27_137	2W72_C	1.07	704	11	704	0(415),1(2),2(2),3(28),4(2),5(62),6(2),7(185),8(3),9(2),10(1)
P78325_PF01421_200_400	4DD8_C	2.1	4	1	4	0(4)
P78362_PF00069_81_223	7ZKX_A	2.06	6	1	6	0(6)
P78368_PF00069_46_262	2C47_A	2.4	4	1	4	0(4)
P78371_PF00118_36_524	7NVL_b	2.5	58	1	58	0(58)
P78383_PF08449_16_311	9I20_A	2.85	5	2	5	0(3),1(2)
P78417_PF13409_31_95	5YVN_A	1.33	5	1	5	0(5)
P78527_PF00454_3749_4014	7Z87_A	2.91	16	1	16	0(16)
P78536_PF13574_246_461	2DDF_B	1.7	46	1	46	0(46)
P78540_PF00491_25_321	4HZE_C	1.602	29	1	29	0(29)
P80188_PF00061_48_190	6QMU_B	1.98	128	2	128	0(125),1(3)
P80192_PF00069_146_401	3DTC_A	2.6	1	1	1	0(1)
P82980_PF00061_7_131	9BCB_A	1.45	5	1	5	0(5)
P84077_PF00025_6_176	8SDW_A	1.75	45	2	45	0(44),1(1)
P84085_PF00025_7_176	2B6H_A	1.764	1	1	1	0(1)
P84095_PF00071_5_177	7Y4A_A	1.6	7	1	7	0(7)
P98066_PF00193_36_128	2PF5_D	1.9	1	1	1	0(1)
P98073_PF00089_785_1014	6ZOV_C	2.19	6	2	6	0(5),1(1)
P98073_PF00431_225_331	8ZI4_A	2.95	2	1	2	0(2)
P98170_PF00653_268_330	5C3K_A	2.02	24	1	24	0(24)
P98194_PF13246_401_550	7YAG_A	3.1	5	1	5	0(5)
P99999_PF00034_4_101	5TY3_B	1.25	36	1	36	0(36)
Q00169_PF02121_3_251	1UW5_C	2.9	4	1	4	0(4)
Q00532_PF00069_4_287	4AGU_A	2.4	3	1	3	0(3)
Q00534_PF00069_13_300	1XO2_B	2.9	15	1	15	0(15)
Q00535_PF00069_4_286	4AU8_B	1.9	15	1	15	0(15)
Q00536_PF00069_165_446	5G6V_B	2.2	3	2	3	0(2),1(1)
Q00796_PF00107_183_312	1PL8_B	1.9	8	1	8	0(8)
Q00975_PF00520_482_718	7VFS_A	2.8	6	1	6	0(6)
Q00975_PF00520_95_365	7VFS_A	2.8	2	1	2	0(2)
Q00987_PF02201_34_95	5OC8_A	1.56	24	1	24	0(24)
Q01064_PF00233_222_449	5UOY_A	1.82	9	1	9	0(9)
Q01415_PF00288_109_196	2A2C_A	1.65	2	1	2	0(2)
Q01433_PF19326_163_806	8HU6_D	2.33	4	2	4	0(3),1(1)
Q01469_PF00061_9_133	7G0E_A	1.11	24	1	24	0(24)
Q01650_PF13520_51_467	7DSL_B	2.9	14	2	14	0(12),1(2)
Q01813_PF00365_27_332	4XZ2_B	2.67	22	1	22	0(22)
Q01959_PF00209_60_582	9EO4_B	2.66	9	5	9	0(4),1(2),2(1),3(1),4(1)
Q01973_PF07714_474_746	6TU9_A	1.94	2	1	2	0(2)
Q02083_PF02275_126_255	6DXX_D	2.7	3	1	3	0(3)
Q02094_PF00909_15_402	7UZQ_Q	2.17	12	1	12	0(12)
Q02127_PF01180_77_377	4OQV_A	1.23	107	5	107	0(97),1(4),2(4),3(1),4(1)
Q02153_PF07700_2_166	8HBH_B	3.1	14	2	14	0(11),1(3)
Q02218_PF00676_257_581	8I0K_B	2.86	4	1	4	0(4)
Q02224_PF00225_12_327	8HFH_A	1.8	6	2	6	0(5),1(1)
Q02643_PF00002_127_372	7CZ5_R	2.6	1	1	1	0(1)
Q02750_PF00069_68_361	7B9L_B	1.7	163	3	163	0(71),1(91),2(1)
Q02763_PF07714_824_1091	6MWE_A	2.05	8	1	8	0(8)
Q02790_PF00254_44_134	4LAY_A	1.7	1	1	1	0(1)
Q02880_PF02518_101_197	9BQ8_A	1.25	7	1	7	0(7)
Q03111_PF03366_28_107	8PJI_A	1.7	11	2	11	0(10),1(1)
Q03181_PF00104_239_420	5U3Q_B	1.5	101	1	101	0(101)
Q03431_PF00002_186_455	8JR9_R	2.57	1	1	1	0(1)
Q04759_PF00069_382_634	5F9E_A	2	9	1	9	0(9)
Q04771_PF07714_209_494	6SRH_A	1.25	161	2	161	0(160),1(1)
Q04828_PF00248_19_300	1MRQ_A	1.59	18	2	18	0(9),1(9)
Q04912_PF07714_1084_1338	8ZKD_A	2.05	2	1	2	0(2)
Q05193_PF00350_34_207	2X2F_D	2	68	1	68	0(68)
Q05329_PF00282_138_508	2OKK_A	2.3	1	1	1	0(1)
Q05397_PF07714_422_676	6YQ1_B	1.784	44	2	44	0(41),1(3)
Q05586_PF10613_454_545	9GIF_A	1.9	1	1	1	0(1)
Q05823_PF00069_387_512	4OAU_C	2.6	1	1	1	0(1)
Q05940_PF07690_127_423	8JSW_A	2.84	23	1	23	0(23)
Q05940_PF07690_301_478	8JSW_A	2.84	14	1	14	0(14)
Q06124_PF00102_273_519	2SHP_A	2	2	1	2	0(2)
Q06187_PF00169_5_133	6TSE_A	1.41	17	1	17	0(17)
Q06187_PF07714_402_650	5P9J_A	1.08	131	1	131	0(131)
Q06278_PF00941_241_418	7OPN_B	2.6	10	1	10	0(10)
Q06520_PF00685_34_277	1J99_A	1.99	16	2	16	0(8),1(8)
Q06609_PF08423_95_337	8PBC_F	2.61	80	1	80	0(80)
Q07075_PF01433_321_538	4KXB_A	2.4	1	1	1	0(1)
Q07343_PF00233_405_644	4KP6_A	1.5	66	1	66	0(66)
Q07817_PF00452_90_188	7JGW_A	1.3	51	1	51	0(51)
Q07820_PF00452_213_312	6UDV_A	1.35	151	1	151	0(151)
Q07869_PF00104_270_448	6KAX_A	1.23	102	1	102	0(102)
Q07889_PF00617_783_962	6V9N_B	1.648	66	1	66	0(66)
Q07890_PF00617_781_960	9BVI_A	1.787	9	2	9	0(8),1(1)
Q07912_PF07714_127_384	7KP6_A	1.79	25	2	25	0(22),1(3)
Q08174_PF00028_175_271	6BX7_A	2.85	1	1	1	0(1)
Q08211_PF00270_395_547	9MFT_A	2.75	2	1	2	0(2)
Q08345_PF07714_610_905	5SAW_A	1.601	38	2	38	0(35),1(3)
Q08499_PF00233_461_700	1Y2K_B	1.36	324	1	324	0(324)
Q08623_PF13419_12_194	9M7M_A	1.26	1	1	1	0(1)
Q08881_PF07714_363_612	4HCU_A	1.43	51	2	51	0(45),1(6)
Q08AH3_PF00501_77_426	3C5E_A	1.6	10	2	10	0(7),1(3)
Q09013_PF00069_71_339	2VD5_B	2.8	2	1	2	0(2)
Q09328_PF15024_172_726	6YJT_BBB	1.7	11	2	11	0(9),1(2)
Q09472_PF00439_1068_1143	5BT3_A	1.05	13	1	13	0(13)
Q09472_PF08214_1306_1611	3BIY_A	1.7	18	2	18	0(17),1(1)
Q0Z7S8_PF00061_7_131	7FY1_A	2.01	1	1	1	0(1)
Q10469_PF05060_92_440	5VCM_A	1.599	1	1	1	0(1)
Q10471_PF00535_139_318	5AJP_A	1.65	26	1	26	0(26)
Q10471_PF00652_451_563	5AJO_A	1.48	2	1	2	0(2)
Q10588_PF02267_41_280	1ISJ_A	2.3	6	1	6	0(6)
Q12756_PF00225_11_354	8UTV_K	3.0	14	1	14	0(14)
Q12791_PF00520_181_396	9JO3_D	2.8	5	2	5	0(3),1(2)
Q12797_PF05118_591_745	7BMI_A	1.66	7	1	7	0(7)
Q12830_PF00439_2936_3018	8AG2_A	1.025	42	1	42	0(42)
Q12852_PF07714_131_363	9CDY_A	1.5	11	1	11	0(11)
Q12866_PF07714_589_853	7AAZ_A	1.855	54	2	54	0(52),1(2)
Q12888_PF09038_1483_1604	6VA5_A	1.28	4	1	4	0(4)
Q12918_PF00059_113_212	5MGS_B	1.9	3	2	3	0(2),1(1)
Q13043_PF00069_31_281	8PAV_B	1.9	8	1	8	0(8)
Q13093_PF03403_49_416	3F97_B	1.7	36	2	36	0(35),1(1)
Q13126_PF01048_11_255	5TC6_A	1.48	22	1	22	0(22)
Q13131_PF00069_29_279	6C9H_A	2.65	8	2	8	0(6),1(2)
Q13133_PF00104_252_430	5HJS_B	1.72	11	1	11	0(11)
Q13153_PF00069_270_521	3FXZ_A	1.64	50	2	50	0(41),1(9)
Q13164_PF00069_55_347	5BYZ_A	1.65	14	2	14	0(11),1(3)
Q13177_PF00069_249_500	9D51_B	2.1	2	1	2	0(2)
Q13188_PF00069_28_278	8A66_A	1.901	8	1	8	0(8)
Q13191_PF02762_256_341	8VW4_B	2.4	2	1	2	0(2)
Q13231_PF00704_23_363	5NRA_A	1.267	16	2	16	0(15),1(1)
Q13232_PF00334_22_155	8QW3_E	1.255	39	1	39	0(39)
Q13237_PF00027_187_268	5C8W_B	1.8	8	1	8	0(8)
Q13237_PF00027_305_390	5JIX_A	1.47	4	1	4	0(4)
Q13255_PF01094_79_486	3KS9_B	1.9	2	1	2	0(2)
Q13257_PF02301_16_191	2VFX_C	1.95	2	1	2	0(2)
Q13258_PF00001_59_323	8ZVZ_D	2.35	4	2	4	0(2),1(2)
Q13283_PF02136_11_133	8V1L_B	2.68	2	1	2	0(2)
Q13285_PF00104_256_438	1ZDT_A	2.1	10	1	10	0(10)
Q13303_PF00248_52_354	1ZSX_A	1.9	17	1	17	0(17)
Q13315_PF00454_2715_2961	8OXQ_A	2.5	16	1	16	0(16)
Q13336_PF03253_59_353	6QD5_A	2.398	8	2	8	0(4),1(4)
Q13363_PF00389_38_352	1MX3_A	1.95	35	2	35	0(33),1(2)
Q13363_PF02826_135_317	1MX3_A	1.95	33	1	33	0(33)
Q13370_PF00233_736_1002	1SO2_D	2.4	18	1	18	0(18)
Q13395_PF00588_1464_1605	2HA8_B	1.6	2	1	2	0(2)
Q13418_PF07714_194_444	3REP_A	1.8	2	1	2	0(2)
Q13432_PF05351_80_236	9GKG_K	2.21	8	2	8	0(6),1(2)
Q13451_PF00254_44_135	7AOT_A	0.85	144	1	144	0(144)
Q13464_PF00069_76_338	3V8S_C	2.286	70	1	70	0(70)
Q13467_PF01392_33_138	5URY_A	2.098	2	2	2	0(1),1(1)
Q13469_PF16179_580_678	8R3F_B	1.55	2	1	2	0(2)
Q13490_PF00653_272_336	4HY4_A	1.249	6	1	6	0(6)
Q13509_PF00091_3_211	6S8L_B	1.801	90	1	90	0(90)
Q13510_PF02275_143_384	6MHM_B	2.743	2	1	2	0(2)
Q13523_PF00069_688_1003	4IIR_B	2	12	2	12	0(11),1(1)
Q13526_PF00639_59_162	3I6C_B	1.3	45	1	45	0(45)
Q13535_PF00454_2324_2566	9L40_B	2.87	8	1	8	0(8)
Q13546_PF07714_21_284	9MZY_B	2.32	52	2	52	0(50),1(2)
Q13554_PF00069_14_272	3BHH_B	2.4	2	1	2	0(2)
Q13555_PF00069_14_272	2V7O_A	2.25	1	1	1	0(1)
Q13557_PF00069_14_272	2WEL_A	1.9	9	1	9	0(9)
Q13572_PF05770_119_317	2Q7D_B	1.6	5	1	5	0(5)
Q13614_PF06602_192_528	1ZSQ_A	1.82	2	1	2	0(2)
Q13627_PF00069_159_479	6S1H_A	1.05	220	3	220	0(215),1(4),2(1)
Q13630_PF01370_10_245	4E5Y_A	2.37	44	2	44	0(26),1(18)
Q13636_PF00071_8_167	2FG5_A	2.801	1	1	1	0(1)
Q13637_PF00071_27_192	6FF8_B	2.13	12	2	12	0(10),1(2)
Q13686_PF13532_101_344	8K62_A	1.991	1	1	1	0(1)
Q13822_PF01663_166_478	4ZG7_A	1.75	20	2	20	0(19),1(1)
Q13823_PF01926_313_399	8RL2_CB	2.84	2	1	2	0(2)
Q13873_PF00069_205_496	6UNP_A	2.3	4	1	4	0(4)
Q13882_PF07714_192_441	6CZ4_A	1.5	7	2	7	0(6),1(1)
Q13936_PF00520_952_1196	8WE8_A	2.9	2	1	2	0(2)
Q13946_PF00233_211_438	1ZKL_A	1.67	4	1	4	0(4)
Q13976_PF00027_122_203	3OCP_B	2.49	9	1	9	0(9)
Q13976_PF00027_240_325	5L0N_A	1.285	12	1	12	0(12)
Q13976_PF00069_361_619	6BG2_B	1.83	9	1	9	0(9)
Q14004_PF00069_707_997	5EFQ_A	2	3	2	3	0(2),1(1)
Q14012_PF00069_20_276	4FG8_B	2.2	5	1	5	0(5)
Q14028_PF00027_982_1067	7RHJ_B	2.88	5	1	5	0(5)
Q14108_PF01130_12_456	4F7B_B	3	1	1	1	0(1)
Q14141_PF00735_39_307	6UPA_B	2.51	3	1	3	0(3)
Q14145_PF00651_67_178	9DU7_A	1.867	5	1	5	0(5)
Q14149_PF13589_30_139	6O1E_A	2.41	1	1	1	0(1)
Q14204_PF12774_1868_2231	8PTK_m	10.0	64	1	64	0(64)
Q14204_PF12775_2561_2737	9DH5_A	2.6	18	1	18	0(18)
Q14204_PF12780_2908_3186	9BLZ_A	2.2	62	1	62	0(62)
Q14289_PF07714_427_679	3FZT_A	1.95	11	2	11	0(4),1(7)
Q14332_PF01392_39_144	6C0B_B	2.5	1	1	1	0(1)
Q14376_PF16363_6_332	1I3M_B	1.5	25	2	25	0(13),1(12)
Q14416_PF00003_562_813	7MTS_A	3.2	5	1	5	0(5)
Q14416_PF01094_61_458	7EPB_B	3.1	14	2	14	0(13),1(1)
Q14432_PF00233_751_1015	7L29_B	2.08	12	1	12	0(12)
Q14534_PF08491_277_548	6C6N_A	2.3	4	1	4	0(4)
Q14541_PF00104_125_312	1LV2_A	2.7	1	1	1	0(1)
Q14562_PF00270_572_721	6HYT_B	2.33	8	1	8	0(8)
Q14565_PF08423_94_338	7C9C_C	3.33	6	1	6	0(6)
Q14566_PF00493_334_556	7W1Y_E	2.59	15	1	15	0(15)
Q14680_PF00069_11_263	5K00_A	1.77	48	1	48	0(48)
Q14703_PF00082_209_464	9CSD_A	2.4	1	1	1	0(1)
Q147X3_PF00583_225_338	7RB3_A	3.1	1	1	1	0(1)
Q14807_PF00225_49_368	6NJE_A	2.2	1	1	1	0(1)
Q14832_PF01094_68_472	4XAR_A	2.26	9	1	9	0(9)
Q14833_PF00003_581_841	8JD6_S	3.4	3	2	3	0(2),1(1)
Q14894_PF02423_4_313	2I99_B	2.6	2	1	2	0(2)
Q14914_PF00107_153_284	2Y05_B	2.2	4	1	4	0(4)
Q14994_PF00104_159_329	1XVP_D	2.6	1	1	1	0(1)
Q14995_PF00104_403_577	4N73_A	1.8662	6	1	6	0(6)
Q15019_PF00735_34_312	6UPQ_A	1.86	6	1	6	0(6)
Q15029_PF00009_129_365	8C6J_C	2.8	46	1	46	0(46)
Q15046_PF00152_222_573	6ILD_B	1.882	36	2	36	0(34),1(2)
Q15047_PF18358_348_397	5KE2_A	1.56	2	1	2	0(2)
Q15059_PF00439_315_402	3S92_A	1.36	20	1	20	0(20)
Q15059_PF00439_46_127	6QJU_A	1.202	3	1	3	0(3)
Q15084_PF00085_27_126	3VWW_B	1.93	2	1	2	0(2)
Q15118_PF02518_270_390	9M3O_A	1.762	2	1	2	0(2)
Q15118_PF10436_56_220	2Q8G_A	1.9	1	1	1	0(1)
Q15119_PF02518_242_361	5J71_A	1.65	36	1	36	0(36)
Q15119_PF10436_30_192	9M3U_A	1.92	20	2	20	0(15),1(5)
Q15120_PF02518_238_359	1Y8O_A	2.48	3	1	3	0(3)
Q15125_PF05241_96_206	8W0R_A	2.8	8	1	8	0(8)
Q15208_PF00069_89_369	6BXI_B	2.2	2	1	2	0(2)
Q15257_PF03095_26_351	2HV7_C	2.5	3	1	3	0(3)
Q15274_PF01729_114_284	4KWW_E	2.55	27	1	27	0(27)
Q15286_PF00071_10_168	6IF3_B	1.5	4	1	4	0(4)
Q15303_PF07714_719_973	2R4B_A	2.4	4	1	4	0(4)
Q15375_PF07714_633_888	3DKO_A	2	1	1	1	0(1)
Q15382_PF00071_8_167	6BSX_A	1.65	31	2	31	0(27),1(4)
Q15391_PF00001_57_295	9J0F_R	2.76	3	1	3	0(3)
Q15418_PF00069_62_320	2Z7R_A	2	4	1	4	0(4)
Q15485_PF00147_102_312	2J3O_C	2.65	4	1	4	0(4)
Q15561_PF17725_222_431	6SEN_B	1.65	25	2	25	0(23),1(2)
Q15562_PF17725_227_444	6UYB_A	1.543	72	3	72	0(69),1(2),2(1)
Q15652_PF02373_2383_2481	2YPD_B	2.1	2	1	2	0(2)
Q15661_PF00089_31_267	4MPU_A	1.649	18	2	18	0(16),1(2)
Q15722_PF00001_35_285	7VKT_A	2.9	1	1	1	0(1)
Q15738_PF01073_42_292	6JKH_B	3	2	1	2	0(2)
Q15743_PF00001_39_286	9BI6_R	2.9	2	1	2	0(2)
Q15758_PF00375_54_483	7BCQ_A	3.43	6	1	6	0(6)
Q15759_PF00069_27_308	3GP0_A	1.9	6	2	6	0(4),1(2)
Q15771_PF00071_11_168	2EW1_A	2	1	1	1	0(1)
Q15811_PF14604_747_800	6H5T_A	1.689	1	1	1	0(1)
Q15822_PF02931_59_264	5FJV_E	3.2	5	1	5	0(5)
Q15825_PF02931_34_239	8ZRN_A	3.25	3	1	3	0(3)
Q15831_PF00069_52_309	2WTK_C	2.65	2	1	2	0(2)
Q15849_PF03253_581_875	8XD7_B	2.6	21	3	21	0(9),1(9),2(3)
Q15858_PF00520_1191_1466	8J4F_A	3.0	1	1	1	0(1)
Q15858_PF00520_1515_1770	7W9K_A	2.2	7	2	7	0(6),1(1)
Q15907_PF00071_13_173	2F9L_A	1.55	4	1	4	0(4)
Q15910_PF00856_623_726	5HYN_A	2.95	14	2	14	0(10),1(4)
Q16181_PF00735_47_318	6UQQ_A	2.75	12	1	12	0(12)
Q16186_PF04683_23_121	8FTQ_A	2.1	2	1	2	0(2)
Q16222_PF01704_46_451	1JV1_B	1.9	10	1	10	0(10)
Q16281_PF00027_502_590	8EV8_A	3.11	24	1	24	0(24)
Q16288_PF07714_539_823	6KZD_A	1.708	6	1	6	0(6)
Q16394_PF03016_111_395	7SCK_A	2.8	5	1	5	0(5)
Q16512_PF00069_616_874	4OTG_A	2.6	3	1	3	0(3)
Q16513_PF00069_661_916	4CRS_A	2.75	1	1	1	0(1)
Q16539_PF00069_24_308	3ZS5_A	1.6	370	16	370	0(143),1(2),2(12),3(2),4(2),5(2),6(2),7(3),8(2),9(2),10(2),11(2),12(2),13(117),14(73),15(2)
Q16548_PF00452_37_140	9GIR_A	1.075	12	1	12	0(12)
Q16555_PF01979_64_453	5LXX_B	1.25	2	1	2	0(2)
Q16566_PF00069_46_300	2W4O_A	2.17	1	1	1	0(1)
Q16620_PF07714_539_806	4AT5_A	1.71	3	1	3	0(3)
Q16637_PF06003_91_144	4QQ6_A	1.75	5	1	5	0(5)
Q16644_PF00069_47_304	7NRB_A	1.9	5	1	5	0(5)
Q16647_PF00067_269_491	3B6H_A	1.62	4	1	4	0(4)
Q16651_PF00089_45_281	3DFL_A	2	4	2	4	0(2),1(2)
Q16654_PF02518_245_365	2ZKJ_B	2	14	1	14	0(14)
Q16658_PF06268_21_134	6I16_A	2	1	1	1	0(1)
Q16658_PF06268_268_377	3P53_A	2	1	1	1	0(1)
Q16659_PF00069_21_316	6YLC_D	2.43	9	1	9	0(9)
Q16678_PF00067_51_519	3PM0_A	2.7	5	2	5	0(3),1(2)
Q16696_PF00067_34_490	2PG5_A	1.95	73	3	73	0(29),1(43),2(1)
Q16698_PF13561_69_302	1W6U_A	1.75	12	1	12	0(12)
Q16740_PF00574_68_246	9DKW_D	2.49	30	2	30	0(28),1(2)
Q16769_PF04389_122_352	2AFW_B	1.56	70	1	70	0(70)
Q16772_PF02798_6_77	2VCV_O	1.8	18	1	18	0(18)
Q16773_PF00155_29_409	4WLH_A	1.28	19	1	19	0(19)
Q16774_PF00625_5_187	8PTS_A	1.76	2	1	2	0(2)
Q16790_PF00194_148_390	6G9U_D	1.75	76	1	76	0(76)
Q16795_PF01370_57_260	5XTI_BJ	17.4	5	1	5	0(5)
Q16798_PF03949_305_557	8EYO_A	2.49	6	1	6	0(6)
Q16816_PF00069_20_288	8Z5R_C	3.52	5	1	5	0(5)
Q16819_PF01400_75_257	7UAF_C	2.4	4	1	4	0(4)
Q16820_PF01400_70_253	7AQ1_B	2.413	2	1	2	0(2)
Q16831_PF01048_54_304	3EUF_A	1.9	4	1	4	0(4)
Q16832_PF07714_563_846	6FER_J	2.87	12	1	12	0(12)
Q16836_PF02737_29_214	1F0Y_B	1.8	18	1	18	0(18)
Q16850_PF00067_71_498	6UEZ_A	1.98	63	2	63	0(51),1(12)
Q16851_PF01704_56_473	4R7P_A	3.35	1	1	1	0(1)
Q16853_PF01179_316_716	2C10_B	2.5	29	1	29	0(29)
Q16854_PF01712_41_275	2OCP_B	2.8	8	1	8	0(8)
Q16873_PF01124_9_123	6R7D_I	2.35	24	2	24	0(20),1(4)
Q16875_PF01591_26_246	6HVI_A	1.96	27	3	27	0(25),1(1),2(1)
Q16878_PF05995_1_170	6BPU_A	1.8	9	1	9	0(9)
Q16881_PF07992_163_500	3QFA_A	2.2	40	2	40	0(30),1(10)
Q2M1P5_PF00225_21_349	6MLR_C	4.2	3	1	3	0(3)
Q2M2I8_PF00069_48_307	5TE0_A	1.9	11	1	11	0(11)
Q38SD2_PF08477_640_760	8FAC_A	3.92	2	1	2	0(2)
Q3MIT2_PF21238_289_520	2V9K_A	2	1	1	1	0(1)
Q460N3_PF00644_504_676	7OTF_A	1.3	43	1	43	0(43)
Q460N3_PF01661_322_420	3V2B_A	2.2	1	1	1	0(1)
Q460N5_PF00644_1628_1747	3SMJ_A	1.5	49	1	49	0(49)
Q460N5_PF01661_1043_1146	5O2D_A	1.6	4	2	4	0(3),1(1)
Q460N5_PF01661_1245_1346	4ABK_A	1.6	1	1	1	0(1)
Q460N5_PF01661_820_936	4D86_A	2	2	1	2	0(2)
Q49A26_PF03446_269_428	2UYY_A	2.5	2	1	2	0(2)
Q4FZB7_PF00856_209_308	8T68_A	1.9	4	1	4	0(4)
Q4U2R8_PF00083_136_512	9U55_A	3.17	4	1	4	0(4)
Q53GL7_PF00644_829_952	5LX6_A	1.25	6	1	6	0(6)
Q53H47_PF00856_150_262	3BO5_A	1.59	1	1	1	0(1)
Q53TN4_PF03188_49_185	5ZLE_A	2.6	4	2	4	0(2),1(2)
Q58F21_PF00439_276_362	7L99_C	1.9	10	1	10	0(10)
Q58F21_PF00439_39_120	7UUU_A	1.52	9	1	9	0(9)
Q59H18_PF07714_463_719	4YFI_D	2.7	20	1	20	0(20)
Q5FWF5_PF13880_763_831	4MXE_B	2.6	3	1	3	0(3)
Q5JRX3_PF05193_245_429	4L3T_A	2.03	2	1	2	0(2)
Q5JRX3_PF08367_504_752	4L3T_A	2.03	14	3	14	0(4),1(6),2(4)
Q5JRX3_PF22516_856_1001	4L3T_A	2.03	13	3	13	0(4),1(5),2(4)
Q5JUK3_PF07885_260_327	8HKQ_D	2.9	4	1	4	0(4)
Q5NUL3_PF00001_58_321	8ID6_R	2.8	12	1	12	0(12)
Q5S007_PF00069_1884_2129	8TZG_A	2.7	34	3	34	0(13),1(11),2(10)
Q5S007_PF08477_1336_1455	7LI4_A	3.1	27	1	27	0(27)
Q5SQI0_PF05301_9_190	4B5O_A	1.05	9	1	9	0(9)
Q5SRI9_PF16317_98_448	6ZFQ_AAA	1.2	6	2	6	0(5),1(1)
Q5T280_PF02598_74_364	4RG1_A	1.86	6	2	6	0(4),1(2)
Q5T6V5_PF10343_55_341	7UGK_B	1.78	4	1	4	0(4)
Q5T8I9_PF13489_42_190	5WY0_A	2.001	2	1	2	0(2)
Q5T9L3_PF06664_227_496	7DRT_B	2.2	5	1	5	0(5)
Q5TA50_PF08718_28_176	4K84_B	1.897	20	1	20	0(20)
Q5TCX8_PF07714_124_398	4UYA_A	2.8	1	1	1	0(1)
Q5TCY1_PF00069_35_273	4NFN_A	1.42	18	1	18	0(18)
Q5VTE6_PF03372_170_486	6RVZ_A	2.1	1	1	1	0(1)
Q5VTY9_PF03062_125_441	7Q1U_A	2.7	7	3	7	0(3),1(3),2(1)
Q5VVY1_PF05891_66_277	6DUB_B	1.2	6	1	6	0(6)
Q5VWZ2_PF02230_12_225	5KRE_A	2	1	1	1	0(1)
Q5VZV1_PF10294_80_239	4MTL_B	1.65	2	1	2	0(2)
Q5W0Z9_PF01529_123_245	6BMM_A	2.35	3	1	3	0(3)
Q658P3_PF03807_30_117	2VQ3_A	2	2	1	2	0(2)
Q687X5_PF01794_249_394	6HCY_B	3.1	12	2	12	0(6),1(6)
Q687X5_PF03807_21_107	6HCY_B	3.1	6	1	6	0(6)
Q68CP4_PF07786_267_389	8JL3_B	2.59	18	2	18	0(16),1(2)
Q695T7_PF00209_32_607	8WBY_D	3.18	4	1	4	0(4)
Q6B0I6_PF02373_179_295	6H10_A	1.104	27	2	27	0(23),1(4)
Q6DD88_PF02263_37_305	5VGR_B	2.096	4	1	4	0(4)
Q6DHV7_PF00962_19_344	8QCH_C	2.442	8	1	8	0(8)
Q6IA69_PF02540_339_603	6OFB_B	2.84	2	1	2	0(2)
Q6IMI6_PF00685_46_296	2REO_A	2.651	3	1	3	0(3)
Q6IQ22_PF00071_45_205	8VH5_D	4.0	4	1	4	0(4)
Q6IQ55_PF00069_22_241	6VRF_B	1.5	10	1	10	0(10)
Q6L8Q7_PF03372_299_599	4Z2B_A	1.8	1	1	1	0(1)
Q6NVY1_PF16113_47_376	3BPT_A	1.5	1	1	1	0(1)
Q6NYC1_PF02373_174_288	6MEV_A	2.6	2	1	2	0(2)
Q6P179_PF01433_298_502	7PFS_B	2.7	17	1	17	0(17)
Q6P1N9_PF01026_8_293	8EFG_A	1.5	1	1	1	0(1)
Q6P4R8_PF14465_379_478	3U21_A	2.18	2	1	2	0(2)
Q6P6C2_PF13532_114_274	4NRQ_A	2.5	1	1	1	0(1)
Q6P988_PF03283_87_450	7BLS_A	1.19	136	4	136	0(133),1(1),2(1),3(1)
Q6PHR2_PF00069_17_270	6FDY_U	1.7	2	1	2	0(2)
Q6PHW0_PF00881_98_267	5YAK_C	2.3	12	1	12	0(12)
Q6PL18_PF00439_1004_1066	5R4V_A	1.29	29	1	29	0(29)
Q6QNK2_PF00002_565_802	8X9T_R	2.75	3	1	3	0(3)
Q6UWP2_PF00106_13_210	1XG5_D	1.53	4	1	4	0(4)
Q6UWY2_PF00089_34_258	4Q7Z_A	1.4	3	1	3	0(3)
Q6V1X1_PF00326_687_890	6HP8_A	2.5	14	2	14	0(11),1(3)
Q6VAB6_PF07714_666_928	7JUR_B	2.82	9	1	9	0(9)
Q6VVX0_PF00067_40_497	3CZH_B	2.3	12	2	12	0(6),1(6)
Q6YN16_PF00106_12_198	3KVO_B	2.25	2	1	2	0(2)
Q6ZMG9_PF03798_131_324	8QZ7_A	3.0	6	2	6	0(4),1(2)
Q6ZT98_PF03133_90_378	4YLR_A	2.55	2	1	2	0(2)
Q712K3_PF00179_13_153	6NYO_A	1.502	1	1	1	0(1)
Q71U36_PF00091_3_213	8SH7_A	2.8	444	1	444	0(444)
Q7KYR7_PF00622_385_491	8JYC_A	2.29	2	2	2	0(1),1(1)
Q7KZF4_PF00565_220_327	7KNW_A	2.65	8	1	8	0(8)
Q7KZI7_PF00069_53_304	5EAK_A	2.8	8	1	8	0(8)
Q7L0J3_PF00083_195_471	8YF1_B	3.38	8	1	8	0(8)
Q7L0J3_PF07690_599_734	8UO9_A	3.3	1	1	1	0(1)
Q7L0Q8_PF00071_51_219	2Q3H_A	1.73	1	1	1	0(1)
Q7L1I2_PF07690_538_678	8UO8_A	3.2	1	1	1	0(1)
Q7L1T6_PF00173_58_129	3LF5_B	1.25	2	1	2	0(2)
Q7L1T6_PF00175_395_500	6MV2_A	2.05	2	1	2	0(2)
Q7L266_PF01112_1_293	3TKJ_B	2.3	1	1	1	0(1)
Q7L523_PF04670_9_235	6S6D_A	2.5	25	1	25	0(25)
Q7L8A9_PF14822_58_302	6J7B_A	1.618	4	1	4	0(4)
Q7LBC6_PF02373_1599_1704	5RB2_B	1.52	5	1	5	0(5)
Q7RTN6_PF00069_69_379	3GNI_B	2.35	4	1	4	0(4)
Q7Z2E3_PF11969_188_292	6CVQ_B	1.65	20	1	20	0(20)
Q7Z3B1_PF07679_46_135	6DLD_D	3.3	1	1	1	0(1)
Q7Z3C6_PF04109_37_525	6WQZ_A	2.8	10	3	10	0(3),1(4),2(3)
Q7Z3F1_PF03547_45_360	8U5Q_C	2.4	15	5	15	0(2),1(2),2(7),3(2),4(2)
Q7Z4H3_PF13023_24_176	4L1J_B	1.824	1	1	1	0(1)
Q7Z4V5_PF00855_8_87	7HGV_A	1.48	98	1	98	0(98)
Q7Z4W1_PF13561_14_241	3D3W_B	1.87	8	1	8	0(8)
Q7Z5P4_PF00106_38_228	8G9V_B	2.645	8	1	8	0(8)
Q7Z624_PF10294_125_276	4PWY_A	1.9	1	1	1	0(1)
Q7Z6Z7_PF02825_1617_1678	8RD0_D	1.765	7	1	7	0(7)
Q86SF2_PF00535_210_395	6IWR_D	2.604	1	1	1	0(1)
Q86SQ9_PF01255_32_251	7PAX_A	2	5	1	5	0(5)
Q86SR1_PF00535_148_328	2D7I_A	2.5	2	1	2	0(2)
Q86SX6_PF00462_54_119	2WUL_B	2.4	4	1	4	0(4)
Q86TI2_PF00326_663_863	6X6C_A	2.9	4	1	4	0(4)
Q86TM3_PF00270_246_416	3IUY_A	2.4	2	1	2	0(2)
Q86TN4_PF01885_26_203	7YW3_A	2.5	1	1	1	0(1)
Q86TU7_PF00856_105_314	6MBK_B	1.69	35	1	35	0(35)
Q86U44_PF05063_389_550	5IL2_A	1.606	59	1	59	0(59)
Q86U86_PF00439_198_274	6ZNV_A	1.14	4	1	4	0(4)
Q86U86_PF00439_678_749	5FH7_B	1.47	39	1	39	0(39)
Q86UD5_PF00999_136_509	9QUW_B	2.9	2	1	2	0(2)
Q86UE8_PF00069_464_741	5O0Y_A	2.86	1	1	1	0(1)
Q86UW9_PF18102_480_614	6Y3J_A	2.6	1	1	1	0(1)
Q86UY6_PF00583_89_188	4U9V_B	1.78	5	1	5	0(5)
Q86V24_PF03006_140_363	6KS1_A	2.4	17	4	17	0(8),1(5),2(3),3(1)
Q86V25_PF14822_48_291	6J4P_A	1.599	5	1	5	0(5)
Q86VU5_PF01596_61_262	2AVD_A	1.7	2	1	2	0(2)
Q86W50_PF05971_1_291	6B92_A	2.1	2	1	2	0(2)
Q86W56_PF05028_706_908	7KG8_A	1.43	19	1	19	0(19)
Q86WA6_PF00561_62_190	2OCI_A	1.9	1	1	1	0(1)
Q86WJ1_PF00176_49_327	7EPU_B	3.5	1	1	1	0(1)
Q86WV6_PF15009_154_337	6XNP_A	1.77	18	1	18	0(18)
Q86X55_PF06325_183_257	8G2H_A	1.49	49	1	49	0(49)
Q86XE5_PF00701_35_318	3S5O_A	1.97	1	1	1	0(1)
Q86Y01_PF02825_107_171	8R6B_A	2.5	1	1	1	0(1)
Q86Y01_PF02825_26_94	8R6A_B	2.4	2	1	2	0(2)
Q86Y01_PF18102_479_613	6Y5P_A	1.74	2	1	2	0(2)
Q86Y07_PF00069_31_263	8Q1Z_A	1.85	5	1	5	0(5)
Q86Y34_PF00002_268_517	7D77_R	2.9	4	2	4	0(2),1(2)
Q86Y38_PF02485_328_581	6EJ7_A	2	1	1	1	0(1)
Q86YS6_PF00071_20_180	2HUP_A	2.05	2	1	2	0(2)
Q86YT5_PF00939_14_552	8UVB_B	2.13	4	1	4	0(4)
Q86YV6_PF00069_108_361	2X4F_A	2.67	2	1	2	0(2)
Q8IU60_PF00293_98_210	5QOQ_A	1.49	26	2	26	0(24),1(2)
Q8IU85_PF00069_23_279	6T29_AAA	1.484	7	2	7	0(6),1(1)
Q8IU99_PF14798_2_255	8GMP_C	2.8	8	1	8	0(8)
Q8IUN9_PF00059_199_305	6PY1_A	1.701	3	1	3	0(3)
Q8IV48_PF00929_132_305	1W0H_A	1.59	9	1	9	0(9)
Q8IVH4_PF03308_101_382	8GJU_A	2.79	11	2	11	0(8),1(3)
Q8IVH8_PF00069_16_273	5J5T_A	2.85	1	1	1	0(1)
Q8IVS2_PF00698_66_336	2C2N_A	1.55	1	1	1	0(1)
Q8IVT5_PF07714_614_876	7JUW_B	2.88	6	1	6	0(6)
Q8IVV7_PF09783_122_289	7U3J_A	1.642	12	1	12	0(12)
Q8IVW4_PF00069_4_286	3ZDU_A	2.2	1	1	1	0(1)
Q8IVW8_PF07690_108_469	8JHR_A	3.52	13	1	13	0(13)
Q8IWA4_PF00350_78_237	5GOM_A	2.802	4	1	4	0(4)
Q8IWT1_PF07686_41_145	5XAW_B	2.101	2	1	2	0(2)
Q8IXI2_PF00071_6_166	6D71_B	1.71808	4	1	4	0(4)
Q8IXJ6_PF02146_84_268	9FDR_A	1.25	68	3	68	0(31),1(33),2(4)
Q8IXK2_PF00535_139_322	6PXU_B	2.007	2	1	2	0(2)
Q8IXL7_PF01641_54_168	6Q9V_A	1.85	4	3	4	0(2),1(1),2(1)
Q8IXQ6_PF01661_136_254	9QYE_A	1.44	1	1	1	0(1)
Q8IXQ6_PF01661_335_445	9QYF_A	1.3	4	1	4	0(4)
Q8IYK8_PF00071_116_278	3CBQ_A	1.82	1	1	1	0(1)
Q8IYM1_PF00735_47_319	6MQ9_D	1.86	10	1	10	0(10)
Q8IYT8_PF00069_9_271	6QAV_B	2.05	15	1	15	0(15)
Q8IZ41_PF00071_543_709	2P5S_B	2.15	2	1	2	0(2)
Q8IZH2_PF03159_1_227	9E70_A	2.1	1	1	1	0(1)
Q8IZK6_PF08016_379_513	9EL0_B	2.45	12	1	12	0(12)
Q8IZT8_PF00685_91_335	3BD9_A	2.3	1	1	1	0(1)
Q8IZX4_PF00439_1535_1614	5IGL_A	2.1	1	1	1	0(1)
Q8N0X4_PF03328_46_274	5VXC_A	1.872	4	1	4	0(4)
Q8N138_PF04061_11_146	7K0M_D	2.9	9	2	9	0(8),1(1)
Q8N159_PF04768_357_519	4K30_B	2.103	4	1	4	0(4)
Q8N1G2_PF01728_233_448	4N49_A	1.9	4	1	4	0(4)
Q8N1Q1_PF00194_12_261	5OGJ_A	1.06	30	1	30	0(30)
Q8N335_PF01210_7_174	2PLA_A	2.51	2	1	2	0(2)
Q8N371_PF13621_194_416	6I9L_A	1.53	9	1	9	0(9)
Q8N423_PF13895_28_113	6BCS_A	2.1	1	1	1	0(1)
Q8N465_PF01565_101_238	6LPN_B	2.206	12	1	12	0(12)
Q8N4A0_PF00535_138_321	6H0B_B	1.8	1	1	1	0(1)
Q8N4A0_PF00652_445_574	5NQA_A	1.9	1	1	1	0(1)
Q8N4J0_PF07942_146_408	5YF0_B	2.25	10	2	10	0(6),1(4)
Q8N4P3_PF13328_11_136	5VXA_B	2.1	1	1	1	0(1)
Q8N4Q0_PF00107_184_319	2C0C_B	1.45	9	1	9	0(9)
Q8N4T8_PF13561_12_233	4CQM_F	2.339	8	1	8	0(8)
Q8N543_PF13661_141_238	4NHY_C	2.603	4	1	4	0(4)
Q8N5C1_PF14798_1_250	7D60_J	2.61	33	1	33	0(33)
Q8N5S9_PF00069_128_409	6CCF_A	2.1	6	1	6	0(6)
Q8N5Y2_PF22732_11_87	3OB9_A	2.5	2	1	2	0(2)
Q8N5Y8_PF00644_103_272	6HXS_A	2.05	6	2	6	0(3),1(3)
Q8N5Z0_PF00155_65_416	5TF5_A	1.807	30	2	30	0(29),1(1)
Q8N697_PF00854_104_512	8JZX_B	2.5	2	1	2	0(2)
Q8N6N7_PF00887_4_78	3EPY_A	2.005	2	1	2	0(2)
Q8N6R0_PF01564_477_613	5WCJ_A	1.7	1	1	1	0(1)
Q8N6T7_PF02146_86_221	6HOY_A	1.7	20	2	20	0(4),1(16)
Q8N884_PF03281_214_389	9ELX_A	1.53	7	2	7	0(6),1(1)
Q8N884_PF20266_405_509	7FUO_A	1.81	7	1	7	0(7)
Q8NAT1_PF04577_259_362	6XI2_A	2.57	1	1	1	0(1)
Q8NB16_PF07714_218_466	5KO1_A	2.16	4	1	4	0(4)
Q8NB16_PF22215_4_146	6ZZ1_A	1.64	5	2	5	0(2),1(3)
Q8NB49_PF13246_465_656	7BSQ_A	3.2	1	1	1	0(1)
Q8NB78_PF01593_393_819	4HSU_A	1.988	33	2	33	0(25),1(8)
Q8NBJ5_PF01755_341_524	9EVJ_A	2.7	5	1	5	0(5)
Q8NBJ5_PF13704_61_175	9EVJ_B	2.7	10	1	10	0(10)
Q8NBL1_PF05686_50_388	5L0V_A	1.305	6	1	6	0(6)
Q8NBN3_PF06814_225_467	8HSI_A	3.1	3	3	3	0(1),1(1),2(1)
Q8NBP7_PF00082_181_419	6U3X_B	2.64	1	1	1	0(1)
Q8NBZ7_PF16363_92_386	2B69_A	1.21	19	3	19	0(13),1(4),2(2)
Q8NC06_PF00887_13_91	2WH5_A	2.6	6	1	6	0(6)
Q8NCC3_PF02450_72_397	4X91_A	2.3	10	1	10	0(10)
Q8NCM8_PF12774_1651_1986	4RH7_A	3.41	1	1	1	0(1)
Q8NCM8_PF12780_2625_2881	4RH7_A	3.41	1	1	1	0(1)
Q8NEB9_PF00454_631_831	7RSP_B	1.67	21	1	21	0(21)
Q8NER1_PF00520_435_694	8GFA_C	2.29	45	3	45	0(12),1(12),2(21)
Q8NET8_PF00520_442_688	8V6K_D	2.46	52	2	52	0(20),1(32)
Q8NFF5_PF01507_399_553	8ROM_A	1.69	1	1	1	0(1)
Q8NFN8_PF00003_46_311	8YK0_B	2.4	4	1	4	0(4)
Q8NFT2_PF01794_261_404	7TAI_C	3.2	3	1	3	0(3)
Q8NFT2_PF03807_32_119	7TAI_A	3.2	3	1	3	0(3)
Q8NFU1_PF01062_1_324	9DYN_C	2.44	5	1	5	0(5)
Q8NG68_PF03133_85_365	8ASN_I	2.571	3	1	3	0(3)
Q8NHV1_PF04548_9_215	3ZJC_C	3.15	6	1	6	0(6)
Q8NI60_PF03109_300_538	7UDQ_B	1.9	4	1	4	0(4)
Q8NI77_PF00225_17_355	3LRE_B	2.2	4	2	4	0(3),1(1)
Q8NI99_PF00147_258_467	6Y43_A	1.6	1	1	1	0(1)
Q8TAI7_PF00071_8_168	3OES_A	2.301	1	1	1	0(1)
Q8TBC4_PF00899_64_365	1R4N_B	3.6	4	1	4	0(4)
Q8TBG4_PF00202_31_433	6TOR_B	2.05	2	1	2	0(2)
Q8TBK2_PF00856_74_286	3QXY_A	2.09	4	1	4	0(4)
Q8TCB7_PF08242_84_182	7EZG_A	1.9	11	1	11	0(11)
Q8TCD5_PF06941_3_190	2I7D_A	1.2	6	1	6	0(6)
Q8TCJ2_PF02516_72_471	6S7T_A	3.5	1	1	1	0(1)
Q8TD30_PF00155_111_510	3IHJ_A	2.3	1	1	1	0(1)
Q8TDQ0_PF07686_25_127	7M3Y_B	1.69	2	2	2	0(1),1(1)
Q8TDS4_PF00001_44_294	8J6P_R	2.55	20	3	20	0(6),1(10),2(4)
Q8TDS7_PF00001_44_276	9DQJ_A	2.9	2	1	2	0(2)
Q8TDU6_PF00001_32_249	7CFM_R	3.0	4	2	4	0(3),1(1)
Q8TDU9_PF00001_56_309	7YK7_R	2.75	2	1	2	0(2)
Q8TDV5_PF00001_22_279	7WCM_R	2.33	4	1	4	0(4)
Q8TDX5_PF04909_3_330	4IH3_E	2.493	8	1	8	0(8)
Q8TDX7_PF00069_34_286	9NFQ_C	3.25	8	2	8	0(6),1(2)
Q8TE76_PF13589_50_165	7K7T_A	2.94	2	1	2	0(2)
Q8TEA1_PF01189_229_400	9IMB_A	2.9	6	1	6	0(6)
Q8TEK3_PF08123_115_317	6TE6_B	1.98	61	2	61	0(60),1(1)
Q8TF76_PF12330_413_781	4QTC_A	1.4	34	2	34	0(33),1(1)
Q8WTS6_PF00856_227_336	4JDS_B	1.7	12	2	12	0(10),1(2)
Q8WU08_PF00069_23_280	4FR4_B	2.29	6	1	6	0(6)
Q8WUD1_PF00071_8_168	2A5J_A	1.501	1	1	1	0(1)
Q8WUI4_PF00850_541_859	3C10_A	2	10	1	10	0(10)
Q8WVM0_PF00398_28_278	6AAX_C	2.994	2	1	2	0(2)
Q8WWM9_PF00042_44_160	2DC3_B	1.68	16	1	16	0(16)
Q8WWP7_PF04548_28_229	3V70_A	2.206	2	1	2	0(2)
Q8WWQ0_PF00439_1325_1406	5S9G_A	1.091	120	1	120	0(120)
Q8WWT9_PF00939_11_571	8UVD_A	2.16	3	2	3	0(2),1(1)
Q8WXB1_PF10294_27_189	4LEC_B	2.28	2	1	2	0(2)
Q8WXF7_PF02263_43_313	7OL3_B	1.9	35	1	35	0(35)
Q8WY91_PF08768_422_574	3IA8_A	1.792	2	1	2	0(2)
Q8WZA1_PF03071_301_560	5GGI_A	2.6	2	1	2	0(2)
Q92506_PF13561_18_259	2PD6_B	2	20	1	20	0(20)
Q92599_PF00735_41_309	6UPR_B	2.299	1	1	1	0(1)
Q92630_PF00069_222_535	5LXC_A	2.15	28	1	28	0(28)
Q92633_PF00001_67_311	7TD0_R	2.83	10	1	10	0(10)
Q92730_PF00071_15_183	3Q3J_B	1.971	5	1	5	0(5)
Q92731_PF00104_287_480	3OLL_B	1.5	74	1	74	0(74)
Q92743_PF13365_204_342	3TJO_B	2.301	1	1	1	0(1)
Q92769_PF00850_29_319	7KBG_A	1.26	80	3	80	0(76),1(3),2(1)
Q92772_PF00069_4_287	4AAA_A	1.53	4	1	4	0(4)
Q92793_PF00439_1104_1178	5I86_B	1.05	141	1	141	0(141)
Q92794_PF01853_565_741	9DZN_A	1.724	8	2	8	0(3),1(5)
Q92800_PF00856_624_727	7TD5_F	2.994	2	1	2	0(2)
Q92830_PF00439_738_818	6J3P_B	1.598	4	1	4	0(4)
Q92830_PF00583_535_627	1Z4R_A	1.74	46	1	46	0(46)
Q92831_PF00439_733_814	5FE6_A	1.77	25	1	25	0(25)
Q92831_PF00583_531_622	1CM0_A	2.3	6	1	6	0(6)
Q92835_PF22669_409_706	5RW2_A	1.22	27	5	27	0(7),1(16),2(2),3(1),4(1)
Q92847_PF00001_60_323	7F83_A	2.94	4	2	4	0(2),1(2)
Q92871_PF03332_36_255	6CFV_A	1.918	1	1	1	0(1)
Q92876_PF00089_23_237	7QHZ_A	1.5	33	1	33	0(33)
Q92905_PF01398_52_163	5JOG_A	2.46	1	1	1	0(1)
Q92918_PF00069_17_273	9H8F_A	1.393	99	2	99	0(98),1(1)
Q92959_PF03137_33_602	8KGW_A	2.96	1	1	1	0(1)
Q92963_PF00071_23_183	4KLZ_A	2.3	1	1	1	0(1)
Q92974_PF00621_239_429	7G8T_B	1.385	2	2	2	0(1),1(1)
Q92979_PF03587_45_238	5FAI_A	1.8	7	1	7	0(7)
Q92993_PF01853_288_471	2OU2_A	2.3	2	2	2	0(1),1(1)
Q92997_PF00595_250_333	6ZC7_A	1.48	13	1	13	0(13)
Q93009_PF00443_214_518	5N9T_B	1.73	58	3	58	0(49),1(6),2(3)
Q93015_PF00583_114_188	6NBE_N	2	3	1	3	0(3)
Q93050_PF01496_27_827	6WM2_R	3.1	1	1	1	0(1)
Q93063_PF09258_456_701	7SCK_B	2.8	2	1	2	0(2)
Q93088_PF02574_23_314	1LT8_A	2.05	2	1	2	0(2)
Q93091_PF00074_29_147	6MV7_A	2.59	1	1	1	0(1)
Q95460_PF00129_24_198	6PUG_C	1.8	123	2	123	0(119),1(4)
Q969G6_PF01687_4_129	1NB9_A	1.7	7	2	7	0(4),1(3)
Q969R5_PF02820_540_605	3F70_A	2.1	2	1	2	0(2)
Q969S9_PF00009_69_351	7L20_w	3.15	2	1	2	0(2)
Q969T7_PF05822_44_288	7ZEH_A	1.5	6	1	6	0(6)
Q96A54_PF03006_129_352	6KRZ_A	3.05	4	3	4	0(2),1(1),2(1)
Q96A58_PF00071_8_168	2ATV_A	1.9	1	1	1	0(1)
Q96AT9_PF00834_6_200	3OVP_B	1.695	11	2	11	0(5),1(6)
Q96AZ1_PF10294_38_195	4QPN_A	1.25	1	1	1	0(1)
Q96AZ6_PF00929_8_162	1WLJ_A	1.9	1	1	1	0(1)
Q96BM9_PF00025_12_180	1ZD9_A	1.7	3	1	3	0(3)
Q96C45_PF00069_7_279	6U5L_A	1.75	2	1	2	0(2)
Q96C86_PF11969_174_292	1ST0_A	1.9	6	1	6	0(6)
Q96CA5_PF00653_90_154	2I3I_A	2.3	1	1	1	0(1)
Q96CB9_PF01189_167_340	4FZV_A	1.9996	14	1	14	0(14)
Q96CD2_PF02441_19_194	1QZU_C	2.91	4	1	4	0(4)
Q96DA2_PF00071_10_172	6S5F_A	1.7	1	1	1	0(1)
Q96DC9_PF10275_3_229	5QIX_A	1.39	9	1	9	0(9)
Q96DE0_PF22327_21_181	2XSQ_A	1.72	4	1	4	0(4)
Q96E17_PF00071_32_191	6Y7G_B	2.3	2	1	2	0(2)
Q96EB6_PF02146_261_447	4KXQ_A	1.849	9	3	9	0(5),1(3),2(1)
Q96EK6_PF00583_69_170	2O28_B	1.8	2	1	2	0(2)
Q96EP0_PF22191_866_911	6GZY_B	2.15	2	1	2	0(2)
Q96F10_PF00583_50_144	2BEI_A	1.842	2	1	2	0(2)
Q96F15_PF04548_28_230	6Z3E_A	2.80039	1	1	1	0(1)
Q96FX7_PF08704_64_286	5CCB_A	2	4	1	4	0(4)
Q96G04_PF10294_134_288	8FZB_C	3.35	3	1	3	0(3)
Q96GA7_PF00291_16_310	2RKB_A	2.8	5	1	5	0(5)
Q96GD0_PF13344_22_127	2CFT_A	1.8	2	1	2	0(2)
Q96GD4_PF00069_77_327	4AF3_A	2.75	1	1	1	0(1)
Q96GX5_PF00069_36_195	8V5H_A	2.74	2	1	2	0(2)
Q96HE7_PF04137_61_456	3AHQ_A	2.35	2	1	2	0(2)
Q96HN2_PF00670_370_530	3GVP_D	2.25	4	1	4	0(4)
Q96HN2_PF05221_320_610	3GVP_B	2.25	4	1	4	0(4)
Q96HU8_PF00071_10_167	2ERX_B	1.65	2	1	2	0(2)
Q96HY7_PF00676_260_498	5RW1_A	1.52	16	1	16	0(16)
Q96I15_PF00266_32_429	3GZD_D	1.8	6	1	6	0(6)
Q96IJ6_PF00483_3_195	7D73_B	3.0	12	1	12	0(12)
Q96IY4_PF00246_129_410	4P10_A	2	6	1	6	0(6)
Q96JA3_PF08718_330_470	5KDI_A	1.45	2	1	2	0(2)
Q96JM7_PF02820_375_442	3UT1_A	2.05	1	1	1	0(1)
Q96KC2_PF00025_5_175	1YZG_A	2	1	1	1	0(1)
Q96KP4_PF01546_95_468	4RUH_A	2.25	2	1	2	0(2)
Q96KQ7_PF00856_1049_1155	5VSC_B	1.4	46	2	46	0(39),1(7)
Q96KS0_PF13640_283_374	5V1B_A	2.49	1	1	1	0(1)
Q96L34_PF00069_59_310	5ES1_A	2.8	1	1	1	0(1)
Q96L73_PF00856_1953_2059	3OOI_A	1.75	4	1	4	0(4)
Q96LA8_PF13649_86_182	4QQK_A	1.88	27	1	27	0(27)
Q96LA8_PF22528_188_364	6W6D_A	1.91	3	1	3	0(3)
Q96LB1_PF00001_47_279	7S8N_R	2.9	1	1	1	0(1)
Q96LB2_PF00001_44_272	8DWG_R	2.71	2	2	2	0(1),1(1)
Q96LI5_PF03372_193_529	3NGQ_A	1.8	4	1	4	0(4)
Q96MU7_PF04146_355_492	6YNP_B	1.1	141	1	141	0(141)
Q96NX5_PF00069_25_277	2JAM_A	1.7	2	1	2	0(2)
Q96NY9_PF02732_276_414	9F9L_A	2.02	1	1	1	0(1)
Q96P11_PF01189_219_421	2B9E_A	1.65	1	1	1	0(1)
Q96P20_PF05729_220_389	9MGY_C	2.9	1	1	1	0(1)
Q96PH1_PF01794_286_412	8U85_C	3.2	11	2	11	0(3),1(8)
Q96PN6_PF00211_291_418	4OYO_A	1.75	4	1	4	0(4)
Q96PN6_PF00211_43_207	4OYM_A	1.7	15	1	15	0(15)
Q96PP8_PF02263_18_280	7E5A_B	2.5	4	1	4	0(4)
Q96PY6_PF00069_4_257	4B9D_B	1.9	2	1	2	0(2)
Q96Q15_PF00454_2150_2426	7PW6_A	3.05	4	1	4	0(4)
Q96Q83_PF13532_90_275	8JNR_D	3.66	1	1	1	0(1)
Q96R05_PF00061_6_133	6E6K_A	1.3	1	1	1	0(1)
Q96RG2_PF00069_999_1251	3DLS_B	2.3	6	1	6	0(6)
Q96RI1_PF00104_298_469	6HL1_A	1.599	132	1	132	0(132)
Q96RJ0_PF00001_40_304	8W8A_R	2.8	6	1	6	0(6)
Q96RP9_PF00009_44_319	6VMI_v	2.96	5	1	5	0(5)
Q96RR4_PF00069_165_446	8TUC_A	1.5	19	1	19	0(19)
Q96RS0_PF09445_692_844	3GDH_B	2	7	1	7	0(7)
Q96S37_PF07690_147_484	9B1G_A	2.7	9	1	9	0(9)
Q96S44_PF06293_71_225	7SZC_C	1.71	8	1	8	0(8)
Q96S52_PF10510_22_546	8IMX_S	2.85	1	1	1	0(1)
Q96SB4_PF00069_80_228	5MY8_A	1.7	9	1	9	0(9)
Q96SW2_PF03226_321_432	9FJX_B	2	51	1	51	0(51)
Q96T66_PF01467_10_207	1NUT_A	1.9	12	3	12	0(4),1(4),2(4)
Q96T88_PF12148_133_284	6VYJ_A	1.39	7	2	7	0(5),1(2)
Q99259_PF00282_151_517	3VP6_A	2.1	7	1	7	0(7)
Q99418_PF01369_61_243	4JXH_A	1.47	4	1	4	0(4)
Q99436_PF00227_41_221	5LF7_V	2	17	1	17	0(17)
Q99447_PF01467_218_309	3ELB_A	2	2	1	2	0(2)
Q99447_PF01467_26_150	4XSV_A	2.7	1	1	1	0(1)
Q99469_PF00018_291_336	6B25_A	2.39	1	1	1	0(1)
Q99489_PF01266_5_324	6RKF_A	3.219	6	1	6	0(6)
Q99496_PF16207_246_330	3IXS_C	1.7	1	1	1	0(1)
Q99497_PF01965_4_170	7PA2_AAA	1.21	16	1	16	0(16)
Q99500_PF00001_56_298	7EW3_R	3.1	5	2	5	0(4),1(1)
Q99527_PF00001_76_324	8XOF_R	2.6	1	1	1	0(1)
Q99536_PF13602_233_385	6LHR_C	2.62	3	1	3	0(3)
Q99538_PF01650_29_285	7FQI_A	1.45	17	1	17	0(17)
Q99558_PF00069_405_646	4IDT_B	2.4	18	1	18	0(18)
Q99570_PF00069_27_310	9MHF_A	2.73	5	2	5	0(3),1(2)
Q99571_PF00864_13_373	9BQI_A	2.55	3	1	3	0(3)
Q99594_PF17725_223_432	8P0M_D	1.961	50	3	50	0(36),1(12),2(2)
Q99640_PF00069_110_357	5VCZ_A	1.5	30	1	30	0(30)
Q99661_PF00225_264_587	5MIO_C	3.19	5	1	5	0(5)
Q99683_PF00069_685_937	6E2N_A	2.098	53	1	53	0(53)
Q99685_PF12146_40_275	9F8D_A	1.14	34	2	34	0(33),1(1)
Q99707_PF00809_375_613	4CCZ_A	2.7	1	1	1	0(1)
Q99714_PF00106_12_211	2O23_A	1.2	26	1	26	0(26)
Q99720_PF04622_15_215	5HK1_A	2.5051	24	5	24	0(15),1(5),2(2),3(1),4(1)
Q99788_PF00001_57_316	8ZJG_A	3.18	2	1	2	0(2)
Q99807_PF03232_48_214	7SSS_H	2.4	3	1	3	0(3)
Q99808_PF01733_144_454	6OB7_A	2.3	2	2	2	0(1),1(1)
Q99814_PF14598_243_347	3H82_A	1.5	20	1	20	0(20)
Q99832_PF00118_32_522	7NVL_H	2.5	58	1	58	0(58)
Q99835_PF01534_221_551	6OT0_R	3.84	6	3	6	0(3),1(2),2(1)
Q99836_PF13676_164_278	4DOM_A	1.798	1	1	1	0(1)
Q99873_PF13649_92_189	6NT2_D	2.48	58	1	58	0(58)
Q99986_PF00069_41_272	6BU6_A	1.8	50	1	50	0(50)
Q9BPX1_PF13561_19_249	6H0M_A	1.25	49	2	49	0(29),1(20)
Q9BQ65_PF09749_44_263	6D31_A	1.2	2	1	2	0(2)
Q9BQ69_PF01661_170_282	6LH4_B	1.999	4	1	4	0(4)
Q9BRQ8_PF07992_13_298	8YOQ_A	1.79	9	2	9	0(5),1(4)
Q9BRS2_PF01163_193_380	6ZXG_z	2.6	5	1	5	0(5)
Q9BSA4_PF04906_10_437	9G71_B	2.74	2	1	2	0(2)
Q9BSB4_PF07855_9_171	5C50_A	1.63	1	1	1	0(1)
Q9BTU6_PF00454_134_428	4HNE_B	2.95	4	1	4	0(4)
Q9BTZ2_PF13561_39_273	3O4R_C	1.7	4	1	4	0(4)
Q9BUB5_PF00069_52_164	5WVD_A	3	2	1	2	0(2)
Q9BUP3_PF13460_25_173	2BKA_A	1.7	1	1	1	0(1)
Q9BUT1_PF13561_14_244	2AG5_A	1.84	4	1	4	0(4)
Q9BV23_PF00561_72_313	7OTS_B	1.792	3	2	3	0(2),1(1)
Q9BV86_PF05891_8_223	5CVD_A	1.3	35	2	35	0(29),1(6)
Q9BVA1_PF00091_3_211	7ZCW_B	3.6	5	1	5	0(5)
Q9BVA6_PF02661_285_381	6I7L_A	2.32	17	2	17	0(13),1(4)
Q9BVG8_PF00225_451_768	5WDE_A	1.85	1	1	1	0(1)
Q9BVG9_PF03034_120_399	9N0X_A	3.3	4	2	4	0(2),1(2)
Q9BVS4_PF01163_108_279	6FDM_A	2.1	16	1	16	0(16)
Q9BWV3_PF00383_320_443	9HFS_D	2.8	12	1	12	0(12)
Q9BX68_PF01230_64_157	5KM9_B	1.45	6	1	6	0(6)
Q9BXA5_PF00001_40_295	8YKV_R	2.48	1	1	1	0(1)
Q9BXC0_PF00001_32_278	9IZD_A	3.16	1	1	1	0(1)
Q9BXC1_PF00001_36_292	7XV3_R	2.76	5	3	5	0(3),1(1),2(1)
Q9BXF3_PF00439_445_524	5V84_A	2.7	4	1	4	0(4)
Q9BXJ8_PF07851_14_335	7N7P_B	3.24	4	1	4	0(4)
Q9BXR0_PF01702_26_380	6H45_A	2.4	2	1	2	0(2)
Q9BXW6_PF01237_548_942	5ZM5_A	2.6	4	2	4	0(2),1(2)
Q9BY32_PF01725_10_188	2J4E_E	2.8	8	1	8	0(8)
Q9BY41_PF00850_35_320	7JVU_B	1.50048	47	1	47	0(47)
Q9BY76_PF00147_185_399	6U1U_A	1.75	3	1	3	0(3)
Q9BYF1_PF01401_21_606	9FMM_A	2.5	5	3	5	0(3),1(1),2(1)
Q9BYJ9_PF04146_390_523	7QKN_B	2.15	4	1	4	0(4)
Q9BYN0_PF02195_40_132	3CYI_A	1.8	4	1	4	0(4)
Q9BYP7_PF00069_152_405	5O26_A	2.379	5	1	5	0(5)
Q9BYT3_PF00069_116_381	8VF6_A	2.7	2	1	2	0(2)
Q9BYW2_PF00856_1561_1667	5JLB_A	1.5	25	1	25	0(25)
Q9BYX4_PF04851_306_491	7JL2_A	4.3	5	1	5	0(5)
Q9BZ11_PF01421_210_409	1R55_A	1.58	1	1	1	0(1)
Q9BZ23_PF03630_213_564	5E26_C	2.14	4	1	4	0(4)
Q9BZ95_PF00855_271_349	6G25_A	1.432	8	1	8	0(8)
Q9BZ95_PF00856_1156_1262	6CEN_A	1.61	4	1	4	0(4)
Q9BZP6_PF00704_24_365	3FY1_B	1.7	20	1	20	0(20)
Q9BZV2_PF01770_10_441	8S5Z_A	3.0	10	1	10	0(10)
Q9BZX2_PF00485_22_217	1UJ2_A	1.8	26	2	26	0(22),1(4)
Q9C0B1_PF12933_37_325	4IE5_A	1.95	23	1	23	0(23)
Q9GZN1_PF00022_2_394	8X1C_K	3.2	6	1	6	0(6)
Q9GZQ8_PF02991_15_120	7GAK_A	1.77	7	2	7	0(6),1(1)
Q9GZT4_PF00291_20_314	3L6B_A	1.5	28	2	28	0(22),1(6)
Q9GZT9_PF13640_299_390	4BQY_A	1.53	59	1	59	0(59)
Q9GZU1_PF08016_385_524	9HL3_C	2.1	20	1	20	0(20)
Q9GZU7_PF03031_92_250	3L0B_A	2.35	2	1	2	0(2)
Q9GZV3_PF00474_43_442	8ZQO_A	2.8	7	2	7	0(6),1(1)
Q9GZZ1_PF00583_20_129	6WFN_A	1.07	24	2	24	0(21),1(3)
Q9GZZ9_PF00899_53_304	6H77_D	2.1	23	1	23	0(23)
Q9H040_PF22934_164_211	6MDW_A	1.5	1	1	1	0(1)
Q9H082_PF00071_35_200	6Y09_B	2.4	4	1	4	0(4)
Q9H0A0_PF05127_282_488	7MQ8_NK	3.6	1	1	1	0(1)
Q9H0A0_PF13718_528_752	9J3C_B	2.9	2	1	2	0(2)
Q9H0F7_PF00025_11_181	2H57_B	2	3	1	3	0(3)
Q9H0J9_PF00644_507_678	6V3W_A	2.04	7	2	7	0(6),1(1)
Q9H0U4_PF00071_10_170	3NKV_B	1.7	21	1	21	0(21)
Q9H1A3_PF05219_56_317	7YF2_B	1.691	12	1	12	0(12)
Q9H1D0_PF00520_394_627	7S8B_B	2.43	129	6	129	0(4),1(4),2(54),3(47),4(19),5(1)
Q9H227_PF00232_2_464	2E9L_A	1.6	9	2	9	0(8),1(1)
Q9H237_PF03062_63_363	7URD_A	2.92	3	2	3	0(2),1(1)
Q9H244_PF00001_49_298	7XXI_A	3.0	1	1	1	0(1)
Q9H2G2_PF00069_35_292	6HVD_A	1.63	10	1	10	0(10)
Q9H2K2_PF00644_963_1128	4PNL_B	1.5	349	2	349	0(347),1(2)
Q9H2K8_PF00069_27_277	6BDN_A	1.5	1	1	1	0(1)
Q9H2X6_PF00069_199_527	7NCF_A	2.72	2	1	2	0(2)
Q9H3H5_PF00953_99_269	6BW5_C	3.1	2	1	2	0(2)
Q9H3R0_PF02373_177_293	5FJK_A	1.66	5	1	5	0(5)
Q9H422_PF00069_197_525	7O7J_A	2.81	1	1	1	0(1)
Q9H477_PF00294_17_312	5C40_B	1.5	30	1	30	0(30)
Q9H479_PF03881_21_309	9CXM_B	1.76	17	2	17	0(10),1(7)
Q9H488_PF10250_34_368	5UXH_B	2.41	2	1	2	0(2)
Q9H492_PF02991_16_120	6TBE_A	1.67008	3	2	3	0(2),1(1)
Q9H4A3_PF00069_226_479	5WE8_B	2.006	12	2	12	0(6),1(6)
Q9H4B4_PF00069_63_314	4B6L_A	1.9	1	1	1	0(1)
Q9H4K7_PF01926_227_346	7O9K_G	3.1	1	1	1	0(1)
Q9H4L5_PF01237_527_873	7DEI_A	2.6	2	1	2	0(2)
Q9H4Y5_PF13417_27_100	3Q19_A	1.9	3	1	3	0(3)
Q9H4Z3_PF12237_446_621	6IRW_B	2.9	2	1	2	0(2)
Q9H5I1_PF00856_262_373	2R3A_A	2	3	2	3	0(2),1(1)
Q9H5U6_PF10237_167_343	6UCA_D	3.103	6	1	6	0(6)
Q9H611_PF05970_206_404	6HPH_A	1.13	8	1	8	0(8)
Q9H6D3_PF09815_15_343	8XEJ_X	3.66	2	1	2	0(2)
Q9H6W3_PF08007_298_425	4DIQ_B	2.4	2	1	2	0(2)
Q9H7B4_PF00856_15_239	6P7Z_A	1.19	45	2	45	0(35),1(10)
Q9H7E2_PF00567_554_611	6V9T_AAA	2.154	3	1	3	0(3)
Q9H7H0_PF09243_155_438	8CSS_7	2.36	6	1	6	0(6)
Q9H7X0_PF00583_27_155	5HGZ_A	1.383	7	1	7	0(7)
Q9H7Z6_PF01853_235_412	6OIO_A	1.7	54	2	54	0(29),1(25)
Q9H867_PF10294_23_193	4LG1_A	1.8	6	1	6	0(6)
Q9H8M2_PF00439_146_228	6BQA_A	1.031	52	1	52	0(52)
Q9H903_PF02882_188_344	7QEI_A	2.1	1	1	1	0(1)
Q9H999_PF03630_13_364	7UE7_A	1.55	26	1	26	0(26)
Q9H9B1_PF00856_1137_1243	6MBO_A	1.591	9	1	9	0(9)
Q9H9T3_PF04055_107_295	8PTZ_C	3.35	2	1	2	0(2)
Q9HA47_PF00485_25_218	2UVQ_A	3	1	1	1	0(1)
Q9HAB3_PF06237_10_435	8XSM_A	3.01	1	1	1	0(1)
Q9HAB8_PF04127_171_268	7EDZ_A	1.95	8	2	8	0(4),1(4)
Q9HAC7_PF02515_41_408	9BR7_D	2.08	3	1	3	0(3)
Q9HAN9_PF01467_12_228	1KQN_B	2.2	23	2	23	0(5),1(18)
Q9HAU4_PF00632_444_747	9FSH_A	2.08	1	1	1	0(1)
Q9HAZ1_PF00069_159_475	6FYV_A	2.46	1	1	1	0(1)
Q9HB90_PF04670_63_289	6WJ2_G	3.2	20	1	20	0(20)
Q9HBA0_PF00520_475_729	8T1E_A	2.77	20	2	20	0(12),1(8)
Q9HBH1_PF01327_66_231	3G5K_D	1.7	4	1	4	0(4)
Q9HBH9_PF00069_87_368	8P9B_A	2.59	13	1	13	0(13)
Q9HBL8_PF05368_4_288	2WM3_A	1.85	5	2	5	0(3),1(2)
Q9HC97_PF00001_38_276	8H8J_C	3.2	2	2	2	0(1),1(1)
Q9HCC0_PF01039_76_554	8J4Z_J	2.73	12	1	12	0(12)
Q9HCE5_PF05063_186_362	8PW8_A	2.3	1	1	1	0(1)
Q9HCE7_PF00632_450_756	9FSJ_A	2.05	1	1	1	0(1)
Q9HCL2_PF01553_220_355	8E4Y_A	3.4	3	3	3	0(1),1(1),2(1)
Q9HCP0_PF00069_44_262	2CMW_A	1.75	2	2	2	0(1),1(1)
Q9HD40_PF05889_61_459	8G9Z_D	2.07	23	1	23	0(23)
Q9HD67_PF00063_65_727	5I0H_B	1.8	4	1	4	0(4)
Q9NP72_PF00071_10_170	1X3S_A	1.32	1	1	1	0(1)
Q9NP81_PF00587_292_468	7TZB_A	2.95	8	1	8	0(8)
Q9NP87_PF14792_292_362	7KTN_A	1.33	8	2	8	0(7),1(1)
Q9NP90_PF00071_9_173	2OCB_A	2.2	1	1	1	0(1)
Q9NP91_PF00209_5_579	8WM3_C	3.34	2	1	2	0(2)
Q9NPB1_PF06941_38_224	4MUM_A	1.271	19	2	19	0(18),1(1)
Q9NPD5_PF03137_29_618	8PG0_A	2.97	1	1	1	0(1)
Q9NPD8_PF00179_6_146	8JUC_A	1.54	5	3	5	0(3),1(1),2(1)
Q9NPG2_PF00042_27_144	7VQG_A	1.35	11	1	11	0(11)
Q9NPI1_PF00439_141_223	5MQ1_A	1.5	12	1	12	0(12)
Q9NQ11_PF13246_626_730	7VPJ_A	3.54	1	1	1	0(1)
Q9NQG6_PF21297_153_345	4NXV_A	2.3	10	1	10	0(10)
Q9NQH7_PF00557_253_482	5X49_B	1.65	2	1	2	0(2)
Q9NQR1_PF00856_268_378	5TEG_A	1.3	14	2	14	0(9),1(5)
Q9NQT8_PF00225_11_353	3GBJ_A	2.102	3	1	3	0(3)
Q9NQU5_PF00069_411_658	4KS7_A	1.4	2	1	2	0(2)
Q9NQV7_PF21549_248_367	6NM4_B	2.58	2	1	2	0(2)
Q9NQW7_PF00557_328_542	3CTZ_A	1.6	1	1	1	0(1)
Q9NQW8_PF00027_545_629	8EV8_D	3.11	8	1	8	0(8)
Q9NQX4_PF00063_70_741	4ZG4_E	2.36	4	1	4	0(4)
Q9NR31_PF00025_12_197	8DZM_B	1.648	12	1	12	0(12)
Q9NR48_PF00856_2156_2261	6WZW_A	1.69	20	1	20	0(20)
Q9NRA2_PF07690_47_441	8U3H_A	3.67	1	1	1	0(1)
Q9NRD5_PF00595_23_99	6AR4_B	1.69	4	1	4	0(4)
Q9NRD9_PF01794_1097_1236	7D3F_A	2.6	4	1	4	0(4)
Q9NRD9_PF08030_1381_1534	7D3F_A	2.6	2	1	2	0(2)
Q9NRF8_PF00117_310_539	2V4U_A	2.3	1	1	1	0(1)
Q9NRF8_PF06418_2_272	7MII_B	2.7	18	2	18	0(10),1(8)
Q9NRG1_PF00156_47_202	2JBH_B	1.7	2	1	2	0(2)
Q9NRG4_PF00856_18_240	4WUY_A	1.63	39	3	39	0(30),1(8),2(1)
Q9NRG7_PF01370_3_208	4B4O_A	2.7	11	2	11	0(8),1(3)
Q9NRK6_PF00664_174_438	3ZDQ_A	2.85	1	1	1	0(1)
Q9NRM0_PF00083_63_514	8Y66_A	3.28	1	1	1	0(1)
Q9NRN9_PF05175_51_145	9OHL_C	1.286	4	1	4	0(4)
Q9NRW1_PF00071_15_173	2FFQ_A	1.78	5	1	5	0(5)
Q9NS75_PF00001_55_305	9IXX_R	3.15	3	1	3	0(3)
Q9NS87_PF00225_32_363	4BN2_A	2.695	4	1	4	0(4)
Q9NSA0_PF00083_144_520	9U5A_A	2.98	1	1	1	0(1)
Q9NSY1_PF00069_54_311	4W9W_A	1.72	7	1	7	0(7)
Q9NTG7_PF02146_145_326	4BN4_A	1.3	56	4	56	0(29),1(25),2(1),3(1)
Q9NTX7_PF02825_104_168	3V3L_B	1.65	2	1	2	0(2)
Q9NUI1_PF13561_38_270	4FC7_B	1.84	9	2	9	0(8),1(1)
Q9NUT2_PF00664_149_425	5OCH_E	3.4	3	2	3	0(2),1(1)
Q9NUV9_PF04548_31_238	3LXX_A	2.15	1	1	1	0(1)
Q9NUW8_PF06087_166_582	6N0D_B	1.453	62	1	62	0(62)
Q9NV35_PF00293_13_132	7B67_A	1.45	23	1	23	0(23)
Q9NV96_PF03381_69_351	7BSV_C	3.0	6	1	6	0(6)
Q9NVA2_PF00735_38_306	6UPQ_B	1.86	1	1	1	0(1)
Q9NVJ2_PF00025_11_180	8JCA_A	1.65	4	1	4	0(4)
Q9NVS9_PF01243_75_194	8ROS_AAA	1.553	5	1	5	0(5)
Q9NW15_PF04547_200_626	5OC9_A	3.2	8	5	8	0(2),1(2),2(2),3(1),4(1)
Q9NWM0_PF01593_34_268	7OY0_A	2.09	1	1	1	0(1)
Q9NWM8_PF00254_38_132	4MSP_A	1.9	1	1	1	0(1)
Q9NWT6_PF13621_53_299	7A1Q_A	1.75	27	1	27	0(27)
Q9NWW6_PF13238_6_147	2QT1_A	1.32	22	2	22	0(21),1(1)
Q9NWX6_PF04446_35_164	3OTB_B	2.95	2	1	2	0(2)
Q9NWZ3_PF07714_190_453	6EGE_D	1.401	262	1	262	0(262)
Q9NX46_PF03747_25_337	7ARW_A	1.31	23	1	23	0(23)
Q9NX74_PF01207_15_285	4XP7_A	1.9	6	1	6	0(6)
Q9NXA8_PF02146_58_256	6EQS_A	1.32	18	3	18	0(11),1(6),2(1)
Q9NXL6_PF13965_184_827	8JUN_A	2.38	2	1	2	0(2)
Q9NXL9_PF00493_304_508	8S94_F	3.94	6	1	6	0(6)
Q9NXS2_PF04389_150_374	3PB9_X	1.12	20	1	20	0(20)
Q9NY46_PF00520_1526_1781	7W7F_D	3.35	1	1	1	0(1)
Q9NY97_PF01762_156_347	6WMM_B	1.548	19	1	19	0(19)
Q9NYA1_PF00781_16_123	3VZD_E	2.3	2	1	2	0(2)
Q9NYL2_PF07714_17_259	5X5O_A	1.868	10	1	10	0(10)
Q9NYN1_PF00071_23_183	3C5C_C	1.85	4	1	4	0(4)
Q9NYV4_PF00069_729_1020	4NST_A	2.2	93	1	93	0(93)
Q9NYV7_PF05296_2_286	9KPF_R	3.15	4	1	4	0(4)
Q9NYV8_PF05296_1_298	8VY7_R	2.68	14	2	14	0(7),1(7)
Q9NYY3_PF00069_84_334	4I5P_A	1.738	5	1	5	0(5)
Q9NZ08_PF01433_281_484	6Q4R_A	1.6	27	1	27	0(27)
Q9NZ08_PF11838_597_916	9GK6_A	1.327	6	1	6	0(6)
Q9NZD2_PF08718_18_166	3RZN_A	1.1	22	2	22	0(5),1(17)
Q9NZJ5_PF00069_881_1074	4X7J_A	2.3	1	1	1	0(1)
Q9NZK5_PF00962_198_495	3LGG_B	2.5	2	1	2	0(2)
Q9NZK7_PF00068_21_127	5Y5E_A	1.8	6	1	6	0(6)
Q9NZL9_PF04321_30_322	2YDX_C	2.8	10	2	10	0(5),1(5)
Q9NZN9_PF23322_29_154	5U9J_B	2.1	4	1	4	0(4)
Q9P121_PF07679_37_132	6DLF_A	3.446	1	1	1	0(1)
Q9P1W9_PF00069_32_286	4X7Q_B	2.33	4	1	4	0(4)
Q9P1Z3_PF00027_447_528	8IO0_D	3.19	4	1	4	0(4)
Q9P286_PF00069_454_700	2F57_B	1.8	1	1	1	0(1)
Q9P289_PF00069_24_274	3GGF_B	2.35	5	1	5	0(5)
Q9P2J5_PF00133_188_755	6LPF_B	2.49	1	1	1	0(1)
Q9P2K8_PF00069_795_999	7QWK_B	2.3	6	2	6	0(5),1(1)
Q9P2T1_PF00478_10_339	2C6Q_H	1.7	25	2	25	0(19),1(6)
Q9P2W7_PF03360_105_315	1V84_B	1.82	4	1	4	0(4)
Q9UBC3_PF00145_575_707	6KDB_A	2.862	43	1	43	0(43)
Q9UBC3_PF00855_226_309	5NRR_A	1.7	17	1	17	0(17)
Q9UBD6_PF00909_49_418	3HD6_A	2.1	1	1	1	0(1)
Q9UBF8_PF00454_560_755	8Q6F_A	1.506	25	1	25	0(25)
Q9UBH6_PF03124_269_617	9DVJ_B	2.52	76	3	76	0(44),1(31),2(1)
Q9UBK8_PF00175_542_661	2QTZ_A	1.9	1	1	1	0(1)
Q9UBN7_PF02148_1133_1194	8G43_A	1.55	14	1	14	0(14)
Q9UBP6_PF02390_77_253	7OGJ_B	1.59	9	1	9	0(9)
Q9UBQ7_PF00389_9_326	2GCG_D	2.2	4	1	4	0(4)
Q9UBQ7_PF02826_117_295	2GCG_B	2.2	4	1	4	0(4)
Q9UBS5_PF00003_588_856	6WIV_A	3.3	4	1	4	0(4)
Q9UBS5_PF01094_188_544	4MS4_A	1.9	8	1	8	0(8)
Q9UBT2_PF00899_14_442	1Y8Q_D	2.25	5	2	5	0(4),1(1)
Q9UBT2_PF14732_452_538	5FQ2_B	2.201	1	1	1	0(1)
Q9UBV7_PF13733_84_175	4IRQ_C	2.3	4	1	4	0(4)
Q9UDR5_PF03435_483_598	5L78_A	2.68	2	1	2	0(2)
Q9UDX3_PF00650_86_243	4TLG_B	1.77	2	1	2	0(2)
Q9UDY8_PF00656_343_556	7PAW_B	2.19	14	2	14	0(13),1(1)
Q9UEE5_PF00069_65_321	7QUE_A	2.4	4	1	4	0(4)
Q9UET6_PF01728_21_199	8Y2O_B	2.66	1	1	1	0(1)
Q9UG22_PF04548_23_227	2XTM_A	1.7	5	1	5	0(5)
Q9UGL1_PF02373_486_602	5FYZ_A	1.75	49	2	49	0(21),1(28)
Q9UGM6_PF00579_33_314	5EKD_B	1.82	4	2	4	0(2),1(2)
Q9UGN5_PF00644_376_577	4ZZX_A	1.65	36	1	36	0(36)
Q9UH03_PF00735_59_331	4Z54_A	1.83	7	1	7	0(7)
Q9UHB4_PF00258_8_145	4H2D_A	1.8	2	1	2	0(2)
Q9UHD2_PF00069_13_232	4EUU_A	1.8	21	1	21	0(21)
Q9UHD8_PF00735_295_571	5CYO_A	2.0354	8	1	8	0(8)
Q9UHE8_PF01794_120_263	6Y9B_A	2.97	6	2	6	0(3),1(3)
Q9UHI7_PF00860_45_474	8JEW_A	2.49	3	2	3	0(2),1(1)
Q9UHI8_PF01421_258_467	2JIH_B	2.1	6	1	6	0(6)
Q9UHL4_PF05577_38_464	3N0T_A	2.45	4	1	4	0(4)
Q9UHY7_PF00702_11_224	1YNS_A	1.7	1	1	1	0(1)
Q9UI17_PF01266_52_414	5L46_A	3.09	2	1	2	0(2)
Q9UI43_PF01728_52_236	2NYU_A	1.76	3	1	3	0(3)
Q9UIC8_PF04072_32_216	3IEI_H	1.9	9	1	9	0(9)
Q9UIF8_PF00439_2069_2148	5PB8_A	1.649	35	1	35	0(35)
Q9UIF8_PF00628_1934_1978	6FI1_A	2.7	1	1	1	0(1)
Q9UIF9_PF00439_1802_1883	7QYO_A	0.983	32	1	32	0(32)
Q9UIF9_PF00628_1679_1723	6FAP_B	2.7	2	1	2	0(2)
Q9UIJ7_PF00406_12_191	6ZJE_A	1.48	8	2	8	0(7),1(1)
Q9UIK4_PF00069_23_285	2CKE_C	2.8	4	1	4	0(4)
Q9UIQ6_PF01433_392_610	5MJ6_B	2.53	9	1	9	0(9)
Q9UJ37_PF00777_97_368	6APL_D	2.35	8	2	8	0(6),1(2)
Q9UJ70_PF01869_7_278	2CH5_C	1.9	8	2	8	0(4),1(4)
Q9UJA3_PF00493_391_612	8S94_C	3.94	3	1	3	0(3)
Q9UJM8_PF01070_15_361	6GMC_A	1.2	41	4	41	0(24),1(14),2(2),3(1)
Q9UK32_PF00069_73_330	6G77_B	2.499	9	2	9	0(6),1(3)
Q9UK39_PF03372_146_414	6NF0_A	2.7	1	1	1	0(1)
Q9UKE5_PF00069_25_289	6RA7_A	1.2	18	1	18	0(18)
Q9UKK3_PF00644_389_565	8SWY_A	2.55	6	1	6	0(6)
Q9UKL6_PF01852_12_211	7U9D_A	2.18	6	1	6	0(6)
Q9UL25_PF00071_21_180	1Z08_D	1.8	9	1	9	0(9)
Q9UL51_PF00027_563_645	3U10_A	2.3	1	1	1	0(1)
Q9UL52_PF00089_192_417	2OQ5_A	1.61	1	1	1	0(1)
Q9UL62_PF00520_376_635	7WDB_C	2.4	12	2	12	0(8),1(4)
Q9ULC3_PF00071_11_169	8YL3_A	1.2	5	1	5	0(5)
Q9ULV1_PF01392_45_151	5BQE_C	2.3	1	1	1	0(1)
Q9ULW5_PF00071_65_226	2G6B_A	2	1	1	1	0(1)
Q9ULW8_PF03068_284_661	7D56_C	3.175	3	1	3	0(3)
Q9ULX7_PF00194_28_278	5CJF_A	1.83	1	1	1	0(1)
Q9UM07_PF03068_284_660	3B1U_A	2.1	13	3	13	0(8),1(4),2(1)
Q9UM54_PF00063_59_759	8W41_A	3.54	1	1	1	0(1)
Q9UM73_PF07714_1116_1382	9GBE_A	1.58	58	2	58	0(57),1(1)
Q9UNA0_PF01421_269_476	3HYG_A	1.4	12	1	12	0(12)
Q9UNA4_PF00817_58_235	3OSN_A	1.9	30	1	30	0(30)
Q9UNN5_PF00789_569_647	3QWZ_B	2	2	1	2	0(2)
Q9UNN8_PF16497_8_192	3JTC_A	1.6	21	2	21	0(20),1(1)
Q9UNQ2_PF00398_30_255	1ZQ9_A	1.9	2	1	2	0(2)
Q9UNU6_PF00067_37_491	7LYX_A	2.6	4	3	4	0(2),1(1),2(1)
Q9UP95_PF00324_124_300	7TTI_A	3.5	2	1	2	0(2)
Q9UP95_PF03522_709_824	7AIP_B	3.12	5	1	5	0(5)
Q9UPC5_PF00001_71_327	8XBH_R	2.83	9	1	9	0(9)
Q9UPN9_PF00439_966_1050	8BDY_A	3.05	3	1	3	0(3)
Q9UQB9_PF00069_43_293	6GR8_A	1.75	2	2	2	0(1),1(1)
Q9UQG0_PF00078_76_245	7SR6_F	2.62	2	1	2	0(2)
Q9UQM7_PF00069_13_271	7UJT_A	2.1	13	1	13	0(13)
Q9UQM7_PF08332_346_473	9EOY_C	2.1	9	2	9	0(8),1(1)
Q9Y210_PF00520_486_738	6UZA_C	3.08	4	1	4	0(4)
Q9Y223_PF00480_410_714	2YHW_A	1.64	6	2	6	0(4),1(2)
Q9Y223_PF02350_37_375	4ZHT_B	2.69	5	2	5	0(4),1(1)
Q9Y230_PF06068_21_364	9C57_F	2.75	53	1	53	0(53)
Q9Y231_PF00852_183_356	8D0U_A	1.29	5	1	5	0(5)
Q9Y233_PF00233_790_1020	2OUR_A	1.45	1113	1	1113	0(1113)
Q9Y233_PF01590_544_688	2ZMF_A	2.1	2	1	2	0(2)
Q9Y251_PF03662_165_370	5L9Z_A	1.57	4	1	4	0(4)
Q9Y253_PF00817_12_227	7M7N_A	1.31	196	1	196	0(196)
Q9Y255_PF04707_16_171	6I3V_B	1.98	4	1	4	0(4)
Q9Y257_PF07885_181_257	9MEK_B	2.85	2	1	2	0(2)
Q9Y259_PF01633_72_382	3FEG_A	1.302	6	2	6	0(4),1(2)
Q9Y265_PF06068_14_368	9C57_C	2.75	54	1	54	0(54)
Q9Y2C3_PF01762_72_260	8ZWP_A	1.86	14	1	14	0(14)
Q9Y2G5_PF10250_45_399	4AP6_B	3.401	4	1	4	0(4)
Q9Y2J2_PF00373_192_301	5RYS_A	1.75	1	1	1	0(1)
Q9Y2J2_PF09380_305_390	5RZG_A	1.7	6	1	6	0(6)
Q9Y2J8_PF03068_285_662	9DOL_A	1.77	1	1	1	0(1)
Q9Y2K2_PF00069_66_317	8R4V_B	1.9	21	1	21	0(21)
Q9Y2N7_PF14598_241_344	4WN5_A	1.15	2	1	2	0(2)
Q9Y2Q0_PF13246_479_664	6K7K_A	3.04	2	1	2	0(2)
Q9Y2Q3_PF01323_7_210	3RPN_F	1.9	8	1	8	0(8)
Q9Y2R4_PF00270_189_361	3DKP_A	2.1	1	1	1	0(1)
Q9Y2S2_PF02737_9_189	3F3S_A	2	2	1	2	0(2)
Q9Y2T3_PF01979_74_447	4AQL_A	1.99	1	1	1	0(1)
Q9Y2T5_PF00001_57_317	8HMP_R	2.77	1	1	1	0(1)
Q9Y2T6_PF00001_56_288	9GE2_R	2.51	4	1	4	0(4)
Q9Y2Z4_PF00579_74_374	2PID_A	2.2	4	1	4	0(4)
Q9Y316_PF01875_9_291	7M8H_C	1.75	8	1	8	0(8)
Q9Y337_PF00089_67_285	6QFE_B	1.67	2	1	2	0(2)
Q9Y397_PF01529_137_261	8HF3_A	3.4	1	1	1	0(1)
Q9Y3I0_PF01139_68_505	8ODO_G	2.2	10	1	10	0(10)
Q9Y3Q0_PF04389_347_550	3FED_A	1.29	2	1	2	0(2)
Q9Y3Q4_PF00027_614_696	3OTF_A	2.4	13	1	13	0(13)
Q9Y3Q4_PF00520_263_523	6GYN_A	3.4	12	2	12	0(4),1(8)
Q9Y450_PF00009_258_476	5LZZ_jj	3.47	4	1	4	0(4)
Q9Y463_PF00069_111_431	8C2Z_A	1.91	1	1	1	0(1)
Q9Y468_PF02820_417_484	6BYB_A	1.74	5	1	5	0(5)
Q9Y468_PF02820_521_587	2RHI_A	1.66	3	1	3	0(3)
Q9Y4U1_PF16690_20_234	7WUZ_A	1.93	22	3	22	0(19),1(2),2(1)
Q9Y530_PF01661_36_134	4J5R_B	1.25	1	1	1	0(1)
Q9Y572_PF00069_22_280	7MX3_A	3.23	7	1	7	0(7)
Q9Y5A9_PF04146_411_544	7Z5M_A	1.7	20	1	20	0(20)
Q9Y5K2_PF00089_31_247	7JQK_E	1.33	27	2	27	0(22),1(5)
Q9Y5M8_PF09439_62_241	7NFX_v	3.2	1	1	1	0(1)
Q9Y5N5_PF05175_29_127	9FKW_A	1.392	19	1	19	0(19)
Q9Y5P4_PF01852_415_618	2E3P_B	1.4	28	1	28	0(28)
Q9Y5P6_PF00483_2_230	7D73_F	3.0	23	1	23	0(23)
Q9Y5S2_PF00069_76_342	5OTE_A	1.68	8	1	8	0(8)
Q9Y5W5_PF02019_38_171	2YGO_A	1.85	5	2	5	0(4),1(1)
Q9Y5X0_PF00787_42_123	4ON3_A	2.6	3	2	3	0(2),1(1)
Q9Y5Y4_PF00001_50_304	8XXV_A	2.33	2	1	2	0(2)
Q9Y5Y6_PF00089_615_849	3NCL_A	1.19	13	1	13	0(13)
Q9Y5Y9_PF00520_1151_1427	9DBN_A	2.76	1	1	1	0(1)
Q9Y5Y9_PF00520_1476_1732	7WE4_A	2.7	3	1	3	0(3)
Q9Y5Z0_PF00026_92_430	7D5B_A	1.31	23	1	23	0(23)
Q9Y600_PF00282_49_416	2JIS_B	1.6	2	1	2	0(2)
Q9Y616_PF00069_166_441	6ZIW_I	2.18	1	1	1	0(1)
Q9Y617_PF00266_8_357	8A5V_A	2.46	18	1	18	0(18)
Q9Y657_PF02513_54_102	4H75_A	2.098	1	1	1	0(1)
Q9Y663_PF00685_153_388	6XKG_A	1.55	6	1	6	0(6)
Q9Y689_PF00025_12_174	2H17_A	1.7	8	1	8	0(8)
Q9Y697_PF00266_60_421	6UXE_A	1.57	31	2	31	0(29),1(2)
Q9Y6A2_PF00067_34_469	7N6F_A	1.4	47	2	47	0(24),1(23)
Q9Y6B6_PF00025_12_197	8E0D_A	1.981	6	1	6	0(6)
Q9Y6E0_PF00069_36_286	3A7J_A	1.5	41	2	41	0(40),1(1)
Q9Y6F1_PF00644_335_532	4GV2_A	1.8	15	1	15	0(15)
Q9Y6K0_PF01066_82_228	8GYX_A	3.7	4	2	4	0(2),1(2)
Q9Y6K1_PF00145_634_766	6W8B_K	2.4	43	1	43	0(43)
Q9Y6K1_PF00855_293_374	3LLR_C	2.3	5	1	5	0(5)
Q9Y6L6_PF03137_29_621	8K6L_A	2.92	5	1	5	0(5)
Q9Y6M4_PF00069_43_259	2IZR_A	1.3	10	1	10	0(10)
Q9Y6M9_PF05347_14_72	5XTI_p	17.4	5	1	5	0(5)
Q9Y6N5_PF07992_44_160	8DHK_B	2.3	1	1	1	0(1)
Q9Y6W6_PF00782_329_460	7UMV_A	1.8	49	1	49	0(49)
Q9Y6X5_PF01663_28_339	4LQY_A	1.54	1	1	1	0(1)
Q9Y6X9_PF13589_30_169	5OF9_A	1.807	16	1	16	0(16)
Q9Y6Y9_PF02221_32_151	2E56_A	2	11	1	11	0(11)
