Uniprot_ID	N_Pfam_domains	Domains
A0A024R1R8	1	{'PF09072': 1}
A0A024RBG1	1	{'PF00293': 1}
A0A075B6H7	1	{'PF07686': 1}
A0A075B6H8	1	{'PF07686': 1}
A0A075B6H9	1	{'PF07686': 1}
A0A075B6I0	1	{'PF07686': 1}
A0A075B6I1	1	{'PF07686': 1}
A0A075B6I3	1	{'PF07686': 1}
A0A075B6I4	1	{'PF07686': 1}
A0A075B6I6	1	{'PF07686': 1}
A0A075B6I7	1	{'PF07686': 1}
A0A075B6I9	1	{'PF07686': 1}
A0A075B6J1	1	{'PF07686': 1}
A0A075B6J2	1	{'PF07686': 1}
A0A075B6J6	1	{'PF07686': 1}
A0A075B6J9	1	{'PF07686': 1}
A0A075B6K0	1	{'PF07686': 1}
A0A075B6K2	1	{'PF07686': 1}
A0A075B6K4	1	{'PF07686': 1}
A0A075B6K5	1	{'PF07686': 1}
A0A075B6K6	1	{'PF07686': 1}
A0A075B6L6	1	{'PF07686': 1}
A0A075B6N1	1	{'PF07686': 1}
A0A075B6N2	1	{'PF07686': 1}
A0A075B6N3	1	{'PF07686': 1}
A0A075B6N4	1	{'PF07686': 1}
A0A075B6P5	1	{'PF07686': 1}
A0A075B6Q5	1	{'PF07686': 1}
A0A075B6R0	1	{'PF07686': 1}
A0A075B6R2	1	{'PF07686': 1}
A0A075B6R9	1	{'PF07686': 1}
A0A075B6S2	1	{'PF07686': 1}
A0A075B6S4	1	{'PF07686': 1}
A0A075B6S5	1	{'PF07686': 1}
A0A075B6S6	1	{'PF07686': 1}
A0A075B6S9	1	{'PF07686': 1}
A0A075B6T6	1	{'PF07686': 1}
A0A075B6T7	1	{'PF07686': 1}
A0A075B6T8	1	{'PF07686': 1}
A0A075B6U4	1	{'PF07686': 1}
A0A075B6V5	1	{'PF07686': 1}
A0A075B6W5	1	{'PF07686': 1}
A0A075B6X5	1	{'PF07686': 1}
A0A075B734	1	{'PF00230': 1}
A0A075B759	1	{'PF00160': 1}
A0A075B767	1	{'PF00160': 1}
A0A087WSX0	1	{'PF07686': 1}
A0A087WSY4	1	{'PF07686': 1}
A0A087WSY6	1	{'PF07686': 1}
A0A087WSZ0	1	{'PF07686': 1}
A0A087WSZ9	1	{'PF07686': 1}
A0A087WT01	1	{'PF07686': 1}
A0A087WT02	1	{'PF07686': 1}
A0A087WT03	1	{'PF07686': 1}
A0A087WTH1	1	{'PF04505': 1}
A0A087WUL8	1	{'PF06758': 45}
A0A087WUV0	2	{'PF00096': 6, 'PF13465': 2}
A0A087WV53	1	{'PF07679': 2}
A0A087WV62	1	{'PF07686': 1}
A0A087WVF3	1	{'PF00566': 1}
A0A087WW87	1	{'PF07686': 1}
A0A087WXS9	1	{'PF00566': 1}
A0A087X0K7	1	{'PF07686': 1}
A0A087X0M5	1	{'PF07686': 1}
A0A087X179	1	{'PF00566': 1}
A0A087X1C5	1	{'PF00067': 2}
A0A087X1G2	1	{'PF00566': 1}
A0A096LNP1	1	{'PF13841': 1}
A0A096LNW5	3	{'PF00008': 2, 'PF07645': 1, 'PF12661': 1}
A0A096LP55	1	{'PF02320': 1}
A0A096LPK9	1	{'PF13853': 1}
A0A0A0MRZ7	1	{'PF07686': 1}
A0A0A0MRZ8	1	{'PF07686': 1}
A0A0A0MRZ9	1	{'PF07686': 1}
A0A0A0MS00	1	{'PF07686': 1}
A0A0A0MS01	1	{'PF07686': 1}
A0A0A0MS02	1	{'PF07686': 1}
A0A0A0MS03	1	{'PF07686': 1}
A0A0A0MS04	1	{'PF07686': 1}
A0A0A0MS05	1	{'PF07686': 1}
A0A0A0MS06	1	{'PF07686': 1}
A0A0A0MS14	1	{'PF07686': 1}
A0A0A0MS15	1	{'PF07686': 1}
A0A0A0MT36	1	{'PF07686': 1}
A0A0A6YYC5	1	{'PF07686': 1}
A0A0A6YYD4	1	{'PF07686': 1}
A0A0A6YYG2	1	{'PF07686': 1}
A0A0A6YYG3	1	{'PF07686': 1}
A0A0A6YYJ7	1	{'PF07686': 1}
A0A0A6YYK1	1	{'PF07686': 1}
A0A0A6YYK4	1	{'PF07686': 1}
A0A0A6YYK6	1	{'PF07686': 1}
A0A0A6YYK7	1	{'PF07686': 1}
A0A0B4J1U3	1	{'PF07686': 1}
A0A0B4J1U4	1	{'PF07686': 1}
A0A0B4J1U6	1	{'PF07686': 1}
A0A0B4J1U7	1	{'PF07686': 1}
A0A0B4J1V0	1	{'PF07686': 1}
A0A0B4J1V1	1	{'PF07686': 1}
A0A0B4J1V2	1	{'PF07686': 1}
A0A0B4J1V6	1	{'PF07686': 1}
A0A0B4J1V7	1	{'PF07686': 1}
A0A0B4J1W7	1	{'PF06409': 1}
A0A0B4J1X5	1	{'PF07686': 1}
A0A0B4J1X8	1	{'PF07686': 1}
A0A0B4J1Y8	1	{'PF07686': 1}
A0A0B4J1Y9	1	{'PF07686': 1}
A0A0B4J1Z2	1	{'PF07686': 1}
A0A0B4J234	1	{'PF07686': 1}
A0A0B4J235	1	{'PF07686': 1}
A0A0B4J237	1	{'PF07686': 1}
A0A0B4J238	1	{'PF07686': 1}
A0A0B4J240	1	{'PF07686': 1}
A0A0B4J241	1	{'PF07686': 1}
A0A0B4J244	1	{'PF07686': 1}
A0A0B4J245	1	{'PF07686': 1}
A0A0B4J248	1	{'PF07686': 1}
A0A0B4J249	1	{'PF07686': 1}
A0A0B4J262	1	{'PF07686': 1}
A0A0B4J263	1	{'PF07686': 1}
A0A0B4J264	1	{'PF07686': 1}
A0A0B4J265	1	{'PF07686': 1}
A0A0B4J266	1	{'PF07686': 1}
A0A0B4J268	1	{'PF07686': 1}
A0A0B4J271	1	{'PF07686': 1}
A0A0B4J272	1	{'PF07686': 1}
A0A0B4J273	1	{'PF07686': 1}
A0A0B4J274	1	{'PF07686': 1}
A0A0B4J275	1	{'PF07686': 1}
A0A0B4J276	1	{'PF07686': 1}
A0A0B4J277	1	{'PF07686': 1}
A0A0B4J279	1	{'PF07686': 1}
A0A0B4J280	1	{'PF07686': 1}
A0A0B4J2A2	1	{'PF00160': 1}
A0A0B4J2D9	1	{'PF07686': 1}
A0A0B4J2E0	1	{'PF07686': 1}
A0A0B4J2F0	1	{'PF23670': 1}
A0A0B4J2H0	1	{'PF07686': 1}
A0A0C4DGP1	1	{'PF15118': 1}
A0A0C4DH24	1	{'PF07686': 1}
A0A0C4DH25	1	{'PF07686': 1}
A0A0C4DH26	1	{'PF07686': 1}
A0A0C4DH27	1	{'PF07686': 1}
A0A0C4DH28	1	{'PF07686': 1}
A0A0C4DH29	1	{'PF07686': 1}
A0A0C4DH30	1	{'PF07686': 1}
A0A0C4DH31	1	{'PF07686': 1}
A0A0C4DH32	1	{'PF07686': 1}
A0A0C4DH33	1	{'PF07686': 1}
A0A0C4DH34	1	{'PF07686': 1}
A0A0C4DH35	1	{'PF07686': 1}
A0A0C4DH36	1	{'PF07686': 1}
A0A0C4DH38	1	{'PF07686': 1}
A0A0C4DH39	1	{'PF07686': 1}
A0A0C4DH41	1	{'PF07686': 1}
A0A0C4DH42	1	{'PF07686': 1}
A0A0C4DH43	1	{'PF07686': 1}
A0A0C4DH55	1	{'PF07686': 1}
A0A0C4DH59	1	{'PF07686': 1}
A0A0C4DH67	1	{'PF07686': 1}
A0A0C4DH68	1	{'PF07686': 1}
A0A0C4DH69	1	{'PF07686': 1}
A0A0C4DH72	1	{'PF07686': 1}
A0A0C4DH73	1	{'PF07686': 1}
A0A0C5B5G6	1	{'PF21945': 1}
A0A0G2JMI3	1	{'PF07686': 1}
A0A0G2JS06	1	{'PF07686': 1}
A0A0J9YVY3	1	{'PF07686': 1}
A0A0J9YWL9	2	{'PF15186': 1, 'PF20864': 1}
A0A0J9YX35	1	{'PF07686': 1}
A0A0J9YX57	1	{'PF01454': 1}
A0A0J9YX75	1	{'PF07686': 1}
A0A0J9YX94	2	{'PF14893': 1, 'PF20846': 1}
A0A0J9YXQ4	2	{'PF14893': 1, 'PF20846': 1}
A0A0J9YXX1	1	{'PF07686': 1}
A0A0J9YXY3	1	{'PF07686': 1}
A0A0J9YY54	2	{'PF15186': 1, 'PF20864': 1}
A0A0K0K1A3	1	{'PF07686': 1}
A0A0K0K1A5	1	{'PF07686': 1}
A0A0K0K1B3	1	{'PF07686': 1}
A0A0K0K1C0	1	{'PF07686': 1}
A0A0K0K1C4	1	{'PF07686': 1}
A0A0K0K1D8	1	{'PF07686': 1}
A0A0K0K1E9	1	{'PF07686': 1}
A0A0K0K1G6	1	{'PF07686': 1}
A0A0K0K1G8	1	{'PF07686': 1}
A0A0K2S4Q6	1	{'PF07686': 1}
A0A0U1RQE8	2	{'PF06021': 1, 'PF08444': 1}
A0A0U1RQG5	1	{'PF15623': 2}
A0A0U1RQI7	1	{'PF00096': 2}
A0A0U1RR11	1	{'PF04828': 1}
A0A0U1RRE5	1	{'PF21949': 1}
A0A0U1RRI6	1	{'PF04828': 1}
A0A0U1RRK4	1	{'PF15317': 1}
A0A0X1KG70	1	{'PF13853': 1}
A0A183	1	{'PF15858': 1}
A0A1B0GTB2	1	{'PF21954': 1}
A0A1B0GTD5	1	{'PF22593': 1}
A0A1B0GTH9	1	{'PF13913': 2}
A0A1B0GTQ4	1	{'PF21950': 1}
A0A1B0GTS1	1	{'PF00447': 1}
A0A1B0GTU1	1	{'PF15663': 1}
A0A1B0GTU2	1	{'PF11057': 1}
A0A1B0GTW7	1	{'PF01457': 1}
A0A1B0GU71	1	{'PF13879': 1}
A0A1B0GUJ8	1	{'PF20846': 1}
A0A1B0GUS4	1	{'PF00179': 1}
A0A1B0GUU1	1	{'PF25431': 1}
A0A1B0GUX0	1	{'PF22589': 1}
A0A1B0GV85	1	{'PF02014': 1}
A0A1B0GV90	1	{'PF11057': 1}
A0A1B0GVH4	1	{'PF00089': 1}
A0A1B0GVQ0	1	{'PF22004': 1}
A0A1B0GVS7	1	{'PF15316': 1}
A0A1B0GVX0	1	{'PF10601': 1}
A0A1B0GVZ6	2	{'PF14048': 1, 'PF16564': 1}
A0A1B0GW35	1	{'PF15277': 1}
A0A1B0GWB2	1	{'PF04505': 1}
A0A1B0GWG4	1	{'PF15872': 1}
A0A1B0GWH4	1	{'PF00447': 1}
A0A1B0GWK0	1	{'PF13499': 1}
A0A1B0GX31	1	{'PF07686': 1}
A0A1B0GX49	1	{'PF07686': 1}
A0A1B0GX51	1	{'PF07686': 1}
A0A1B0GX56	1	{'PF07686': 1}
A0A1B0GX68	1	{'PF07686': 1}
A0A1B0GX78	1	{'PF07686': 1}
A0A1B0GX95	1	{'PF07686': 1}
A0A1B0GXF2	1	{'PF07686': 1}
A0A1W2PP81	1	{'PF04719': 1}
A0A1W2PPD8	2	{'PF02373': 1, 'PF02375': 1}
A0A1W2PPE2	1	{'PF04719': 1}
A0A1W2PPF3	1	{'PF00046': 2}
A0A1W2PPH5	1	{'PF04719': 1}
A0A1W2PPK0	1	{'PF00046': 1}
A0A1W2PPL8	1	{'PF04719': 1}
A0A1W2PPM1	1	{'PF00046': 1}
A0A1W2PPW3	1	{'PF04719': 1}
A0A1W2PQ09	1	{'PF04719': 1}
A0A1W2PQ27	1	{'PF04722': 1}
A0A1W2PQ64	1	{'PF04722': 1}
A0A1W2PQ72	1	{'PF13837': 1}
A0A1W2PQ73	1	{'PF00178': 1}
A0A1W2PQC6	1	{'PF04722': 1}
A0A1W2PQD8	1	{'PF04722': 1}
A0A1W2PQJ5	1	{'PF04722': 1}
A0A1W2PQL4	3	{'PF01352': 1, 'PF00096': 4, 'PF13465': 1}
A0A1W2PR19	2	{'PF00043': 1, 'PF13417': 1}
A0A1W2PR64	1	{'PF04719': 1}
A0A1W2PR75	1	{'PF04722': 1}
A0A1W2PR82	1	{'PF15238': 1}
A0A1W2PRP0	1	{'PF00250': 1}
A0A1W2PRV1	1	{'PF04719': 1}
A0A1W2PS18	1	{'PF04505': 1}
A0A2R8Y4L2	2	{'PF00076': 2, 'PF11627': 1}
A0A2R8Y619	1	{'PF00125': 1}
A0A2R8YED5	1	{'PF13853': 1}
A0A2Z4LIS9	1	{'PF00250': 1}
A0A3B3IRV3	2	{'PF01472': 1, 'PF17832': 1}
A0A3B3IT33	3	{'PF00622': 1, 'PF00643': 1, 'PF15227': 1}
A0A3B3IT45	1	{'PF13853': 1}
A0A3B3IT52	1	{'PF13837': 1}
A0A3B3IU46	1	{'PF15320': 1}
A0A455ZAR2	1	{'PF21971': 1}
A0A494BZU4	1	{'PF15049': 1}
A0A494C071	3	{'PF20884': 1, 'PF20886': 1, 'PF20887': 1}
A0A494C086	1	{'PF11357': 2}
A0A494C0Z2	1	{'PF11357': 2}
A0A494C103	1	{'PF00431': 1}
A0A494C191	1	{'PF11357': 2}
A0A494C1R9	1	{'PF00956': 1}
A0A539	1	{'PF07686': 1}
A0A576	1	{'PF07686': 1}
A0A577	1	{'PF07686': 1}
A0A578	1	{'PF07686': 1}
A0A584	1	{'PF07686': 1}
A0A589	1	{'PF07686': 1}
A0A597	1	{'PF07686': 1}
A0A599	1	{'PF07686': 1}
A0A5A2	1	{'PF07686': 1}
A0A5A6	1	{'PF07686': 1}
A0A5B0	1	{'PF07686': 1}
A0A5B6	1	{'PF07686': 1}
A0A5B7	1	{'PF07686': 1}
A0A5B9	1	{'PF07654': 1}
A0A7I2V3R4	1	{'PF13445': 1}
A0A7L8Y648	1	{'PF23701': 1}
A0A7P0TBJ1	1	{'PF15251': 1}
A0A804HLA8	1	{'PF00631': 1}
A0A8I5KQE6	2	{'PF00318': 2, 'PF16122': 1}
A0A8V8TMC4	1	{'PF00134': 1}
A0A8V8TNH8	1	{'PF15288': 1}
A0A8V8TPE2	1	{'PF15288': 1}
A0AUZ9	1	{'PF15275': 1}
A0AV02	1	{'PF00324': 1}
A0AV96	1	{'PF00076': 3}
A0AVI2	5	{'PF00168': 6, 'PF08150': 1, 'PF08165': 1, 'PF16165': 1, 'PF22901': 1}
A0AVI4	1	{'PF10272': 1}
A0AVK6	1	{'PF02319': 2}
A0AVT1	5	{'PF00899': 2, 'PF09358': 1, 'PF10585': 1, 'PF16190': 1, 'PF16191': 1}
A0FGR8	2	{'PF00168': 3, 'PF17047': 1}
A0FGR9	2	{'PF00168': 3, 'PF17047': 1}
A0JD32	1	{'PF07686': 1}
A0JD36	1	{'PF07686': 1}
A0JD37	1	{'PF07686': 1}
A0JLT2	1	{'PF10278': 1}
A0M8Q6	1	{'PF07654': 1}
A0PG75	1	{'PF03803': 1}
A0PJE2	1	{'PF00106': 1}
A0PJK1	1	{'PF00474': 1}
A0PJW6	1	{'PF06979': 1}
A0PJW8	1	{'PF15228': 1}
A0PJX0	1	{'PF13499': 1}
A0PJX2	1	{'PF07534': 1}
A0PJX4	1	{'PF13908': 1}
A0PJX8	1	{'PF15816': 1}
A0PJY2	2	{'PF13912': 1, 'PF00096': 5}
A0PJZ3	1	{'PF01501': 1}
A0PK00	1	{'PF07851': 1}
A0PK05	1	{'PF16054': 1}
A0PK11	1	{'PF25807': 1}
A1A4G5	1	{'PF15419': 1}
A1A4S6	4	{'PF00169': 1, 'PF00620': 1, 'PF14604': 1, 'PF16746': 1}
A1A4V9	1	{'PF14769': 1}
A1A4Y4	1	{'PF05049': 1}
A1A519	1	{'PF17734': 1}
A1A580	1	{'PF05287': 1}
A1A5B4	2	{'PF04547': 1, 'PF16178': 1}
A1A5C7	1	{'PF00083': 1}
A1E959	1	{'PF15424': 1}
A1IGU5	3	{'PF00018': 1, 'PF00621': 1, 'PF07653': 1}
A1KXE4	1	{'PF14944': 1}
A1KZ92	4	{'PF03098': 1, 'PF13927': 1, 'PF07679': 3, 'PF23334': 1}
A1L020	2	{'PF00013': 2, 'PF13920': 1}
A1L0T0	3	{'PF00205': 1, 'PF02775': 1, 'PF02776': 1}
A1L157	1	{'PF00335': 1}
A1L167	1	{'PF00179': 1}
A1L170	1	{'PF15429': 1}
A1L190	1	{'PF15191': 1}
A1L390	2	{'PF00621': 1, 'PF22697': 1}
A1L3X0	1	{'PF01151': 1}
A1L3X4	1	{'PF00131': 1}
A1L429	1	{'PF05831': 1}
A1L443	1	{'PF12881': 1}
A1L453	1	{'PF00089': 1}
A1L4H1	1	{'PF00530': 5}
A1L4K1	2	{'PF00041': 1, 'PF00622': 1}
A1L4L8	1	{'PF04749': 1}
A1X283	3	{'PF00018': 3, 'PF00787': 1, 'PF07653': 1}
A1XBS5	1	{'PF06730': 1}
A1YPR0	2	{'PF00651': 1, 'PF00096': 2}
A1Z1Q3	1	{'PF01661': 1}
A2A288	2	{'PF11977': 1, 'PF18039': 1}
A2A2V5	1	{'PF15872': 1}
A2A2Y4	4	{'PF00373': 1, 'PF08736': 1, 'PF09379': 1, 'PF09380': 1}
A2A2Z9	1	{'PF12001': 1}
A2A368	1	{'PF01454': 1}
A2A3K4	1	{'PF00782': 1}
A2A3N6	2	{'PF01504': 1, 'PF13519': 1}
A2AJT9	1	{'PF15440': 1}
A2CJ06	3	{'PF00569': 1, 'PF09068': 1, 'PF09069': 1}
A2IDD5	1	{'PF14739': 1}
A2JGV3	1	{'PF21951': 1}
A2NJV5	1	{'PF07686': 1}
A2PYH4	4	{'PF00270': 1, 'PF00271': 1, 'PF02889': 1, 'PF23445': 1}
A2RRD8	2	{'PF01352': 1, 'PF00096': 12}
A2RRL7	1	{'PF15192': 1}
A2RRP1	1	{'PF22913': 1}
A2RTX5	4	{'PF00587': 1, 'PF02824': 1, 'PF03129': 1, 'PF07973': 1}
A2RU14	1	{'PF25810': 1}
A2RU30	1	{'PF14722': 1}
A2RU48	1	{'PF15047': 2}
A2RU49	1	{'PF01636': 1}
A2RU54	1	{'PF00046': 1}
A2RUB1	1	{'PF15189': 1}
A2RUC4	1	{'PF13621': 1}
A2RUH7	2	{'PF00041': 1, 'PF07679': 2}
A2RUR9	1	{'PF12001': 1}
A2RUS2	1	{'PF02141': 1}
A2RUT3	1	{'PF15098': 1}
A2VCK2	1	{'PF03607': 2}
A2VDF0	1	{'PF05025': 1}
A2VDJ0	5	{'PF12371': 1, 'PF19532': 1, 'PF24498': 1, 'PF24499': 1, 'PF24501': 1}
A2VEC9	6	{'PF00090': 21, 'PF00094': 3, 'PF00754': 1, 'PF01826': 12, 'PF08742': 3, 'PF23244': 1}
A3KFT3	1	{'PF13853': 1}
A3KMH1	1	{'PF07728': 3}
A3KN83	3	{'PF13871': 1, 'PF13872': 1, 'PF25373': 1}
A4D0S4	6	{'PF00053': 12, 'PF00055': 1, 'PF21199': 1, 'PF23219': 1, 'PF24973': 1, 'PF24999': 1}
A4D0T7	1	{'PF15873': 1}
A4D0V7	2	{'PF12733': 1, 'PF24536': 1}
A4D0Y5	1	{'PF17712': 1}
A4D126	2	{'PF01128': 1, 'PF18706': 1}
A4D161	1	{'PF14753': 1}
A4D1B5	1	{'PF14959': 1}
A4D1E9	2	{'PF01018': 1, 'PF01926': 1}
A4D1F6	1	{'PF24978': 1}
A4D1P6	1	{'PF23138': 1}
A4D1S0	1	{'PF00059': 1}
A4D1S5	1	{'PF00071': 1}
A4D1T9	1	{'PF00089': 1}
A4D1U4	1	{'PF09804': 1}
A4D1Z8	1	{'PF00337': 1}
A4D256	2	{'PF14671': 1, 'PF22785': 1}
A4D263	1	{'PF15073': 1}
A4D2B0	1	{'PF00753': 1}
A4D2B8	1	{'PF13589': 1}
A4D2G3	1	{'PF13853': 1}
A4D2P6	2	{'PF00595': 2, 'PF02181': 1}
A4FU01	2	{'PF06602': 2, 'PF12578': 1}
A4FU49	1	{'PF07653': 1}
A4GXA9	2	{'PF02732': 1, 'PF21292': 1}
A4IF30	1	{'PF00892': 1}
A4QMS7	1	{'PF15074': 1}
A4QPH2	2	{'PF00454': 1, 'PF19274': 1}
A5A3E0	1	{'PF00022': 1}
A5D8T8	2	{'PF00059': 1, 'PF00188': 1}
A5D8V6	1	{'PF07200': 1}
A5LHX3	1	{'PF00227': 1}
A5PKW4	2	{'PF00169': 1, 'PF01369': 1}
A5PLK6	1	{'PF00615': 1}
A5PLL7	1	{'PF10520': 1}
A5PLN7	1	{'PF12516': 1}
A5PLN9	3	{'PF06159': 1, 'PF23643': 1, 'PF23647': 1}
A5X5Y0	2	{'PF02931': 1, 'PF02932': 1}
A5YKK6	1	{'PF12842': 1}
A5YM72	2	{'PF15632': 1, 'PF18130': 1}
A6BM72	4	{'PF00053': 6, 'PF12661': 5, 'PF23106': 1, 'PF23301': 1}
A6H8M9	1	{'PF00028': 1}
A6H8Y1	1	{'PF15963': 1}
A6H8Z2	1	{'PF14753': 1}
A6NC05	1	{'PF05768': 1}
A6NC42	1	{'PF16005': 1}
A6NC51	1	{'PF10277': 1}
A6NC86	2	{'PF00021': 1, 'PF02988': 1}
A6NC97	1	{'PF22749': 1}
A6NC98	1	{'PF19047': 1}
A6NCE7	1	{'PF02991': 1}
A6NCF5	2	{'PF07707': 1, 'PF21536': 1}
A6NCF6	1	{'PF01454': 1}
A6NCI4	1	{'PF13768': 3}
A6NCI8	1	{'PF15442': 1}
A6NCJ1	1	{'PF15041': 1}
A6NCK2	3	{'PF00622': 1, 'PF00643': 1, 'PF15227': 1}
A6NCL2	1	{'PF15083': 2}
A6NCM1	1	{'PF00004': 1}
A6NCN8	1	{'PF15046': 1}
A6NCQ9	1	{'PF13445': 1}
A6NCS4	1	{'PF00046': 1}
A6NCS6	1	{'PF15443': 1}
A6NCV1	1	{'PF13853': 1}
A6NCW0	1	{'PF00443': 1}
A6NCW7	1	{'PF00443': 1}
A6ND01	1	{'PF03024': 1}
A6ND36	1	{'PF07894': 1}
A6ND48	1	{'PF13853': 1}
A6ND91	2	{'PF01958': 1, 'PF03447': 1}
A6NDA9	1	{'PF13927': 1}
A6NDB9	1	{'PF03285': 1}
A6NDD5	1	{'PF04505': 1}
A6NDE4	2	{'PF00076': 1, 'PF08081': 1}
A6NDE8	1	{'PF05831': 1}
A6NDG6	2	{'PF13242': 1, 'PF13344': 1}
A6NDH6	1	{'PF13853': 1}
A6NDI0	3	{'PF00622': 1, 'PF00643': 1, 'PF15227': 1}
A6NDL7	1	{'PF10294': 1}
A6NDL8	1	{'PF13853': 1}
A6NDN8	1	{'PF00240': 1}
A6NDP7	1	{'PF01284': 2}
A6NDR6	2	{'PF05920': 1, 'PF16493': 1}
A6NDS4	1	{'PF00566': 1}
A6NDU8	1	{'PF17716': 1}
A6NDV4	1	{'PF12036': 1}
A6NDX5	3	{'PF01352': 1, 'PF13912': 3, 'PF00096': 14}
A6NDY0	1	{'PF00076': 1}
A6NDY2	1	{'PF15288': 1}
A6NDZ8	2	{'PF14048': 1, 'PF16564': 1}
A6NE01	2	{'PF20865': 1, 'PF20870': 1}
A6NE02	3	{'PF00651': 1, 'PF07707': 1, 'PF23651': 1}
A6NE82	2	{'PF14048': 1, 'PF16564': 1}
A6NEC2	2	{'PF01433': 1, 'PF17900': 1}
A6NEE1	1	{'PF00169': 1}
A6NEH6	1	{'PF15444': 2}
A6NEK1	2	{'PF00339': 1, 'PF02752': 1}
A6NEL2	1	{'PF25877': 1}
A6NEL3	1	{'PF14904': 2}
A6NEN9	1	{'PF15874': 1}
A6NEQ0	2	{'PF00076': 1, 'PF08081': 1}
A6NEQ2	1	{'PF15238': 1}
A6NER0	1	{'PF00566': 1}
A6NER3	1	{'PF05831': 1}
A6NET4	1	{'PF13853': 1}
A6NEV1	1	{'PF10630': 1}
A6NEY8	1	{'PF04073': 1}
A6NF01	1	{'PF15229': 1}
A6NF34	2	{'PF00092': 1, 'PF05587': 1}
A6NF36	1	{'PF15835': 1}
A6NF83	1	{'PF10195': 1}
A6NF89	1	{'PF13853': 1}
A6NFA0	1	{'PF15371': 1}
A6NFA1	1	{'PF01963': 1}
A6NFC5	1	{'PF13903': 1}
A6NFC9	1	{'PF00001': 1}
A6NFD8	2	{'PF00010': 1, 'PF07527': 1}
A6NFE3	1	{'PF24548': 1}
A6NFF2	1	{'PF00956': 1}
A6NFH5	1	{'PF00061': 1}
A6NFI3	2	{'PF01352': 1, 'PF00096': 14}
A6NFK2	1	{'PF23733': 1}
A6NFN3	2	{'PF00076': 1, 'PF12414': 1}
A6NFQ2	2	{'PF13402': 1, 'PF17291': 1}
A6NFQ7	1	{'PF00046': 1}
A6NFT4	1	{'PF13863': 1}
A6NFU0	1	{'PF07686': 1}
A6NFU8	1	{'PF01470': 1}
A6NFX1	1	{'PF13347': 1}
A6NFY4	1	{'PF10225': 1}
A6NFY7	1	{'PF05347': 1}
A6NFZ4	1	{'PF15193': 1}
A6NG13	1	{'PF04666': 1}
A6NGB0	2	{'PF14992': 1, 'PF15194': 1}
A6NGB7	1	{'PF15038': 1}
A6NGC4	1	{'PF03798': 1}
A6NGD5	3	{'PF02023': 1, 'PF12874': 1, 'PF00096': 4}
A6NGE7	1	{'PF09349': 1}
A6NGG3	1	{'PF17694': 1}
A6NGG8	1	{'PF15449': 1}
A6NGJ6	3	{'PF00097': 1, 'PF00622': 1, 'PF00643': 1}
A6NGK3	1	{'PF05831': 1}
A6NGN9	2	{'PF07686': 1, 'PF13927': 2}
A6NGQ2	1	{'PF16005': 1}
A6NGS2	1	{'PF15039': 1}
A6NGU5	1	{'PF01019': 1}
A6NGY1	1	{'PF15315': 1}
A6NGY3	1	{'PF17666': 1}
A6NGY5	1	{'PF13853': 1}
A6NH00	1	{'PF13853': 1}
A6NH11	1	{'PF08718': 1}
A6NH21	1	{'PF03348': 1}
A6NH52	1	{'PF05832': 1}
A6NH57	1	{'PF00025': 1}
A6NHA9	1	{'PF13853': 1}
A6NHC0	2	{'PF00648': 1, 'PF01067': 1}
A6NHG4	1	{'PF01187': 1}
A6NHG9	1	{'PF13853': 1}
A6NHJ4	2	{'PF01352': 1, 'PF00096': 11}
A6NHL2	2	{'PF00091': 1, 'PF03953': 1}
A6NHM9	3	{'PF01082': 1, 'PF03351': 1, 'PF03712': 1}
A6NHN0	1	{'PF00386': 1}
A6NHN6	1	{'PF06409': 1}
A6NHP3	1	{'PF11357': 2}
A6NHQ2	1	{'PF01269': 1}
A6NHQ4	1	{'PF15223': 1}
A6NHR8	1	{'PF14642': 1}
A6NHR9	10	{'PF06470': 1, 'PF13589': 1, 'PF22899': 1, 'PF26194': 1, 'PF26195': 1, 'PF26196': 1, 'PF26197': 1, 'PF26198': 1, 'PF26199': 1, 'PF26201': 1}
A6NHS7	1	{'PF07502': 1}
A6NHT5	1	{'PF00046': 1}
A6NHX0	3	{'PF13840': 2, 'PF18700': 1, 'PF21389': 1}
A6NI03	3	{'PF00097': 1, 'PF00622': 1, 'PF00643': 1}
A6NI15	1	{'PF00010': 1}
A6NI28	4	{'PF00169': 1, 'PF00620': 1, 'PF14604': 1, 'PF16746': 1}
A6NI61	1	{'PF12036': 1}
A6NI72	3	{'PF00018': 2, 'PF00787': 1, 'PF16621': 1}
A6NI73	1	{'PF13895': 1}
A6NI87	1	{'PF14645': 1}
A6NIE9	1	{'PF00089': 1}
A6NIH7	1	{'PF05351': 1}
A6NIJ5	1	{'PF15288': 1}
A6NIJ9	1	{'PF13853': 1}
A6NIM6	1	{'PF00854': 1}
A6NIN4	2	{'PF13445': 1, 'PF15451': 1}
A6NIR3	1	{'PF01412': 1}
A6NIX2	1	{'PF00412': 3}
A6NIY4	1	{'PF11357': 2}
A6NIZ1	1	{'PF00071': 1}
A6NJ08	2	{'PF14048': 1, 'PF16564': 1}
A6NJ46	1	{'PF00046': 1}
A6NJ64	1	{'PF06409': 1}
A6NJ78	1	{'PF01795': 1}
A6NJ88	1	{'PF15300': 1}
A6NJB7	1	{'PF15455': 1}
A6NJG6	1	{'PF00046': 1}
A6NJI1	1	{'PF15464': 1}
A6NJJ6	1	{'PF11771': 1}
A6NJL1	3	{'PF02023': 1, 'PF12874': 1, 'PF00096': 4}
A6NJQ4	1	{'PF15288': 1}
A6NJR5	1	{'PF11357': 1}
A6NJT0	1	{'PF00046': 1}
A6NJU9	1	{'PF06409': 1}
A6NJV1	1	{'PF10629': 1}
A6NJW9	1	{'PF07686': 1}
A6NJY1	1	{'PF00999': 1}
A6NJY4	1	{'PF15125': 1}
A6NJZ3	1	{'PF13853': 1}
A6NJZ7	3	{'PF07653': 2, 'PF25523': 1, 'PF25566': 1}
A6NK02	4	{'PF00622': 1, 'PF00643': 1, 'PF13765': 1, 'PF15227': 1}
A6NK06	2	{'PF03972': 1, 'PF19305': 1}
A6NK44	1	{'PF00903': 1}
A6NK53	2	{'PF01352': 1, 'PF00096': 6}
A6NK58	1	{'PF21948': 1}
A6NK59	1	{'PF07525': 1}
A6NK75	2	{'PF01352': 1, 'PF00096': 13}
A6NK89	1	{'PF21712': 1}
A6NK97	1	{'PF00083': 1}
A6NKB5	1	{'PF05041': 1}
A6NKC0	1	{'PF15288': 1}
A6NKC9	1	{'PF00017': 1}
A6NKD2	1	{'PF00956': 1}
A6NKD9	1	{'PF10226': 1}
A6NKF1	1	{'PF03399': 1}
A6NKF2	1	{'PF01388': 1}
A6NKG5	2	{'PF16297': 1, 'PF17919': 1}
A6NKH3	1	{'PF01780': 1}
A6NKK0	1	{'PF13853': 1}
A6NKL6	1	{'PF10177': 1}
A6NKP2	1	{'PF01073': 1}
A6NKQ9	1	{'PF00007': 1}
A6NKT7	3	{'PF00638': 2, 'PF01465': 1, 'PF16704': 1}
A6NKU9	1	{'PF11357': 2}
A6NKW6	1	{'PF13908': 1}
A6NKX4	1	{'PF00083': 1}
A6NL08	1	{'PF13853': 1}
A6NL26	1	{'PF13853': 1}
A6NL46	1	{'PF15229': 1}
A6NL82	1	{'PF14886': 1}
A6NL88	1	{'PF13908': 1}
A6NLC5	1	{'PF15823': 1}
A6NLC8	1	{'PF04719': 1}
A6NLE4	1	{'PF15466': 1}
A6NLI5	3	{'PF00097': 1, 'PF00622': 1, 'PF00643': 1}
A6NLU0	4	{'PF00622': 1, 'PF11002': 1, 'PF13765': 1, 'PF15227': 1}
A6NLU5	1	{'PF07686': 1}
A6NLW8	1	{'PF00046': 2}
A6NLX3	1	{'PF11357': 1}
A6NLX4	1	{'PF15195': 1}
A6NM03	1	{'PF13853': 1}
A6NM10	1	{'PF00230': 1}
A6NM11	2	{'PF14914': 1, 'PF15779': 7}
A6NM28	2	{'PF01352': 1, 'PF00096': 8}
A6NM43	1	{'PF00118': 1}
A6NM45	1	{'PF00822': 1}
A6NM76	1	{'PF13853': 1}
A6NMB1	3	{'PF07686': 1, 'PF13927': 1, 'PF07679': 1}
A6NMB9	1	{'PF00004': 1}
A6NMD0	1	{'PF04505': 1}
A6NMK7	2	{'PF14608': 2, 'PF15663': 1}
A6NMK8	1	{'PF15265': 1}
A6NMN3	1	{'PF17734': 1}
A6NMS3	1	{'PF13853': 1}
A6NMS7	2	{'PF14914': 1, 'PF15779': 7}
A6NMT0	1	{'PF00046': 1}
A6NMU1	1	{'PF13853': 1}
A6NMX2	1	{'PF01652': 1}
A6NMY6	1	{'PF00191': 4}
A6NMZ5	1	{'PF13853': 1}
A6NMZ7	1	{'PF00092': 8}
A6NN14	3	{'PF01352': 1, 'PF13912': 1, 'PF00096': 33}
A6NN90	1	{'PF15479': 1}
A6NN92	1	{'PF00029': 2}
A6NNA2	2	{'PF08312': 1, 'PF15230': 1}
A6NNA5	1	{'PF00046': 1}
A6NNB3	1	{'PF04505': 1}
A6NNC1	1	{'PF15229': 2}
A6NND4	1	{'PF13853': 1}
A6NNE9	1	{'PF12906': 1}
A6NNF4	2	{'PF01352': 1, 'PF00096': 14}
A6NNH2	1	{'PF15288': 1}
A6NNJ1	1	{'PF15288': 1}
A6NNL0	1	{'PF12881': 1}
A6NNL5	1	{'PF15031': 1}
A6NNM3	3	{'PF07653': 2, 'PF25523': 1, 'PF25566': 1}
A6NNM8	1	{'PF03133': 1}
A6NNN8	1	{'PF01490': 1}
A6NNP5	1	{'PF15372': 1}
A6NNS2	1	{'PF00106': 1}
A6NNT2	1	{'PF16043': 1}
A6NNV3	1	{'PF11357': 2}
A6NNW6	1	{'PF00113': 1}
A6NNX1	1	{'PF02197': 1}
A6NNY8	1	{'PF00443': 1}
A6NNZ2	2	{'PF00091': 1, 'PF03953': 1}
A6NP11	2	{'PF01352': 1, 'PF00096': 9}
A6NP61	1	{'PF13695': 1}
A6PVC2	1	{'PF03133': 1}
A6PVI3	1	{'PF00076': 1}
A6PVL3	1	{'PF15033': 1}
A6PVY3	1	{'PF14774': 1}
A6QL63	2	{'PF00651': 1, 'PF26281': 1}
A6XGL0	1	{'PF03853': 1}
A6ZKI3	1	{'PF16297': 1}
A7E2U8	1	{'PF15239': 1}
A7E2Y1	2	{'PF00063': 1, 'PF02736': 1}
A7KAX9	2	{'PF00620': 1, 'PF14604': 1}
A7MCY6	1	{'PF12845': 1}
A7MD48	1	{'PF15230': 1}
A7XYQ1	1	{'PF06467': 1}
A8CG34	1	{'PF15229': 1}
A8K0R7	1	{'PF15961': 1}
A8K0S8	2	{'PF05920': 1, 'PF16493': 1}
A8K0Z3	1	{'PF11945': 1}
A8K2U0	6	{'PF00207': 1, 'PF01835': 1, 'PF07677': 1, 'PF07703': 1, 'PF17789': 1, 'PF17791': 1}
A8K4G0	1	{'PF07686': 1}
A8K7I4	2	{'PF08434': 1, 'PF13519': 1}
A8K8V0	2	{'PF01352': 1, 'PF00096': 6}
A8K979	2	{'PF00929': 2, 'PF06839': 1}
A8MPP1	2	{'PF06733': 1, 'PF13307': 1}
A8MPS7	1	{'PF04794': 1}
A8MPX8	1	{'PF00481': 1}
A8MPY1	2	{'PF02931': 1, 'PF02932': 1}
A8MQ03	1	{'PF10631': 1}
A8MQ14	2	{'PF01352': 1, 'PF00096': 30}
A8MQ27	2	{'PF07177': 2, 'PF13920': 1}
A8MQB3	1	{'PF17699': 1}
A8MRT5	1	{'PF06409': 1}
A8MSI8	1	{'PF05347': 1}
A8MT65	3	{'PF01352': 1, 'PF00096': 3, 'PF13465': 3}
A8MT69	1	{'PF09415': 1}
A8MT70	1	{'PF22586': 1}
A8MTA8	1	{'PF10629': 2}
A8MTI9	1	{'PF00089': 1}
A8MTJ3	1	{'PF00503': 1}
A8MTJ6	1	{'PF00250': 1}
A8MTL9	1	{'PF00079': 1}
A8MTQ0	1	{'PF00046': 1}
A8MTY0	2	{'PF01352': 1, 'PF00096': 14}
A8MTZ0	1	{'PF14777': 1}
A8MTZ7	1	{'PF15480': 2}
A8MU46	1	{'PF00307': 1}
A8MUA0	1	{'PF15229': 1}
A8MUH7	1	{'PF00595': 3}
A8MUI8	1	{'PF15229': 1}
A8MUK1	1	{'PF00443': 1}
A8MUM7	1	{'PF00337': 1}
A8MUP2	1	{'PF13847': 1}
A8MUP6	1	{'PF07803': 1}
A8MUU1	1	{'PF00061': 1}
A8MUV8	3	{'PF01352': 1, 'PF00096': 6, 'PF13894': 1}
A8MUZ8	2	{'PF01352': 1, 'PF00096': 2}
A8MV23	1	{'PF00079': 1}
A8MV24	1	{'PF15075': 1}
A8MV57	1	{'PF00354': 1}
A8MV65	1	{'PF07545': 1}
A8MV72	1	{'PF15229': 1}
A8MV81	1	{'PF04588': 1}
A8MVJ9	1	{'PF10228': 1}
A8MVM7	1	{'PF15090': 1}
A8MVS5	1	{'PF17737': 1}
A8MVU1	3	{'PF00018': 2, 'PF00787': 1, 'PF16621': 1}
A8MVW0	2	{'PF10577': 1, 'PF20771': 1}
A8MVW5	1	{'PF13927': 1}
A8MVX0	1	{'PF00621': 1}
A8MVZ5	2	{'PF07686': 1, 'PF22705': 1}
A8MW92	2	{'PF18104': 1, 'PF20826': 1}
A8MW95	1	{'PF04111': 1}
A8MW99	1	{'PF13971': 1}
A8MWA4	2	{'PF01352': 1, 'PF00096': 2}
A8MWA6	1	{'PF15288': 1}
A8MWD9	1	{'PF01423': 1}
A8MWK0	2	{'PF00173': 1, 'PF00487': 1}
A8MWL6	1	{'PF01284': 1}
A8MWL7	1	{'PF03647': 1}
A8MWX3	1	{'PF11945': 1}
A8MWY0	5	{'PF23031': 1, 'PF23087': 1, 'PF23089': 1, 'PF23091': 1, 'PF23032': 1}
A8MX19	1	{'PF15288': 1}
A8MX76	2	{'PF00648': 1, 'PF01067': 1}
A8MX80	1	{'PF15229': 1}
A8MXD5	2	{'PF00462': 1, 'PF23733': 1}
A8MXE2	1	{'PF01762': 1}
A8MXJ8	1	{'PF15288': 1}
A8MXT2	1	{'PF01454': 1}
A8MXU0	1	{'PF13841': 1}
A8MXY4	2	{'PF01352': 1, 'PF00096': 20}
A8MXZ1	1	{'PF15288': 1}
A8MY62	1	{'PF00144': 1}
A8MYB1	1	{'PF14992': 1}
A8MYU2	4	{'PF00520': 1, 'PF03493': 1, 'PF21014': 1, 'PF22614': 2}
A8MYV0	1	{'PF03607': 2}
A8MYZ0	1	{'PF13898': 1}
A8MYZ6	2	{'PF00250': 1, 'PF16676': 1}
A8MZ26	1	{'PF13499': 1}
A8MZ36	1	{'PF23160': 1}
A8MZ59	1	{'PF00046': 1}
A8MZ97	1	{'PF15484': 1}
A8MZF0	1	{'PF15485': 1}
A8MZG2	1	{'PF15486': 1}
A8TX70	1	{'PF00092': 9}
A9YTQ3	2	{'PF00010': 1, 'PF00989': 1}
B0I1T2	2	{'PF00063': 1, 'PF06017': 1}
B0YJ81	1	{'PF04387': 1}
B1AJZ9	1	{'PF00498': 1}
B1AK76	1	{'PF07192': 1}
B1AKI9	2	{'PF00090': 1, 'PF03782': 1}
B1AL46	1	{'PF12881': 1}
B1ANY3	1	{'PF15487': 1}
B1ATL7	1	{'PF15488': 1}
B2RBV5	1	{'PF15155': 1}
B2RD01	2	{'PF03221': 1, 'PF04218': 1}
B2RN74	1	{'PF13853': 1}
B2RNN3	1	{'PF00386': 1}
B2RPK0	2	{'PF00505': 1, 'PF09011': 1}
B2RTY4	4	{'PF00063': 2, 'PF00130': 1, 'PF00620': 1, 'PF00788': 1}
B2RUY7	3	{'PF23331': 1, 'PF23333': 1, 'PF23334': 1}
B2RUZ4	1	{'PF15875': 1}
B2RV13	1	{'PF13879': 1}
B2RXF5	3	{'PF00651': 1, 'PF00096': 2, 'PF13894': 1}
B2RXH2	2	{'PF02373': 1, 'PF02375': 1}
B2RXH4	1	{'PF00651': 1}
B2RXH8	1	{'PF00076': 1}
B3EWG3	1	{'PF15825': 1}
B3EWG5	1	{'PF15825': 1}
B3EWG6	1	{'PF15825': 1}
B3GLJ2	1	{'PF00021': 1}
B3SHH9	1	{'PF13903': 1}
B4DH59	4	{'PF00008': 2, 'PF06758': 13, 'PF07645': 1, 'PF12661': 1}
B4DJY2	1	{'PF04505': 1}
B4DS77	1	{'PF13908': 1}
B4DU55	3	{'PF01352': 1, 'PF00096': 11, 'PF13465': 1}
B4DX44	3	{'PF01352': 1, 'PF13912': 1, 'PF00096': 6}
B4DXR9	3	{'PF01352': 1, 'PF13912': 1, 'PF00096': 9}
B4DYI2	2	{'PF14650': 1, 'PF15371': 1}
B4DZS4	1	{'PF05794': 1}
B5MCN3	1	{'PF00650': 1}
B5MCY1	1	{'PF00567': 7}
B5MD39	1	{'PF01019': 1}
B5ME19	2	{'PF01399': 1, 'PF26569': 1}
B6A8C7	1	{'PF13895': 1}
B6SEH8	1	{'PF00429': 1}
B6SEH9	1	{'PF00429': 1}
B7U540	3	{'PF01007': 1, 'PF08466': 1, 'PF17655': 1}
B7Z1M9	1	{'PF00168': 1}
B7Z368	1	{'PF17713': 1}
B7Z6K7	2	{'PF01352': 1, 'PF00096': 22}
B7Z8K6	1	{'PF07654': 1}
B7ZAQ6	2	{'PF12430': 1, 'PF12537': 1}
B7ZBB8	1	{'PF03370': 1}
B7ZC32	3	{'PF00225': 1, 'PF00498': 1, 'PF12423': 1}
B7ZW38	1	{'PF00076': 1}
B8ZZ34	1	{'PF13908': 1}
B9A064	1	{'PF07654': 1}
B9A6J9	1	{'PF00566': 1}
B9EJG8	1	{'PF10277': 1}
C0HLU2	1	{'PF21978': 1}
C0HLV8	1	{'PF22001': 1}
C0HLZ6	1	{'PF21970': 1}
C0HM02	1	{'PF21952': 1}
C0HM83	1	{'PF23661': 1}
C4AMC7	1	{'PF11945': 1}
C9J069	1	{'PF26649': 1}
C9J1S8	3	{'PF00622': 1, 'PF00643': 1, 'PF15227': 1}
C9J202	1	{'PF00534': 1}
C9J2P7	1	{'PF00443': 1}
C9J302	1	{'PF15849': 1}
C9J6K1	1	{'PF15876': 1}
C9J798	3	{'PF00168': 2, 'PF00169': 1, 'PF00616': 1}
C9JBD0	1	{'PF01352': 1}
C9JDP6	1	{'PF00822': 1}
C9JG80	1	{'PF06409': 1}
C9JH25	1	{'PF25987': 1}
C9JI98	1	{'PF15125': 1}
C9JJ37	2	{'PF00651': 1, 'PF07707': 1}
C9JJH3	1	{'PF00443': 1}
C9JLJ4	1	{'PF00443': 1}
C9JLR9	1	{'PF18658': 4}
C9JLW8	1	{'PF14799': 1}
C9JN71	2	{'PF01352': 1, 'PF00096': 13}
C9JPN9	1	{'PF00443': 1}
C9JQI7	1	{'PF15877': 1}
C9JQL5	1	{'PF04505': 1}
C9JR72	1	{'PF00651': 1}
C9JRZ8	1	{'PF00248': 1}
C9JSJ3	2	{'PF00010': 1, 'PF00505': 1}
C9JVI0	1	{'PF00443': 1}
C9JXX5	1	{'PF15878': 1}
D3W0D1	1	{'PF00059': 1}
D6R901	1	{'PF00443': 1}
D6R9N7	1	{'PF00443': 1}
D6RA61	1	{'PF00443': 1}
D6RBM5	1	{'PF00443': 1}
D6RBQ6	1	{'PF00443': 1}
D6RCP7	1	{'PF00443': 1}
D6RGH6	1	{'PF07412': 1}
D6RGX4	1	{'PF15288': 1}
D6RIA3	1	{'PF15232': 1}
D6RJB6	1	{'PF00443': 1}
E0CX11	1	{'PF15054': 1}
E2RYF6	1	{'PF14654': 1}
E5RG02	1	{'PF00089': 1}
E5RHQ5	1	{'PF06409': 1}
E5RQL4	1	{'PF07837': 1}
E7ERA6	1	{'PF13639': 1}
E7ETH6	2	{'PF01352': 1, 'PF00096': 5}
E7EW31	1	{'PF15232': 1}
E9PAV3	2	{'PF01849': 1, 'PF19026': 1}
E9PGG2	2	{'PF05920': 1, 'PF16878': 1}
E9PI22	1	{'PF10630': 1}
E9PIF3	1	{'PF06409': 1}
E9PJ23	1	{'PF06409': 1}
E9PJI5	1	{'PF06409': 1}
E9PKD4	1	{'PF06409': 1}
E9PQ53	1	{'PF06374': 1}
E9PQR5	1	{'PF06409': 1}
E9PRG8	1	{'PF17719': 1}
F2Z333	1	{'PF17742': 1}
F5GYI3	1	{'PF21267': 1}
F5H094	2	{'PF03137': 1, 'PF07648': 1}
F5H284	1	{'PF00160': 1}
F5H4A9	1	{'PF15843': 1}
F5H4B4	1	{'PF14922': 1}
F8VTS6	4	{'PF00622': 1, 'PF11002': 1, 'PF13765': 1, 'PF15227': 1}
F8W0I5	1	{'PF06409': 1}
F8W1W9	1	{'PF06409': 1}
F8WCM5	1	{'PF00049': 1}
F8WFD2	1	{'PF06409': 1}
G2XKQ0	1	{'PF11976': 1}
G3V0H7	2	{'PF03137': 1, 'PF07648': 1}
G9CGD6	5	{'PF00169': 1, 'PF00536': 1, 'PF00595': 1, 'PF06663': 1, 'PF10534': 1}
H0UI37	1	{'PF00581': 1}
H0Y354	1	{'PF14976': 1}
H0YL14	1	{'PF17685': 1}
H3BNL1	1	{'PF15115': 1}
H3BNL8	1	{'PF17822': 1}
H3BPM6	2	{'PF16044': 1, 'PF22795': 1}
H3BQB6	1	{'PF00836': 1}
H3BQJ8	1	{'PF00021': 1}
H3BQW9	1	{'PF14982': 1}
H3BRN8	1	{'PF14892': 1}
H3BS89	1	{'PF13903': 1}
H3BTG2	1	{'PF17671': 2}
H3BV60	1	{'PF00100': 1}
H7BZ55	1	{'PF15035': 1}
I1YAP6	2	{'PF00097': 1, 'PF00622': 1}
I3L1E1	1	{'PF17703': 1}
K7EJ46	1	{'PF15831': 1}
K9M1U5	1	{'PF15177': 1}
L0R6Q1	1	{'PF15054': 1}
L0R8F8	1	{'PF05347': 1}
M0QZC1	1	{'PF13445': 1}
M0R2J8	2	{'PF24478': 1, 'PF25510': 1}
O00110	1	{'PF13465': 1}
O00115	1	{'PF03265': 1}
O00116	2	{'PF01565': 1, 'PF02913': 1}
O00124	1	{'PF00789': 1}
O00139	2	{'PF00225': 1, 'PF22923': 1}
O00141	2	{'PF00433': 1, 'PF00069': 1}
O00142	1	{'PF01712': 1}
O00144	2	{'PF01392': 1, 'PF01534': 1}
O00148	2	{'PF00270': 1, 'PF00271': 1}
O00151	3	{'PF00412': 1, 'PF00595': 1, 'PF15936': 1}
O00154	1	{'PF03061': 2}
O00155	1	{'PF00001': 1}
O00159	2	{'PF00063': 1, 'PF06017': 1}
O00160	3	{'PF00018': 1, 'PF00063': 1, 'PF06017': 1}
O00161	1	{'PF00835': 1}
O00167	1	{'PF00702': 1}
O00168	1	{'PF02038': 1}
O00170	1	{'PF23322': 1}
O00175	1	{'PF00048': 1}
O00178	2	{'PF00009': 1, 'PF03144': 1}
O00180	1	{'PF07885': 2}
O00182	1	{'PF00337': 2}
O00186	1	{'PF00995': 1}
O00187	4	{'PF00084': 2, 'PF00089': 1, 'PF00431': 2, 'PF07645': 1}
O00189	2	{'PF00928': 1, 'PF01217': 1}
O00193	1	{'PF15477': 1}
O00194	1	{'PF00071': 1}
O00198	1	{'PF15196': 1}
O00203	2	{'PF14796': 1, 'PF24080': 1}
O00204	1	{'PF00685': 1}
O00206	1	{'PF01582': 1}
O00212	1	{'PF00071': 1}
O00213	2	{'PF00397': 1, 'PF00640': 2}
O00214	1	{'PF00337': 2}
O00217	1	{'PF12838': 1}
O00219	1	{'PF13641': 1}
O00220	2	{'PF00020': 2, 'PF00531': 1}
O00222	3	{'PF00003': 1, 'PF01094': 1, 'PF07562': 1}
O00230	1	{'PF03002': 1}
O00231	2	{'PF01399': 1, 'PF18503': 1}
O00232	2	{'PF01399': 1, 'PF18098': 1}
O00233	2	{'PF17820': 1, 'PF18265': 1}
O00237	1	{'PF13639': 1}
O00238	3	{'PF01064': 1, 'PF08515': 1, 'PF07714': 1}
O00241	2	{'PF07654': 2, 'PF07686': 1}
O00244	1	{'PF00403': 1}
O00253	1	{'PF05039': 1}
O00254	1	{'PF00001': 1}
O00255	1	{'PF05053': 2}
O00257	1	{'PF00385': 1}
O00258	1	{'PF04420': 1}
O00264	1	{'PF00173': 1}
O00267	5	{'PF00467': 2, 'PF03439': 1, 'PF23037': 1, 'PF23287': 1, 'PF23288': 1}
O00268	2	{'PF05236': 1, 'PF07531': 1}
O00270	1	{'PF00001': 1}
O00273	2	{'PF02017': 1, 'PF09033': 1}
O00287	1	{'PF15289': 1}
O00291	1	{'PF01608': 1}
O00292	2	{'PF00019': 1, 'PF00688': 1}
O00294	1	{'PF01167': 1}
O00295	2	{'PF01167': 1, 'PF16322': 1}
O00299	2	{'PF13409': 1, 'PF13410': 1}
O00300	2	{'PF00020': 4, 'PF23630': 2}
O00303	2	{'PF01398': 1, 'PF13012': 1}
O00305	2	{'PF00625': 1, 'PF12052': 1}
O00308	2	{'PF00397': 4, 'PF00632': 1}
O00311	1	{'PF00069': 2}
O00321	1	{'PF00178': 1}
O00322	1	{'PF00335': 1}
O00327	3	{'PF00010': 1, 'PF00989': 1, 'PF14598': 1}
O00329	4	{'PF00454': 1, 'PF00792': 1, 'PF00794': 1, 'PF02192': 1}
O00330	3	{'PF00198': 1, 'PF00364': 1, 'PF02817': 1}
O00337	3	{'PF01773': 1, 'PF07662': 1, 'PF07670': 1}
O00338	1	{'PF00685': 1}
O00339	4	{'PF00092': 2, 'PF07645': 1, 'PF12662': 1, 'PF14670': 8}
O00341	1	{'PF00375': 1}
O00358	1	{'PF00250': 1}
O00370	2	{'PF00078': 1, 'PF03372': 1}
O00391	4	{'PF00085': 1, 'PF04777': 1, 'PF18108': 1, 'PF18371': 1}
O00398	1	{'PF00001': 1}
O00400	1	{'PF13000': 2}
O00401	2	{'PF00568': 1, 'PF00786': 1}
O00408	2	{'PF00233': 1, 'PF01590': 2}
O00409	1	{'PF00250': 1}
O00411	2	{'PF00940': 1, 'PF14700': 1}
O00418	1	{'PF02816': 1}
O00421	1	{'PF00001': 1}
O00422	1	{'PF06487': 1}
O00425	2	{'PF00013': 4, 'PF00076': 2}
O00429	3	{'PF00350': 1, 'PF01031': 1, 'PF02212': 1}
O00442	2	{'PF01137': 1, 'PF05189': 1}
O00443	5	{'PF00168': 1, 'PF00454': 1, 'PF00787': 1, 'PF00792': 1, 'PF00794': 1}
O00444	3	{'PF18190': 1, 'PF18409': 1, 'PF00069': 1}
O00445	1	{'PF00168': 2}
O00451	1	{'PF02351': 3}
O00453	1	{'PF05083': 1}
O00458	1	{'PF04836': 1}
O00459	3	{'PF00017': 2, 'PF00620': 1, 'PF16454': 1}
O00462	4	{'PF02836': 1, 'PF17753': 1, 'PF17786': 1, 'PF22666': 1}
O00463	3	{'PF02176': 2, 'PF21355': 1, 'PF21363': 1}
O00468	7	{'PF00008': 2, 'PF00050': 1, 'PF00053': 2, 'PF00054': 3, 'PF01390': 1, 'PF03146': 1, 'PF07648': 8}
O00469	2	{'PF03171': 1, 'PF25342': 1}
O00470	2	{'PF05920': 1, 'PF16493': 1}
O00472	2	{'PF07303': 1, 'PF10390': 1}
O00476	1	{'PF07690': 1}
O00478	4	{'PF00622': 1, 'PF07686': 1, 'PF13765': 1, 'PF22705': 1}
O00479	1	{'PF01101': 1}
O00481	4	{'PF00622': 1, 'PF07686': 1, 'PF13765': 1, 'PF22705': 1}
O00482	2	{'PF00104': 1, 'PF00105': 1}
O00483	1	{'PF06522': 1}
O00487	2	{'PF01398': 1, 'PF23594': 1}
O00488	1	{'PF12171': 1}
O00499	2	{'PF03114': 1, 'PF14604': 1}
O00501	1	{'PF00822': 1}
O00506	2	{'PF20929': 1, 'PF00069': 1}
O00507	3	{'PF00443': 1, 'PF12030': 1, 'PF22900': 1}
O00512	1	{'PF11502': 1}
O00519	1	{'PF01425': 1}
O00522	3	{'PF00373': 1, 'PF16705': 1, 'PF24522': 1}
O00526	1	{'PF07353': 1}
O00533	5	{'PF00041': 4, 'PF00047': 1, 'PF13882': 1, 'PF13927': 3, 'PF07679': 1}
O00534	2	{'PF08487': 1, 'PF13768': 1}
O00541	2	{'PF06732': 1, 'PF16589': 1}
O00548	4	{'PF00008': 6, 'PF01414': 1, 'PF07657': 1, 'PF21700': 1}
O00555	3	{'PF00520': 4, 'PF08763': 1, 'PF16905': 1}
O00560	1	{'PF00595': 2}
O00562	4	{'PF02121': 1, 'PF02862': 2, 'PF24694': 1, 'PF24695': 1}
O00566	1	{'PF04006': 1}
O00567	2	{'PF01798': 1, 'PF08156': 1}
O00570	2	{'PF00505': 1, 'PF12336': 1}
O00571	2	{'PF00270': 1, 'PF00271': 1}
O00574	1	{'PF00001': 1}
O00584	1	{'PF00445': 1}
O00585	1	{'PF00048': 1}
O00587	1	{'PF02434': 1}
O00590	1	{'PF00001': 1}
O00591	2	{'PF02931': 1, 'PF02932': 1}
O00592	1	{'PF06365': 1}
O00602	1	{'PF00147': 1}
O00622	4	{'PF00007': 1, 'PF00093': 1, 'PF00219': 1, 'PF19035': 1}
O00623	1	{'PF04757': 1}
O00624	1	{'PF07690': 1}
O00625	2	{'PF02678': 1, 'PF05726': 1}
O00626	1	{'PF00048': 1}
O00631	1	{'PF05366': 1}
O00634	4	{'PF00053': 2, 'PF00055': 1, 'PF01759': 1, 'PF24973': 1}
O00635	4	{'PF00622': 1, 'PF00643': 1, 'PF13765': 1, 'PF15227': 1}
O00712	3	{'PF00859': 1, 'PF03165': 1, 'PF10524': 1}
O00716	2	{'PF02319': 1, 'PF16421': 1}
O00743	1	{'PF00149': 1}
O00744	1	{'PF00110': 1}
O00746	1	{'PF00334': 1}
O00748	1	{'PF00135': 1}
O00750	5	{'PF00168': 1, 'PF00454': 1, 'PF00787': 1, 'PF00792': 1, 'PF00794': 1}
O00754	5	{'PF01074': 1, 'PF07748': 1, 'PF09261': 1, 'PF17677': 1, 'PF21260': 1}
O00755	1	{'PF00110': 1}
O00757	2	{'PF00316': 1, 'PF18913': 1}
O00762	1	{'PF00179': 1}
O00763	7	{'PF00289': 1, 'PF00364': 1, 'PF01039': 1, 'PF02785': 1, 'PF02786': 1, 'PF08326': 1, 'PF21385': 1}
O00764	1	{'PF08543': 1}
O14490	1	{'PF03359': 1}
O14492	3	{'PF00017': 1, 'PF00169': 1, 'PF08916': 1}
O14493	1	{'PF00822': 1}
O14494	1	{'PF01569': 1}
O14495	1	{'PF01569': 1}
O14497	1	{'PF01388': 1}
O14503	2	{'PF00010': 1, 'PF07527': 1}
O14508	2	{'PF00017': 1, 'PF07525': 1}
O14511	2	{'PF07679': 1, 'PF25518': 1}
O14512	2	{'PF00017': 1, 'PF07525': 1}
O14514	5	{'PF00002': 1, 'PF00090': 5, 'PF02793': 1, 'PF16489': 1, 'PF19188': 1}
O14519	1	{'PF09806': 1}
O14520	1	{'PF00230': 1}
O14521	1	{'PF05328': 1}
O14522	4	{'PF00041': 1, 'PF00102': 2, 'PF00629': 1, 'PF23144': 1}
O14523	2	{'PF00168': 1, 'PF18696': 1}
O14524	1	{'PF10225': 1}
O14525	3	{'PF18411': 1, 'PF19441': 1, 'PF19743': 1}
O14526	2	{'PF10291': 1, 'PF22699': 1}
O14529	3	{'PF00046': 1, 'PF02376': 3, 'PF25398': 1}
O14530	1	{'PF00085': 1}
O14531	1	{'PF01979': 1}
O14543	1	{'PF00017': 1}
O14544	2	{'PF00017': 1, 'PF07525': 1}
O14545	1	{'PF21366': 1}
O14548	1	{'PF02238': 1}
O14556	2	{'PF00044': 1, 'PF02800': 1}
O14558	2	{'PF00011': 1, 'PF00525': 1}
O14559	2	{'PF00620': 1, 'PF07653': 1}
O14561	1	{'PF00550': 1}
O14562	2	{'PF00240': 1, 'PF25343': 1}
O14569	1	{'PF03188': 1}
O14576	1	{'PF11540': 1}
O14578	3	{'PF00169': 1, 'PF00433': 1, 'PF00069': 1}
O14581	1	{'PF13853': 1}
O14594	5	{'PF00008': 1, 'PF00059': 1, 'PF00084': 1, 'PF00193': 2, 'PF07686': 1}
O14595	1	{'PF03031': 1}
O14602	1	{'PF01176': 1}
O14604	1	{'PF01290': 1}
O14607	3	{'PF02373': 1, 'PF21322': 1, 'PF21326': 1}
O14610	1	{'PF00631': 1}
O14613	2	{'PF00786': 1, 'PF14957': 2}
O14617	2	{'PF06375': 1, 'PF26171': 1}
O14618	2	{'PF00080': 1, 'PF00403': 1}
O14625	1	{'PF00048': 1}
O14626	1	{'PF00001': 1}
O14627	2	{'PF00046': 1, 'PF04731': 1}
O14628	3	{'PF01352': 1, 'PF13912': 1, 'PF00096': 7}
O14633	1	{'PF14672': 2}
O14638	2	{'PF01033': 2, 'PF01663': 1}
O14639	3	{'PF00412': 4, 'PF02209': 1, 'PF16182': 1}
O14640	5	{'PF00595': 1, 'PF00610': 1, 'PF00778': 1, 'PF02377': 1, 'PF12316': 1}
O14641	5	{'PF00595': 1, 'PF00610': 1, 'PF00778': 1, 'PF02377': 1, 'PF12316': 1}
O14645	1	{'PF10211': 1}
O14646	6	{'PF00176': 1, 'PF00271': 1, 'PF00385': 2, 'PF13907': 1, 'PF18375': 1, 'PF23588': 1}
O14647	6	{'PF00176': 1, 'PF00271': 1, 'PF00385': 2, 'PF13907': 1, 'PF18375': 1, 'PF23588': 1}
O14649	1	{'PF07885': 2}
O14653	1	{'PF12352': 1}
O14654	1	{'PF02174': 1}
O14656	2	{'PF06309': 1, 'PF21376': 1}
O14657	2	{'PF06309': 1, 'PF21376': 1}
O14662	1	{'PF05739': 1}
O14668	1	{'PF00594': 1}
O14669	1	{'PF00594': 1}
O14672	3	{'PF00200': 1, 'PF13574': 1, 'PF21299': 1}
O14678	2	{'PF06472': 1, 'PF00005': 1}
O14681	1	{'PF07264': 1}
O14682	2	{'PF00651': 1, 'PF07707': 1}
O14683	1	{'PF14936': 1}
O14684	1	{'PF01124': 1}
O14686	6	{'PF00628': 4, 'PF00856': 1, 'PF05964': 1, 'PF05965': 1, 'PF13771': 1, 'PF13832': 1}
O14709	3	{'PF01352': 1, 'PF02023': 1, 'PF00096': 21}
O14713	1	{'PF10480': 1}
O14715	3	{'PF00638': 2, 'PF01465': 1, 'PF16704': 1}
O14717	1	{'PF00145': 1}
O14718	1	{'PF00001': 1}
O14727	4	{'PF00619': 1, 'PF17908': 1, 'PF21296': 1, 'PF00931': 1}
O14730	1	{'PF01163': 1}
O14732	1	{'PF00459': 1}
O14733	1	{'PF00069': 1}
O14734	2	{'PF13622': 1, 'PF20789': 1}
O14735	1	{'PF01066': 1}
O14737	1	{'PF01984': 1}
O14744	3	{'PF05185': 1, 'PF17285': 1, 'PF17286': 1}
O14745	3	{'PF00595': 1, 'PF09007': 1, 'PF17820': 1}
O14746	2	{'PF12009': 1, 'PF21399': 1}
O14753	2	{'PF00096': 1, 'PF13465': 1}
O14756	1	{'PF00106': 1}
O14757	1	{'PF00069': 1}
O14763	2	{'PF00020': 2, 'PF00531': 1}
O14764	2	{'PF02931': 1, 'PF02932': 1}
O14770	2	{'PF05920': 1, 'PF16493': 1}
O14771	4	{'PF01352': 1, 'PF02023': 1, 'PF00096': 3, 'PF13465': 1}
O14772	1	{'PF07959': 1}
O14773	2	{'PF09286': 1, 'PF00082': 1}
O14776	3	{'PF00397': 2, 'PF01846': 6, 'PF23517': 1}
O14777	2	{'PF03801': 1, 'PF18077': 1}
O14782	1	{'PF00225': 2}
O14786	4	{'PF00431': 2, 'PF00629': 1, 'PF00754': 2, 'PF11980': 1}
O14788	1	{'PF00229': 1}
O14791	1	{'PF05461': 1}
O14792	1	{'PF00685': 1}
O14793	2	{'PF00019': 1, 'PF00688': 1}
O14795	2	{'PF00130': 1, 'PF00168': 3}
O14796	1	{'PF00017': 1}
O14798	1	{'PF00020': 2}
O14802	5	{'PF00623': 1, 'PF04983': 1, 'PF04997': 1, 'PF04998': 1, 'PF05000': 1}
O14804	1	{'PF00001': 1}
O14807	1	{'PF00071': 1}
O14810	1	{'PF05835': 1}
O14813	1	{'PF00046': 1}
O14815	2	{'PF00648': 1, 'PF01067': 1}
O14817	1	{'PF00335': 1}
O14818	2	{'PF00227': 1, 'PF10584': 1}
O14827	4	{'PF00169': 1, 'PF00617': 1, 'PF00618': 1, 'PF00621': 1}
O14828	1	{'PF04144': 1}
O14829	2	{'PF00036': 1, 'PF00149': 1}
O14830	2	{'PF00036': 1, 'PF00149': 1}
O14832	1	{'PF05721': 1}
O14836	1	{'PF09305': 2}
O14841	4	{'PF01968': 1, 'PF02538': 1, 'PF05378': 1, 'PF19278': 1}
O14842	1	{'PF00001': 1}
O14843	1	{'PF00001': 1}
O14862	2	{'PF02758': 1, 'PF02760': 1}
O14863	2	{'PF01545': 1, 'PF16916': 1}
O14867	1	{'PF00651': 1}
O14874	2	{'PF02518': 1, 'PF10436': 1}
O14880	1	{'PF01124': 1}
O14893	1	{'PF04938': 1}
O14894	1	{'PF05805': 1}
O14896	2	{'PF00605': 1, 'PF10401': 1}
O14901	1	{'PF00096': 3}
O14904	1	{'PF00110': 1}
O14905	1	{'PF00110': 1}
O14907	1	{'PF00595': 1}
O14908	3	{'PF00595': 1, 'PF25082': 1, 'PF25083': 1}
O14910	2	{'PF00595': 1, 'PF02828': 1}
O14917	2	{'PF00028': 5, 'PF08266': 1}
O14920	3	{'PF12179': 1, 'PF18397': 1, 'PF00069': 1}
O14921	1	{'PF00615': 1}
O14924	3	{'PF00595': 1, 'PF00615': 1, 'PF02196': 1}
O14925	1	{'PF02466': 1}
O14926	1	{'PF06268': 4}
O14929	2	{'PF10394': 1, 'PF21183': 1}
O14931	1	{'PF07686': 1}
O14933	1	{'PF00179': 1}
O14936	5	{'PF00595': 1, 'PF00625': 1, 'PF02828': 2, 'PF07653': 1, 'PF00069': 1}
O14939	3	{'PF00614': 1, 'PF00787': 1, 'PF13091': 1}
O14948	2	{'PF00010': 1, 'PF11851': 1}
O14949	1	{'PF02939': 1}
O14950	2	{'PF08976': 1, 'PF13499': 1}
O14957	1	{'PF08997': 1}
O14958	1	{'PF01216': 1}
O14960	1	{'PF01551': 1}
O14964	2	{'PF01363': 1, 'PF12210': 1}
O14965	1	{'PF00069': 1}
O14966	1	{'PF00071': 1}
O14967	1	{'PF00262': 1}
O14972	1	{'PF03643': 1}
O14975	2	{'PF00501': 1, 'PF13193': 1}
O14976	2	{'PF10409': 1, 'PF00069': 1}
O14977	2	{'PF00278': 1, 'PF02784': 1}
O14978	4	{'PF01352': 1, 'PF02023': 1, 'PF00096': 7, 'PF13465': 1}
O14979	1	{'PF00076': 2}
O14981	3	{'PF00176': 1, 'PF00271': 1, 'PF12054': 1}
O14983	5	{'PF00122': 1, 'PF00689': 1, 'PF00690': 1, 'PF08282': 1, 'PF13246': 1}
O14986	1	{'PF01504': 1}
O14990	1	{'PF04979': 1}
O14994	2	{'PF02078': 1, 'PF02750': 1}
O15013	2	{'PF00621': 1, 'PF19057': 1}
O15015	2	{'PF13912': 2, 'PF00096': 16}
O15016	4	{'PF00439': 1, 'PF00628': 1, 'PF00643': 1, 'PF25287': 1}
O15018	1	{'PF00595': 5}
O15020	3	{'PF00307': 2, 'PF00435': 17, 'PF15410': 1}
O15021	3	{'PF08926': 1, 'PF17820': 1, 'PF00069': 1}
O15027	1	{'PF12932': 1}
O15031	6	{'PF01437': 2, 'PF01833': 2, 'PF08337': 1, 'PF17960': 1, 'PF20170': 1, 'PF24479': 1}
O15033	4	{'PF00630': 1, 'PF00632': 1, 'PF25915': 1, 'PF25916': 1}
O15034	4	{'PF00041': 1, 'PF07653': 2, 'PF14604': 1, 'PF25523': 1}
O15037	4	{'PF11977': 1, 'PF23050': 1, 'PF23052': 1, 'PF23054': 1}
O15041	1	{'PF00047': 1}
O15042	3	{'PF00076': 1, 'PF01805': 1, 'PF08312': 1}
O15047	3	{'PF00076': 1, 'PF00856': 1, 'PF11764': 1}
O15054	3	{'PF02373': 1, 'PF21322': 1, 'PF21326': 1}
O15055	4	{'PF08447': 1, 'PF12114': 1, 'PF21353': 1, 'PF23170': 1}
O15056	3	{'PF02383': 1, 'PF08952': 1, 'PF22669': 1}
O15060	2	{'PF00651': 1, 'PF00096': 2}
O15062	1	{'PF00651': 1}
O15063	1	{'PF15923': 1}
O15066	1	{'PF00225': 1}
O15067	5	{'PF02769': 2, 'PF13507': 1, 'PF18072': 1, 'PF18076': 1, 'PF22689': 1}
O15068	6	{'PF00435': 1, 'PF00621': 1, 'PF07653': 1, 'PF13716': 1, 'PF22697': 1, 'PF23289': 1}
O15069	2	{'PF01849': 1, 'PF19026': 1}
O15072	7	{'PF00090': 1, 'PF01421': 1, 'PF01562': 1, 'PF05986': 1, 'PF17771': 1, 'PF19030': 3, 'PF19236': 1}
O15075	2	{'PF03607': 2, 'PF00069': 1}
O15079	1	{'PF15290': 1}
O15085	4	{'PF00595': 1, 'PF00621': 1, 'PF09128': 1, 'PF17838': 1}
O15090	2	{'PF13909': 1, 'PF00096': 4}
O15091	1	{'PF16953': 1}
O15105	2	{'PF03165': 1, 'PF03166': 1}
O15111	3	{'PF12179': 1, 'PF18397': 1, 'PF00069': 1}
O15116	1	{'PF01423': 1}
O15117	2	{'PF07653': 1, 'PF14603': 1}
O15118	3	{'PF12349': 1, 'PF16414': 1, 'PF22314': 1}
O15119	3	{'PF00907': 1, 'PF12598': 1, 'PF20627': 1}
O15120	1	{'PF01553': 1}
O15121	2	{'PF00487': 1, 'PF08557': 1}
O15123	2	{'PF00147': 1, 'PF25443': 1}
O15126	1	{'PF04144': 1}
O15127	1	{'PF04144': 1}
O15130	1	{'PF15085': 1}
O15144	1	{'PF04045': 1}
O15145	1	{'PF04062': 1}
O15146	4	{'PF01392': 1, 'PF13927': 1, 'PF07679': 2, 'PF07714': 1}
O15151	2	{'PF00641': 1, 'PF13920': 1}
O15156	2	{'PF00651': 1, 'PF00096': 2}
O15160	2	{'PF01000': 1, 'PF01193': 1}
O15162	1	{'PF03803': 1}
O15164	3	{'PF00439': 1, 'PF00628': 1, 'PF00643': 1}
O15169	2	{'PF00615': 1, 'PF00778': 1}
O15173	1	{'PF00173': 1}
O15178	1	{'PF00907': 1}
O15182	1	{'PF13499': 2}
O15194	1	{'PF03031': 1}
O15195	2	{'PF00626': 6, 'PF02209': 1}
O15197	7	{'PF00041': 1, 'PF01404': 1, 'PF07647': 1, 'PF07699': 1, 'PF14575': 1, 'PF25599': 1, 'PF07714': 1}
O15198	2	{'PF03165': 1, 'PF03166': 1}
O15204	2	{'PF01421': 1, 'PF01562': 1}
O15205	1	{'PF00240': 2}
O15209	2	{'PF00651': 1, 'PF00096': 1}
O15211	3	{'PF00617': 1, 'PF00618': 1, 'PF00788': 1}
O15217	2	{'PF02798': 1, 'PF14497': 1}
O15218	1	{'PF00001': 1}
O15226	3	{'PF01424': 1, 'PF01585': 1, 'PF26535': 1}
O15228	2	{'PF01553': 1, 'PF19277': 1}
O15229	1	{'PF01494': 1}
O15230	6	{'PF00052': 1, 'PF00053': 19, 'PF00054': 1, 'PF00055': 1, 'PF02210': 4, 'PF24973': 2}
O15232	4	{'PF00092': 1, 'PF07645': 2, 'PF12662': 1, 'PF14670': 1}
O15234	1	{'PF09405': 1}
O15235	1	{'PF00164': 1}
O15239	1	{'PF15879': 1}
O15243	1	{'PF04133': 1}
O15244	1	{'PF00083': 1}
O15245	1	{'PF00083': 1}
O15247	2	{'PF13410': 1, 'PF22441': 1}
O15254	3	{'PF01756': 1, 'PF02770': 1, 'PF22924': 1}
O15255	1	{'PF15895': 1}
O15258	1	{'PF03248': 1}
O15259	1	{'PF00018': 1}
O15260	1	{'PF02077': 1}
O15263	1	{'PF00711': 1}
O15264	1	{'PF00069': 1}
O15265	1	{'PF08313': 1}
O15266	1	{'PF00046': 1}
O15269	1	{'PF00155': 1}
O15270	1	{'PF00155': 1}
O15273	1	{'PF09470': 1}
O15294	1	{'PF13844': 1}
O15296	2	{'PF00305': 1, 'PF01477': 1}
O15297	1	{'PF00481': 1}
O15303	3	{'PF00003': 1, 'PF01094': 1, 'PF07562': 1}
O15304	1	{'PF05458': 1}
O15305	1	{'PF03332': 1}
O15315	2	{'PF08423': 1, 'PF26169': 1}
O15318	1	{'PF11705': 1}
O15321	1	{'PF02990': 1}
O15335	1	{'PF01462': 1}
O15342	1	{'PF05493': 1}
O15344	6	{'PF00041': 1, 'PF00622': 1, 'PF00643': 1, 'PF13445': 1, 'PF18568': 1, 'PF22586': 1}
O15347	2	{'PF00505': 1, 'PF09011': 1}
O15350	2	{'PF00870': 1, 'PF07647': 1}
O15353	1	{'PF00250': 1}
O15354	1	{'PF00001': 1}
O15355	1	{'PF00481': 2}
O15357	4	{'PF00017': 1, 'PF00536': 1, 'PF24147': 1, 'PF24150': 1}
O15360	1	{'PF24781': 1}
O15370	1	{'PF00505': 1}
O15371	1	{'PF05091': 1}
O15372	2	{'PF01398': 1, 'PF19445': 1}
O15374	1	{'PF07690': 2}
O15375	1	{'PF07690': 2}
O15379	1	{'PF00850': 1}
O15381	3	{'PF00004': 2, 'PF16725': 1, 'PF17862': 2}
O15382	1	{'PF01063': 1}
O15389	2	{'PF07686': 1, 'PF13927': 1}
O15391	1	{'PF00096': 3}
O15392	1	{'PF00653': 1}
O15393	2	{'PF00089': 1, 'PF15494': 1}
O15394	3	{'PF00041': 2, 'PF13927': 1, 'PF07679': 4}
O15399	3	{'PF00060': 1, 'PF01094': 1, 'PF10613': 1}
O15400	2	{'PF05739': 1, 'PF14523': 1}
O15403	1	{'PF07690': 1}
O15405	1	{'PF00505': 1}
O15409	2	{'PF00250': 1, 'PF16159': 1}
O15417	3	{'PF01426': 1, 'PF21744': 1, 'PF24912': 1}
O15427	1	{'PF07690': 1}
O15428	1	{'PF00397': 1}
O15431	1	{'PF04145': 1}
O15432	1	{'PF04145': 1}
O15438	3	{'PF00664': 2, 'PF00005': 2, 'PF24357': 1}
O15439	2	{'PF00664': 2, 'PF00005': 2}
O15440	2	{'PF00664': 2, 'PF00005': 2}
O15442	1	{'PF00149': 1}
O15444	1	{'PF00048': 1}
O15446	1	{'PF08208': 1}
O15455	2	{'PF01582': 1, 'PF17968': 1}
O15457	4	{'PF00488': 1, 'PF05188': 1, 'PF05190': 1, 'PF05192': 1}
O15460	2	{'PF08336': 1, 'PF13640': 1}
O15466	1	{'PF00777': 1}
O15467	1	{'PF00048': 1}
O15479	1	{'PF01454': 1}
O15480	1	{'PF01454': 1}
O15481	1	{'PF01454': 1}
O15484	3	{'PF00168': 1, 'PF00648': 1, 'PF01067': 1}
O15488	1	{'PF01501': 1}
O15492	1	{'PF00615': 1}
O15496	1	{'PF00068': 1}
O15498	2	{'PF00957': 1, 'PF13774': 1}
O15499	1	{'PF00046': 1}
O15503	1	{'PF07281': 1}
O15511	1	{'PF04699': 1}
O15514	1	{'PF03874': 1}
O15516	3	{'PF00010': 1, 'PF00989': 1, 'PF14598': 1}
O15519	2	{'PF00656': 1, 'PF01335': 2}
O15520	1	{'PF00167': 1}
O15522	1	{'PF00046': 1}
O15523	2	{'PF00270': 1, 'PF00271': 1}
O15524	2	{'PF00017': 1, 'PF07525': 1}
O15527	2	{'PF00730': 1, 'PF07934': 1}
O15528	1	{'PF00067': 1}
O15529	1	{'PF00001': 1}
O15530	2	{'PF14593': 1, 'PF00069': 1}
O15533	1	{'PF07654': 1}
O15534	4	{'PF08447': 1, 'PF12114': 1, 'PF21353': 1, 'PF23170': 1}
O15535	2	{'PF02023': 1, 'PF00096': 5}
O15537	1	{'PF00754': 1}
O15539	1	{'PF00615': 1}
O15540	1	{'PF00061': 1}
O15541	2	{'PF00642': 1, 'PF13920': 1}
O15547	1	{'PF00864': 1}
O15550	3	{'PF02373': 1, 'PF21322': 1, 'PF21326': 1}
O15551	1	{'PF00822': 1}
O15552	1	{'PF00001': 1}
O15553	4	{'PF00622': 1, 'PF00643': 1, 'PF02758': 1, 'PF13765': 1}
O15554	3	{'PF02888': 1, 'PF03530': 1, 'PF07885': 1}
O42043	2	{'PF00517': 1, 'PF13804': 1}
O43143	5	{'PF00270': 1, 'PF00271': 1, 'PF04408': 1, 'PF07717': 1, 'PF21010': 1}
O43147	3	{'PF00566': 1, 'PF02759': 1, 'PF12068': 1}
O43148	1	{'PF03291': 1}
O43149	2	{'PF00569': 2, 'PF03256': 1}
O43150	4	{'PF00169': 1, 'PF01412': 1, 'PF14604': 1, 'PF16746': 1}
O43151	2	{'PF02008': 1, 'PF12851': 1}
O43155	1	{'PF01463': 1}
O43157	7	{'PF01437': 1, 'PF01833': 3, 'PF08337': 1, 'PF17960': 1, 'PF18020': 1, 'PF20170': 1, 'PF24479': 1}
O43159	1	{'PF05148': 1}
O43164	1	{'PF13639': 1}
O43166	4	{'PF00595': 1, 'PF02145': 1, 'PF11881': 1, 'PF21022': 1}
O43167	2	{'PF00651': 1, 'PF00096': 7}
O43169	1	{'PF00173': 1}
O43172	1	{'PF08799': 1}
O43173	1	{'PF00777': 1}
O43174	1	{'PF00067': 1}
O43175	3	{'PF00389': 1, 'PF02826': 1, 'PF19304': 1}
O43181	1	{'PF04800': 1}
O43182	1	{'PF00620': 1}
O43184	4	{'PF00200': 1, 'PF01421': 1, 'PF01562': 1, 'PF08516': 1}
O43186	2	{'PF00046': 1, 'PF03529': 1}
O43187	2	{'PF00531': 1, 'PF00069': 1}
O43189	3	{'PF00628': 1, 'PF14061': 1, 'PF18104': 1}
O43193	1	{'PF00001': 2}
O43194	1	{'PF00001': 1}
O43196	3	{'PF00488': 1, 'PF05190': 1, 'PF05192': 1}
O43236	1	{'PF00735': 1}
O43237	1	{'PF05783': 1}
O43240	1	{'PF00089': 1}
O43242	2	{'PF01399': 1, 'PF08375': 1}
O43246	2	{'PF13520': 1, 'PF13906': 1}
O43247	1	{'PF15400': 1}
O43248	2	{'PF00046': 1, 'PF12045': 1}
O43251	2	{'PF00076': 1, 'PF12414': 1}
O43252	3	{'PF01583': 1, 'PF01747': 1, 'PF14306': 1}
O43255	3	{'PF03145': 1, 'PF21361': 1, 'PF21362': 1}
O43257	1	{'PF04438': 1}
O43272	1	{'PF01619': 1}
O43278	3	{'PF00014': 2, 'PF07502': 1, 'PF22352': 1}
O43281	2	{'PF12026': 1, 'PF14604': 1}
O43283	1	{'PF07714': 1}
O43286	2	{'PF02709': 1, 'PF13733': 1}
O43290	1	{'PF03343': 1}
O43291	1	{'PF00014': 2}
O43292	1	{'PF04114': 1}
O43293	1	{'PF00069': 1}
O43294	2	{'PF00412': 4, 'PF03535': 1}
O43295	3	{'PF00018': 1, 'PF00611': 1, 'PF00620': 1}
O43296	2	{'PF01352': 1, 'PF00096': 12}
O43298	2	{'PF00651': 1, 'PF00096': 1}
O43303	1	{'PF16025': 1}
O43304	3	{'PF00650': 1, 'PF03765': 1, 'PF04707': 1}
O43306	3	{'PF00211': 2, 'PF06327': 1, 'PF16214': 1}
O43307	3	{'PF00621': 1, 'PF07653': 1, 'PF22697': 1}
O43309	2	{'PF02023': 1, 'PF00096': 12}
O43312	1	{'PF08397': 1}
O43313	3	{'PF24757': 2, 'PF24759': 1, 'PF24761': 1}
O43314	2	{'PF00328': 1, 'PF18086': 1}
O43315	1	{'PF00230': 1}
O43316	2	{'PF00046': 1, 'PF00292': 1}
O43318	1	{'PF07714': 1}
O43320	1	{'PF00167': 1}
O43323	2	{'PF01079': 1, 'PF01085': 1}
O43324	1	{'PF21972': 1}
O43325	1	{'PF05347': 1}
O43345	4	{'PF01352': 1, 'PF13912': 2, 'PF00096': 18, 'PF13465': 3}
O43347	1	{'PF00076': 2}
O43353	2	{'PF00619': 1, 'PF07714': 1}
O43361	4	{'PF01352': 1, 'PF13912': 1, 'PF00096': 11, 'PF23561': 1}
O43364	1	{'PF00046': 1}
O43365	2	{'PF00046': 1, 'PF13293': 1}
O43374	3	{'PF00168': 2, 'PF00169': 1, 'PF00616': 1}
O43390	2	{'PF00076': 3, 'PF18360': 1}
O43395	3	{'PF01480': 1, 'PF06544': 1, 'PF08572': 1}
O43396	2	{'PF00085': 1, 'PF06201': 1}
O43399	1	{'PF04201': 2}
O43402	1	{'PF03665': 1}
O43405	2	{'PF00092': 2, 'PF03815': 1}
O43414	1	{'PF00929': 1}
O43422	3	{'PF05485': 1, 'PF05699': 1, 'PF14291': 1}
O43424	3	{'PF00060': 1, 'PF01094': 1, 'PF10613': 1}
O43426	3	{'PF02383': 1, 'PF08952': 1, 'PF22669': 1}
O43427	1	{'PF05427': 1}
O43435	1	{'PF00907': 1}
O43439	3	{'PF01753': 1, 'PF07531': 1, 'PF08788': 1}
O43447	1	{'PF00160': 1}
O43448	1	{'PF00248': 1}
O43451	4	{'PF00088': 3, 'PF01055': 3, 'PF13802': 1, 'PF21365': 3}
O43462	1	{'PF02163': 1}
O43463	3	{'PF00385': 1, 'PF00856': 1, 'PF05033': 1}
O43464	2	{'PF13365': 1, 'PF17820': 1}
O43474	1	{'PF00096': 3}
O43482	1	{'PF03226': 1}
O43488	1	{'PF00248': 1}
O43490	1	{'PF05478': 1}
O43491	6	{'PF00373': 1, 'PF04382': 1, 'PF05902': 1, 'PF08736': 1, 'PF09379': 1, 'PF09380': 1}
O43493	1	{'PF17818': 1}
O43497	1	{'PF00520': 4}
O43502	1	{'PF08423': 1}
O43504	1	{'PF16672': 1}
O43505	1	{'PF13896': 1}
O43506	4	{'PF00200': 1, 'PF01421': 1, 'PF01562': 1, 'PF08516': 1}
O43508	1	{'PF00229': 1}
O43511	2	{'PF00916': 1, 'PF01740': 1}
O43513	1	{'PF05983': 1}
O43520	4	{'PF00122': 1, 'PF13246': 1, 'PF16209': 1, 'PF16212': 1}
O43521	2	{'PF06773': 1, 'PF08945': 1}
O43524	3	{'PF00250': 1, 'PF16675': 1, 'PF16676': 1}
O43525	3	{'PF00520': 1, 'PF03520': 1, 'PF11956': 1}
O43526	3	{'PF00520': 1, 'PF03520': 1, 'PF11956': 1}
O43529	1	{'PF03567': 1}
O43541	2	{'PF03165': 1, 'PF03166': 1}
O43542	2	{'PF08423': 1, 'PF26169': 1}
O43543	1	{'PF08423': 1}
O43548	3	{'PF00868': 1, 'PF00927': 2, 'PF01841': 1}
O43555	1	{'PF00446': 1}
O43556	2	{'PF05510': 1, 'PF20989': 1}
O43557	1	{'PF00229': 1}
O43559	1	{'PF02174': 1}
O43561	1	{'PF15234': 1}
O43566	2	{'PF00615': 1, 'PF02196': 1}
O43567	2	{'PF02225': 1, 'PF13639': 1}
O43570	1	{'PF00194': 1}
O43572	1	{'PF00615': 2}
O43581	1	{'PF00168': 2}
O43583	2	{'PF01253': 1, 'PF21023': 1}
O43586	2	{'PF00018': 1, 'PF00611': 1}
O43593	1	{'PF02373': 1}
O43597	1	{'PF05210': 1}
O43598	1	{'PF05014': 1}
O43602	1	{'PF03607': 2}
O43603	1	{'PF00001': 1}
O43609	1	{'PF05210': 1}
O43610	1	{'PF05210': 1}
O43612	1	{'PF02072': 1}
O43613	1	{'PF00001': 1}
O43614	2	{'PF00001': 1, 'PF03827': 1}
O43615	1	{'PF04280': 1}
O43617	1	{'PF04051': 1}
O43623	1	{'PF00096': 5}
O43633	1	{'PF03357': 1}
O43638	1	{'PF00250': 1}
O43639	3	{'PF00017': 1, 'PF00018': 2, 'PF14604': 1}
O43653	1	{'PF00021': 1}
O43657	1	{'PF00335': 1}
O43663	1	{'PF03999': 1}
O43665	1	{'PF00615': 1}
O43674	1	{'PF09781': 1}
O43676	1	{'PF08122': 1}
O43677	1	{'PF15088': 1}
O43678	1	{'PF05047': 1}
O43679	2	{'PF01803': 1, 'PF17916': 1}
O43680	1	{'PF00010': 1}
O43681	1	{'PF02374': 1}
O43683	1	{'PF00069': 1}
O43687	1	{'PF10470': 1}
O43688	1	{'PF01569': 1}
O43692	1	{'PF00188': 1}
O43699	3	{'PF00047': 1, 'PF07686': 1, 'PF07679': 1}
O43704	1	{'PF00685': 1}
O43707	3	{'PF00307': 2, 'PF00435': 4, 'PF08726': 1}
O43708	2	{'PF13409': 1, 'PF14497': 1}
O43709	2	{'PF08241': 1, 'PF12589': 1}
O43711	1	{'PF00046': 1}
O43715	1	{'PF05254': 1}
O43716	1	{'PF02686': 1}
O43719	1	{'PF00076': 2}
O43734	1	{'PF08357': 1}
O43736	1	{'PF04089': 1}
O43739	2	{'PF00169': 1, 'PF01369': 1}
O43741	2	{'PF04739': 1, 'PF16561': 1}
O43745	2	{'PF00036': 1, 'PF13202': 1}
O43747	1	{'PF02883': 1}
O43749	1	{'PF13853': 1}
O43752	2	{'PF05739': 1, 'PF09177': 1}
O43759	1	{'PF01284': 1}
O43760	1	{'PF01284': 1}
O43761	1	{'PF01284': 1}
O43763	1	{'PF00046': 1}
O43765	1	{'PF16546': 1}
O43766	2	{'PF04055': 1, 'PF16881': 1}
O43768	1	{'PF04667': 1}
O43776	3	{'PF00152': 1, 'PF01336': 1, 'PF20917': 1}
O43781	1	{'PF00069': 1}
O43790	1	{'PF16208': 1}
O43791	3	{'PF00651': 1, 'PF22486': 1, 'PF24570': 1}
O43795	2	{'PF00063': 1, 'PF06017': 1}
O43809	1	{'PF13869': 1}
O43812	1	{'PF00046': 2}
O43815	1	{'PF08232': 1}
O43819	1	{'PF02630': 1}
O43820	1	{'PF01630': 1}
O43823	1	{'PF04988': 1}
O43824	3	{'PF01926': 1, 'PF13167': 1, 'PF16360': 1}
O43825	2	{'PF01762': 1, 'PF19341': 1}
O43826	1	{'PF07690': 1}
O43827	1	{'PF00147': 1}
O43829	2	{'PF00651': 1, 'PF00096': 5}
O43837	1	{'PF00180': 1}
O43847	3	{'PF00675': 1, 'PF05193': 2, 'PF16187': 1}
O43852	1	{'PF13202': 1}
O43854	3	{'PF00008': 2, 'PF00754': 2, 'PF12661': 1}
O43861	4	{'PF00122': 1, 'PF00702': 1, 'PF16209': 1, 'PF16212': 1}
O43865	2	{'PF00670': 1, 'PF05221': 2}
O43866	1	{'PF00530': 3}
O43868	3	{'PF01773': 1, 'PF07662': 1, 'PF07670': 1}
O43869	1	{'PF13853': 1}
O43895	4	{'PF00557': 1, 'PF01321': 1, 'PF16188': 1, 'PF16189': 1}
O43896	3	{'PF00225': 1, 'PF00498': 1, 'PF16183': 1}
O43897	3	{'PF00431': 5, 'PF01400': 1, 'PF14670': 2}
O43900	2	{'PF00412': 3, 'PF06297': 1}
O43903	2	{'PF00307': 1, 'PF02187': 1}
O43909	2	{'PF03016': 1, 'PF09258': 1}
O43913	3	{'PF13191': 1, 'PF14630': 1, 'PF21639': 1}
O43915	1	{'PF00341': 1}
O43916	1	{'PF00685': 1}
O43918	3	{'PF00628': 1, 'PF01342': 1, 'PF03172': 1}
O43920	1	{'PF10200': 1}
O43921	1	{'PF00812': 1}
O43924	1	{'PF05351': 1}
O43927	1	{'PF00048': 1}
O43929	2	{'PF13191': 1, 'PF14629': 1}
O43930	1	{'PF00069': 1}
O43933	4	{'PF00004': 2, 'PF09262': 1, 'PF09263': 1, 'PF17862': 1}
O43934	1	{'PF05978': 1}
O60216	2	{'PF04824': 1, 'PF04825': 1}
O60218	1	{'PF00248': 1}
O60220	1	{'PF02953': 1}
O60229	9	{'PF00041': 1, 'PF00435': 4, 'PF00621': 2, 'PF13716': 1, 'PF07679': 1, 'PF22697': 2, 'PF23587': 1, 'PF00069': 1, 'PF23323': 1}
O60231	5	{'PF00270': 1, 'PF00271': 1, 'PF04408': 1, 'PF07717': 1, 'PF21010': 1}
O60232	1	{'PF06677': 1}
O60234	1	{'PF00241': 1}
O60235	2	{'PF00089': 1, 'PF01390': 1}
O60238	1	{'PF06553': 1}
O60239	1	{'PF05276': 1}
O60240	1	{'PF03036': 1}
O60241	4	{'PF00002': 1, 'PF00090': 4, 'PF16489': 1, 'PF19188': 1}
O60242	5	{'PF00002': 1, 'PF00090': 4, 'PF02793': 1, 'PF16489': 1, 'PF19188': 1}
O60243	1	{'PF03567': 1}
O60244	2	{'PF08638': 1, 'PF25069': 1}
O60245	3	{'PF00028': 6, 'PF08266': 1, 'PF08374': 1}
O60248	1	{'PF00505': 1}
O60256	2	{'PF13793': 1, 'PF14572': 1}
O60258	1	{'PF00167': 1}
O60259	1	{'PF00089': 1}
O60260	4	{'PF00240': 1, 'PF17976': 1, 'PF17978': 1, 'PF22605': 1}
O60262	1	{'PF00631': 1}
O60264	4	{'PF00176': 1, 'PF00271': 1, 'PF09110': 1, 'PF09111': 1}
O60266	2	{'PF00211': 2, 'PF16214': 1}
O60268	1	{'PF12335': 1}
O60269	1	{'PF15235': 1}
O60271	1	{'PF09744': 1}
O60279	1	{'PF00193': 1}
O60281	3	{'PF00096': 1, 'PF25420': 1, 'PF26218': 2}
O60282	1	{'PF00225': 1}
O60284	2	{'PF01530': 6, 'PF08474': 1}
O60285	1	{'PF00069': 1}
O60287	2	{'PF11707': 1, 'PF16201': 1}
O60290	2	{'PF01352': 2, 'PF05699': 1}
O60291	2	{'PF13920': 1, 'PF26192': 1}
O60292	4	{'PF00595': 1, 'PF02145': 1, 'PF11881': 1, 'PF21022': 1}
O60293	1	{'PF10650': 1}
O60294	1	{'PF04072': 1}
O60296	2	{'PF04849': 1, 'PF12448': 1}
O60303	1	{'PF14652': 2}
O60304	3	{'PF01352': 1, 'PF02023': 1, 'PF00096': 5}
O60306	4	{'PF13086': 1, 'PF13087': 1, 'PF21143': 1, 'PF21144': 1}
O60307	3	{'PF08926': 1, 'PF17820': 1, 'PF00069': 1}
O60308	2	{'PF21038': 1, 'PF21039': 1}
O60309	2	{'PF14914': 1, 'PF15779': 6}
O60312	3	{'PF13246': 1, 'PF16209': 1, 'PF16212': 1}
O60313	2	{'PF00350': 1, 'PF19434': 1}
O60315	2	{'PF05605': 1, 'PF00096': 4}
O60318	4	{'PF03399': 1, 'PF16766': 1, 'PF16768': 1, 'PF16769': 1}
O60320	1	{'PF04103': 1}
O60330	4	{'PF00028': 5, 'PF08266': 1, 'PF15974': 1, 'PF16492': 1}
O60331	1	{'PF01504': 1}
O60333	6	{'PF00169': 1, 'PF00225': 1, 'PF00498': 1, 'PF12423': 1, 'PF12473': 1, 'PF16183': 1}
O60337	2	{'PF12906': 1, 'PF23113': 1}
O60341	2	{'PF01593': 1, 'PF04433': 1}
O60343	3	{'PF00566': 1, 'PF00640': 2, 'PF11830': 1}
O60346	3	{'PF00169': 1, 'PF00481': 1, 'PF23010': 1}
O60347	1	{'PF00566': 1}
O60353	2	{'PF01392': 1, 'PF01534': 1}
O60356	1	{'PF10195': 1}
O60359	1	{'PF00822': 1}
O60361	1	{'PF00334': 1}
O60381	2	{'PF00505': 1, 'PF08517': 1}
O60383	1	{'PF00019': 1}
O60391	2	{'PF00060': 1, 'PF10613': 1}
O60393	1	{'PF00046': 1}
O60397	1	{'PF02238': 1}
O60403	1	{'PF13853': 1}
O60404	1	{'PF13853': 1}
O60412	1	{'PF13853': 1}
O60422	2	{'PF00046': 1, 'PF02376': 1}
O60423	3	{'PF13246': 1, 'PF16209': 1, 'PF16212': 1}
O60427	2	{'PF00173': 1, 'PF00487': 1}
O60431	1	{'PF13853': 1}
O60437	2	{'PF17902': 1, 'PF23160': 1}
O60443	2	{'PF04598': 1, 'PF17708': 1}
O60447	1	{'PF00566': 1}
O60449	3	{'PF00040': 1, 'PF00059': 10, 'PF24562': 1}
O60462	4	{'PF00431': 2, 'PF00629': 1, 'PF00754': 2, 'PF11980': 1}
O60469	4	{'PF00041': 5, 'PF13927': 3, 'PF07679': 5, 'PF25059': 1}
O60477	3	{'PF01823': 1, 'PF19052': 1, 'PF25415': 1}
O60479	2	{'PF00046': 1, 'PF12413': 1}
O60481	3	{'PF00096': 3, 'PF18366': 1, 'PF23561': 1}
O60486	4	{'PF01437': 1, 'PF01833': 2, 'PF08337': 1, 'PF20170': 1}
O60487	1	{'PF07686': 1}
O60488	1	{'PF00501': 1}
O60493	1	{'PF00787': 1}
O60494	4	{'PF00008': 3, 'PF00431': 27, 'PF07645': 3, 'PF12947': 1}
O60496	1	{'PF02174': 1}
O60499	2	{'PF05739': 1, 'PF09177': 1}
O60500	5	{'PF00041': 1, 'PF07686': 1, 'PF08205': 5, 'PF13927': 1, 'PF07679': 2}
O60502	1	{'PF07555': 1}
O60503	1	{'PF00211': 2}
O60504	3	{'PF00018': 1, 'PF02208': 1, 'PF14604': 2}
O60506	2	{'PF00076': 3, 'PF18360': 1}
O60507	1	{'PF13469': 1}
O60512	2	{'PF02709': 1, 'PF13733': 1}
O60513	2	{'PF02709': 1, 'PF13733': 1}
O60516	1	{'PF05456': 1}
O60522	1	{'PF00567': 7}
O60524	3	{'PF05670': 1, 'PF05833': 1, 'PF11923': 1}
O60542	1	{'PF00019': 1}
O60543	1	{'PF02017': 1}
O60547	1	{'PF16363': 1}
O60548	1	{'PF00250': 1}
O60551	2	{'PF01233': 1, 'PF02799': 1}
O60563	2	{'PF00134': 1, 'PF21797': 1}
O60565	1	{'PF03045': 1}
O60568	3	{'PF03171': 1, 'PF25238': 1, 'PF25342': 1}
O60573	1	{'PF01652': 1}
O60575	1	{'PF00050': 1}
O60583	2	{'PF00134': 1, 'PF21797': 1}
O60602	1	{'PF01582': 1}
O60603	2	{'PF01463': 1, 'PF01582': 1}
O60609	1	{'PF02351': 3}
O60610	1	{'PF02181': 1}
O60613	1	{'PF08806': 1}
O60635	1	{'PF00335': 1}
O60636	1	{'PF00335': 1}
O60637	1	{'PF00335': 1}
O60656	1	{'PF00201': 1}
O60658	4	{'PF00233': 1, 'PF00989': 1, 'PF08629': 1, 'PF23198': 1}
O60662	2	{'PF00651': 1, 'PF07707': 1}
O60663	2	{'PF00046': 1, 'PF00412': 2}
O60664	1	{'PF03036': 1}
O60667	1	{'PF07686': 1}
O60669	1	{'PF07690': 1}
O60671	1	{'PF02144': 1}
O60673	6	{'PF00136': 1, 'PF03104': 1, 'PF14260': 1, 'PF15735': 1, 'PF24055': 1, 'PF24065': 1}
O60674	5	{'PF17887': 1, 'PF18377': 1, 'PF18379': 1, 'PF21990': 1, 'PF07714': 2}
O60676	1	{'PF00031': 1}
O60678	4	{'PF06325': 1, 'PF21137': 1, 'PF21336': 1, 'PF22528': 1}
O60682	1	{'PF00010': 1}
O60683	2	{'PF04757': 1, 'PF13639': 1}
O60687	3	{'PF00084': 3, 'PF02494': 1, 'PF13778': 1}
O60688	1	{'PF03226': 1}
O60701	3	{'PF00984': 1, 'PF03720': 1, 'PF03721': 1}
O60704	1	{'PF13469': 1}
O60706	2	{'PF00664': 2, 'PF00005': 2}
O60711	1	{'PF00412': 4}
O60721	1	{'PF01699': 2}
O60725	1	{'PF04140': 1}
O60729	2	{'PF14671': 1, 'PF22785': 1}
O60732	1	{'PF01454': 1}
O60733	1	{'PF01734': 1}
O60739	1	{'PF01253': 1}
O60741	3	{'PF00027': 1, 'PF00520': 1, 'PF08412': 1}
O60749	3	{'PF00787': 1, 'PF03700': 1, 'PF09325': 1}
O60755	1	{'PF00001': 1}
O60759	1	{'PF00595': 1}
O60760	2	{'PF02798': 1, 'PF14497': 1}
O60762	1	{'PF00535': 1}
O60763	1	{'PF04871': 1}
O60765	2	{'PF01352': 1, 'PF00096': 13}
O60774	1	{'PF00743': 1}
O60779	1	{'PF01770': 1}
O60783	1	{'PF00253': 1}
O60784	1	{'PF03127': 1}
O60806	1	{'PF00907': 1}
O60812	1	{'PF00076': 1}
O60814	1	{'PF00125': 1}
O60825	2	{'PF00300': 1, 'PF01591': 1}
O60826	1	{'PF21674': 1}
O60829	1	{'PF05831': 1}
O60830	1	{'PF02466': 1}
O60831	1	{'PF03208': 1}
O60832	4	{'PF01472': 1, 'PF01509': 1, 'PF08068': 1, 'PF16198': 1}
O60840	4	{'PF00520': 4, 'PF08763': 1, 'PF16885': 1, 'PF16905': 1}
O60841	3	{'PF00009': 1, 'PF11987': 1, 'PF14578': 1}
O60858	2	{'PF00643': 1, 'PF13445': 1}
O60861	3	{'PF00397': 1, 'PF00611': 1, 'PF14604': 1}
O60869	2	{'PF01381': 1, 'PF08523': 1}
O60870	3	{'PF10357': 1, 'PF18131': 1, 'PF25095': 1}
O60879	1	{'PF02181': 1}
O60880	1	{'PF00017': 1}
O60882	2	{'PF00413': 1, 'PF01471': 1}
O60883	1	{'PF00001': 1}
O60884	3	{'PF00226': 1, 'PF00684': 1, 'PF01556': 1}
O60885	3	{'PF00439': 2, 'PF17035': 1, 'PF17105': 1}
O60888	1	{'PF03091': 1}
O60890	3	{'PF00169': 1, 'PF00620': 1, 'PF16746': 1}
O60894	1	{'PF04901': 1}
O60895	1	{'PF04901': 1}
O60896	1	{'PF04901': 1}
O60902	1	{'PF00046': 1}
O60906	1	{'PF03372': 1}
O60907	1	{'PF08513': 1}
O60909	2	{'PF02709': 1, 'PF13733': 1}
O60911	2	{'PF00112': 1, 'PF08246': 1}
O60921	1	{'PF04005': 1}
O60927	1	{'PF07491': 1}
O60928	2	{'PF01007': 1, 'PF17655': 1}
O60930	2	{'PF00075': 1, 'PF01693': 1}
O60934	4	{'PF00498': 1, 'PF00533': 1, 'PF08599': 1, 'PF16508': 1}
O60936	1	{'PF00619': 1}
O60938	1	{'PF01462': 1}
O60939	1	{'PF07686': 1}
O60941	3	{'PF00569': 1, 'PF09068': 1, 'PF09069': 1}
O60942	3	{'PF00782': 1, 'PF01331': 1, 'PF03919': 1}
O71037	3	{'PF00517': 1, 'PF13804': 1, 'PF15695': 1}
O75015	1	{'PF13895': 2}
O75019	2	{'PF13895': 1, 'PF13927': 1}
O75022	2	{'PF00047': 2, 'PF13895': 1}
O75023	2	{'PF00047': 2, 'PF13895': 1}
O75027	2	{'PF00664': 1, 'PF00005': 1}
O75030	3	{'PF00010': 1, 'PF11851': 1, 'PF15951': 1}
O75037	4	{'PF00225': 1, 'PF23203': 1, 'PF23204': 1, 'PF25764': 1}
O75038	5	{'PF00168': 1, 'PF00387': 1, 'PF00388': 1, 'PF09279': 1, 'PF16457': 1}
O75044	3	{'PF00018': 1, 'PF00611': 1, 'PF00620': 1}
O75051	6	{'PF01437': 3, 'PF01833': 4, 'PF08337': 1, 'PF17960': 1, 'PF18020': 1, 'PF20170': 1}
O75052	1	{'PF00640': 1}
O75054	1	{'PF07686': 4}
O75056	1	{'PF01034': 1}
O75061	1	{'PF10409': 1}
O75063	1	{'PF06702': 1}
O75064	3	{'PF02141': 1, 'PF03455': 1, 'PF03456': 1}
O75072	2	{'PF04991': 1, 'PF19737': 1}
O75074	1	{'PF00431': 2}
O75077	5	{'PF00200': 1, 'PF01421': 1, 'PF01562': 1, 'PF07974': 1, 'PF08516': 1}
O75078	5	{'PF00200': 1, 'PF01421': 1, 'PF01562': 1, 'PF08516': 1, 'PF23106': 1}
O75081	3	{'PF01753': 1, 'PF07531': 1, 'PF08788': 1}
O75084	2	{'PF01392': 1, 'PF01534': 1}
O75093	5	{'PF00008': 5, 'PF01462': 3, 'PF01463': 4, 'PF02210': 1, 'PF12661': 1}
O75094	5	{'PF00008': 5, 'PF01462': 3, 'PF01463': 4, 'PF02210': 1, 'PF12661': 1}
O75095	4	{'PF00053': 6, 'PF07645': 3, 'PF12662': 1, 'PF14670': 2}
O75096	2	{'PF12662': 1, 'PF14670': 2}
O75106	3	{'PF01179': 1, 'PF02727': 1, 'PF02728': 1}
O75110	4	{'PF00122': 1, 'PF00702': 1, 'PF16209': 1, 'PF16212': 1}
O75112	3	{'PF00412': 3, 'PF00595': 1, 'PF15936': 1}
O75113	5	{'PF11977': 1, 'PF23050': 1, 'PF23052': 1, 'PF23053': 1, 'PF23054': 1}
O75116	2	{'PF25346': 1, 'PF00069': 1}
O75121	1	{'PF07679': 1}
O75123	1	{'PF00096': 13}
O75128	1	{'PF09469': 1}
O75129	5	{'PF01823': 1, 'PF18411': 1, 'PF18577': 1, 'PF19441': 1, 'PF19743': 1}
O75131	2	{'PF00168': 2, 'PF07002': 1}
O75132	2	{'PF02892': 4, 'PF05699': 1}
O75140	4	{'PF00610': 1, 'PF12257': 1, 'PF19418': 1, 'PF23013': 1}
O75143	1	{'PF10033': 1}
O75144	2	{'PF07686': 1, 'PF22705': 1}
O75145	2	{'PF00536': 2, 'PF07647': 1}
O75146	1	{'PF01608': 1}
O75147	2	{'PF13927': 2, 'PF07679': 13}
O75150	2	{'PF00097': 1, 'PF26052': 1}
O75151	3	{'PF00628': 1, 'PF02373': 1, 'PF17811': 1}
O75152	1	{'PF15663': 1}
O75153	3	{'PF12807': 1, 'PF13236': 1, 'PF15044': 1}
O75154	2	{'PF13499': 1, 'PF25450': 1}
O75159	3	{'PF00017': 1, 'PF07525': 1, 'PF12610': 1}
O75161	6	{'PF26015': 1, 'PF26173': 1, 'PF26186': 1, 'PF26187': 1, 'PF26189': 1, 'PF26190': 1}
O75164	5	{'PF02373': 1, 'PF02375': 1, 'PF13831': 1, 'PF13832': 1, 'PF18104': 2}
O75165	3	{'PF00226': 1, 'PF14237': 1, 'PF19432': 1}
O75170	1	{'PF04499': 1}
O75173	5	{'PF00090': 1, 'PF01421': 1, 'PF05986': 1, 'PF17771': 1, 'PF19236': 1}
O75175	2	{'PF04065': 1, 'PF04153': 1}
O75177	1	{'PF05030': 1}
O75179	1	{'PF00013': 1}
O75182	2	{'PF08295': 2, 'PF16879': 1}
O75185	4	{'PF00122': 1, 'PF00689': 1, 'PF00690': 1, 'PF13246': 1}
O75190	1	{'PF00226': 1}
O75191	2	{'PF00370': 1, 'PF02782': 1}
O75192	1	{'PF05648': 1}
O75197	1	{'PF14670': 3}
O75200	1	{'PF06409': 1}
O75204	1	{'PF20517': 1}
O75208	2	{'PF08511': 1, 'PF21392': 1}
O75223	1	{'PF13772': 1}
O75251	1	{'PF01058': 1}
O75264	1	{'PF15807': 1}
O75290	2	{'PF01352': 1, 'PF00096': 15}
O75293	1	{'PF01248': 1}
O75298	1	{'PF02453': 1}
O75306	1	{'PF00346': 1}
O75309	1	{'PF00028': 4}
O75310	1	{'PF00201': 1}
O75311	2	{'PF02931': 1, 'PF02932': 1}
O75312	2	{'PF03367': 2, 'PF22794': 2}
O75317	1	{'PF00443': 1}
O75319	1	{'PF00782': 1}
O75323	1	{'PF07978': 1}
O75324	2	{'PF09049': 1, 'PF09051': 1}
O75325	1	{'PF07679': 1}
O75326	2	{'PF01437': 1, 'PF13895': 1}
O75333	1	{'PF00907': 1}
O75334	2	{'PF00536': 2, 'PF07647': 1}
O75335	2	{'PF00536': 2, 'PF07647': 1}
O75339	7	{'PF00090': 1, 'PF13330': 1, 'PF13927': 1, 'PF23591': 1, 'PF23599': 1, 'PF23708': 1, 'PF23730': 1}
O75340	1	{'PF13499': 2}
O75342	2	{'PF00305': 1, 'PF01477': 1}
O75343	3	{'PF00211': 1, 'PF07700': 1, 'PF07701': 1}
O75344	1	{'PF00254': 1}
O75346	3	{'PF01352': 1, 'PF00096': 9, 'PF13465': 1}
O75347	1	{'PF02970': 1}
O75351	4	{'PF00004': 1, 'PF04212': 1, 'PF09336': 1, 'PF17862': 1}
O75354	1	{'PF01150': 1}
O75355	1	{'PF01150': 1}
O75356	1	{'PF01150': 1}
O75360	1	{'PF00046': 1}
O75362	1	{'PF00096': 4}
O75364	1	{'PF00046': 1}
O75365	1	{'PF22785': 1}
O75366	2	{'PF00626': 6, 'PF02209': 1}
O75367	3	{'PF00125': 1, 'PF01661': 1, 'PF16211': 1}
O75368	1	{'PF04908': 1}
O75369	2	{'PF00307': 2, 'PF00630': 24}
O75373	2	{'PF01352': 1, 'PF00096': 12}
O75376	2	{'PF00249': 1, 'PF15784': 1}
O75379	1	{'PF00957': 1}
O75380	1	{'PF10276': 1}
O75381	1	{'PF04695': 1}
O75382	3	{'PF00097': 1, 'PF00630': 1, 'PF00643': 1}
O75385	3	{'PF12063': 1, 'PF21127': 1, 'PF00069': 1}
O75386	2	{'PF01167': 1, 'PF16322': 1}
O75387	1	{'PF07690': 1}
O75388	1	{'PF00001': 1}
O75390	1	{'PF00285': 1}
O75391	1	{'PF01424': 1}
O75394	1	{'PF00471': 1}
O75396	2	{'PF00957': 1, 'PF13774': 1}
O75398	2	{'PF01342': 1, 'PF01753': 1}
O75400	3	{'PF00397': 2, 'PF01846': 4, 'PF25432': 1}
O75414	1	{'PF00334': 1}
O75417	6	{'PF00270': 1, 'PF00271': 1, 'PF00476': 1, 'PF20470': 1, 'PF21099': 1, 'PF25453': 1}
O75419	1	{'PF02724': 2}
O75420	1	{'PF02213': 1}
O75425	1	{'PF00635': 1}
O75426	1	{'PF00646': 1}
O75427	1	{'PF00307': 1}
O75431	2	{'PF10568': 1, 'PF17171': 1}
O75436	1	{'PF03643': 1}
O75437	3	{'PF01352': 1, 'PF00096': 12, 'PF13465': 1}
O75438	1	{'PF08040': 1}
O75439	2	{'PF00675': 1, 'PF05193': 1}
O75443	6	{'PF00094': 4, 'PF00100': 1, 'PF01826': 3, 'PF06119': 1, 'PF08742': 4, 'PF12714': 2}
O75444	1	{'PF08383': 1}
O75445	5	{'PF00041': 18, 'PF00053': 10, 'PF00055': 1, 'PF02210': 2, 'PF13385': 1}
O75446	2	{'PF13866': 1, 'PF13867': 1}
O75448	1	{'PF11277': 1}
O75449	4	{'PF00004': 1, 'PF09336': 1, 'PF17862': 1, 'PF21126': 1}
O75452	1	{'PF00106': 1}
O75459	1	{'PF05831': 2}
O75460	2	{'PF06479': 1, 'PF00069': 1}
O75461	2	{'PF02319': 1, 'PF16421': 1}
O75462	2	{'PF00041': 1, 'PF09067': 1}
O75467	2	{'PF01352': 1, 'PF00096': 9}
O75469	2	{'PF00104': 1, 'PF00105': 1}
O75473	2	{'PF00001': 1, 'PF01462': 1}
O75474	1	{'PF05350': 2}
O75475	2	{'PF00855': 1, 'PF11467': 1}
O75477	1	{'PF01145': 1}
O75478	4	{'PF00249': 1, 'PF04433': 1, 'PF22941': 1, 'PF25299': 1}
O75486	1	{'PF02269': 1}
O75487	1	{'PF01153': 1}
O75489	1	{'PF00329': 1}
O75493	1	{'PF00194': 1}
O75494	1	{'PF00076': 1}
O75496	1	{'PF07412': 1}
O75503	1	{'PF15014': 1}
O75508	1	{'PF00822': 1}
O75509	2	{'PF00020': 2, 'PF00531': 1}
O75521	2	{'PF00378': 1, 'PF00887': 1}
O75525	3	{'PF16274': 1, 'PF16568': 1, 'PF22675': 1}
O75526	2	{'PF00076': 1, 'PF08081': 1}
O75528	1	{'PF10198': 1}
O75529	1	{'PF04494': 1}
O75531	1	{'PF02961': 1}
O75533	1	{'PF08920': 1}
O75534	3	{'PF00313': 5, 'PF12901': 1, 'PF23456': 4}
O75553	1	{'PF00640': 1}
O75554	2	{'PF00397': 2, 'PF06220': 1}
O75556	1	{'PF01099': 1}
O75558	1	{'PF00804': 1}
O75563	2	{'PF00018': 1, 'PF00169': 1}
O75564	3	{'PF03184': 1, 'PF03221': 1, 'PF04218': 1}
O75569	1	{'PF00035': 2}
O75570	2	{'PF00472': 1, 'PF03462': 1}
O75575	1	{'PF03874': 1}
O75578	3	{'PF00092': 1, 'PF08441': 1, 'PF20805': 1}
O75581	1	{'PF14670': 4}
O75582	2	{'PF00433': 1, 'PF00069': 2}
O75586	1	{'PF04934': 1}
O75592	2	{'PF03256': 1, 'PF08005': 2}
O75593	1	{'PF00250': 1}
O75594	1	{'PF01510': 1}
O75596	1	{'PF00059': 1}
O75600	1	{'PF00155': 1}
O75603	1	{'PF03615': 1}
O75604	1	{'PF00443': 1}
O75607	1	{'PF03066': 1}
O75608	1	{'PF02230': 1}
O75610	2	{'PF00019': 1, 'PF00688': 1}
O75616	1	{'PF01926': 1}
O75618	2	{'PF01335': 1, 'PF20694': 1}
O75626	3	{'PF13912': 1, 'PF00096': 3, 'PF21549': 1}
O75628	1	{'PF00071': 1}
O75629	1	{'PF13883': 1}
O75635	1	{'PF00079': 1}
O75636	1	{'PF00147': 1}
O75638	1	{'PF09341': 1}
O75643	6	{'PF00270': 2, 'PF00271': 1, 'PF02889': 2, 'PF18149': 1, 'PF21188': 1, 'PF23445': 2}
O75648	3	{'PF03054': 1, 'PF20258': 1, 'PF20259': 1}
O75663	1	{'PF04176': 1}
O75665	1	{'PF16045': 1}
O75674	1	{'PF03127': 1}
O75676	2	{'PF00433': 1, 'PF00069': 2}
O75677	4	{'PF00622': 1, 'PF11002': 1, 'PF13765': 1, 'PF15227': 1}
O75678	4	{'PF00622': 1, 'PF11002': 1, 'PF13765': 1, 'PF15227': 1}
O75679	4	{'PF00622': 1, 'PF11002': 1, 'PF13765': 1, 'PF15227': 1}
O75683	1	{'PF04935': 1}
O75688	2	{'PF00481': 1, 'PF07830': 1}
O75689	2	{'PF00169': 2, 'PF01412': 1}
O75695	1	{'PF07986': 1}
O75711	1	{'PF15224': 1}
O75712	1	{'PF00029': 1}
O75715	1	{'PF00255': 1}
O75716	1	{'PF00069': 1}
O75717	2	{'PF20946': 1, 'PF24815': 1}
O75747	5	{'PF00168': 1, 'PF00454': 1, 'PF00787': 1, 'PF00792': 1, 'PF00794': 1}
O75751	1	{'PF07690': 1}
O75752	1	{'PF01762': 1}
O75762	1	{'PF00520': 1}
O75764	3	{'PF01096': 1, 'PF07500': 1, 'PF08711': 1}
O75771	2	{'PF08423': 1, 'PF21794': 1}
O75781	1	{'PF03285': 1}
O75783	1	{'PF01694': 1}
O75787	2	{'PF07850': 1, 'PF25294': 1}
O75791	2	{'PF00017': 1, 'PF00018': 2}
O75792	1	{'PF01351': 1}
O75794	1	{'PF07065': 1}
O75795	1	{'PF00201': 1}
O75800	1	{'PF01753': 1}
O75807	1	{'PF10488': 1}
O75808	2	{'PF00641': 4, 'PF00648': 1}
O75815	2	{'PF00017': 1, 'PF00617': 1}
O75817	1	{'PF12328': 1}
O75818	1	{'PF08584': 1}
O75820	2	{'PF01352': 1, 'PF00096': 15}
O75821	2	{'PF00076': 1, 'PF12353': 1}
O75822	1	{'PF08597': 1}
O75828	1	{'PF00106': 2}
O75829	1	{'PF04089': 1}
O75830	1	{'PF00079': 1}
O75840	1	{'PF00096': 3}
O75841	1	{'PF00335': 1}
O75843	1	{'PF02883': 1}
O75844	2	{'PF01435': 1, 'PF16491': 1}
O75845	1	{'PF04116': 1}
O75865	1	{'PF04051': 1}
O75871	1	{'PF07686': 1}
O75874	1	{'PF00180': 1}
O75879	2	{'PF02637': 1, 'PF02934': 1}
O75880	1	{'PF02630': 1}
O75881	1	{'PF00067': 1}
O75882	5	{'PF00431': 1, 'PF01437': 2, 'PF23106': 1, 'PF24972': 1, 'PF24973': 1}
O75884	1	{'PF06821': 1}
O75886	1	{'PF00018': 1}
O75888	1	{'PF00229': 1}
O75891	4	{'PF00171': 1, 'PF00550': 1, 'PF00551': 1, 'PF02911': 1}
O75896	1	{'PF15000': 1}
O75897	1	{'PF00685': 1}
O75899	2	{'PF00003': 1, 'PF01094': 1}
O75900	2	{'PF00413': 1, 'PF01549': 1}
O75907	1	{'PF03062': 1}
O75908	1	{'PF03062': 1}
O75909	2	{'PF00134': 1, 'PF21797': 1}
O75911	1	{'PF00106': 1}
O75912	4	{'PF00130': 1, 'PF00609': 1, 'PF00781': 1, 'PF23578': 1}
O75914	2	{'PF00786': 1, 'PF00069': 1}
O75915	1	{'PF03208': 1}
O75916	4	{'PF00610': 1, 'PF00615': 1, 'PF00631': 1, 'PF18148': 1}
O75923	6	{'PF00168': 7, 'PF08150': 1, 'PF08151': 1, 'PF08165': 1, 'PF16165': 1, 'PF22901': 1}
O75925	2	{'PF02891': 1, 'PF14324': 1}
O75928	3	{'PF02037': 1, 'PF02891': 1, 'PF14324': 1}
O75934	1	{'PF05700': 1}
O75935	1	{'PF07426': 1}
O75936	2	{'PF02668': 1, 'PF06155': 1}
O75937	1	{'PF00226': 1}
O75940	1	{'PF06003': 1}
O75943	1	{'PF03215': 1}
O75947	1	{'PF05873': 1}
O75951	1	{'PF00062': 1}
O75952	1	{'PF02197': 1}
O75953	2	{'PF00226': 1, 'PF01556': 1}
O75954	1	{'PF00335': 1}
O75955	1	{'PF01145': 1}
O75956	1	{'PF09806': 1}
O75962	9	{'PF00018': 1, 'PF00169': 2, 'PF00435': 4, 'PF00621': 2, 'PF13716': 1, 'PF07679': 1, 'PF23587': 1, 'PF00069': 1, 'PF23323': 1}
O75964	1	{'PF04718': 1}
O75969	1	{'PF05716': 1}
O75970	2	{'PF00595': 13, 'PF09045': 1}
O75971	1	{'PF15497': 1}
O75973	1	{'PF00386': 1}
O75976	2	{'PF00246': 3, 'PF13620': 3}
O75995	3	{'PF00536': 1, 'PF07653': 1, 'PF12485': 1}
O76000	1	{'PF13853': 1}
O76001	1	{'PF13853': 1}
O76002	1	{'PF13853': 1}
O76003	2	{'PF00085': 1, 'PF00462': 2}
O76021	1	{'PF00687': 1}
O76024	3	{'PF19913': 1, 'PF19914': 1, 'PF20053': 1}
O76027	1	{'PF00191': 4}
O76031	3	{'PF07724': 1, 'PF10431': 1, 'PF26040': 1}
O76038	2	{'PF00036': 1, 'PF13202': 1}
O76039	1	{'PF00069': 1}
O76041	1	{'PF14604': 1}
O76050	2	{'PF07177': 2, 'PF13920': 1}
O76054	2	{'PF00650': 1, 'PF03765': 1}
O76061	1	{'PF03298': 1}
O76062	1	{'PF01222': 1}
O76064	2	{'PF00498': 1, 'PF13920': 1}
O76070	1	{'PF01387': 1}
O76074	2	{'PF00233': 1, 'PF01590': 2}
O76075	2	{'PF02017': 1, 'PF09230': 1}
O76076	3	{'PF00093': 1, 'PF00219': 1, 'PF19035': 1}
O76080	2	{'PF01428': 1, 'PF01754': 1}
O76081	1	{'PF00615': 1}
O76082	1	{'PF00083': 1}
O76083	1	{'PF00233': 1}
O76087	1	{'PF05831': 1}
O76090	1	{'PF01062': 1}
O76093	1	{'PF00167': 1}
O76094	1	{'PF08492': 1}
O76095	1	{'PF05439': 1}
O76096	1	{'PF00031': 1}
O76099	1	{'PF13853': 1}
O76100	1	{'PF13853': 1}
O77932	1	{'PF08652': 1}
O94759	4	{'PF00520': 1, 'PF18139': 1, 'PF25508': 1, 'PF25969': 1}
O94760	1	{'PF19420': 1}
O94761	3	{'PF00270': 1, 'PF00271': 1, 'PF11719': 1}
O94762	5	{'PF00270': 1, 'PF00271': 1, 'PF06959': 1, 'PF16124': 1, 'PF08236': 1}
O94766	1	{'PF03360': 1}
O94768	1	{'PF00069': 1}
O94769	1	{'PF00093': 1}
O94772	1	{'PF00021': 1}
O94776	5	{'PF00249': 1, 'PF00320': 1, 'PF01426': 1, 'PF01448': 1, 'PF17226': 1}
O94777	1	{'PF07297': 1}
O94778	1	{'PF00230': 1}
O94779	3	{'PF00041': 3, 'PF13927': 2, 'PF07679': 4}
O94782	1	{'PF00443': 1}
O94788	1	{'PF00171': 1}
O94804	2	{'PF12474': 2, 'PF00069': 1}
O94805	1	{'PF00022': 1}
O94806	4	{'PF00130': 2, 'PF00169': 1, 'PF25525': 1, 'PF00069': 1}
O94808	2	{'PF01380': 2, 'PF13522': 1}
O94810	4	{'PF00610': 1, 'PF00615': 1, 'PF00631': 1, 'PF18148': 1}
O94811	1	{'PF05517': 1}
O94812	1	{'PF00168': 3}
O94813	5	{'PF00008': 5, 'PF01462': 3, 'PF01463': 4, 'PF02210': 1, 'PF12661': 2}
O94817	1	{'PF04110': 1}
O94818	1	{'PF23079': 1}
O94819	1	{'PF00651': 1}
O94822	1	{'PF23009': 1}
O94823	3	{'PF13246': 1, 'PF16209': 1, 'PF16212': 1}
O94827	1	{'PF00621': 1}
O94830	4	{'PF00536': 1, 'PF02825': 1, 'PF02862': 1, 'PF23464': 1}
O94832	2	{'PF00063': 1, 'PF06017': 1}
O94842	1	{'PF00505': 1}
O94844	2	{'PF00071': 1, 'PF00651': 2}
O94850	1	{'PF15498': 1}
O94851	5	{'PF00307': 1, 'PF00412': 1, 'PF01494': 1, 'PF12130': 1, 'PF25413': 1}
O94854	3	{'PF00435': 11, 'PF02187': 1, 'PF13499': 1}
O94855	5	{'PF00626': 1, 'PF04810': 1, 'PF04811': 1, 'PF04815': 1, 'PF08033': 1}
O94856	5	{'PF00041': 4, 'PF00047': 1, 'PF13882': 1, 'PF13927': 2, 'PF07679': 3}
O94864	1	{'PF07524': 1}
O94868	3	{'PF00018': 1, 'PF00611': 1, 'PF14604': 1}
O94874	4	{'PF09743': 1, 'PF23659': 1, 'PF25041': 1, 'PF25870': 1}
O94875	3	{'PF00018': 2, 'PF02208': 1, 'PF14604': 1}
O94880	3	{'PF00628': 2, 'PF13831': 1, 'PF13832': 1}
O94885	5	{'PF00536': 1, 'PF07647': 1, 'PF07653': 1, 'PF12485': 1, 'PF26285': 2}
O94886	3	{'PF02714': 1, 'PF13967': 1, 'PF14703': 1}
O94887	6	{'PF00169': 2, 'PF00373': 1, 'PF00621': 1, 'PF08736': 1, 'PF09379': 1, 'PF09380': 1}
O94888	3	{'PF00789': 1, 'PF13899': 1, 'PF22566': 1}
O94889	2	{'PF00651': 1, 'PF07707': 1}
O94892	2	{'PF01352': 1, 'PF00096': 15}
O94898	3	{'PF01463': 1, 'PF13927': 1, 'PF07679': 2}
O94900	1	{'PF00505': 1}
O94901	3	{'PF07738': 1, 'PF09387': 1, 'PF18580': 1}
O94903	1	{'PF01168': 1}
O94905	1	{'PF01145': 1}
O94906	1	{'PF06424': 1}
O94907	3	{'PF04706': 1, 'PF21479': 1, 'PF21481': 1}
O94910	5	{'PF00002': 1, 'PF02140': 1, 'PF02354': 1, 'PF02793': 1, 'PF16489': 1}
O94911	3	{'PF12698': 2, 'PF00005': 2, 'PF23321': 1}
O94913	4	{'PF11526': 1, 'PF20827': 1, 'PF20845': 1, 'PF21936': 1}
O94915	4	{'PF14222': 1, 'PF14225': 1, 'PF14228': 4, 'PF19421': 1}
O94916	2	{'PF00554': 1, 'PF16179': 1}
O94919	1	{'PF01223': 1}
O94921	1	{'PF00069': 1}
O94923	1	{'PF21174': 1}
O94925	2	{'PF04960': 1, 'PF17959': 1}
O94927	1	{'PF14817': 1}
O94929	3	{'PF00412': 4, 'PF02209': 1, 'PF16182': 1}
O94941	3	{'PF04564': 1, 'PF14634': 1, 'PF19318': 1}
O94952	2	{'PF08755': 1, 'PF13369': 1}
O94953	5	{'PF02373': 1, 'PF02375': 1, 'PF13831': 1, 'PF13832': 1, 'PF18104': 2}
O94955	2	{'PF00071': 1, 'PF00651': 1}
O94956	1	{'PF03137': 1}
O94966	3	{'PF00443': 1, 'PF01753': 1, 'PF04969': 2}
O94967	2	{'PF17814': 1, 'PF25602': 1}
O94972	2	{'PF00643': 1, 'PF22486': 1}
O94973	2	{'PF02296': 1, 'PF02883': 1}
O94983	2	{'PF01833': 1, 'PF03859': 1}
O94985	3	{'PF00028': 1, 'PF13385': 1, 'PF19699': 1}
O94988	2	{'PF00620': 1, 'PF26116': 1}
O94989	1	{'PF00621': 1}
O94992	1	{'PF15313': 1}
O94993	1	{'PF00505': 1}
O95006	1	{'PF13853': 1}
O95007	1	{'PF13853': 1}
O95013	1	{'PF13853': 1}
O95025	1	{'PF18452': 1}
O95045	1	{'PF01048': 1}
O95047	1	{'PF13853': 1}
O95049	3	{'PF00595': 3, 'PF00625': 1, 'PF07653': 1}
O95050	1	{'PF01234': 1}
O95057	1	{'PF00071': 1}
O95059	1	{'PF01900': 1}
O95067	2	{'PF00134': 1, 'PF02984': 1}
O95069	1	{'PF07885': 2}
O95070	1	{'PF03878': 1}
O95071	3	{'PF00632': 1, 'PF00658': 1, 'PF11547': 1}
O95072	2	{'PF04824': 1, 'PF04825': 1}
O95073	1	{'PF13873': 1}
O95076	1	{'PF00046': 1}
O95081	1	{'PF01412': 1}
O95084	1	{'PF00089': 1}
O95096	1	{'PF00046': 1}
O95104	1	{'PF00076': 1}
O95125	3	{'PF01352': 1, 'PF02023': 1, 'PF00096': 7}
O95136	1	{'PF00001': 1}
O95139	1	{'PF09782': 1}
O95140	2	{'PF00350': 1, 'PF04799': 1}
O95147	1	{'PF00782': 1}
O95149	2	{'PF11538': 1, 'PF21974': 1}
O95150	1	{'PF00229': 1}
O95153	4	{'PF07653': 2, 'PF14604': 1, 'PF25523': 1, 'PF25566': 1}
O95154	1	{'PF00248': 1}
O95155	2	{'PF04564': 1, 'PF10408': 1}
O95156	1	{'PF06312': 1}
O95157	1	{'PF06312': 1}
O95158	1	{'PF06312': 2}
O95159	2	{'PF25993': 1, 'PF25998': 1}
O95163	1	{'PF23936': 1}
O95164	1	{'PF13881': 1}
O95166	1	{'PF02991': 1}
O95167	1	{'PF14987': 1}
O95168	1	{'PF07225': 1}
O95169	1	{'PF05821': 1}
O95178	1	{'PF14813': 1}
O95180	1	{'PF00520': 4}
O95182	1	{'PF07347': 1}
O95183	1	{'PF00957': 1}
O95185	6	{'PF00090': 2, 'PF00531': 1, 'PF00791': 1, 'PF07679': 1, 'PF17217': 1, 'PF25609': 1}
O95190	1	{'PF02100': 1}
O95196	2	{'PF06566': 1, 'PF06567': 1}
O95197	1	{'PF02453': 1}
O95198	2	{'PF00651': 1, 'PF07707': 1}
O95199	1	{'PF00651': 1}
O95201	2	{'PF01352': 1, 'PF00096': 8}
O95202	2	{'PF07766': 1, 'PF26561': 1}
O95206	2	{'PF00028': 5, 'PF08266': 1}
O95210	1	{'PF00686': 1}
O95214	1	{'PF04133': 1}
O95218	1	{'PF00641': 2}
O95219	1	{'PF00787': 1}
O95221	1	{'PF13853': 1}
O95222	1	{'PF13853': 1}
O95229	1	{'PF15556': 1}
O95231	1	{'PF00046': 1}
O95232	1	{'PF03194': 1}
O95235	1	{'PF00225': 1}
O95236	1	{'PF05461': 1}
O95237	1	{'PF04970': 1}
O95238	2	{'PF00178': 1, 'PF02198': 1}
O95239	2	{'PF00225': 1, 'PF25764': 1}
O95243	1	{'PF01429': 1}
O95248	6	{'PF00169': 1, 'PF02141': 1, 'PF02893': 1, 'PF03456': 1, 'PF06602': 1, 'PF12335': 1}
O95249	1	{'PF12352': 1}
O95251	3	{'PF01530': 1, 'PF01853': 1, 'PF17772': 1}
O95255	3	{'PF00664': 2, 'PF00005': 2, 'PF24357': 1}
O95256	2	{'PF01582': 1, 'PF18452': 1}
O95257	1	{'PF01248': 1}
O95259	3	{'PF00027': 1, 'PF00520': 1, 'PF13426': 1}
O95260	2	{'PF04376': 1, 'PF04377': 1}
O95263	4	{'PF00233': 1, 'PF08629': 1, 'PF13426': 1, 'PF23198': 1}
O95264	2	{'PF02931': 1, 'PF02932': 1}
O95267	3	{'PF00130': 1, 'PF00617': 1, 'PF00618': 1}
O95271	2	{'PF00644': 1, 'PF07647': 1}
O95273	2	{'PF13324': 1, 'PF20936': 1}
O95274	1	{'PF00021': 2}
O95278	2	{'PF00686': 1, 'PF00782': 1}
O95279	1	{'PF07885': 2}
O95292	1	{'PF00635': 1}
O95294	3	{'PF00168': 2, 'PF00169': 1, 'PF00616': 1}
O95295	1	{'PF14712': 1}
O95297	1	{'PF07686': 1}
O95298	1	{'PF06374': 1}
O95299	1	{'PF01712': 1}
O95302	1	{'PF00254': 4}
O95319	1	{'PF00076': 3}
O95336	1	{'PF01182': 1}
O95340	3	{'PF01583': 1, 'PF01747': 1, 'PF14306': 1}
O95342	2	{'PF00664': 2, 'PF00005': 2}
O95343	2	{'PF00046': 1, 'PF16878': 1}
O95347	2	{'PF02463': 2, 'PF06470': 1}
O95352	2	{'PF00899': 1, 'PF16420': 1}
O95361	3	{'PF00622': 1, 'PF00643': 1, 'PF13765': 1}
O95363	2	{'PF01409': 2, 'PF03147': 1}
O95365	2	{'PF00651': 1, 'PF00096': 2}
O95371	1	{'PF13853': 1}
O95372	1	{'PF02230': 1}
O95376	5	{'PF00097': 1, 'PF01485': 1, 'PF19422': 1, 'PF22191': 1, 'PF26000': 1}
O95377	1	{'PF00029': 1}
O95379	1	{'PF05527': 1}
O95382	4	{'PF19039': 1, 'PF20302': 1, 'PF20309': 1, 'PF00069': 1}
O95388	4	{'PF00007': 1, 'PF00093': 1, 'PF00219': 1, 'PF19035': 1}
O95389	3	{'PF00007': 1, 'PF00219': 1, 'PF19035': 1}
O95390	2	{'PF00019': 1, 'PF00688': 1}
O95391	1	{'PF11708': 1}
O95393	2	{'PF00019': 1, 'PF00688': 1}
O95394	4	{'PF00408': 1, 'PF02878': 2, 'PF21404': 1, 'PF21405': 1}
O95395	1	{'PF02485': 1}
O95396	2	{'PF00581': 1, 'PF00899': 1}
O95397	1	{'PF08718': 1}
O95398	4	{'PF00027': 1, 'PF00610': 1, 'PF00617': 1, 'PF00618': 1}
O95399	1	{'PF02083': 1}
O95400	1	{'PF02213': 1}
O95402	3	{'PF08711': 1, 'PF15693': 1, 'PF15694': 1}
O95405	3	{'PF01363': 1, 'PF11409': 1, 'PF11979': 1}
O95406	1	{'PF03311': 1}
O95407	1	{'PF00020': 3}
O95409	3	{'PF00096': 3, 'PF18366': 1, 'PF23561': 1}
O95415	1	{'PF10164': 1}
O95416	2	{'PF00505': 1, 'PF12336': 1}
O95424	1	{'PF15198': 1}
O95425	2	{'PF00626': 1, 'PF02209': 1}
O95427	2	{'PF01663': 1, 'PF04987': 1}
O95428	8	{'PF00014': 1, 'PF00090': 1, 'PF05986': 1, 'PF08686': 1, 'PF13927': 2, 'PF07679': 1, 'PF19030': 4, 'PF19236': 1}
O95429	1	{'PF02179': 1}
O95433	2	{'PF08327': 1, 'PF09229': 1}
O95436	1	{'PF02690': 2}
O95445	1	{'PF11032': 1}
O95450	7	{'PF00090': 1, 'PF01421': 1, 'PF01562': 1, 'PF05986': 1, 'PF17771': 1, 'PF19030': 3, 'PF19236': 1}
O95452	1	{'PF00029': 1}
O95453	2	{'PF04857': 1, 'PF08675': 1}
O95455	1	{'PF16363': 1}
O95456	1	{'PF16094': 1}
O95460	3	{'PF00092': 2, 'PF12662': 1, 'PF14670': 2}
O95461	2	{'PF01501': 1, 'PF13896': 2}
O95466	1	{'PF02181': 1}
O95467	1	{'PF06390': 1}
O95470	1	{'PF00282': 1}
O95471	1	{'PF00822': 1}
O95473	1	{'PF01284': 1}
O95475	2	{'PF00046': 1, 'PF16878': 1}
O95476	1	{'PF03031': 1}
O95477	3	{'PF12698': 2, 'PF00005': 2, 'PF23321': 1}
O95478	1	{'PF01201': 1}
O95479	3	{'PF00479': 1, 'PF01182': 1, 'PF02781': 1}
O95484	1	{'PF00822': 1}
O95486	5	{'PF00626': 1, 'PF04810': 1, 'PF04811': 1, 'PF04815': 1, 'PF08033': 1}
O95487	5	{'PF00626': 1, 'PF04810': 1, 'PF04811': 1, 'PF04815': 1, 'PF08033': 1}
O95490	5	{'PF00002': 1, 'PF02140': 1, 'PF02354': 1, 'PF02793': 1, 'PF16489': 1}
O95497	2	{'PF00795': 1, 'PF19018': 1}
O95498	2	{'PF00795': 1, 'PF19018': 1}
O95500	1	{'PF00822': 1}
O95502	1	{'PF00354': 1}
O95503	1	{'PF00385': 1}
O95528	1	{'PF00083': 3}
O95544	2	{'PF01513': 1, 'PF20143': 1}
O95551	2	{'PF03372': 1, 'PF14555': 1}
O95561	1	{'PF15081': 1}
O95562	1	{'PF04178': 1}
O95567	1	{'PF15578': 1}
O95568	1	{'PF13489': 1}
O95571	1	{'PF00753': 1}
O95573	1	{'PF00501': 1}
O95600	1	{'PF00096': 3}
O95602	5	{'PF00623': 1, 'PF04983': 1, 'PF04997': 1, 'PF04998': 1, 'PF05000': 1}
O95613	1	{'PF10495': 1}
O95619	1	{'PF03366': 1}
O95620	1	{'PF01207': 1}
O95622	3	{'PF00211': 2, 'PF06327': 1, 'PF16214': 1}
O95625	4	{'PF00651': 1, 'PF13912': 4, 'PF00096': 6, 'PF17921': 1}
O95628	2	{'PF00076': 1, 'PF14570': 1}
O95630	2	{'PF01398': 1, 'PF08969': 1}
O95631	4	{'PF00053': 2, 'PF00055': 1, 'PF01759': 1, 'PF24973': 1}
O95633	3	{'PF07648': 2, 'PF09289': 1, 'PF21333': 1}
O95639	3	{'PF00098': 1, 'PF00642': 1, 'PF15663': 1}
O95644	2	{'PF00554': 1, 'PF16179': 1}
O95661	1	{'PF00071': 1}
O95665	1	{'PF00001': 1}
O95671	3	{'PF00891': 1, 'PF02545': 1, 'PF08100': 1}
O95672	2	{'PF01431': 1, 'PF05649': 1}
O95674	1	{'PF01148': 1}
O95677	1	{'PF00702': 1}
O95678	1	{'PF16208': 1}
O95684	1	{'PF09398': 1}
O95685	1	{'PF03370': 1}
O95696	5	{'PF00439': 1, 'PF00855': 1, 'PF10513': 1, 'PF13831': 1, 'PF13832': 1}
O95704	2	{'PF00397': 1, 'PF00640': 1}
O95707	1	{'PF01868': 1}
O95711	1	{'PF02221': 1}
O95714	6	{'PF00173': 1, 'PF00569': 1, 'PF00632': 1, 'PF03256': 1, 'PF06701': 1, 'PF11515': 1}
O95715	1	{'PF00048': 1}
O95716	1	{'PF00071': 1}
O95718	2	{'PF00104': 1, 'PF00105': 1}
O95727	2	{'PF07686': 1, 'PF08205': 1}
O95741	2	{'PF00168': 2, 'PF07002': 1}
O95744	1	{'PF13589': 1}
O95747	2	{'PF12202': 1, 'PF00069': 1}
O95749	1	{'PF00348': 1}
O95750	1	{'PF00167': 1}
O95751	1	{'PF16297': 1}
O95754	2	{'PF01437': 1, 'PF19428': 1}
O95755	1	{'PF00071': 1}
O95757	1	{'PF00012': 2}
O95758	3	{'PF11835': 1, 'PF13893': 1, 'PF22976': 1}
O95759	2	{'PF00566': 1, 'PF02893': 2}
O95760	1	{'PF15095': 1}
O95772	1	{'PF10457': 1}
O95777	1	{'PF01423': 1}
O95780	2	{'PF01352': 1, 'PF00096': 9}
O95782	2	{'PF02296': 1, 'PF02883': 1}
O95785	1	{'PF23015': 1}
O95786	5	{'PF00270': 1, 'PF00271': 1, 'PF11648': 1, 'PF16739': 2, 'PF18119': 1}
O95789	2	{'PF06467': 4, 'PF24900': 1}
O95793	2	{'PF00035': 3, 'PF16482': 1}
O95800	1	{'PF00001': 1}
O95801	1	{'PF18972': 1}
O95803	3	{'PF00685': 1, 'PF12062': 1, 'PF25119': 1}
O95807	1	{'PF05255': 1}
O95810	1	{'PF15237': 1}
O95813	1	{'PF03045': 1}
O95817	2	{'PF00397': 1, 'PF02179': 1}
O95819	1	{'PF00069': 1}
O95822	2	{'PF05292': 1, 'PF17408': 1}
O95825	1	{'PF08240': 1}
O95831	2	{'PF00070': 1, 'PF14721': 1}
O95832	1	{'PF00822': 1}
O95833	2	{'PF13410': 1, 'PF22441': 1}
O95835	3	{'PF00433': 1, 'PF00627': 1, 'PF00069': 2}
O95837	1	{'PF00503': 1}
O95838	2	{'PF00002': 1, 'PF02793': 1}
O95841	1	{'PF00147': 1}
O95843	1	{'PF00036': 1}
O95857	1	{'PF00335': 1}
O95858	1	{'PF00335': 1}
O95859	1	{'PF00335': 1}
O95861	1	{'PF00459': 1}
O95863	2	{'PF13912': 1, 'PF00096': 2}
O95864	2	{'PF00173': 1, 'PF00487': 1}
O95866	1	{'PF15096': 1}
O95867	1	{'PF00021': 1}
O95868	1	{'PF00021': 1}
O95870	2	{'PF00561': 1, 'PF22990': 1}
O95872	1	{'PF01585': 1}
O95873	1	{'PF15576': 1}
O95881	1	{'PF13899': 1}
O95886	1	{'PF03359': 1}
O95897	1	{'PF12308': 1}
O95900	1	{'PF01509': 1}
O95905	1	{'PF07093': 1}
O95907	1	{'PF07690': 1}
O95918	1	{'PF13853': 1}
O95922	1	{'PF03133': 1}
O95925	2	{'PF00014': 1, 'PF00095': 1}
O95926	1	{'PF08231': 1}
O95931	1	{'PF00385': 1}
O95932	3	{'PF00868': 1, 'PF00927': 2, 'PF01841': 1}
O95935	1	{'PF00907': 1}
O95936	2	{'PF00907': 1, 'PF16176': 1}
O95944	1	{'PF07686': 1}
O95947	1	{'PF00907': 1}
O95948	2	{'PF00046': 1, 'PF02376': 1}
O95954	3	{'PF02971': 1, 'PF04961': 1, 'PF07837': 1}
O95965	2	{'PF07974': 5, 'PF23105': 2}
O95967	4	{'PF07645': 3, 'PF12661': 1, 'PF12662': 2, 'PF22914': 1}
O95968	1	{'PF01099': 1}
O95969	1	{'PF01099': 1}
O95972	1	{'PF00019': 1}
O95976	1	{'PF07686': 1}
O95977	1	{'PF00001': 1}
O95980	7	{'PF07648': 3, 'PF22955': 1, 'PF22961': 1, 'PF23298': 1, 'PF23332': 2, 'PF25027': 1, 'PF25028': 1}
O95983	3	{'PF01429': 1, 'PF14048': 1, 'PF16564': 1}
O95985	3	{'PF01131': 1, 'PF01751': 1, 'PF23546': 1}
O95988	1	{'PF01840': 1}
O95989	1	{'PF00293': 1}
O95990	1	{'PF06625': 1}
O95992	1	{'PF04116': 1}
O95994	1	{'PF13899': 1}
O95996	2	{'PF05956': 1, 'PF11414': 1}
O95997	1	{'PF04856': 1}
O95998	1	{'PF22009': 1}
O95999	1	{'PF00619': 1}
O96000	1	{'PF10249': 1}
O96004	1	{'PF00010': 1}
O96005	1	{'PF05602': 1}
O96006	2	{'PF02892': 1, 'PF05699': 1}
O96007	1	{'PF02391': 1}
O96008	1	{'PF01459': 1}
O96009	1	{'PF00026': 1}
O96011	1	{'PF05648': 1}
O96013	2	{'PF00786': 1, 'PF00069': 1}
O96014	1	{'PF00110': 1}
O96015	1	{'PF01221': 1}
O96017	2	{'PF00498': 1, 'PF00069': 1}
O96018	2	{'PF00595': 2, 'PF00640': 1}
O96019	1	{'PF00022': 1}
O96020	2	{'PF00134': 1, 'PF02984': 1}
O96024	1	{'PF01762': 1}
O96028	9	{'PF00505': 1, 'PF00628': 1, 'PF00855': 2, 'PF00856': 1, 'PF17907': 1, 'PF17982': 1, 'PF22908': 1, 'PF23004': 1, 'PF23011': 2}
O96033	1	{'PF02597': 1}
P00156	2	{'PF00032': 1, 'PF00033': 1}
P00167	1	{'PF00173': 1}
P00325	2	{'PF00107': 1, 'PF08240': 1}
P00326	2	{'PF00107': 1, 'PF08240': 1}
P00338	2	{'PF00056': 1, 'PF02866': 1}
P00352	1	{'PF00171': 1}
P00367	2	{'PF00208': 1, 'PF02812': 1}
P00374	1	{'PF00186': 1}
P00387	2	{'PF00175': 1, 'PF00970': 1}
P00390	3	{'PF00070': 1, 'PF02852': 1, 'PF12831': 1}
P00395	1	{'PF00115': 1}
P00403	2	{'PF00116': 1, 'PF02790': 1}
P00414	1	{'PF00510': 1}
P00439	2	{'PF00351': 1, 'PF01842': 1}
P00441	1	{'PF00080': 1}
P00450	3	{'PF00394': 1, 'PF07731': 1, 'PF07732': 2}
P00451	3	{'PF00754': 2, 'PF07731': 1, 'PF07732': 2}
P00480	2	{'PF00185': 1, 'PF02729': 1}
P00488	3	{'PF00868': 1, 'PF00927': 2, 'PF01841': 1}
P00491	1	{'PF01048': 1}
P00492	1	{'PF00156': 1}
P00505	1	{'PF00155': 1}
P00519	4	{'PF00017': 1, 'PF00018': 1, 'PF08919': 1, 'PF07714': 1}
P00533	4	{'PF00757': 1, 'PF14843': 1, 'PF21314': 1, 'PF07714': 1}
P00540	1	{'PF00069': 1}
P00558	1	{'PF00162': 1}
P00568	1	{'PF00406': 1}
P00709	1	{'PF00062': 1}
P00734	4	{'PF00051': 2, 'PF00089': 1, 'PF00594': 1, 'PF09396': 1}
P00736	4	{'PF00084': 2, 'PF00089': 1, 'PF00431': 2, 'PF14670': 1}
P00738	1	{'PF00089': 1}
P00739	1	{'PF00089': 1}
P00740	4	{'PF00008': 1, 'PF00089': 1, 'PF00594': 1, 'PF14670': 1}
P00742	4	{'PF00008': 1, 'PF00089': 1, 'PF00594': 1, 'PF14670': 1}
P00746	1	{'PF00089': 1}
P00747	3	{'PF00024': 1, 'PF00051': 5, 'PF00089': 1}
P00748	5	{'PF00008': 2, 'PF00039': 1, 'PF00040': 1, 'PF00051': 1, 'PF00089': 1}
P00749	2	{'PF00051': 1, 'PF00089': 1}
P00750	4	{'PF00008': 1, 'PF00039': 1, 'PF00051': 2, 'PF00089': 1}
P00751	3	{'PF00084': 3, 'PF00089': 1, 'PF00092': 1}
P00797	1	{'PF00026': 1}
P00813	1	{'PF00962': 1}
P00846	1	{'PF00119': 1}
P00915	1	{'PF00194': 1}
P00918	1	{'PF00194': 1}
P00966	2	{'PF00764': 1, 'PF20979': 1}
P00973	2	{'PF01909': 1, 'PF10421': 1}
P00995	1	{'PF00050': 1}
P01008	1	{'PF00079': 1}
P01009	1	{'PF00079': 1}
P01011	1	{'PF00079': 1}
P01019	1	{'PF00079': 1}
P01023	6	{'PF00207': 1, 'PF01835': 1, 'PF07677': 1, 'PF07703': 1, 'PF17789': 1, 'PF17791': 1}
P01024	11	{'PF00207': 1, 'PF01759': 1, 'PF01821': 1, 'PF01835': 1, 'PF07677': 1, 'PF07703': 1, 'PF17789': 1, 'PF17790': 1, 'PF17791': 1, 'PF21308': 1, 'PF21406': 1}
P01031	10	{'PF00207': 1, 'PF01759': 1, 'PF01821': 1, 'PF01835': 1, 'PF07677': 1, 'PF07703': 1, 'PF17789': 1, 'PF17790': 1, 'PF17791': 1, 'PF21309': 1}
P01033	1	{'PF00965': 1}
P01034	1	{'PF00031': 1}
P01036	1	{'PF00031': 1}
P01037	1	{'PF00031': 1}
P01040	1	{'PF00031': 1}
P01042	1	{'PF00031': 3}
P01106	2	{'PF00010': 1, 'PF01056': 1}
P01111	1	{'PF00071': 1}
P01112	1	{'PF00071': 1}
P01116	1	{'PF00071': 1}
P01127	2	{'PF00341': 1, 'PF04692': 1}
P01130	1	{'PF14670': 1}
P01133	3	{'PF00008': 2, 'PF07645': 3, 'PF14670': 1}
P01137	2	{'PF00019': 1, 'PF00688': 1}
P01138	1	{'PF00243': 1}
P01148	1	{'PF00446': 1}
P01160	1	{'PF00212': 1}
P01178	2	{'PF00184': 1, 'PF00220': 1}
P01185	2	{'PF00184': 1, 'PF00220': 1}
P01189	3	{'PF00976': 3, 'PF08035': 1, 'PF08384': 1}
P01210	1	{'PF01160': 1}
P01213	1	{'PF01160': 1}
P01215	1	{'PF00236': 1}
P01222	1	{'PF00007': 1}
P01225	1	{'PF00007': 1}
P01229	1	{'PF00007': 1}
P01236	1	{'PF00103': 1}
P01241	1	{'PF00103': 1}
P01242	1	{'PF00103': 1}
P01258	1	{'PF00214': 1}
P01266	3	{'PF00086': 10, 'PF00135': 1, 'PF07699': 1}
P01270	1	{'PF01279': 1}
P01275	1	{'PF00123': 3}
P01282	1	{'PF00123': 2}
P01286	1	{'PF00123': 1}
P01298	1	{'PF00159': 1}
P01303	1	{'PF00159': 1}
P01308	1	{'PF00049': 1}
P01344	2	{'PF00049': 2, 'PF08365': 1}
P01350	1	{'PF00918': 1}
P01374	1	{'PF00229': 1}
P01375	1	{'PF00229': 1}
P01562	1	{'PF00143': 1}
P01563	1	{'PF00143': 1}
P01566	1	{'PF00143': 1}
P01567	1	{'PF00143': 1}
P01568	1	{'PF00143': 1}
P01569	1	{'PF00143': 1}
P01570	1	{'PF00143': 1}
P01571	1	{'PF00143': 1}
P01574	1	{'PF00143': 1}
P01579	1	{'PF00714': 1}
P01583	2	{'PF00340': 1, 'PF02394': 1}
P01584	2	{'PF00340': 1, 'PF02394': 1}
P01588	1	{'PF00758': 1}
P01589	1	{'PF00084': 1}
P01591	1	{'PF15097': 1}
P01593	1	{'PF07686': 1}
P01594	1	{'PF07686': 1}
P01597	1	{'PF07686': 1}
P01599	1	{'PF07686': 1}
P01601	1	{'PF07686': 1}
P01602	1	{'PF07686': 1}
P01611	1	{'PF07686': 1}
P01614	1	{'PF07686': 1}
P01615	1	{'PF07686': 1}
P01619	1	{'PF07686': 1}
P01624	1	{'PF07686': 1}
P01699	1	{'PF07686': 1}
P01700	1	{'PF07686': 1}
P01701	1	{'PF07686': 1}
P01703	1	{'PF07686': 1}
P01704	1	{'PF07686': 1}
P01705	1	{'PF07686': 1}
P01706	1	{'PF07686': 1}
P01709	1	{'PF07686': 1}
P01714	1	{'PF07686': 1}
P01715	1	{'PF07686': 1}
P01717	1	{'PF07686': 1}
P01718	1	{'PF07686': 1}
P01721	1	{'PF07686': 1}
P01730	4	{'PF00047': 1, 'PF05790': 2, 'PF09191': 1, 'PF12104': 1}
P01732	1	{'PF07686': 1}
P01733	1	{'PF07686': 1}
P01737	1	{'PF07686': 1}
P01742	1	{'PF07686': 1}
P01743	1	{'PF07686': 1}
P01762	1	{'PF07686': 1}
P01763	1	{'PF07686': 1}
P01764	1	{'PF07686': 1}
P01766	1	{'PF07686': 1}
P01767	1	{'PF07686': 1}
P01768	1	{'PF07686': 1}
P01772	1	{'PF07686': 1}
P01780	1	{'PF07686': 1}
P01782	1	{'PF07686': 1}
P01814	1	{'PF07686': 1}
P01817	1	{'PF07686': 1}
P01824	1	{'PF07686': 1}
P01825	1	{'PF07686': 1}
P01833	1	{'PF07686': 5}
P01834	1	{'PF07654': 1}
P01848	1	{'PF09291': 1}
P01850	1	{'PF07654': 1}
P01854	1	{'PF07654': 4}
P01857	1	{'PF07654': 3}
P01859	1	{'PF07654': 3}
P01860	1	{'PF07654': 3}
P01861	1	{'PF07654': 3}
P01871	1	{'PF07654': 4}
P01876	2	{'PF00047': 1, 'PF07654': 2}
P01877	2	{'PF00047': 1, 'PF07654': 2}
P01880	3	{'PF00047': 1, 'PF07654': 2, 'PF20838': 1}
P01889	3	{'PF00129': 1, 'PF06623': 1, 'PF07654': 1}
P01893	3	{'PF00129': 1, 'PF06623': 1, 'PF07654': 1}
P01903	2	{'PF00993': 1, 'PF07654': 1}
P01906	2	{'PF00993': 1, 'PF07654': 1}
P01909	2	{'PF00993': 1, 'PF07654': 1}
P01911	2	{'PF00969': 1, 'PF07654': 1}
P01920	2	{'PF00969': 1, 'PF07654': 1}
P02008	1	{'PF00042': 1}
P02042	1	{'PF00042': 1}
P02100	1	{'PF00042': 1}
P02144	1	{'PF00042': 1}
P02452	2	{'PF00093': 1, 'PF01410': 1}
P02458	2	{'PF00093': 1, 'PF01410': 1}
P02461	2	{'PF00093': 1, 'PF01410': 1}
P02462	1	{'PF01413': 2}
P02489	2	{'PF00011': 1, 'PF00525': 1}
P02511	2	{'PF00011': 1, 'PF00525': 1}
P02538	1	{'PF16208': 1}
P02545	1	{'PF00932': 1}
P02549	3	{'PF00018': 1, 'PF00435': 20, 'PF08726': 1}
P02585	1	{'PF13499': 2}
P02647	1	{'PF01442': 1}
P02649	1	{'PF01442': 1}
P02652	1	{'PF04711': 1}
P02654	1	{'PF04691': 1}
P02655	1	{'PF05355': 1}
P02656	1	{'PF05778': 1}
P02671	2	{'PF00147': 1, 'PF12160': 1}
P02675	1	{'PF00147': 1}
P02679	1	{'PF00147': 1}
P02686	1	{'PF01669': 1}
P02689	1	{'PF00061': 1}
P02708	2	{'PF02931': 1, 'PF02932': 1}
P02724	1	{'PF01102': 1}
P02730	2	{'PF00955': 2, 'PF07565': 1}
P02741	1	{'PF00354': 1}
P02743	1	{'PF00354': 1}
P02745	1	{'PF00386': 1}
P02746	1	{'PF00386': 1}
P02747	1	{'PF00386': 1}
P02748	2	{'PF00090': 1, 'PF01823': 1}
P02749	2	{'PF00084': 4, 'PF09014': 1}
P02751	3	{'PF00039': 11, 'PF00040': 2, 'PF00041': 17}
P02753	1	{'PF00061': 1}
P02760	2	{'PF00014': 2, 'PF00061': 1}
P02763	1	{'PF00061': 1}
P02765	1	{'PF00031': 1}
P02766	1	{'PF00576': 1}
P02768	1	{'PF00273': 3}
P02771	1	{'PF00273': 3}
P02774	2	{'PF00273': 2, 'PF09164': 1}
P02775	1	{'PF00048': 1}
P02776	1	{'PF00048': 1}
P02778	1	{'PF00048': 1}
P02786	3	{'PF02225': 1, 'PF04253': 1, 'PF04389': 1}
P02787	1	{'PF00405': 2}
P02788	1	{'PF00405': 2}
P02792	1	{'PF00210': 1}
P02794	1	{'PF00210': 1}
P02795	1	{'PF00131': 1}
P02808	1	{'PF03875': 1}
P02814	1	{'PF15621': 1}
P02818	1	{'PF25890': 1}
P03372	4	{'PF00104': 1, 'PF00105': 1, 'PF02159': 1, 'PF12743': 1}
P03886	1	{'PF00146': 1}
P03891	2	{'PF00361': 1, 'PF06444': 1}
P03897	1	{'PF00507': 1}
P03901	1	{'PF00420': 1}
P03905	2	{'PF00361': 1, 'PF01059': 1}
P03915	3	{'PF00361': 1, 'PF00662': 1, 'PF06455': 1}
P03923	1	{'PF00499': 1}
P03928	1	{'PF00895': 1}
P03950	1	{'PF00074': 1}
P03951	2	{'PF00024': 4, 'PF00089': 1}
P03952	2	{'PF00024': 4, 'PF00089': 1}
P03956	2	{'PF00413': 1, 'PF01471': 1}
P03971	2	{'PF00019': 1, 'PF04709': 1}
P03973	1	{'PF00095': 2}
P03979	1	{'PF07686': 1}
P03986	1	{'PF07654': 1}
P03999	1	{'PF00001': 1}
P04000	1	{'PF00001': 1}
P04001	1	{'PF00001': 1}
P04003	2	{'PF00084': 8, 'PF18453': 1}
P04004	1	{'PF01033': 1}
P04035	2	{'PF00368': 1, 'PF12349': 1}
P04040	2	{'PF00199': 1, 'PF06628': 1}
P04049	3	{'PF00130': 1, 'PF02196': 1, 'PF07714': 1}
P04053	5	{'PF00533': 1, 'PF01909': 1, 'PF10391': 1, 'PF14716': 1, 'PF14791': 1}
P04054	1	{'PF00068': 1}
P04062	2	{'PF02055': 1, 'PF17189': 1}
P04066	2	{'PF01120': 1, 'PF16757': 1}
P04070	3	{'PF00089': 1, 'PF00594': 1, 'PF14670': 1}
P04075	1	{'PF00274': 1}
P04080	1	{'PF00031': 1}
P04083	1	{'PF00191': 4}
P04085	2	{'PF00341': 1, 'PF04692': 1}
P04090	1	{'PF00049': 1}
P04114	3	{'PF06448': 1, 'PF09172': 1, 'PF12491': 1}
P04118	2	{'PF01114': 1, 'PF02740': 1}
P04141	1	{'PF01109': 1}
P04150	3	{'PF00104': 1, 'PF00105': 1, 'PF02155': 1}
P04155	1	{'PF00088': 1}
P04156	2	{'PF00377': 1, 'PF11587': 1}
P04179	2	{'PF00081': 1, 'PF02777': 1}
P04180	1	{'PF02450': 1}
P04181	1	{'PF00202': 1}
P04183	1	{'PF00265': 1}
P04196	1	{'PF00031': 1}
P04198	2	{'PF00010': 1, 'PF01056': 1}
P04201	1	{'PF00001': 1}
P04211	1	{'PF07686': 1}
P04216	1	{'PF00047': 1}
P04217	1	{'PF13895': 1}
P04233	3	{'PF00086': 1, 'PF08831': 1, 'PF09307': 1}
P04234	1	{'PF16680': 1}
P04259	1	{'PF16208': 1}
P04264	1	{'PF16208': 1}
P04271	2	{'PF00036': 1, 'PF01023': 1}
P04275	8	{'PF00092': 3, 'PF00093': 2, 'PF00094': 4, 'PF01826': 2, 'PF08742': 4, 'PF16164': 1, 'PF23244': 1, 'PF25962': 1}
P04278	1	{'PF00054': 1}
P04279	1	{'PF05474': 2}
P04350	2	{'PF00091': 1, 'PF03953': 1}
P04406	2	{'PF00044': 1, 'PF02800': 1}
P04424	2	{'PF00206': 1, 'PF14698': 1}
P04430	1	{'PF07686': 1}
P04432	1	{'PF07686': 1}
P04433	1	{'PF07686': 1}
P04435	1	{'PF07686': 1}
P04437	1	{'PF07686': 1}
P04439	3	{'PF00129': 1, 'PF06623': 1, 'PF07654': 1}
P04440	2	{'PF00969': 1, 'PF07654': 1}
P04553	1	{'PF00260': 1}
P04554	1	{'PF00841': 1}
P04626	4	{'PF00757': 1, 'PF14843': 1, 'PF21314': 1, 'PF07714': 1}
P04628	1	{'PF00110': 1}
P04629	2	{'PF18613': 1, 'PF07714': 1}
P04637	1	{'PF00870': 1}
P04731	1	{'PF00131': 1}
P04732	1	{'PF00131': 1}
P04733	1	{'PF00131': 1}
P04746	2	{'PF00128': 1, 'PF02806': 1}
P04792	1	{'PF00011': 1}
P04798	1	{'PF00067': 1}
P04808	1	{'PF00049': 1}
P04818	1	{'PF00303': 1}
P04839	3	{'PF01794': 1, 'PF08022': 1, 'PF08030': 1}
P04843	1	{'PF04597': 1}
P04844	3	{'PF23860': 1, 'PF23861': 1, 'PF25147': 1}
P04899	1	{'PF00503': 1}
P04908	2	{'PF00125': 1, 'PF16211': 1}
P04920	2	{'PF00955': 1, 'PF07565': 1}
P05000	1	{'PF00143': 1}
P05013	1	{'PF00143': 1}
P05014	1	{'PF00143': 1}
P05015	1	{'PF00143': 1}
P05019	1	{'PF00049': 1}
P05023	4	{'PF00122': 1, 'PF00689': 1, 'PF00690': 1, 'PF13246': 1}
P05026	1	{'PF00287': 1}
P05060	1	{'PF01271': 1}
P05062	1	{'PF00274': 1}
P05067	6	{'PF00014': 1, 'PF02177': 1, 'PF03494': 1, 'PF10515': 1, 'PF12924': 1, 'PF12925': 1}
P05089	1	{'PF00491': 1}
P05090	1	{'PF00061': 1}
P05091	1	{'PF00171': 1}
P05093	1	{'PF00067': 1}
P05106	7	{'PF00362': 1, 'PF07965': 1, 'PF07974': 1, 'PF08725': 1, 'PF17205': 1, 'PF18372': 1, 'PF23105': 1}
P05107	5	{'PF00362': 1, 'PF07965': 1, 'PF08725': 1, 'PF17205': 1, 'PF23105': 1}
P05108	1	{'PF00067': 1}
P05109	1	{'PF01023': 1}
P05111	1	{'PF00019': 1}
P05112	1	{'PF00727': 1}
P05113	1	{'PF02025': 1}
P05114	1	{'PF01101': 1}
P05120	1	{'PF00079': 1}
P05121	1	{'PF00079': 1}
P05129	4	{'PF00130': 2, 'PF00168': 1, 'PF00433': 1, 'PF00069': 1}
P05154	1	{'PF00079': 1}
P05155	1	{'PF00079': 1}
P05156	4	{'PF00089': 1, 'PF00530': 1, 'PF21286': 1, 'PF21287': 1}
P05160	1	{'PF00084': 8}
P05161	1	{'PF00240': 2}
P05162	1	{'PF00337': 1}
P05164	1	{'PF03098': 1}
P05165	5	{'PF00289': 1, 'PF00364': 1, 'PF02785': 1, 'PF02786': 1, 'PF18140': 1}
P05166	1	{'PF01039': 1}
P05177	1	{'PF00067': 1}
P05181	1	{'PF00067': 1}
P05186	1	{'PF00245': 1}
P05187	1	{'PF00245': 1}
P05198	2	{'PF00575': 1, 'PF07541': 1}
P05204	1	{'PF01101': 1}
P05230	1	{'PF00167': 1}
P05231	1	{'PF00489': 1}
P05305	1	{'PF00322': 1}
P05362	3	{'PF03921': 1, 'PF13895': 1, 'PF21146': 1}
P05386	1	{'PF00428': 1}
P05387	1	{'PF00428': 1}
P05388	3	{'PF00428': 1, 'PF00466': 1, 'PF17777': 1}
P05408	1	{'PF05281': 1}
P05412	1	{'PF03957': 1}
P05413	1	{'PF00061': 1}
P05423	1	{'PF05132': 1}
P05451	1	{'PF00059': 1}
P05452	1	{'PF00059': 1}
P05455	3	{'PF00076': 1, 'PF05383': 1, 'PF08777': 1}
P05496	1	{'PF00137': 1}
P05538	2	{'PF00969': 1, 'PF07654': 1}
P05543	1	{'PF00079': 1}
P05546	1	{'PF00079': 1}
P05549	1	{'PF03299': 1}
P05556	7	{'PF00362': 1, 'PF07965': 1, 'PF07974': 1, 'PF08725': 1, 'PF17205': 1, 'PF18372': 1, 'PF23105': 1}
P05771	4	{'PF00130': 2, 'PF00168': 1, 'PF00433': 1, 'PF00069': 1}
P05787	1	{'PF16208': 1}
P05813	1	{'PF00030': 2}
P05814	1	{'PF00363': 1}
P05937	2	{'PF00036': 1, 'PF13499': 1}
P05981	2	{'PF00089': 1, 'PF09272': 1}
P05997	2	{'PF00093': 1, 'PF01410': 1}
P06028	1	{'PF01102': 1}
P06126	2	{'PF07654': 1, 'PF16497': 1}
P06127	1	{'PF00530': 1}
P06132	1	{'PF01208': 1}
P06133	1	{'PF00201': 1}
P06213	4	{'PF00041': 1, 'PF00757': 1, 'PF17870': 1, 'PF07714': 1}
P06239	3	{'PF00017': 1, 'PF00018': 1, 'PF07714': 1}
P06241	3	{'PF00017': 1, 'PF00018': 1, 'PF07714': 1}
P06276	2	{'PF00135': 1, 'PF08674': 1}
P06280	2	{'PF16499': 1, 'PF17450': 1}
P06307	1	{'PF00918': 1}
P06310	1	{'PF07686': 1}
P06312	1	{'PF07686': 1}
P06315	1	{'PF07686': 1}
P06331	1	{'PF07686': 1}
P06340	2	{'PF00993': 1, 'PF07654': 1}
P06396	1	{'PF00626': 6}
P06400	4	{'PF01857': 1, 'PF01858': 1, 'PF08934': 1, 'PF11934': 1}
P06401	3	{'PF00104': 1, 'PF00105': 1, 'PF02161': 1}
P06454	1	{'PF03247': 1}
P06493	1	{'PF00069': 1}
P06576	3	{'PF00006': 1, 'PF02874': 1, 'PF22919': 1}
P06681	3	{'PF00084': 2, 'PF00089': 1, 'PF00092': 1}
P06702	1	{'PF01023': 1}
P06703	1	{'PF01023': 1}
P06727	1	{'PF01442': 2}
P06729	2	{'PF05790': 1, 'PF07686': 1}
P06730	1	{'PF01652': 1}
P06731	3	{'PF07686': 1, 'PF13895': 2, 'PF13927': 4}
P06732	2	{'PF00217': 1, 'PF02807': 1}
P06733	2	{'PF00113': 1, 'PF03952': 1}
P06734	1	{'PF00059': 1}
P06737	1	{'PF00343': 1}
P06744	1	{'PF00342': 1}
P06746	4	{'PF10391': 1, 'PF14716': 1, 'PF14791': 1, 'PF14792': 1}
P06748	2	{'PF03066': 1, 'PF16276': 1}
P06756	4	{'PF00357': 1, 'PF08441': 1, 'PF20805': 1, 'PF20806': 1}
P06850	1	{'PF00473': 1}
P06858	2	{'PF00151': 1, 'PF01477': 1}
P06865	2	{'PF00728': 1, 'PF14845': 1}
P06870	1	{'PF00089': 1}
P06881	1	{'PF00214': 1}
P06899	1	{'PF00125': 1}
P07093	1	{'PF00079': 1}
P07098	1	{'PF00561': 1}
P07099	1	{'PF00561': 1}
P07101	3	{'PF00351': 1, 'PF12549': 2, 'PF21417': 1}
P07108	1	{'PF00887': 1}
P07148	1	{'PF14651': 1}
P07195	2	{'PF00056': 1, 'PF02866': 1}
P07196	1	{'PF04732': 1}
P07197	1	{'PF04732': 1}
P07199	4	{'PF03184': 1, 'PF03221': 1, 'PF04218': 1, 'PF09026': 1}
P07202	3	{'PF00084': 1, 'PF03098': 1, 'PF07645': 1}
P07203	1	{'PF00255': 1}
P07204	4	{'PF00059': 1, 'PF12662': 2, 'PF14670': 1, 'PF25444': 1}
P07205	1	{'PF00162': 1}
P07225	6	{'PF00054': 1, 'PF00594': 1, 'PF02210': 1, 'PF07645': 2, 'PF12661': 1, 'PF14670': 1}
P07237	2	{'PF00085': 2, 'PF13848': 1}
P07288	1	{'PF00089': 1}
P07305	1	{'PF00538': 1}
P07306	2	{'PF00059': 1, 'PF03954': 1}
P07307	2	{'PF00059': 1, 'PF03954': 1}
P07311	1	{'PF00708': 1}
P07315	1	{'PF00030': 2}
P07316	1	{'PF00030': 2}
P07320	1	{'PF00030': 2}
P07327	2	{'PF00107': 1, 'PF08240': 1}
P07332	3	{'PF00017': 1, 'PF00611': 1, 'PF07714': 1}
P07333	3	{'PF00047': 1, 'PF25305': 1, 'PF07714': 1}
P07339	1	{'PF00026': 1}
P07355	1	{'PF00191': 4}
P07357	3	{'PF00090': 1, 'PF01823': 1, 'PF21195': 1}
P07358	3	{'PF00090': 2, 'PF01823': 1, 'PF21195': 1}
P07359	1	{'PF01462': 1}
P07360	1	{'PF00061': 1}
P07384	3	{'PF00648': 1, 'PF01067': 1, 'PF13833': 1}
P07437	2	{'PF00091': 1, 'PF03953': 1}
P07438	1	{'PF00131': 1}
P07451	1	{'PF00194': 1}
P07476	1	{'PF10583': 1}
P07477	1	{'PF00089': 1}
P07478	1	{'PF00089': 1}
P07492	1	{'PF02044': 1}
P07498	1	{'PF00997': 1}
P07510	2	{'PF02931': 1, 'PF02932': 1}
P07550	1	{'PF00001': 1}
P07585	1	{'PF01462': 1}
P07602	3	{'PF02199': 2, 'PF03489': 4, 'PF05184': 3}
P07686	2	{'PF00728': 1, 'PF14845': 1}
P07711	2	{'PF00112': 1, 'PF08246': 1}
P07737	1	{'PF00235': 1}
P07738	1	{'PF00300': 2}
P07741	1	{'PF00156': 1}
P07766	1	{'PF16681': 1}
P07814	8	{'PF00458': 3, 'PF00587': 1, 'PF00749': 1, 'PF03129': 1, 'PF03950': 1, 'PF09180': 1, 'PF20974': 1, 'PF21972': 1}
P07858	1	{'PF00112': 1}
P07864	2	{'PF00056': 1, 'PF02866': 1}
P07900	2	{'PF00183': 1, 'PF13589': 1}
P07902	2	{'PF01087': 1, 'PF02744': 1}
P07910	1	{'PF00076': 1}
P07911	5	{'PF00100': 1, 'PF07645': 2, 'PF12947': 1, 'PF23283': 1, 'PF23344': 1}
P07919	1	{'PF02320': 1}
P07942	4	{'PF00053': 13, 'PF00055': 1, 'PF21199': 1, 'PF23219': 1}
P07947	3	{'PF00017': 1, 'PF00018': 1, 'PF07714': 1}
P07948	3	{'PF00017': 1, 'PF00018': 1, 'PF07714': 1}
P07949	6	{'PF00028': 1, 'PF17756': 1, 'PF17812': 1, 'PF17813': 1, 'PF22540': 1, 'PF07714': 1}
P07954	2	{'PF00206': 1, 'PF10415': 1}
P07988	3	{'PF02199': 1, 'PF03489': 2, 'PF05184': 1}
P07992	1	{'PF03834': 1}
P07996	4	{'PF00090': 3, 'PF00093': 1, 'PF02412': 7, 'PF05735': 1}
P07998	1	{'PF00074': 1}
P08034	1	{'PF00029': 1}
P08047	1	{'PF00096': 3}
P08048	3	{'PF04704': 1, 'PF13909': 1, 'PF00096': 5}
P08069	2	{'PF00757': 1, 'PF07714': 1}
P08100	2	{'PF00001': 1, 'PF10413': 1}
P08118	1	{'PF05825': 1}
P08123	1	{'PF01410': 1}
P08133	1	{'PF00191': 8}
P08134	1	{'PF00071': 1}
P08138	3	{'PF00020': 3, 'PF00531': 1, 'PF18422': 1}
P08151	2	{'PF00096': 2, 'PF23561': 1}
P08172	1	{'PF00001': 1}
P08173	1	{'PF00001': 1}
P08174	1	{'PF00084': 4}
P08183	2	{'PF00664': 2, 'PF00005': 2}
P08185	1	{'PF00079': 1}
P08195	2	{'PF00128': 1, 'PF16028': 1}
P08217	1	{'PF00089': 1}
P08218	1	{'PF00089': 1}
P08235	2	{'PF00104': 1, 'PF00105': 1}
P08236	3	{'PF00703': 1, 'PF02836': 1, 'PF02837': 1}
P08237	1	{'PF00365': 2}
P08238	2	{'PF00183': 1, 'PF13589': 1}
P08240	3	{'PF00448': 1, 'PF02881': 1, 'PF04086': 1}
P08243	2	{'PF00733': 2, 'PF13537': 1}
P08246	1	{'PF00089': 1}
P08247	1	{'PF01284': 1}
P08253	3	{'PF00040': 3, 'PF00413': 2, 'PF01471': 1}
P08254	2	{'PF00413': 1, 'PF01471': 1}
P08263	2	{'PF00043': 1, 'PF02798': 1}
P08294	1	{'PF00080': 1}
P08311	1	{'PF00089': 1}
P08319	2	{'PF00107': 1, 'PF08240': 1}
P08397	2	{'PF01379': 1, 'PF03900': 1}
P08473	2	{'PF01431': 1, 'PF05649': 1}
P08476	2	{'PF00019': 1, 'PF00688': 1}
P08493	1	{'PF25890': 1}
P08514	4	{'PF00357': 1, 'PF08441': 1, 'PF20805': 1, 'PF20806': 1}
P08519	2	{'PF00051': 16, 'PF00089': 1}
P08559	1	{'PF00676': 1}
P08567	2	{'PF00169': 2, 'PF00610': 1}
P08572	1	{'PF01413': 2}
P08574	1	{'PF02167': 1}
P08575	4	{'PF00041': 1, 'PF00102': 2, 'PF12453': 1, 'PF12567': 1}
P08579	1	{'PF00076': 2}
P08581	3	{'PF01437': 1, 'PF01833': 3, 'PF07714': 1}
P08582	1	{'PF00405': 2}
P08588	1	{'PF00001': 1}
P08603	1	{'PF00084': 19}
P08620	1	{'PF00167': 1}
P08621	2	{'PF00076': 1, 'PF12220': 1}
P08631	3	{'PF00017': 1, 'PF00018': 1, 'PF07714': 1}
P08637	1	{'PF13895': 2}
P08648	3	{'PF08441': 1, 'PF20805': 1, 'PF20806': 1}
P08651	3	{'PF00859': 1, 'PF03165': 1, 'PF10524': 1}
P08670	1	{'PF04732': 1}
P08684	1	{'PF00067': 1}
P08686	1	{'PF00067': 1}
P08697	1	{'PF00079': 1}
P08700	1	{'PF02059': 1}
P08708	1	{'PF00833': 1}
P08709	4	{'PF00008': 1, 'PF00089': 1, 'PF00594': 1, 'PF14670': 1}
P08729	1	{'PF16208': 1}
P08754	1	{'PF00503': 1}
P08758	1	{'PF00191': 4}
P08833	2	{'PF00086': 1, 'PF00219': 1}
P08842	2	{'PF00884': 1, 'PF14707': 1}
P08861	1	{'PF00089': 1}
P08865	2	{'PF00318': 2, 'PF16122': 1}
P08887	2	{'PF00047': 1, 'PF09240': 1}
P08908	1	{'PF00001': 1}
P08910	1	{'PF00561': 1}
P08912	1	{'PF00001': 1}
P08913	1	{'PF00001': 1}
P08922	2	{'PF00041': 2, 'PF07714': 1}
P08949	1	{'PF02044': 1}
P08962	1	{'PF00335': 1}
P08F94	1	{'PF01833': 8}
P09001	1	{'PF00297': 3}
P09012	1	{'PF00076': 2}
P09016	1	{'PF00046': 1}
P09017	1	{'PF00046': 1}
P09038	1	{'PF00167': 1}
P09067	1	{'PF00046': 1}
P09086	2	{'PF00046': 1, 'PF00157': 1}
P09093	1	{'PF00089': 1}
P09104	2	{'PF00113': 1, 'PF03952': 1}
P09105	1	{'PF00042': 1}
P09110	2	{'PF00108': 1, 'PF02803': 1}
P09131	2	{'PF01758': 1, 'PF24690': 1}
P09132	1	{'PF01922': 1}
P09172	3	{'PF01082': 1, 'PF03351': 1, 'PF03712': 1}
P09210	2	{'PF00043': 1, 'PF02798': 1}
P09211	2	{'PF02798': 1, 'PF14497': 1}
P09228	1	{'PF00031': 1}
P09234	1	{'PF06220': 1}
P09237	2	{'PF00413': 1, 'PF01471': 1}
P09238	2	{'PF00413': 1, 'PF01471': 1}
P09326	2	{'PF07686': 1, 'PF13895': 1}
P09327	2	{'PF00626': 6, 'PF02209': 1}
P09341	1	{'PF00048': 1}
P09382	1	{'PF00337': 1}
P09417	1	{'PF00106': 1}
P09429	2	{'PF00505': 1, 'PF09011': 1}
P09430	1	{'PF02079': 1}
P09455	1	{'PF00061': 1}
P09466	1	{'PF00061': 1}
P09467	2	{'PF00316': 1, 'PF18913': 1}
P09471	1	{'PF00503': 1}
P09486	3	{'PF00050': 1, 'PF09289': 1, 'PF10591': 1}
P09488	2	{'PF00043': 1, 'PF02798': 1}
P09496	1	{'PF01086': 1}
P09497	1	{'PF01086': 1}
P09525	1	{'PF00191': 4}
P09529	2	{'PF00019': 1, 'PF00688': 1}
P09543	2	{'PF05881': 1, 'PF13671': 1}
P09544	1	{'PF00110': 1}
P09564	1	{'PF07686': 1}
P09601	1	{'PF01126': 1}
P09603	1	{'PF05337': 1}
P09619	5	{'PF00047': 1, 'PF13927': 1, 'PF07679': 1, 'PF25305': 1, 'PF07714': 1}
P09622	2	{'PF02852': 1, 'PF07992': 1}
P09629	1	{'PF00046': 1}
P09630	1	{'PF00046': 1}
P09651	2	{'PF00076': 2, 'PF11627': 1}
P09668	2	{'PF00112': 1, 'PF08246': 1}
P09669	1	{'PF02937': 1}
P09681	1	{'PF00123': 1}
P09683	1	{'PF00123': 1}
P09693	1	{'PF16680': 1}
P09758	3	{'PF00086': 1, 'PF18635': 1, 'PF21283': 1}
P09769	3	{'PF00017': 1, 'PF00018': 1, 'PF07714': 1}
P09848	1	{'PF00232': 4}
P09871	4	{'PF00084': 2, 'PF00089': 1, 'PF00431': 2, 'PF14670': 1}
P09874	7	{'PF00533': 1, 'PF00644': 1, 'PF00645': 2, 'PF02877': 1, 'PF05406': 1, 'PF08063': 1, 'PF21728': 1}
P09884	4	{'PF00136': 1, 'PF03104': 1, 'PF08996': 1, 'PF12254': 1}
P09912	1	{'PF06140': 1}
P09917	2	{'PF00305': 1, 'PF01477': 1}
P09919	1	{'PF16647': 1}
P09923	1	{'PF00245': 1}
P09936	1	{'PF01088': 1}
P09958	3	{'PF01483': 1, 'PF16470': 1, 'PF00082': 1}
P09960	2	{'PF01433': 1, 'PF17900': 1}
P09972	1	{'PF00274': 1}
P0C024	1	{'PF00293': 1}
P0C025	1	{'PF00293': 1}
P0C091	3	{'PF03160': 3, 'PF16184': 11, 'PF19309': 1}
P0C0E4	2	{'PF00071': 1, 'PF07525': 1}
P0C0L4	10	{'PF00207': 1, 'PF01759': 1, 'PF01821': 1, 'PF01835': 1, 'PF07677': 1, 'PF07703': 1, 'PF17789': 1, 'PF17791': 1, 'PF21145': 1, 'PF22661': 1}
P0C0L5	10	{'PF00207': 1, 'PF01759': 1, 'PF01821': 1, 'PF01835': 1, 'PF07677': 1, 'PF07703': 1, 'PF17789': 1, 'PF17791': 1, 'PF21145': 1, 'PF22661': 1}
P0C0P6	1	{'PF14993': 1}
P0C0S5	2	{'PF00125': 1, 'PF16211': 1}
P0C0S8	2	{'PF00125': 1, 'PF16211': 1}
P0C1H6	1	{'PF00125': 1}
P0C1S8	1	{'PF00069': 1}
P0C1Z6	1	{'PF24245': 1}
P0C263	1	{'PF00069': 1}
P0C264	1	{'PF00069': 1}
P0C2L3	1	{'PF15069': 1}
P0C2S0	1	{'PF11057': 1}
P0C2W1	2	{'PF00622': 1, 'PF12937': 1}
P0C2W7	1	{'PF15623': 1}
P0C2Y1	1	{'PF06758': 2}
P0C5J1	2	{'PF10294': 1, 'PF14904': 1}
P0C5Y4	1	{'PF01500': 1}
P0C604	1	{'PF13853': 1}
P0C617	1	{'PF13853': 1}
P0C623	1	{'PF13853': 1}
P0C626	1	{'PF13853': 1}
P0C628	1	{'PF13853': 1}
P0C629	1	{'PF13853': 1}
P0C645	1	{'PF13853': 1}
P0C646	1	{'PF13853': 1}
P0C671	1	{'PF15661': 1}
P0C672	1	{'PF00335': 1}
P0C6A0	1	{'PF00320': 1}
P0C6S8	1	{'PF13927': 1}
P0C6T2	1	{'PF10215': 1}
P0C7A2	1	{'PF15722': 4}
P0C7H8	1	{'PF01500': 1}
P0C7H9	1	{'PF00443': 1}
P0C7I0	1	{'PF00443': 1}
P0C7L1	1	{'PF00050': 1}
P0C7M4	1	{'PF00046': 1}
P0C7M7	2	{'PF00501': 1, 'PF13193': 1}
P0C7M8	1	{'PF00059': 1}
P0C7N1	1	{'PF13853': 1}
P0C7N4	1	{'PF15194': 1}
P0C7N5	1	{'PF13853': 1}
P0C7N8	1	{'PF13853': 1}
P0C7P0	1	{'PF09360': 2}
P0C7P1	2	{'PF00076': 1, 'PF08081': 1}
P0C7P3	3	{'PF04326': 1, 'PF17057': 1, 'PF21026': 1}
P0C7P4	3	{'PF00355': 1, 'PF02921': 1, 'PF09165': 1}
P0C7Q5	1	{'PF00892': 2}
P0C7Q6	1	{'PF00892': 2}
P0C7T2	1	{'PF13853': 1}
P0C7T3	1	{'PF13853': 1}
P0C7T5	1	{'PF08517': 1}
P0C7U0	1	{'PF22986': 1}
P0C7U1	1	{'PF17048': 1}
P0C7U3	1	{'PF01529': 1}
P0C7V4	1	{'PF15288': 1}
P0C7V6	1	{'PF12090': 1}
P0C7V9	1	{'PF01795': 1}
P0C7W0	1	{'PF15248': 1}
P0C7W8	1	{'PF15288': 1}
P0C7W9	1	{'PF15288': 1}
P0C7X0	1	{'PF15288': 1}
P0C7X1	1	{'PF00566': 1}
P0C7X2	2	{'PF01352': 1, 'PF00096': 2}
P0C7X3	1	{'PF00134': 1}
P0C7X4	1	{'PF00210': 1}
P0C851	1	{'PF15099': 1}
P0C860	1	{'PF05712': 1}
P0C862	1	{'PF00386': 1}
P0C866	1	{'PF14648': 2}
P0C869	3	{'PF00168': 1, 'PF01735': 1, 'PF18695': 1}
P0C870	1	{'PF13621': 1}
P0C874	2	{'PF14650': 1, 'PF15371': 1}
P0C8F1	1	{'PF00021': 1}
P0CAP2	1	{'PF15328': 1}
P0CB33	2	{'PF01352': 1, 'PF00096': 7}
P0CB38	1	{'PF00076': 4}
P0CB47	1	{'PF00505': 1}
P0CB48	1	{'PF00505': 1}
P0CE71	1	{'PF13499': 1}
P0CE72	1	{'PF13499': 1}
P0CF51	1	{'PF07654': 1}
P0CF74	1	{'PF07654': 1}
P0CF75	1	{'PF06407': 1}
P0CG00	3	{'PF02023': 1, 'PF12874': 1, 'PF00096': 4}
P0CG01	1	{'PF04089': 1}
P0CG04	1	{'PF07654': 1}
P0CG08	2	{'PF12430': 1, 'PF12537': 1}
P0CG13	1	{'PF09696': 1}
P0CG20	1	{'PF15269': 1}
P0CG22	1	{'PF13561': 1}
P0CG23	1	{'PF00096': 5}
P0CG24	3	{'PF13912': 1, 'PF00096': 4, 'PF13465': 4}
P0CG29	2	{'PF00043': 1, 'PF02798': 1}
P0CG30	2	{'PF00043': 1, 'PF02798': 1}
P0CG31	1	{'PF00096': 9}
P0CG32	1	{'PF14893': 1}
P0CG34	1	{'PF01290': 1}
P0CG35	1	{'PF01290': 1}
P0CG36	1	{'PF09443': 1}
P0CG37	1	{'PF09443': 1}
P0CG38	1	{'PF00022': 1}
P0CG39	1	{'PF00022': 1}
P0CG40	1	{'PF00096': 3}
P0CG47	1	{'PF00240': 3}
P0CG48	1	{'PF00240': 9}
P0CH99	2	{'PF01352': 1, 'PF00096': 3}
P0CI00	2	{'PF01352': 1, 'PF00096': 3}
P0CI01	1	{'PF11357': 2}
P0CI25	3	{'PF00622': 1, 'PF00643': 1, 'PF15227': 1}
P0CI26	3	{'PF00622': 1, 'PF00643': 1, 'PF15227': 1}
P0CJ68	1	{'PF15040': 1}
P0CJ69	1	{'PF15040': 1}
P0CJ70	1	{'PF15040': 1}
P0CJ71	1	{'PF15040': 1}
P0CJ72	1	{'PF15040': 1}
P0CJ73	1	{'PF15040': 1}
P0CJ74	1	{'PF15040': 1}
P0CJ75	1	{'PF15040': 1}
P0CJ76	1	{'PF15040': 1}
P0CJ77	1	{'PF15040': 1}
P0CJ78	2	{'PF13912': 3, 'PF00096': 10}
P0CJ79	2	{'PF01352': 1, 'PF00096': 16}
P0CJ85	1	{'PF00046': 2}
P0CJ86	1	{'PF00046': 2}
P0CJ87	1	{'PF00046': 2}
P0CJ88	1	{'PF00046': 2}
P0CJ89	1	{'PF00046': 2}
P0CJ90	1	{'PF00046': 2}
P0CK96	1	{'PF03151': 1}
P0CK97	1	{'PF03151': 1}
P0CL80	1	{'PF05831': 1}
P0CL81	1	{'PF05831': 1}
P0CL82	1	{'PF05831': 1}
P0CV98	1	{'PF00956': 1}
P0CV99	1	{'PF00956': 1}
P0CW00	1	{'PF00956': 1}
P0CW01	1	{'PF00956': 1}
P0CW18	1	{'PF00089': 1}
P0CW19	1	{'PF00412': 1}
P0CW20	1	{'PF00412': 1}
P0CW23	1	{'PF10470': 1}
P0CW24	2	{'PF14893': 1, 'PF20846': 1}
P0CW27	1	{'PF14988': 1}
P0DH78	1	{'PF13445': 1}
P0DI81	1	{'PF04628': 1}
P0DI82	1	{'PF04628': 1}
P0DJ07	1	{'PF09803': 1}
P0DJ93	1	{'PF15938': 1}
P0DJD0	3	{'PF00638': 2, 'PF01465': 1, 'PF16704': 1}
P0DJD1	3	{'PF00638': 2, 'PF01465': 1, 'PF16704': 1}
P0DJD3	2	{'PF00076': 1, 'PF08081': 1}
P0DJD4	2	{'PF00076': 1, 'PF08081': 1}
P0DJD7	1	{'PF00026': 1}
P0DJD8	1	{'PF00026': 1}
P0DJD9	1	{'PF00026': 1}
P0DJH9	1	{'PF14473': 1}
P0DJI8	1	{'PF00277': 1}
P0DJI9	1	{'PF00277': 1}
P0DJJ0	1	{'PF00611': 1}
P0DJR0	1	{'PF04548': 1}
P0DKL9	1	{'PF14949': 1}
P0DKV0	2	{'PF14650': 1, 'PF15371': 1}
P0DKX0	4	{'PF01352': 1, 'PF13912': 1, 'PF00096': 10, 'PF13465': 1}
P0DKX4	1	{'PF15831': 1}
P0DM35	1	{'PF00131': 1}
P0DM63	1	{'PF06409': 1}
P0DMB1	1	{'PF10630': 1}
P0DMC3	1	{'PF22050': 1}
P0DME0	1	{'PF00956': 1}
P0DML2	1	{'PF00103': 1}
P0DML3	1	{'PF00103': 1}
P0DMM9	1	{'PF00685': 1}
P0DMN0	1	{'PF00685': 1}
P0DMP1	1	{'PF15040': 1}
P0DMP2	1	{'PF00611': 1}
P0DMQ9	1	{'PF17690': 1}
P0DMR1	1	{'PF00076': 1}
P0DMR2	1	{'PF01099': 1}
P0DMS8	1	{'PF00001': 1}
P0DMU2	1	{'PF13853': 1}
P0DMU3	1	{'PF15897': 1}
P0DMU7	1	{'PF15300': 1}
P0DMU8	1	{'PF15300': 1}
P0DMU9	1	{'PF15300': 1}
P0DMV0	1	{'PF15300': 1}
P0DMV1	1	{'PF15300': 1}
P0DMV2	1	{'PF15300': 1}
P0DMV8	1	{'PF00012': 1}
P0DMV9	1	{'PF00012': 1}
P0DMW2	1	{'PF02758': 1}
P0DMW3	1	{'PF15118': 1}
P0DMW4	1	{'PF15118': 1}
P0DMW5	1	{'PF15118': 1}
P0DN26	1	{'PF00160': 1}
P0DN37	1	{'PF00160': 1}
P0DN77	1	{'PF00001': 1}
P0DN78	1	{'PF00001': 1}
P0DN80	1	{'PF13853': 1}
P0DN81	1	{'PF13853': 1}
P0DN82	1	{'PF13853': 1}
P0DN84	1	{'PF22030': 1}
P0DN86	1	{'PF00007': 1}
P0DN87	1	{'PF00007': 1}
P0DOY2	1	{'PF07654': 1}
P0DOY3	1	{'PF07654': 1}
P0DP01	1	{'PF07686': 1}
P0DP02	1	{'PF07686': 1}
P0DP03	1	{'PF07686': 1}
P0DP04	1	{'PF07686': 1}
P0DP06	1	{'PF07686': 1}
P0DP07	1	{'PF07686': 1}
P0DP08	1	{'PF07686': 1}
P0DP09	1	{'PF07686': 1}
P0DP23	1	{'PF13499': 2}
P0DP24	1	{'PF13499': 2}
P0DP25	1	{'PF13499': 2}
P0DP42	1	{'PF25452': 1}
P0DP57	1	{'PF00021': 1}
P0DP58	1	{'PF00087': 1}
P0DP72	1	{'PF13927': 3}
P0DP73	1	{'PF00711': 1}
P0DP74	1	{'PF00711': 1}
P0DP91	1	{'PF13843': 1}
P0DPA2	2	{'PF07686': 1, 'PF13927': 1}
P0DPB6	1	{'PF13656': 1}
P0DPD5	3	{'PF01352': 1, 'PF00096': 9, 'PF13465': 2}
P0DPD6	2	{'PF01431': 1, 'PF05649': 1}
P0DPD7	1	{'PF08241': 1}
P0DPD8	3	{'PF01431': 1, 'PF05649': 1, 'PF13649': 1}
P0DPF2	1	{'PF06758': 64}
P0DPF3	1	{'PF06758': 9}
P0DPF4	1	{'PF07686': 1}
P0DPF7	1	{'PF07686': 1}
P0DPH7	2	{'PF00091': 1, 'PF03953': 1}
P0DPH8	2	{'PF00091': 1, 'PF03953': 1}
P0DPI3	1	{'PF04828': 1}
P0DPK2	1	{'PF00125': 1}
P0DPK3	2	{'PF00008': 3, 'PF07645': 1}
P0DPK4	2	{'PF00008': 3, 'PF07645': 1}
P0DPK5	1	{'PF00125': 1}
P0DPQ3	1	{'PF15708': 1}
P0DQD5	1	{'PF00001': 1}
P0DQW0	1	{'PF15663': 1}
P0DSN6	1	{'PF05296': 1}
P0DSN7	1	{'PF07686': 1}
P0DSO3	1	{'PF05831': 1}
P0DTA3	1	{'PF11357': 2}
P0DTE0	1	{'PF05296': 1}
P0DTE1	1	{'PF07686': 1}
P0DTE4	1	{'PF00201': 3}
P0DTE5	1	{'PF00201': 1}
P0DTE7	2	{'PF00128': 1, 'PF02806': 1}
P0DTE8	2	{'PF00128': 1, 'PF02806': 1}
P0DTL4	1	{'PF00021': 1}
P0DTL6	1	{'PF21362': 1}
P0DTU3	2	{'PF07686': 1, 'PF09291': 1}
P0DTU4	2	{'PF07654': 1, 'PF07686': 1}
P0DTW1	1	{'PF05831': 1}
P0DTW3	1	{'PF07686': 1}
P0DUB6	2	{'PF00128': 1, 'PF02806': 1}
P0DUD1	1	{'PF11357': 2}
P0DUD2	1	{'PF11357': 2}
P0DUD3	1	{'PF11357': 2}
P0DUD4	1	{'PF11357': 2}
P0DUX0	1	{'PF11357': 2}
P0DUX1	1	{'PF11357': 2}
P0DV60	1	{'PF14672': 1}
P0DV73	1	{'PF15288': 1}
P0DV74	1	{'PF15288': 1}
P0DV75	1	{'PF15288': 1}
P0DV76	1	{'PF15288': 1}
P0DV77	1	{'PF00046': 1}
P0DV79	1	{'PF11357': 2}
P0DW11	1	{'PF04719': 1}
P0DW12	1	{'PF04719': 1}
P0DW13	1	{'PF04719': 1}
P0DW14	1	{'PF04719': 1}
P0DW81	1	{'PF23699': 1}
P0DX04	1	{'PF01290': 1}
P0DXC3	1	{'PF06409': 1}
P10070	2	{'PF00096': 2, 'PF23561': 1}
P10071	2	{'PF00096': 2, 'PF23561': 1}
P10072	3	{'PF01352': 1, 'PF00096': 12, 'PF21225': 1}
P10073	2	{'PF02023': 1, 'PF00096': 8}
P10074	2	{'PF00651': 1, 'PF00096': 6}
P10075	1	{'PF00096': 7}
P10082	1	{'PF00159': 1}
P10092	1	{'PF00214': 1}
P10109	1	{'PF00111': 1}
P10114	1	{'PF00071': 1}
P10124	1	{'PF04360': 1}
P10144	1	{'PF00089': 1}
P10145	1	{'PF00048': 1}
P10147	1	{'PF00048': 1}
P10153	1	{'PF00074': 1}
P10155	1	{'PF25045': 1}
P10176	1	{'PF02285': 1}
P10242	2	{'PF00249': 3, 'PF09316': 1}
P10243	2	{'PF09316': 1, 'PF13921': 3}
P10244	2	{'PF09316': 1, 'PF13921': 3}
P10253	4	{'PF00088': 1, 'PF01055': 1, 'PF13802': 1, 'PF21365': 1}
P10265	2	{'PF00077': 1, 'PF01585': 1}
P10266	7	{'PF00075': 1, 'PF00078': 1, 'PF00552': 1, 'PF00665': 1, 'PF02022': 1, 'PF06817': 1, 'PF13804': 1}
P10275	3	{'PF00104': 1, 'PF00105': 1, 'PF02166': 1}
P10276	2	{'PF00104': 1, 'PF00105': 1}
P10301	1	{'PF00071': 1}
P10321	3	{'PF00129': 1, 'PF06623': 1, 'PF07654': 1}
P10323	1	{'PF00089': 1}
P10398	3	{'PF00130': 1, 'PF02196': 1, 'PF07714': 1}
P10412	1	{'PF00538': 1}
P10415	2	{'PF00452': 1, 'PF02180': 1}
P10451	1	{'PF00865': 1}
P10515	3	{'PF00198': 1, 'PF00364': 2, 'PF02817': 1}
P10523	2	{'PF00339': 1, 'PF02752': 1}
P10586	3	{'PF00041': 7, 'PF00102': 2, 'PF07679': 3}
P10588	2	{'PF00104': 1, 'PF00105': 1}
P10589	2	{'PF00104': 1, 'PF00105': 1}
P10599	1	{'PF00085': 1}
P10600	2	{'PF00019': 1, 'PF00688': 1}
P10606	1	{'PF01215': 1}
P10619	1	{'PF00450': 1}
P10620	1	{'PF01124': 1}
P10632	1	{'PF00067': 1}
P10635	1	{'PF00067': 1}
P10636	1	{'PF00418': 4}
P10643	6	{'PF00084': 2, 'PF00090': 2, 'PF01823': 1, 'PF18434': 1, 'PF21284': 1, 'PF21330': 1}
P10644	2	{'PF00027': 2, 'PF02197': 1}
P10645	1	{'PF01271': 2}
P10646	1	{'PF00014': 3}
P10696	1	{'PF00245': 1}
P10720	1	{'PF00048': 1}
P10721	2	{'PF00047': 1, 'PF07714': 1}
P10745	2	{'PF03572': 4, 'PF11918': 4}
P10746	1	{'PF02602': 1}
P10747	1	{'PF15910': 1}
P10767	1	{'PF00167': 1}
P10768	1	{'PF00756': 1}
P10809	1	{'PF00118': 1}
P10826	2	{'PF00104': 1, 'PF00105': 1}
P10827	2	{'PF00104': 1, 'PF00105': 1}
P10828	2	{'PF00104': 1, 'PF00105': 1}
P10909	1	{'PF01093': 1}
P10911	4	{'PF00621': 1, 'PF13716': 1, 'PF22697': 1, 'PF23289': 1}
P10912	3	{'PF00041': 1, 'PF09067': 1, 'PF12772': 1}
P10914	1	{'PF00605': 1}
P10915	2	{'PF00193': 2, 'PF07686': 1}
P10916	1	{'PF13499': 1}
P10966	1	{'PF07686': 1}
P10997	1	{'PF00214': 1}
P11021	1	{'PF00012': 1}
P11047	4	{'PF00052': 1, 'PF00053': 7, 'PF00055': 1, 'PF24973': 3}
P11049	1	{'PF00335': 1}
P11055	2	{'PF00063': 1, 'PF02736': 1}
P11086	1	{'PF01234': 1}
P11117	1	{'PF00328': 1}
P11137	2	{'PF00418': 3, 'PF08377': 1}
P11142	1	{'PF00012': 1}
P11150	2	{'PF00151': 1, 'PF01477': 1}
P11161	2	{'PF11928': 1, 'PF00096': 3}
P11166	1	{'PF00083': 1}
P11168	1	{'PF00083': 1}
P11169	1	{'PF00083': 1}
P11171	6	{'PF00373': 1, 'PF04382': 1, 'PF05902': 1, 'PF08736': 1, 'PF09379': 1, 'PF09380': 1}
P11172	2	{'PF00156': 1, 'PF00215': 1}
P11177	2	{'PF02779': 1, 'PF02780': 1}
P11182	3	{'PF00198': 1, 'PF00364': 1, 'PF02817': 1}
P11215	5	{'PF00092': 1, 'PF00357': 1, 'PF08441': 1, 'PF20805': 1, 'PF21520': 1}
P11216	1	{'PF00343': 1}
P11217	1	{'PF00343': 1}
P11226	1	{'PF00059': 1}
P11229	1	{'PF00001': 1}
P11230	2	{'PF02931': 1, 'PF02932': 1}
P11233	1	{'PF00071': 1}
P11234	1	{'PF00071': 1}
P11245	1	{'PF00797': 1}
P11274	5	{'PF00168': 1, 'PF00620': 1, 'PF00621': 1, 'PF09036': 1, 'PF19057': 1}
P11277	2	{'PF00307': 2, 'PF00435': 17}
P11279	2	{'PF01299': 2, 'PF21222': 1}
P11308	2	{'PF00178': 1, 'PF02198': 1}
P11309	1	{'PF00069': 1}
P11310	3	{'PF00441': 1, 'PF02770': 1, 'PF02771': 1}
P11362	3	{'PF00047': 1, 'PF07679': 2, 'PF07714': 1}
P11387	3	{'PF01028': 1, 'PF02919': 1, 'PF14370': 1}
P11388	6	{'PF00204': 1, 'PF00521': 1, 'PF01751': 1, 'PF02518': 1, 'PF08070': 1, 'PF16898': 1}
P11413	2	{'PF00479': 1, 'PF02781': 1}
P11441	2	{'PF00240': 1, 'PF17840': 1}
P11464	3	{'PF07686': 1, 'PF13895': 1, 'PF13927': 2}
P11465	3	{'PF07686': 1, 'PF13895': 1, 'PF13927': 1}
P11473	2	{'PF00104': 1, 'PF00105': 1}
P11474	2	{'PF00104': 1, 'PF00105': 1}
P11487	1	{'PF00167': 1}
P11488	1	{'PF00503': 1}
P11498	6	{'PF00289': 1, 'PF00364': 1, 'PF00682': 1, 'PF02436': 1, 'PF02785': 1, 'PF02786': 1}
P11509	1	{'PF00067': 1}
P11511	1	{'PF00067': 1}
P11532	6	{'PF00307': 2, 'PF00397': 1, 'PF00435': 17, 'PF00569': 1, 'PF09068': 1, 'PF09069': 1}
P11586	3	{'PF00763': 1, 'PF01268': 1, 'PF02882': 1}
P11597	2	{'PF01273': 1, 'PF02886': 1}
P11678	1	{'PF03098': 1}
P11684	1	{'PF01099': 1}
P11686	2	{'PF04089': 1, 'PF08999': 1}
P11712	1	{'PF00067': 1}
P11717	2	{'PF00040': 1, 'PF00878': 15}
P11766	2	{'PF00107': 1, 'PF08240': 1}
P11801	1	{'PF00069': 1}
P11802	1	{'PF00069': 1}
P11831	1	{'PF00319': 1}
P11836	1	{'PF04103': 1}
P11844	1	{'PF00030': 2}
P11908	2	{'PF13793': 1, 'PF14572': 1}
P11912	1	{'PF13927': 1}
P11926	2	{'PF00278': 1, 'PF02784': 1}
P11940	2	{'PF00076': 4, 'PF00658': 1}
P12004	2	{'PF00705': 1, 'PF02747': 1}
P12018	1	{'PF07686': 1}
P12034	1	{'PF00167': 1}
P12035	1	{'PF16208': 2}
P12074	1	{'PF02046': 1}
P12081	3	{'PF00458': 1, 'PF03129': 1, 'PF13393': 1}
P12104	1	{'PF00061': 1}
P12107	2	{'PF01410': 1, 'PF02210': 1}
P12109	1	{'PF00092': 3}
P12110	1	{'PF00092': 3}
P12111	2	{'PF00014': 1, 'PF00092': 12}
P12259	2	{'PF00754': 2, 'PF07732': 2}
P12268	2	{'PF00478': 1, 'PF00571': 2}
P12270	2	{'PF25481': 1, 'PF25785': 1}
P12271	2	{'PF00650': 1, 'PF03765': 1}
P12272	1	{'PF01279': 1}
P12273	1	{'PF05326': 1}
P12277	2	{'PF00217': 1, 'PF02807': 1}
P12314	3	{'PF00047': 1, 'PF13895': 1, 'PF13927': 1}
P12318	1	{'PF13895': 2}
P12319	2	{'PF13895': 1, 'PF13927': 1}
P12429	1	{'PF00191': 4}
P12524	2	{'PF00010': 1, 'PF01056': 3}
P12525	2	{'PF00010': 1, 'PF01056': 1}
P12532	2	{'PF00217': 1, 'PF02807': 1}
P12544	1	{'PF00089': 1}
P12643	2	{'PF00019': 1, 'PF00688': 1}
P12644	2	{'PF00019': 1, 'PF00688': 1}
P12645	1	{'PF00019': 1}
P12694	1	{'PF00676': 1}
P12724	1	{'PF00074': 1}
P12755	2	{'PF02437': 1, 'PF08782': 1}
P12757	2	{'PF02437': 1, 'PF08782': 1}
P12814	3	{'PF00307': 2, 'PF00435': 4, 'PF08726': 1}
P12821	1	{'PF01401': 2}
P12830	3	{'PF00028': 5, 'PF01049': 1, 'PF08758': 1}
P12838	2	{'PF00323': 1, 'PF00879': 1}
P12872	2	{'PF04643': 1, 'PF04644': 1}
P12882	2	{'PF00063': 1, 'PF02736': 1}
P12883	2	{'PF00063': 1, 'PF02736': 1}
P12931	3	{'PF00017': 1, 'PF00018': 1, 'PF07714': 1}
P12955	2	{'PF00557': 1, 'PF05195': 1}
P12956	4	{'PF02037': 1, 'PF02735': 1, 'PF03731': 1, 'PF03730': 1}
P12980	1	{'PF00010': 1}
P13010	4	{'PF02735': 1, 'PF03731': 1, 'PF03730': 1, 'PF08785': 1}
P13051	1	{'PF03167': 1}
P13056	2	{'PF00104': 1, 'PF00105': 1}
P13073	1	{'PF02936': 1}
P13164	1	{'PF04505': 1}
P13196	2	{'PF00155': 1, 'PF09029': 1}
P13232	1	{'PF01415': 1}
P13236	1	{'PF00048': 1}
P13284	1	{'PF03227': 1}
P13349	3	{'PF00010': 1, 'PF01586': 1, 'PF12232': 1}
P13378	1	{'PF00046': 1}
P13385	1	{'PF09443': 1}
P13473	2	{'PF01299': 1, 'PF21222': 1}
P13497	4	{'PF00431': 5, 'PF01400': 1, 'PF07645': 1, 'PF14670': 1}
P13498	1	{'PF05038': 1}
P13500	1	{'PF00048': 1}
P13501	1	{'PF00048': 1}
P13521	1	{'PF01271': 1}
P13533	2	{'PF00063': 1, 'PF02736': 1}
P13535	2	{'PF00063': 1, 'PF02736': 1}
P13569	3	{'PF00664': 2, 'PF00005': 2, 'PF14396': 1}
P13584	1	{'PF00067': 1}
P13591	3	{'PF00041': 2, 'PF13927': 3, 'PF07679': 2}
P13598	1	{'PF03921': 1}
P13611	5	{'PF00008': 2, 'PF00059': 1, 'PF00084': 1, 'PF00193': 2, 'PF07686': 1}
P13612	3	{'PF08441': 1, 'PF20805': 1, 'PF20806': 1}
P13631	2	{'PF00104': 1, 'PF00105': 1}
P13637	4	{'PF00122': 1, 'PF00689': 1, 'PF00690': 1, 'PF13246': 1}
P13639	5	{'PF00009': 1, 'PF00679': 1, 'PF03144': 1, 'PF03764': 1, 'PF14492': 1}
P13640	1	{'PF00131': 1}
P13647	1	{'PF16208': 1}
P13667	2	{'PF00085': 3, 'PF13848': 1}
P13671	4	{'PF00084': 2, 'PF00090': 3, 'PF01823': 1, 'PF21195': 1}
P13674	2	{'PF08336': 1, 'PF13640': 1}
P13682	1	{'PF00096': 11}
P13686	1	{'PF00149': 1}
P13688	4	{'PF00047': 1, 'PF07686': 1, 'PF13895': 1, 'PF13927': 1}
P13693	1	{'PF00838': 1}
P13716	1	{'PF00490': 1}
P13725	1	{'PF01291': 1}
P13726	2	{'PF01108': 1, 'PF09294': 1}
P13727	1	{'PF00059': 1}
P13747	3	{'PF00129': 1, 'PF06623': 1, 'PF07654': 1}
P13762	2	{'PF00969': 1, 'PF07654': 1}
P13765	2	{'PF00969': 1, 'PF07654': 1}
P13796	2	{'PF00036': 1, 'PF00307': 4}
P13797	2	{'PF00307': 4, 'PF13499': 1}
P13798	2	{'PF00326': 1, 'PF19283': 1}
P13804	2	{'PF00766': 1, 'PF01012': 1}
P13805	1	{'PF00992': 1}
P13807	1	{'PF05693': 1}
P13861	2	{'PF00027': 2, 'PF02197': 1}
P13866	1	{'PF00474': 1}
P13928	1	{'PF00191': 4}
P13929	2	{'PF00113': 1, 'PF03952': 1}
P13942	2	{'PF01410': 2, 'PF02210': 1}
P13945	1	{'PF00001': 1}
P13984	2	{'PF02270': 1, 'PF17683': 1}
P13987	1	{'PF25152': 1}
P13994	1	{'PF04502': 1}
P13995	2	{'PF00763': 1, 'PF02882': 1}
P14060	1	{'PF01073': 1}
P14061	1	{'PF00106': 1}
P14091	1	{'PF00026': 1}
P14136	1	{'PF04732': 1}
P14138	1	{'PF00322': 1}
P14151	3	{'PF00008': 1, 'PF00059': 1, 'PF00084': 2}
P14174	1	{'PF01187': 1}
P14207	1	{'PF03024': 1}
P14209	1	{'PF12301': 1}
P14210	3	{'PF00024': 1, 'PF00051': 4, 'PF00089': 1}
P14222	2	{'PF00168': 1, 'PF01823': 1}
P14314	3	{'PF12999': 1, 'PF13015': 1, 'PF13202': 1}
P14316	1	{'PF00605': 1}
P14317	1	{'PF00018': 1}
P14324	1	{'PF00348': 1}
P14373	4	{'PF00622': 1, 'PF00643': 1, 'PF13765': 1, 'PF15227': 1}
P14384	2	{'PF00246': 1, 'PF13620': 1}
P14406	1	{'PF02238': 1}
P14410	4	{'PF00088': 2, 'PF01055': 2, 'PF13802': 2, 'PF21365': 2}
P14415	1	{'PF00287': 1}
P14416	1	{'PF00001': 1}
P14543	7	{'PF00086': 1, 'PF06119': 1, 'PF07474': 1, 'PF07645': 1, 'PF12662': 1, 'PF12947': 1, 'PF14670': 1}
P14550	1	{'PF00248': 1}
P14555	1	{'PF00068': 1}
P14598	3	{'PF00018': 2, 'PF00787': 1, 'PF16621': 1}
P14616	3	{'PF00041': 1, 'PF00757': 1, 'PF07714': 1}
P14618	2	{'PF00224': 1, 'PF02887': 1}
P14621	1	{'PF00708': 1}
P14625	2	{'PF00183': 1, 'PF13589': 1}
P14635	2	{'PF00134': 1, 'PF02984': 1}
P14651	2	{'PF00046': 1, 'PF13293': 1}
P14652	1	{'PF00046': 1}
P14653	1	{'PF00046': 1}
P14672	1	{'PF00083': 1}
P14678	1	{'PF01423': 1}
P14679	1	{'PF00264': 1}
P14735	3	{'PF00675': 1, 'PF05193': 2, 'PF16187': 1}
P14770	1	{'PF01462': 1}
P14778	3	{'PF01582': 1, 'PF13895': 1, 'PF18452': 1}
P14780	2	{'PF00040': 3, 'PF00413': 2}
P14784	2	{'PF18707': 1, 'PF25788': 1}
P14854	1	{'PF02297': 1}
P14859	3	{'PF00046': 1, 'PF00157': 1, 'PF19536': 1}
P14866	4	{'PF00076': 1, 'PF11835': 1, 'PF13893': 1, 'PF22976': 1}
P14867	2	{'PF02931': 1, 'PF02932': 2}
P14868	2	{'PF00152': 1, 'PF01336': 1}
P14902	1	{'PF01231': 1}
P14920	1	{'PF01266': 1}
P14921	3	{'PF00178': 1, 'PF02198': 1, 'PF19525': 1}
P14927	1	{'PF02271': 1}
P15018	1	{'PF01291': 1}
P15036	3	{'PF00178': 1, 'PF02198': 1, 'PF19525': 1}
P15056	3	{'PF00130': 1, 'PF02196': 1, 'PF07714': 1}
P15085	2	{'PF00246': 1, 'PF02244': 1}
P15086	2	{'PF00246': 1, 'PF02244': 1}
P15088	2	{'PF00246': 1, 'PF02244': 1}
P15090	1	{'PF00061': 1}
P15104	2	{'PF00120': 1, 'PF03951': 1}
P15121	1	{'PF00248': 1}
P15144	3	{'PF01433': 1, 'PF11838': 1, 'PF17900': 1}
P15151	2	{'PF07686': 1, 'PF08205': 1}
P15153	1	{'PF00071': 1}
P15169	2	{'PF00246': 1, 'PF13620': 1}
P15170	3	{'PF00009': 1, 'PF03144': 1, 'PF22594': 1}
P15172	3	{'PF00010': 1, 'PF01586': 1, 'PF12232': 1}
P15173	2	{'PF00010': 1, 'PF01586': 1}
P15259	1	{'PF00300': 2}
P15260	3	{'PF01108': 1, 'PF07140': 1, 'PF20634': 1}
P15289	2	{'PF00884': 1, 'PF14707': 1}
P15291	2	{'PF02709': 1, 'PF13733': 1}
P15309	1	{'PF00328': 1}
P15311	4	{'PF00373': 1, 'PF00769': 1, 'PF09379': 1, 'PF09380': 1}
P15313	3	{'PF00006': 1, 'PF02874': 1, 'PF22919': 1}
P15328	1	{'PF03024': 1}
P15374	1	{'PF01088': 1}
P15382	1	{'PF02060': 1}
P15428	1	{'PF00106': 1}
P15498	6	{'PF00017': 1, 'PF00018': 2, 'PF00130': 1, 'PF00169': 1, 'PF00307': 1, 'PF00621': 1}
P15509	2	{'PF09240': 1, 'PF18611': 1}
P15529	1	{'PF00084': 4}
P15531	1	{'PF00334': 1}
P15538	1	{'PF00067': 1}
P15559	1	{'PF02525': 1}
P15586	1	{'PF00884': 1}
P15621	2	{'PF01352': 1, 'PF00096': 13}
P15622	2	{'PF01352': 1, 'PF00096': 13}
P15692	2	{'PF00341': 1, 'PF14554': 1}
P15735	1	{'PF00069': 1}
P15812	2	{'PF07654': 1, 'PF16497': 1}
P15813	2	{'PF07654': 1, 'PF16497': 1}
P15814	1	{'PF07654': 1}
P15822	1	{'PF00096': 3}
P15848	1	{'PF00884': 1}
P15863	1	{'PF00292': 1}
P15880	2	{'PF00333': 1, 'PF03719': 1}
P15882	3	{'PF00017': 1, 'PF00130': 1, 'PF00620': 1}
P15884	1	{'PF00010': 1}
P15907	1	{'PF00777': 1}
P15918	10	{'PF00097': 1, 'PF10426': 1, 'PF12560': 1, 'PF12940': 1, 'PF26024': 1, 'PF26025': 1, 'PF26100': 1, 'PF26101': 1, 'PF26104': 1, 'PF26105': 1}
P15923	1	{'PF00010': 1}
P15924	3	{'PF17902': 1, 'PF18373': 1, 'PF21019': 1}
P15927	1	{'PF08784': 1}
P15941	1	{'PF01390': 1}
P15954	1	{'PF02935': 1}
P15976	1	{'PF00320': 2}
P16035	1	{'PF00965': 1}
P16050	2	{'PF00305': 1, 'PF01477': 1}
P16066	3	{'PF00211': 1, 'PF01094': 1, 'PF07714': 1}
P16070	1	{'PF00193': 1}
P16083	1	{'PF02525': 1}
P16104	2	{'PF00125': 1, 'PF16211': 1}
P16109	2	{'PF00059': 1, 'PF00084': 9}
P16112	4	{'PF00059': 1, 'PF00084': 1, 'PF00193': 4, 'PF07686': 1}
P16118	2	{'PF00300': 1, 'PF01591': 1}
P16144	7	{'PF00041': 4, 'PF00362': 1, 'PF03160': 1, 'PF07965': 1, 'PF17205': 1, 'PF18372': 1, 'PF23106': 1}
P16152	1	{'PF00106': 1}
P16157	3	{'PF00531': 1, 'PF00791': 1, 'PF17809': 1}
P16219	3	{'PF00441': 1, 'PF02770': 1, 'PF02771': 1}
P16220	1	{'PF02173': 1}
P16233	2	{'PF00151': 1, 'PF01477': 1}
P16234	3	{'PF07679': 2, 'PF25305': 1, 'PF07714': 1}
P16278	3	{'PF01301': 1, 'PF21317': 1, 'PF21467': 1}
P16284	3	{'PF13895': 1, 'PF13927': 1, 'PF17736': 1}
P16298	1	{'PF00149': 1}
P16333	2	{'PF00017': 1, 'PF00018': 3}
P16383	1	{'PF07842': 1}
P16389	2	{'PF00520': 1, 'PF02214': 1}
P16401	1	{'PF00538': 1}
P16402	1	{'PF00538': 1}
P16403	1	{'PF00538': 1}
P16410	1	{'PF07686': 1}
P16415	3	{'PF01352': 1, 'PF13912': 3, 'PF00096': 9}
P16422	3	{'PF00086': 1, 'PF18635': 1, 'PF21283': 1}
P16435	3	{'PF00175': 1, 'PF00258': 1, 'PF00667': 1}
P16442	1	{'PF03414': 1}
P16444	1	{'PF01244': 1}
P16452	3	{'PF00868': 1, 'PF00927': 2, 'PF01841': 1}
P16455	2	{'PF01035': 1, 'PF02870': 1}
P16471	1	{'PF09067': 1}
P16473	1	{'PF00001': 1}
P16499	2	{'PF00233': 1, 'PF01590': 2}
P16519	3	{'PF01483': 1, 'PF16470': 1, 'PF00082': 1}
P16562	2	{'PF00188': 1, 'PF08562': 1}
P16581	3	{'PF00008': 1, 'PF00059': 1, 'PF00084': 6}
P16591	3	{'PF00017': 1, 'PF00611': 1, 'PF07714': 1}
P16615	5	{'PF00122': 1, 'PF00689': 1, 'PF00690': 1, 'PF08282': 1, 'PF13246': 1}
P16619	1	{'PF00048': 1}
P16662	1	{'PF00201': 1}
P16671	1	{'PF01130': 1}
P16860	1	{'PF00212': 1}
P16870	2	{'PF00246': 1, 'PF13620': 1}
P16871	2	{'PF00041': 1, 'PF18447': 1}
P16885	8	{'PF00017': 2, 'PF00018': 1, 'PF00168': 1, 'PF00387': 1, 'PF00388': 1, 'PF16457': 1, 'PF23329': 1, 'PF23583': 1}
P16930	2	{'PF01557': 1, 'PF09298': 1}
P16949	1	{'PF00836': 1}
P16989	1	{'PF00313': 1}
P17010	3	{'PF04704': 1, 'PF13909': 1, 'PF00096': 5}
P17014	3	{'PF01352': 1, 'PF00096': 13, 'PF13465': 1}
P17017	3	{'PF01352': 1, 'PF13912': 1, 'PF00096': 16}
P17019	2	{'PF01352': 1, 'PF00096': 13}
P17020	1	{'PF00096': 15}
P17021	2	{'PF01352': 1, 'PF00096': 17}
P17022	3	{'PF01352': 1, 'PF02023': 1, 'PF00096': 5}
P17023	2	{'PF01352': 1, 'PF00096': 9}
P17024	4	{'PF01352': 1, 'PF13912': 1, 'PF00096': 7, 'PF13894': 1}
P17025	2	{'PF01352': 1, 'PF00096': 14}
P17026	1	{'PF00096': 5}
P17027	1	{'PF00096': 15}
P17028	2	{'PF02023': 1, 'PF00096': 4}
P17029	3	{'PF01352': 1, 'PF02023': 1, 'PF00096': 6}
P17030	2	{'PF01352': 1, 'PF00096': 12}
P17031	2	{'PF01352': 1, 'PF00096': 13}
P17032	2	{'PF01352': 1, 'PF00096': 9}
P17035	3	{'PF01352': 1, 'PF00096': 14, 'PF13465': 1}
P17036	2	{'PF01352': 1, 'PF00096': 8}
P17038	3	{'PF01352': 1, 'PF13912': 1, 'PF00096': 19}
P17039	2	{'PF01352': 1, 'PF00096': 16}
P17040	3	{'PF02023': 1, 'PF13837': 2, 'PF00096': 10}
P17041	2	{'PF00096': 4, 'PF13465': 1}
P17050	2	{'PF16499': 1, 'PF17450': 1}
P17066	1	{'PF00012': 1}
P17081	1	{'PF00071': 1}
P17097	3	{'PF01352': 1, 'PF00096': 10, 'PF13465': 1}
P17098	2	{'PF01352': 1, 'PF00096': 7}
P17152	1	{'PF14972': 1}
P17174	1	{'PF00155': 1}
P17181	2	{'PF01108': 1, 'PF09294': 2}
P17213	2	{'PF01273': 1, 'PF02886': 1}
P17252	4	{'PF00130': 2, 'PF00168': 1, 'PF00433': 1, 'PF00069': 1}
P17275	1	{'PF03957': 1}
P17301	3	{'PF00092': 1, 'PF20805': 1, 'PF20806': 1}
P17302	2	{'PF00029': 1, 'PF03508': 1}
P17342	1	{'PF01094': 1}
P17405	2	{'PF00149': 1, 'PF19272': 1}
P17480	3	{'PF00505': 3, 'PF09011': 1, 'PF14887': 1}
P17481	1	{'PF00046': 1}
P17482	2	{'PF00046': 1, 'PF04617': 1}
P17483	1	{'PF00046': 1}
P17509	1	{'PF00046': 1}
P17516	1	{'PF00248': 1}
P17535	1	{'PF03957': 1}
P17538	1	{'PF00089': 1}
P17540	2	{'PF00217': 1, 'PF02807': 1}
P17542	1	{'PF00010': 1}
P17568	1	{'PF05676': 1}
P17600	2	{'PF02078': 1, 'PF02750': 1}
P17612	1	{'PF00069': 1}
P17643	1	{'PF00264': 1}
P17655	3	{'PF00648': 1, 'PF01067': 1, 'PF13833': 1}
P17658	2	{'PF00520': 1, 'PF02214': 1}
P17661	1	{'PF04732': 1}
P17677	2	{'PF06614': 1, 'PF10580': 1}
P17693	2	{'PF00129': 1, 'PF07654': 1}
P17706	1	{'PF00102': 1}
P17707	1	{'PF01536': 1}
P17735	1	{'PF00155': 1}
P17752	2	{'PF00351': 1, 'PF01842': 1}
P17787	2	{'PF02931': 1, 'PF02932': 1}
P17812	2	{'PF00117': 1, 'PF06418': 1}
P17813	1	{'PF26060': 1}
P17844	2	{'PF00270': 1, 'PF00271': 1}
P17858	1	{'PF00365': 2}
P17900	1	{'PF02221': 1}
P17927	1	{'PF00084': 30}
P17931	1	{'PF00337': 1}
P17936	2	{'PF00086': 1, 'PF00219': 1}
P17947	1	{'PF00178': 1}
P17948	8	{'PF00047': 1, 'PF13927': 1, 'PF07679': 2, 'PF17988': 1, 'PF21339': 1, 'PF22854': 1, 'PF22971': 1, 'PF07714': 1}
P17980	3	{'PF00004': 1, 'PF16450': 1, 'PF17862': 1}
P17987	1	{'PF00118': 1}
P18031	1	{'PF00102': 1}
P18054	2	{'PF00305': 1, 'PF01477': 1}
P18065	2	{'PF00086': 1, 'PF00219': 1}
P18074	3	{'PF06733': 1, 'PF06777': 1, 'PF13307': 1}
P18075	2	{'PF00019': 1, 'PF00688': 1}
P18077	1	{'PF01247': 1}
P18084	6	{'PF00362': 1, 'PF07965': 1, 'PF08725': 1, 'PF17205': 1, 'PF18372': 1, 'PF23105': 1}
P18085	1	{'PF00025': 1}
P18089	1	{'PF00001': 1}
P18124	2	{'PF00327': 1, 'PF08079': 1}
P18146	2	{'PF11928': 1, 'PF00096': 3}
P18206	1	{'PF01044': 3}
P18283	1	{'PF00255': 1}
P18405	1	{'PF02544': 1}
P18428	2	{'PF01273': 1, 'PF02886': 1}
P18433	1	{'PF00102': 2}
P18440	1	{'PF00797': 1}
P18505	2	{'PF02931': 1, 'PF02932': 1}
P18507	2	{'PF02931': 1, 'PF02932': 1}
P18509	1	{'PF00123': 2}
P18510	1	{'PF00340': 1}
P18545	1	{'PF04868': 1}
P18564	7	{'PF00362': 1, 'PF07965': 1, 'PF07974': 2, 'PF08725': 1, 'PF17205': 1, 'PF18372': 1, 'PF23105': 1}
P18577	1	{'PF00909': 1}
P18583	3	{'PF01585': 1, 'PF14709': 1, 'PF17069': 1}
P18615	1	{'PF00076': 1}
P18621	1	{'PF00237': 1}
P18669	1	{'PF00300': 2}
P18825	1	{'PF00001': 1}
P18827	1	{'PF01034': 1}
P18846	1	{'PF02173': 1}
P18858	3	{'PF01068': 1, 'PF04675': 1, 'PF04679': 1}
P18859	1	{'PF05511': 1}
P18887	2	{'PF00533': 2, 'PF01834': 1}
P19013	1	{'PF16208': 2}
P19021	2	{'PF01082': 1, 'PF03712': 1}
P19022	3	{'PF00028': 5, 'PF01049': 1, 'PF08758': 1}
P19075	1	{'PF00335': 1}
P19086	1	{'PF00503': 1}
P19087	1	{'PF00503': 1}
P19099	1	{'PF00067': 1}
P19105	2	{'PF08976': 1, 'PF13499': 1}
P19113	1	{'PF00282': 1}
P19174	8	{'PF00017': 2, 'PF00018': 1, 'PF00168': 1, 'PF00169': 1, 'PF00387': 1, 'PF00388': 1, 'PF23329': 1, 'PF23583': 1}
P19224	1	{'PF00201': 1}
P19235	2	{'PF00041': 1, 'PF09067': 1}
P19237	1	{'PF00992': 1}
P19320	4	{'PF00047': 1, 'PF05790': 2, 'PF13927': 2, 'PF07679': 2}
P19338	1	{'PF00076': 4}
P19367	2	{'PF00349': 2, 'PF03727': 2}
P19387	2	{'PF01000': 1, 'PF01193': 1}
P19388	2	{'PF01191': 1, 'PF03871': 1}
P19397	1	{'PF00335': 1}
P19404	1	{'PF01257': 1}
P19419	1	{'PF00178': 1}
P19429	1	{'PF00992': 1}
P19438	2	{'PF00020': 3, 'PF00531': 1}
P19440	1	{'PF01019': 1}
P19447	3	{'PF04851': 1, 'PF13625': 1, 'PF16203': 1}
P19474	4	{'PF00097': 1, 'PF00622': 1, 'PF00643': 1, 'PF13765': 1}
P19484	3	{'PF00010': 1, 'PF11851': 1, 'PF15951': 1}
P19525	2	{'PF00035': 2, 'PF00069': 1}
P19526	1	{'PF01531': 1}
P19532	3	{'PF00010': 1, 'PF11851': 1, 'PF15951': 1}
P19544	2	{'PF02165': 1, 'PF00096': 3}
P19622	2	{'PF00046': 1, 'PF10525': 1}
P19623	2	{'PF01564': 1, 'PF17284': 1}
P19634	2	{'PF00999': 1, 'PF16644': 1}
P19652	1	{'PF00061': 1}
P19784	1	{'PF00069': 1}
P19793	3	{'PF00104': 1, 'PF00105': 1, 'PF11825': 1}
P19801	3	{'PF01179': 1, 'PF02727': 1, 'PF02728': 1}
P19823	3	{'PF00092': 1, 'PF06668': 1, 'PF08487': 1}
P19827	3	{'PF00092': 1, 'PF06668': 1, 'PF08487': 1}
P19835	1	{'PF00135': 1}
P19838	3	{'PF00531': 1, 'PF00554': 1, 'PF16179': 1}
P19875	1	{'PF00048': 1}
P19876	1	{'PF00048': 1}
P19878	2	{'PF00018': 2, 'PF00564': 1}
P19883	3	{'PF07648': 3, 'PF09289': 1, 'PF21333': 1}
P19957	2	{'PF00095': 1, 'PF10511': 2}
P19961	2	{'PF00128': 1, 'PF02806': 1}
P19971	3	{'PF00591': 1, 'PF02885': 1, 'PF07831': 1}
P20020	6	{'PF00122': 1, 'PF00689': 1, 'PF00690': 1, 'PF08282': 1, 'PF12424': 1, 'PF13246': 1}
P20023	1	{'PF00084': 13}
P20036	2	{'PF00993': 1, 'PF07654': 1}
P20042	1	{'PF01873': 1}
P20061	1	{'PF14478': 1}
P20073	1	{'PF00191': 4}
P20132	1	{'PF00291': 1}
P20138	2	{'PF00047': 1, 'PF07686': 1}
P20142	1	{'PF00026': 1}
P20151	1	{'PF00089': 1}
P20155	1	{'PF00050': 1}
P20160	1	{'PF00089': 1}
P20226	1	{'PF00352': 2}
P20231	1	{'PF00089': 1}
P20248	2	{'PF00134': 1, 'PF02984': 1}
P20264	2	{'PF00046': 1, 'PF00157': 1}
P20265	2	{'PF00046': 1, 'PF00157': 1}
P20273	4	{'PF08205': 1, 'PF13895': 1, 'PF13927': 3, 'PF24518': 1}
P20290	1	{'PF01849': 1}
P20292	1	{'PF01124': 1}
P20309	1	{'PF00001': 1}
P20333	1	{'PF00020': 3}
P20336	1	{'PF00071': 1}
P20337	1	{'PF00071': 1}
P20338	1	{'PF00071': 1}
P20339	1	{'PF00071': 1}
P20340	1	{'PF00071': 1}
P20366	1	{'PF02202': 1}
P20382	1	{'PF05824': 1}
P20393	2	{'PF00104': 1, 'PF00105': 1}
P20396	1	{'PF05438': 1}
P20472	1	{'PF13499': 1}
P20585	4	{'PF00488': 1, 'PF01624': 1, 'PF05188': 1, 'PF05192': 1}
P20591	3	{'PF00350': 1, 'PF01031': 1, 'PF02212': 1}
P20592	3	{'PF00350': 1, 'PF01031': 1, 'PF02212': 1}
P20594	3	{'PF00211': 1, 'PF01094': 1, 'PF07714': 1}
P20618	1	{'PF00227': 1}
P20645	1	{'PF02157': 1}
P20648	6	{'PF00122': 1, 'PF00689': 1, 'PF00690': 1, 'PF08282': 1, 'PF09040': 1, 'PF13246': 1}
P20671	2	{'PF00125': 1, 'PF16211': 1}
P20674	1	{'PF02284': 1}
P20700	1	{'PF00932': 1}
P20701	4	{'PF00092': 1, 'PF00357': 1, 'PF08441': 1, 'PF20805': 1}
P20702	5	{'PF00092': 1, 'PF00357': 1, 'PF08441': 1, 'PF20805': 1, 'PF21520': 1}
P20711	1	{'PF00282': 1}
P20718	1	{'PF00089': 1}
P20719	1	{'PF00046': 1}
P20742	6	{'PF00207': 1, 'PF01835': 1, 'PF07677': 1, 'PF07703': 1, 'PF17789': 1, 'PF17791': 1}
P20783	2	{'PF00243': 1, 'PF19338': 1}
P20794	1	{'PF00069': 1}
P20800	1	{'PF00322': 1}
P20807	3	{'PF00648': 1, 'PF01067': 1, 'PF21875': 1}
P20809	1	{'PF07400': 1}
P20810	1	{'PF00748': 4}
P20813	1	{'PF00067': 1}
P20815	1	{'PF00067': 1}
P20823	3	{'PF04812': 1, 'PF04813': 1, 'PF04814': 1}
P20827	1	{'PF00812': 1}
P20839	2	{'PF00478': 1, 'PF00571': 2}
P20848	1	{'PF00079': 1}
P20851	1	{'PF00084': 3}
P20853	1	{'PF00067': 1}
P20908	2	{'PF01410': 1, 'PF02210': 1}
P20916	2	{'PF08205': 1, 'PF13927': 2}
P20929	1	{'PF14604': 1}
P20930	1	{'PF01023': 1}
P20933	1	{'PF01112': 1}
P20936	5	{'PF00017': 2, 'PF00018': 1, 'PF00168': 1, 'PF00169': 1, 'PF00616': 2}
P20941	1	{'PF02114': 1}
P20962	1	{'PF03247': 1}
P20963	1	{'PF11628': 1}
P21108	2	{'PF13793': 1, 'PF14572': 1}
P21127	1	{'PF00069': 1}
P21128	2	{'PF01033': 2, 'PF09412': 1}
P21145	1	{'PF01284': 1}
P21217	2	{'PF00852': 1, 'PF17039': 1}
P21246	2	{'PF01091': 1, 'PF05196': 1}
P21266	2	{'PF00043': 1, 'PF02798': 1}
P21281	3	{'PF00006': 1, 'PF02874': 1, 'PF22919': 1}
P21283	1	{'PF03223': 1}
P21291	1	{'PF00412': 2}
P21333	2	{'PF00307': 2, 'PF00630': 24}
P21359	3	{'PF00616': 1, 'PF13716': 1, 'PF21877': 1}
P21397	1	{'PF01593': 1}
P21399	2	{'PF00330': 1, 'PF00694': 1}
P21439	2	{'PF00664': 2, 'PF00005': 2}
P21452	1	{'PF00001': 1}
P21453	1	{'PF00001': 1}
P21462	1	{'PF00001': 1}
P21506	3	{'PF01352': 1, 'PF00096': 8, 'PF13465': 1}
P21549	1	{'PF00266': 1}
P21554	1	{'PF00001': 1}
P21579	1	{'PF00168': 2}
P21580	2	{'PF01754': 4, 'PF02338': 1}
P21583	1	{'PF02404': 1}
P21589	2	{'PF00149': 1, 'PF02872': 1}
P21673	1	{'PF00583': 1}
P21675	4	{'PF00439': 2, 'PF09247': 1, 'PF12157': 1, 'PF15288': 1}
P21695	2	{'PF01210': 1, 'PF07479': 1}
P21709	7	{'PF00041': 2, 'PF00536': 1, 'PF01404': 1, 'PF07699': 1, 'PF14575': 1, 'PF25599': 1, 'PF07714': 1}
P21728	1	{'PF00001': 1}
P21730	1	{'PF00001': 1}
P21731	1	{'PF00001': 1}
P21741	2	{'PF01091': 1, 'PF05196': 1}
P21754	2	{'PF00100': 1, 'PF23344': 1}
P21757	2	{'PF00530': 1, 'PF03523': 1}
P21781	1	{'PF00167': 1}
P21796	1	{'PF01459': 1}
P21802	3	{'PF13927': 2, 'PF07679': 1, 'PF07714': 1}
P21810	1	{'PF01462': 1}
P21815	1	{'PF05432': 1}
P21817	6	{'PF00520': 1, 'PF00622': 3, 'PF02026': 4, 'PF02815': 1, 'PF06459': 1, 'PF08709': 1}
P21854	1	{'PF00059': 1}
P21860	3	{'PF00757': 1, 'PF14843': 1, 'PF07714': 1}
P21912	2	{'PF13085': 1, 'PF13534': 1}
P21917	1	{'PF00001': 1}
P21918	1	{'PF00001': 1}
P21926	1	{'PF00335': 1}
P21941	2	{'PF00092': 2, 'PF14670': 1}
P21953	2	{'PF02779': 1, 'PF02780': 1}
P21964	1	{'PF01596': 1}
P21980	3	{'PF00868': 1, 'PF00927': 2, 'PF01841': 1}
P22001	2	{'PF00520': 1, 'PF02214': 1}
P22003	2	{'PF00019': 1, 'PF00688': 1}
P22004	2	{'PF00019': 1, 'PF00688': 1}
P22033	2	{'PF01642': 1, 'PF02310': 1}
P22059	2	{'PF00169': 1, 'PF01237': 1}
P22061	1	{'PF01135': 1}
P22079	1	{'PF03098': 1}
P22083	2	{'PF00852': 1, 'PF17039': 1}
P22087	1	{'PF01269': 1}
P22090	4	{'PF00467': 1, 'PF00900': 1, 'PF08071': 1, 'PF16121': 1}
P22102	6	{'PF00551': 1, 'PF00586': 1, 'PF01071': 1, 'PF02769': 1, 'PF02843': 1, 'PF02844': 1}
P22105	3	{'PF00041': 31, 'PF00147': 1, 'PF25024': 3}
P22223	2	{'PF00028': 4, 'PF01049': 1}
P22234	2	{'PF00731': 1, 'PF01259': 1}
P22301	1	{'PF00726': 1}
P22303	2	{'PF00135': 1, 'PF08674': 1}
P22304	1	{'PF00884': 1}
P22307	3	{'PF00108': 1, 'PF02036': 1, 'PF22691': 1}
P22309	1	{'PF00201': 1}
P22310	1	{'PF00201': 1}
P22314	5	{'PF00899': 2, 'PF09358': 1, 'PF10585': 1, 'PF16190': 1, 'PF16191': 1}
P22352	1	{'PF00255': 1}
P22362	1	{'PF00048': 1}
P22392	1	{'PF00334': 1}
P22413	3	{'PF01033': 2, 'PF01223': 1, 'PF01663': 1}
P22415	1	{'PF00010': 1}
P22455	3	{'PF13927': 1, 'PF07679': 1, 'PF07714': 1}
P22459	3	{'PF00520': 1, 'PF02214': 1, 'PF07941': 1}
P22460	2	{'PF00520': 1, 'PF02214': 1}
P22466	2	{'PF01296': 1, 'PF06540': 1}
P22492	1	{'PF00538': 1}
P22531	1	{'PF14820': 1}
P22532	1	{'PF14820': 1}
P22557	2	{'PF00155': 1, 'PF09029': 1}
P22570	1	{'PF13450': 1}
P22607	4	{'PF13927': 1, 'PF07679': 1, 'PF21165': 1, 'PF07714': 1}
P22612	1	{'PF00069': 1}
P22626	2	{'PF00076': 2, 'PF11627': 1}
P22670	3	{'PF02257': 1, 'PF04589': 1, 'PF25340': 1}
P22674	2	{'PF00134': 1, 'PF02984': 1}
P22676	2	{'PF13405': 1, 'PF13499': 2}
P22680	1	{'PF00067': 1}
P22681	5	{'PF00097': 1, 'PF00627': 1, 'PF02262': 1, 'PF02761': 1, 'PF02762': 1}
P22692	2	{'PF00086': 1, 'PF00219': 1}
P22694	1	{'PF00069': 1}
P22695	2	{'PF00675': 1, 'PF05193': 1}
P22732	1	{'PF00083': 1}
P22735	3	{'PF00868': 1, 'PF00927': 2, 'PF01841': 1}
P22736	2	{'PF00104': 1, 'PF00105': 1}
P22748	1	{'PF00194': 1}
P22749	1	{'PF03489': 1}
P22760	1	{'PF07859': 2}
P22794	1	{'PF05399': 1}
P22830	1	{'PF00762': 1}
P22888	1	{'PF00001': 1}
P22891	4	{'PF00008': 1, 'PF00089': 1, 'PF00594': 1, 'PF12662': 1}
P22894	2	{'PF00413': 1, 'PF01471': 1}
P22897	3	{'PF00040': 1, 'PF00059': 8, 'PF24562': 1}
P22914	1	{'PF00030': 2}
P23025	2	{'PF01286': 1, 'PF05181': 1}
P23083	1	{'PF07686': 1}
P23109	1	{'PF19326': 1}
P23141	1	{'PF00135': 1}
P23142	4	{'PF01821': 2, 'PF07645': 4, 'PF12662': 3, 'PF22914': 1}
P23193	3	{'PF01096': 1, 'PF07500': 1, 'PF08711': 1}
P23219	1	{'PF03098': 1}
P23229	3	{'PF08441': 1, 'PF20805': 1, 'PF20806': 1}
P23246	2	{'PF00076': 2, 'PF08075': 1}
P23258	2	{'PF00091': 1, 'PF03953': 1}
P23276	2	{'PF01431': 1, 'PF05649': 1}
P23280	1	{'PF00194': 1}
P23284	1	{'PF00160': 1}
P23297	2	{'PF00036': 1, 'PF01023': 1}
P23352	3	{'PF00041': 3, 'PF00095': 1, 'PF17869': 1}
P23368	2	{'PF00390': 1, 'PF03949': 1}
P23378	3	{'PF01212': 1, 'PF02347': 1, 'PF21478': 1}
P23381	2	{'PF00458': 1, 'PF00579': 1}
P23396	2	{'PF00189': 1, 'PF07650': 1}
P23409	2	{'PF00010': 1, 'PF01586': 1}
P23415	2	{'PF02931': 1, 'PF02932': 1}
P23416	2	{'PF02931': 1, 'PF02932': 1}
P23434	1	{'PF01597': 1}
P23435	1	{'PF00386': 1}
P23443	2	{'PF00433': 1, 'PF00069': 1}
P23458	5	{'PF17887': 1, 'PF18377': 1, 'PF18379': 1, 'PF21990': 1, 'PF07714': 2}
P23467	3	{'PF00041': 15, 'PF00102': 1, 'PF18861': 1}
P23468	4	{'PF00041': 7, 'PF00102': 2, 'PF13927': 1, 'PF07679': 2}
P23469	1	{'PF00102': 2}
P23470	3	{'PF00041': 1, 'PF00102': 2, 'PF00194': 1}
P23471	3	{'PF00041': 1, 'PF00102': 2, 'PF00194': 1}
P23490	1	{'PF15847': 1}
P23497	4	{'PF00505': 1, 'PF01342': 1, 'PF03172': 1, 'PF09011': 1}
P23508	1	{'PF10506': 2}
P23511	1	{'PF02045': 1}
P23515	1	{'PF01462': 1}
P23526	2	{'PF00670': 1, 'PF05221': 2}
P23527	1	{'PF00125': 1}
P23528	1	{'PF00241': 1}
P23560	1	{'PF00243': 1}
P23582	1	{'PF00212': 1}
P23588	1	{'PF00076': 1}
P23634	6	{'PF00122': 1, 'PF00689': 1, 'PF00690': 1, 'PF08282': 1, 'PF12424': 2, 'PF13246': 1}
P23677	1	{'PF03770': 1}
P23743	4	{'PF00130': 2, 'PF00609': 1, 'PF00781': 1, 'PF14513': 2}
P23759	3	{'PF00046': 1, 'PF00292': 1, 'PF12360': 1}
P23760	3	{'PF00046': 1, 'PF00292': 1, 'PF12360': 1}
P23763	1	{'PF00957': 1}
P23769	1	{'PF00320': 2}
P23771	1	{'PF00320': 2}
P23786	1	{'PF00755': 1}
P23919	1	{'PF02223': 1}
P23921	3	{'PF00317': 1, 'PF02867': 1, 'PF03477': 1}
P23942	1	{'PF00335': 1}
P23945	3	{'PF00001': 1, 'PF01462': 1, 'PF12369': 1}
P23946	1	{'PF00089': 1}
P23975	1	{'PF00209': 1}
P24001	1	{'PF15225': 1}
P24043	6	{'PF00052': 2, 'PF00053': 14, 'PF00054': 4, 'PF00055': 1, 'PF02210': 1, 'PF24973': 2}
P24046	2	{'PF02931': 1, 'PF02932': 1}
P24071	1	{'PF00047': 1}
P24158	1	{'PF00089': 1}
P24278	2	{'PF00651': 1, 'PF00096': 2}
P24298	1	{'PF00155': 1}
P24310	1	{'PF02238': 1}
P24311	1	{'PF05392': 1}
P24347	1	{'PF00413': 1}
P24385	2	{'PF00134': 1, 'PF02984': 1}
P24386	2	{'PF00996': 1, 'PF22603': 1}
P24387	2	{'PF05428': 1, 'PF23541': 1}
P24394	1	{'PF09238': 1}
P24462	1	{'PF00067': 1}
P24468	2	{'PF00104': 1, 'PF00105': 1}
P24522	1	{'PF01248': 1}
P24530	1	{'PF00001': 1}
P24534	2	{'PF00736': 1, 'PF10587': 1}
P24539	1	{'PF05405': 1}
P24557	1	{'PF00067': 2}
P24592	1	{'PF00086': 1}
P24593	2	{'PF00086': 1, 'PF00219': 1}
P24666	1	{'PF01451': 1}
P24723	4	{'PF00130': 2, 'PF00168': 1, 'PF00433': 1, 'PF00069': 1}
P24752	2	{'PF00108': 1, 'PF02803': 1}
P24821	4	{'PF00041': 15, 'PF00147': 1, 'PF23106': 1, 'PF25024': 3}
P24844	1	{'PF13499': 2}
P24855	1	{'PF03372': 1}
P24863	2	{'PF00134': 1, 'PF16899': 1}
P24864	2	{'PF00134': 1, 'PF02984': 1}
P24903	1	{'PF00067': 1}
P24928	7	{'PF00623': 1, 'PF04983': 1, 'PF04990': 1, 'PF04992': 1, 'PF04997': 1, 'PF04998': 1, 'PF05000': 1}
P24941	1	{'PF00069': 1}
P25021	1	{'PF00001': 1}
P25024	1	{'PF00001': 1}
P25025	1	{'PF00001': 1}
P25054	3	{'PF05937': 1, 'PF05956': 1, 'PF11414': 1}
P25063	1	{'PF14984': 1}
P25067	1	{'PF00386': 1}
P25089	1	{'PF00001': 1}
P25090	1	{'PF00001': 1}
P25092	2	{'PF00211': 1, 'PF07714': 1}
P25098	3	{'PF00169': 1, 'PF00615': 1, 'PF00069': 1}
P25100	1	{'PF00001': 1}
P25101	1	{'PF00001': 1}
P25103	1	{'PF00001': 1}
P25105	1	{'PF00001': 1}
P25106	1	{'PF00001': 1}
P25116	1	{'PF00001': 1}
P25189	2	{'PF07686': 1, 'PF10570': 1}
P25205	5	{'PF00493': 1, 'PF14551': 1, 'PF17207': 1, 'PF17855': 1, 'PF23191': 1}
P25208	1	{'PF00808': 1}
P25311	2	{'PF00129': 1, 'PF07654': 1}
P25325	1	{'PF00581': 2}
P25391	4	{'PF00052': 2, 'PF00053': 17, 'PF00054': 5, 'PF00055': 1}
P25398	1	{'PF01248': 1}
P25440	2	{'PF00439': 2, 'PF17035': 1}
P25445	2	{'PF00020': 2, 'PF00531': 1}
P25490	1	{'PF00096': 4}
P25685	2	{'PF00226': 1, 'PF01556': 1}
P25686	1	{'PF00226': 1}
P25705	3	{'PF00006': 1, 'PF00306': 1, 'PF02874': 1}
P25713	1	{'PF00131': 1}
P25774	2	{'PF00112': 1, 'PF08246': 1}
P25786	2	{'PF00227': 1, 'PF10584': 1}
P25787	2	{'PF00227': 1, 'PF10584': 1}
P25788	2	{'PF00227': 1, 'PF10584': 1}
P25789	2	{'PF00227': 1, 'PF10584': 1}
P25791	1	{'PF00412': 2}
P25800	1	{'PF00412': 2}
P25815	1	{'PF01023': 1}
P25929	1	{'PF00001': 1}
P25940	1	{'PF01410': 1}
P25942	1	{'PF00020': 2}
P26006	3	{'PF08441': 1, 'PF20805': 1, 'PF20806': 1}
P26010	4	{'PF00362': 1, 'PF07974': 1, 'PF08725': 1, 'PF17205': 1}
P26012	4	{'PF00362': 1, 'PF17205': 1, 'PF23105': 1, 'PF23106': 1}
P26022	2	{'PF00354': 1, 'PF26206': 1}
P26038	4	{'PF00373': 1, 'PF00769': 1, 'PF09379': 1, 'PF09380': 1}
P26045	5	{'PF00102': 1, 'PF00373': 1, 'PF00595': 1, 'PF09379': 1, 'PF09380': 1}
P26196	2	{'PF00270': 1, 'PF00271': 1}
P26232	1	{'PF01044': 2}
P26358	5	{'PF00145': 1, 'PF01426': 2, 'PF02008': 1, 'PF06464': 1, 'PF12047': 1}
P26367	2	{'PF00046': 1, 'PF00292': 1}
P26368	1	{'PF00076': 3}
P26373	1	{'PF01294': 1}
P26374	2	{'PF00996': 1, 'PF22603': 1}
P26378	1	{'PF00076': 3}
P26436	1	{'PF00021': 1}
P26439	1	{'PF01073': 1}
P26440	3	{'PF00441': 1, 'PF02770': 1, 'PF02771': 1}
P26441	1	{'PF01110': 1}
P26447	1	{'PF01023': 1}
P26572	1	{'PF03071': 1}
P26583	2	{'PF00505': 1, 'PF09011': 1}
P26599	3	{'PF11835': 1, 'PF13893': 2, 'PF22976': 1}
P26639	4	{'PF00587': 1, 'PF02824': 1, 'PF03129': 1, 'PF07973': 1}
P26640	3	{'PF00043': 1, 'PF00133': 1, 'PF08264': 1}
P26641	3	{'PF00043': 1, 'PF00647': 1, 'PF02798': 1}
P26651	1	{'PF00642': 2}
P26678	1	{'PF04272': 1}
P26715	1	{'PF00059': 1}
P26717	1	{'PF00059': 1}
P26718	1	{'PF00059': 1}
P26842	1	{'PF00020': 1}
P26885	1	{'PF00254': 1}
P26927	3	{'PF00024': 1, 'PF00051': 4, 'PF00089': 1}
P26951	2	{'PF09240': 1, 'PF18611': 1}
P26992	1	{'PF00041': 1}
P26998	1	{'PF00030': 2}
P27037	2	{'PF01064': 1, 'PF00069': 1}
P27105	1	{'PF01145': 1}
P27144	2	{'PF00406': 1, 'PF05191': 1}
P27216	1	{'PF00191': 4}
P27338	1	{'PF01593': 1}
P27361	1	{'PF00069': 1}
P27448	3	{'PF00627': 1, 'PF02149': 1, 'PF00069': 1}
P27449	1	{'PF00137': 2}
P27469	1	{'PF15103': 1}
P27482	1	{'PF00036': 4}
P27487	1	{'PF00326': 1}
P27539	1	{'PF00019': 1}
P27540	3	{'PF00010': 1, 'PF00989': 1, 'PF14598': 1}
P27544	1	{'PF03798': 1}
P27635	1	{'PF00252': 1}
P27658	1	{'PF00386': 1}
P27694	4	{'PF01336': 1, 'PF04057': 1, 'PF08646': 1, 'PF16900': 1}
P27695	1	{'PF03372': 1}
P27701	1	{'PF00335': 1}
P27707	1	{'PF01712': 1}
P27708	9	{'PF00117': 1, 'PF00185': 1, 'PF00988': 1, 'PF01979': 1, 'PF02142': 1, 'PF02729': 1, 'PF02786': 2, 'PF02787': 1, 'PF25596': 2}
P27797	1	{'PF00262': 2}
P27815	2	{'PF00233': 1, 'PF18100': 1}
P27816	1	{'PF00418': 4}
P27824	1	{'PF00262': 1}
P27918	2	{'PF00090': 5, 'PF22195': 1}
P27930	1	{'PF00047': 1}
P27986	3	{'PF00017': 2, 'PF00620': 1, 'PF16454': 1}
P27987	1	{'PF03770': 1}
P28039	2	{'PF00657': 1, 'PF20825': 1}
P28062	1	{'PF00227': 1}
P28065	1	{'PF00227': 1}
P28066	2	{'PF00227': 1, 'PF10584': 1}
P28067	2	{'PF00993': 1, 'PF07654': 1}
P28068	2	{'PF00969': 1, 'PF07654': 1}
P28069	2	{'PF00046': 1, 'PF00157': 1}
P28070	1	{'PF00227': 1}
P28072	1	{'PF00227': 1}
P28074	1	{'PF00227': 1}
P28161	2	{'PF00043': 1, 'PF02798': 1}
P28221	1	{'PF00001': 1}
P28222	1	{'PF00001': 1}
P28223	1	{'PF00001': 1}
P28288	2	{'PF06472': 1, 'PF00005': 1}
P28289	1	{'PF03250': 1}
P28290	2	{'PF14722': 1, 'PF14723': 1}
P28300	1	{'PF01186': 1}
P28324	1	{'PF00178': 1}
P28325	1	{'PF00031': 1}
P28328	1	{'PF04757': 1}
P28329	1	{'PF00755': 1}
P28330	3	{'PF00441': 1, 'PF02770': 1, 'PF02771': 1}
P28331	6	{'PF00384': 1, 'PF09326': 1, 'PF10588': 1, 'PF13510': 1, 'PF22117': 1, 'PF22151': 1}
P28332	2	{'PF00107': 1, 'PF08240': 1}
P28335	1	{'PF00001': 1}
P28336	1	{'PF00001': 1}
P28340	4	{'PF00136': 1, 'PF03104': 1, 'PF14260': 1, 'PF24055': 1}
P28347	2	{'PF01285': 1, 'PF17725': 1}
P28356	2	{'PF00046': 1, 'PF04617': 1}
P28358	1	{'PF00046': 1}
P28360	1	{'PF00046': 1}
P28370	4	{'PF00176': 1, 'PF00271': 1, 'PF09110': 1, 'PF09111': 1}
P28472	2	{'PF02931': 1, 'PF02932': 1}
P28476	2	{'PF02931': 1, 'PF02932': 1}
P28482	1	{'PF00069': 1}
P28562	2	{'PF00581': 1, 'PF00782': 1}
P28566	1	{'PF00001': 1}
P28676	1	{'PF13202': 1}
P28698	2	{'PF02023': 1, 'PF00096': 11}
P28702	2	{'PF00104': 1, 'PF00105': 1}
P28715	2	{'PF00752': 1, 'PF00867': 1}
P28749	4	{'PF01857': 1, 'PF01858': 1, 'PF08934': 1, 'PF11934': 1}
P28799	1	{'PF00396': 7}
P28827	5	{'PF00041': 1, 'PF00047': 1, 'PF00102': 2, 'PF00629': 1, 'PF23144': 1}
P28838	2	{'PF00883': 1, 'PF02789': 1}
P28845	1	{'PF00106': 1}
P28906	1	{'PF06365': 1}
P28907	1	{'PF02267': 1}
P28908	1	{'PF00020': 2}
P29016	2	{'PF07654': 1, 'PF16497': 1}
P29017	2	{'PF07654': 1, 'PF16497': 1}
P29033	1	{'PF00029': 1}
P29034	1	{'PF01023': 1}
P29074	6	{'PF00102': 1, 'PF00373': 1, 'PF00595': 1, 'PF08736': 1, 'PF09379': 1, 'PF09380': 1}
P29083	3	{'PF02002': 1, 'PF08271': 1, 'PF11521': 1}
P29084	2	{'PF02186': 1, 'PF18121': 1}
P29120	4	{'PF01483': 1, 'PF12177': 1, 'PF16470': 1, 'PF00082': 1}
P29122	5	{'PF01483': 1, 'PF08686': 1, 'PF14843': 1, 'PF16470': 1, 'PF00082': 1}
P29144	4	{'PF12580': 1, 'PF21223': 1, 'PF21316': 1, 'PF00082': 1}
P29218	1	{'PF00459': 1}
P29274	1	{'PF00001': 1}
P29275	1	{'PF00001': 1}
P29279	4	{'PF00007': 1, 'PF00093': 1, 'PF00219': 1, 'PF19035': 1}
P29317	6	{'PF00041': 2, 'PF00536': 1, 'PF01404': 1, 'PF14575': 1, 'PF25599': 1, 'PF07714': 1}
P29320	7	{'PF00041': 2, 'PF01404': 1, 'PF07647': 1, 'PF07699': 1, 'PF14575': 1, 'PF25599': 1, 'PF07714': 1}
P29322	6	{'PF00041': 2, 'PF00536': 1, 'PF01404': 1, 'PF14575': 1, 'PF25599': 1, 'PF07714': 1}
P29323	7	{'PF00041': 2, 'PF00536': 1, 'PF01404': 1, 'PF07699': 1, 'PF14575': 1, 'PF25599': 1, 'PF07714': 1}
P29350	2	{'PF00017': 2, 'PF00102': 1}
P29353	2	{'PF00017': 1, 'PF00640': 1}
P29371	1	{'PF00001': 1}
P29372	1	{'PF02245': 1}
P29373	1	{'PF00061': 1}
P29374	3	{'PF01388': 1, 'PF08169': 1, 'PF11717': 1}
P29375	7	{'PF00628': 2, 'PF01388': 1, 'PF02373': 1, 'PF02375': 1, 'PF02928': 1, 'PF08429': 1, 'PF21323': 1}
P29376	2	{'PF12810': 1, 'PF07714': 1}
P29377	2	{'PF00036': 1, 'PF01023': 1}
P29400	1	{'PF01413': 2}
P29401	3	{'PF00456': 1, 'PF02779': 1, 'PF02780': 1}
P29459	1	{'PF03039': 1}
P29460	1	{'PF10420': 1}
P29466	2	{'PF00619': 1, 'PF00656': 1}
P29474	4	{'PF00175': 1, 'PF00258': 1, 'PF00667': 1, 'PF02898': 1}
P29475	5	{'PF00175': 1, 'PF00258': 1, 'PF00595': 1, 'PF00667': 1, 'PF02898': 1}
P29508	1	{'PF00079': 1}
P29536	1	{'PF03250': 1}
P29558	1	{'PF00076': 2}
P29590	3	{'PF00097': 1, 'PF22586': 1, 'PF25244': 1}
P29597	5	{'PF17887': 1, 'PF18377': 1, 'PF18379': 1, 'PF21990': 1, 'PF07714': 2}
P29622	1	{'PF00079': 1}
P29692	2	{'PF00736': 1, 'PF10587': 1}
P29728	2	{'PF01909': 1, 'PF10421': 2}
P29762	1	{'PF00061': 1}
P29803	1	{'PF00676': 1}
P29965	1	{'PF00229': 1}
P29966	1	{'PF02063': 1}
P29972	1	{'PF00230': 1}
P29973	2	{'PF00027': 1, 'PF00520': 1}
P29992	1	{'PF00503': 1}
P30038	1	{'PF00171': 1}
P30039	1	{'PF02567': 1}
P30040	2	{'PF07749': 1, 'PF07912': 1}
P30041	2	{'PF00578': 1, 'PF10417': 1}
P30043	1	{'PF13460': 1}
P30044	1	{'PF08534': 1}
P30046	1	{'PF01187': 1}
P30047	1	{'PF06399': 1}
P30048	2	{'PF00578': 1, 'PF10417': 1}
P30049	2	{'PF02823': 1, 'PF21335': 1}
P30050	2	{'PF00298': 1, 'PF03946': 1}
P30084	1	{'PF00378': 1}
P30085	1	{'PF00406': 1}
P30086	1	{'PF01161': 1}
P30101	2	{'PF00085': 2, 'PF13848': 1}
P30203	1	{'PF00530': 3}
P30273	1	{'PF11628': 1}
P30279	2	{'PF00134': 1, 'PF02984': 1}
P30281	2	{'PF00134': 1, 'PF02984': 1}
P30291	1	{'PF00069': 1}
P30301	1	{'PF00230': 1}
P30304	2	{'PF00581': 1, 'PF06617': 1}
P30305	2	{'PF00581': 1, 'PF06617': 1}
P30307	2	{'PF00581': 1, 'PF06617': 1}
P30405	1	{'PF00160': 1}
P30408	1	{'PF05805': 1}
P30411	1	{'PF00001': 1}
P30414	1	{'PF00160': 1}
P30419	2	{'PF01233': 1, 'PF02799': 1}
P30511	2	{'PF00129': 1, 'PF07654': 1}
P30518	1	{'PF00001': 1}
P30519	1	{'PF01126': 1}
P30520	1	{'PF00709': 1}
P30530	3	{'PF00041': 2, 'PF13927': 1, 'PF07714': 1}
P30531	1	{'PF00209': 1}
P30532	2	{'PF02931': 1, 'PF02932': 2}
P30533	2	{'PF06400': 1, 'PF06401': 1}
P30536	1	{'PF03073': 1}
P30542	1	{'PF00001': 1}
P30550	1	{'PF00001': 1}
P30556	1	{'PF00001': 1}
P30559	1	{'PF00001': 1}
P30566	2	{'PF00206': 1, 'PF10397': 1}
P30613	2	{'PF00224': 1, 'PF02887': 1}
P30622	2	{'PF01302': 2, 'PF16641': 2}
P30626	2	{'PF13499': 1, 'PF13833': 1}
P30679	1	{'PF00503': 1}
P30711	2	{'PF00043': 1, 'PF13417': 1}
P30740	1	{'PF00079': 1}
P30793	1	{'PF01227': 1}
P30825	2	{'PF13520': 1, 'PF13906': 1}
P30837	1	{'PF00171': 1}
P30838	1	{'PF00171': 1}
P30872	1	{'PF00001': 1}
P30874	1	{'PF00001': 1}
P30876	7	{'PF00562': 1, 'PF04560': 1, 'PF04561': 1, 'PF04563': 1, 'PF04565': 1, 'PF04566': 1, 'PF04567': 1}
P30926	2	{'PF02931': 1, 'PF02932': 1}
P30939	1	{'PF00001': 1}
P30953	1	{'PF13853': 1}
P30954	1	{'PF00001': 1}
P30968	1	{'PF00001': 1}
P30988	2	{'PF00002': 1, 'PF02793': 1}
P30989	1	{'PF00001': 1}
P30990	1	{'PF07421': 1}
P31025	1	{'PF00061': 1}
P31040	2	{'PF00890': 1, 'PF02910': 1}
P31150	1	{'PF00996': 1}
P31151	1	{'PF01023': 1}
P31152	1	{'PF00069': 1}
P31153	3	{'PF00438': 1, 'PF02772': 1, 'PF02773': 1}
P31213	1	{'PF02544': 1}
P31249	2	{'PF00046': 1, 'PF13293': 1}
P31260	1	{'PF00046': 1}
P31267	1	{'PF00046': 1}
P31268	1	{'PF00046': 1}
P31269	2	{'PF00046': 1, 'PF04617': 1}
P31270	2	{'PF00046': 1, 'PF12045': 1}
P31271	2	{'PF00046': 1, 'PF12284': 1}
P31273	1	{'PF00046': 1}
P31274	2	{'PF00046': 1, 'PF04617': 1}
P31275	1	{'PF00046': 1}
P31276	2	{'PF00046': 1, 'PF12284': 1}
P31277	2	{'PF00046': 1, 'PF12045': 2}
P31314	1	{'PF00046': 1}
P31321	2	{'PF00027': 2, 'PF02197': 1}
P31323	2	{'PF00027': 2, 'PF02197': 1}
P31327	6	{'PF00117': 1, 'PF00988': 1, 'PF02142': 1, 'PF02786': 2, 'PF02787': 1, 'PF25596': 2}
P31350	1	{'PF00268': 1}
P31358	1	{'PF15116': 1}
P31371	1	{'PF00167': 1}
P31391	1	{'PF00001': 1}
P31415	1	{'PF01216': 1}
P31431	1	{'PF01034': 1}
P31483	1	{'PF00076': 3}
P31512	1	{'PF00743': 1}
P31513	1	{'PF00743': 1}
P31629	1	{'PF00096': 3}
P31639	1	{'PF00474': 1}
P31641	1	{'PF00209': 1}
P31644	2	{'PF02931': 1, 'PF02932': 1}
P31645	2	{'PF00209': 1, 'PF03491': 1}
P31689	3	{'PF00226': 1, 'PF00684': 1, 'PF01556': 1}
P31749	3	{'PF00169': 1, 'PF00433': 1, 'PF00069': 1}
P31751	3	{'PF00169': 1, 'PF00433': 1, 'PF00069': 1}
P31785	2	{'PF21605': 1, 'PF22012': 1}
P31930	2	{'PF00675': 1, 'PF05193': 1}
P31937	2	{'PF03446': 1, 'PF14833': 1}
P31939	2	{'PF01808': 1, 'PF02142': 1}
P31941	1	{'PF05240': 1}
P31942	1	{'PF00076': 2}
P31943	2	{'PF00076': 3, 'PF08080': 1}
P31944	1	{'PF00656': 1}
P31948	1	{'PF17830': 2}
P31949	2	{'PF00036': 1, 'PF01023': 1}
P31994	1	{'PF13895': 2}
P31995	1	{'PF13895': 2}
P31997	3	{'PF07686': 1, 'PF13895': 1, 'PF13927': 1}
P32004	4	{'PF00041': 4, 'PF13882': 1, 'PF13927': 2, 'PF07679': 3}
P32019	4	{'PF00620': 1, 'PF16776': 1, 'PF21310': 1, 'PF22669': 1}
P32119	2	{'PF00578': 1, 'PF10417': 1}
P32121	2	{'PF00339': 1, 'PF02752': 1}
P32189	2	{'PF00370': 1, 'PF02782': 1}
P32238	2	{'PF00001': 1, 'PF09193': 1}
P32239	1	{'PF00001': 1}
P32241	2	{'PF00002': 1, 'PF02793': 1}
P32242	2	{'PF00046': 1, 'PF03529': 1}
P32243	2	{'PF00046': 1, 'PF03529': 1}
P32245	1	{'PF00001': 1}
P32246	1	{'PF00001': 1}
P32247	1	{'PF00001': 1}
P32248	1	{'PF00001': 1}
P32249	1	{'PF00001': 1}
P32297	2	{'PF02931': 1, 'PF02932': 1}
P32298	2	{'PF00615': 1, 'PF00069': 1}
P32302	1	{'PF00001': 1}
P32314	1	{'PF00250': 1}
P32320	1	{'PF00383': 1}
P32321	1	{'PF00383': 1}
P32322	2	{'PF03807': 1, 'PF14748': 1}
P32418	3	{'PF01699': 2, 'PF03160': 2, 'PF16494': 1}
P32455	2	{'PF02263': 1, 'PF02841': 1}
P32456	2	{'PF02263': 1, 'PF02841': 1}
P32519	2	{'PF00178': 1, 'PF12310': 1}
P32745	1	{'PF00001': 1}
P32754	1	{'PF00903': 2}
P32780	2	{'PF03909': 1, 'PF08567': 1}
P32856	2	{'PF00804': 1, 'PF05739': 1}
P32881	1	{'PF00143': 1}
P32926	1	{'PF00028': 3}
P32927	1	{'PF21460': 1}
P32929	1	{'PF01053': 1}
P32942	2	{'PF03921': 1, 'PF21146': 1}
P32969	1	{'PF00347': 2}
P32970	1	{'PF00229': 1}
P32971	1	{'PF00229': 1}
P33032	1	{'PF00001': 1}
P33076	1	{'PF05729': 1}
P33121	1	{'PF00501': 1}
P33151	2	{'PF00028': 5, 'PF01049': 1}
P33176	1	{'PF00225': 1}
P33240	3	{'PF00076': 1, 'PF14304': 1, 'PF14327': 1}
P33260	1	{'PF00067': 1}
P33261	1	{'PF00067': 1}
P33316	1	{'PF00692': 1}
P33402	3	{'PF00211': 1, 'PF07700': 1, 'PF07701': 1}
P33527	3	{'PF00664': 2, 'PF00005': 2, 'PF24357': 1}
P33552	1	{'PF01111': 1}
P33681	2	{'PF07686': 1, 'PF08205': 1}
P33763	1	{'PF01023': 1}
P33764	1	{'PF01023': 1}
P33778	1	{'PF00125': 1}
P33897	2	{'PF06472': 1, 'PF00005': 1}
P33981	1	{'PF00069': 1}
P33991	5	{'PF00493': 1, 'PF14551': 1, 'PF17207': 1, 'PF17855': 1, 'PF21128': 1}
P33992	5	{'PF00493': 1, 'PF14551': 1, 'PF17207': 1, 'PF17855': 1, 'PF21933': 1}
P33993	5	{'PF00493': 1, 'PF14551': 1, 'PF17207': 1, 'PF17855': 1, 'PF24901': 1}
P34059	2	{'PF00884': 1, 'PF14707': 1}
P34096	1	{'PF00074': 1}
P34130	1	{'PF00243': 1}
P34741	1	{'PF01034': 1}
P34810	1	{'PF01299': 1}
P34820	2	{'PF00019': 1, 'PF00688': 1}
P34896	1	{'PF00464': 1}
P34897	1	{'PF00464': 1}
P34903	2	{'PF02931': 1, 'PF02932': 1}
P34913	2	{'PF00561': 1, 'PF00702': 1}
P34925	2	{'PF02019': 1, 'PF07714': 1}
P34931	1	{'PF00012': 1}
P34932	1	{'PF00012': 2}
P34947	2	{'PF00615': 1, 'PF00069': 1}
P34949	3	{'PF01238': 1, 'PF20511': 1, 'PF20512': 1}
P34969	1	{'PF00001': 1}
P34972	1	{'PF00001': 1}
P34981	1	{'PF00001': 1}
P34982	1	{'PF13853': 1}
P34995	1	{'PF00001': 1}
P34998	2	{'PF00002': 1, 'PF02793': 1}
P35030	1	{'PF00089': 1}
P35052	1	{'PF01153': 1}
P35080	1	{'PF00235': 1}
P35125	2	{'PF00443': 1, 'PF00566': 1}
P35212	1	{'PF00029': 1}
P35218	1	{'PF00194': 1}
P35219	1	{'PF00194': 1}
P35221	1	{'PF01044': 1}
P35225	1	{'PF03487': 1}
P35226	2	{'PF13923': 1, 'PF16207': 1}
P35227	2	{'PF13923': 1, 'PF16207': 1}
P35228	4	{'PF00175': 1, 'PF00258': 1, 'PF00667': 1, 'PF02898': 1}
P35232	1	{'PF01145': 1}
P35236	1	{'PF00102': 1}
P35237	1	{'PF00079': 1}
P35240	4	{'PF00373': 1, 'PF00769': 1, 'PF09379': 1, 'PF09380': 1}
P35241	4	{'PF00373': 1, 'PF00769': 1, 'PF09379': 1, 'PF09380': 1}
P35243	2	{'PF13499': 1, 'PF13833': 1}
P35244	1	{'PF08661': 1}
P35247	1	{'PF00059': 1}
P35249	3	{'PF00004': 1, 'PF08542': 1, 'PF21960': 1}
P35250	2	{'PF00004': 1, 'PF08542': 1}
P35251	4	{'PF00004': 1, 'PF00533': 1, 'PF08519': 1, 'PF25361': 1}
P35268	1	{'PF01776': 1}
P35269	1	{'PF05793': 1}
P35270	1	{'PF00106': 1}
P35318	1	{'PF00214': 1}
P35325	1	{'PF14820': 1}
P35326	1	{'PF14820': 1}
P35346	1	{'PF00001': 1}
P35348	1	{'PF00001': 1}
P35354	1	{'PF03098': 1}
P35367	1	{'PF00001': 1}
P35368	1	{'PF00001': 1}
P35372	1	{'PF00001': 1}
P35398	2	{'PF00104': 1, 'PF00105': 1}
P35408	1	{'PF00001': 1}
P35414	1	{'PF00001': 1}
P35442	5	{'PF00090': 3, 'PF00093': 1, 'PF02412': 7, 'PF05735': 1, 'PF12947': 1}
P35443	4	{'PF00008': 1, 'PF02412': 6, 'PF05735': 1, 'PF11598': 1}
P35452	1	{'PF00046': 1}
P35453	2	{'PF00046': 1, 'PF12284': 1}
P35462	1	{'PF00001': 1}
P35475	2	{'PF01229': 1, 'PF21200': 1}
P35498	3	{'PF00520': 4, 'PF06512': 1, 'PF11933': 1}
P35499	2	{'PF00520': 4, 'PF06512': 1}
P35503	1	{'PF00201': 1}
P35504	1	{'PF00201': 1}
P35520	2	{'PF00291': 1, 'PF00571': 1}
P35523	1	{'PF00654': 1}
P35542	1	{'PF00277': 1}
P35548	1	{'PF00046': 1}
P35555	8	{'PF00683': 9, 'PF07645': 32, 'PF12661': 1, 'PF12662': 5, 'PF12947': 1, 'PF14670': 1, 'PF18193': 1, 'PF21364': 1}
P35556	7	{'PF00683': 9, 'PF07645': 32, 'PF12661': 3, 'PF12662': 5, 'PF12947': 1, 'PF18193': 1, 'PF21364': 1}
P35557	2	{'PF00349': 1, 'PF03727': 1}
P35558	2	{'PF00821': 1, 'PF17297': 1}
P35568	2	{'PF00169': 1, 'PF02174': 1}
P35573	3	{'PF14699': 1, 'PF14701': 1, 'PF14702': 1}
P35575	1	{'PF01569': 1}
P35579	2	{'PF00063': 1, 'PF02736': 1}
P35580	2	{'PF00063': 1, 'PF02736': 1}
P35590	3	{'PF00041': 3, 'PF00047': 2, 'PF07714': 1}
P35609	3	{'PF00307': 2, 'PF00435': 4, 'PF08726': 1}
P35610	1	{'PF03062': 1}
P35611	1	{'PF00596': 1}
P35612	1	{'PF00596': 1}
P35613	1	{'PF13927': 2}
P35625	1	{'PF00965': 1}
P35626	3	{'PF00169': 1, 'PF00615': 1, 'PF00069': 1}
P35637	2	{'PF00076': 1, 'PF00641': 1}
P35658	1	{'PF18617': 1}
P35659	2	{'PF02037': 1, 'PF08766': 1}
P35663	1	{'PF15241': 1}
P35670	3	{'PF00122': 1, 'PF00403': 6, 'PF00702': 1}
P35680	2	{'PF04812': 1, 'PF04814': 1}
P35711	1	{'PF00505': 1}
P35712	1	{'PF00505': 1}
P35713	2	{'PF00505': 1, 'PF12067': 1}
P35716	1	{'PF00505': 1}
P35749	2	{'PF00063': 1, 'PF02736': 1}
P35754	1	{'PF00462': 1}
P35789	3	{'PF01352': 1, 'PF00096': 14, 'PF13465': 1}
P35790	1	{'PF01633': 1}
P35813	2	{'PF00481': 1, 'PF07830': 1}
P35858	1	{'PF01462': 1}
P35869	3	{'PF00010': 1, 'PF00989': 1, 'PF08447': 1}
P35908	1	{'PF16208': 1}
P35913	2	{'PF00233': 1, 'PF01590': 2}
P35914	1	{'PF00682': 1}
P35916	7	{'PF13927': 1, 'PF07679': 1, 'PF17988': 1, 'PF21339': 1, 'PF22854': 1, 'PF22971': 1, 'PF07714': 1}
P35968	8	{'PF00047': 1, 'PF13927': 1, 'PF07679': 2, 'PF17988': 1, 'PF21339': 1, 'PF22854': 1, 'PF22971': 1, 'PF07714': 1}
P35998	3	{'PF00004': 1, 'PF17862': 1, 'PF21236': 1}
P36021	1	{'PF07690': 2}
P36222	1	{'PF00704': 1}
P36268	1	{'PF01019': 1}
P36269	1	{'PF01019': 1}
P36382	2	{'PF00029': 1, 'PF16791': 1}
P36383	1	{'PF00029': 1}
P36402	2	{'PF00505': 1, 'PF08347': 1}
P36404	1	{'PF00025': 1}
P36405	1	{'PF00025': 1}
P36406	3	{'PF00025': 1, 'PF00643': 1, 'PF13445': 1}
P36507	1	{'PF00069': 1}
P36508	1	{'PF00096': 5}
P36537	1	{'PF00201': 1}
P36542	1	{'PF00231': 1}
P36543	1	{'PF01991': 1}
P36544	2	{'PF02931': 1, 'PF02932': 1}
P36551	1	{'PF01218': 1}
P36575	2	{'PF00339': 1, 'PF02752': 1}
P36578	2	{'PF00573': 1, 'PF14374': 1}
P36639	1	{'PF00293': 1}
P36776	4	{'PF00004': 1, 'PF02190': 1, 'PF05362': 1, 'PF22667': 1}
P36871	4	{'PF02878': 1, 'PF02879': 1, 'PF02880': 1, 'PF24947': 1}
P36873	2	{'PF00149': 1, 'PF16891': 1}
P36888	2	{'PF00047': 1, 'PF07714': 1}
P36894	3	{'PF01064': 1, 'PF08515': 1, 'PF07714': 1}
P36896	3	{'PF01064': 1, 'PF08515': 1, 'PF00069': 1}
P36897	3	{'PF01064': 1, 'PF08515': 1, 'PF00069': 1}
P36915	1	{'PF01926': 1}
P36941	1	{'PF00020': 3}
P36952	1	{'PF00079': 1}
P36954	2	{'PF01096': 1, 'PF02150': 1}
P36955	1	{'PF00079': 1}
P36956	1	{'PF00010': 1}
P36957	2	{'PF00198': 1, 'PF00364': 1}
P36959	1	{'PF00478': 1}
P36969	1	{'PF00255': 1}
P36980	1	{'PF00084': 4}
P37023	2	{'PF08515': 1, 'PF07714': 1}
P37058	1	{'PF00106': 1}
P37059	1	{'PF00106': 1}
P37088	1	{'PF00858': 1}
P37108	1	{'PF02290': 1}
P37173	2	{'PF08917': 1, 'PF07714': 1}
P37198	1	{'PF05064': 1}
P37231	3	{'PF00104': 1, 'PF00105': 1, 'PF12577': 1}
P37235	1	{'PF13499': 2}
P37268	1	{'PF00494': 1}
P37275	2	{'PF05605': 1, 'PF00096': 4}
P37287	2	{'PF00534': 1, 'PF08288': 1}
P37288	2	{'PF00001': 1, 'PF08983': 1}
P37802	1	{'PF00307': 1}
P37837	1	{'PF00923': 1}
P37840	1	{'PF01387': 1}
P38117	1	{'PF01012': 1}
P38159	2	{'PF00076': 1, 'PF08081': 1}
P38398	3	{'PF00097': 1, 'PF00533': 2, 'PF12820': 1}
P38405	1	{'PF00503': 1}
P38432	2	{'PF15862': 1, 'PF23086': 1}
P38435	2	{'PF05090': 1, 'PF22777': 1}
P38484	2	{'PF01108': 1, 'PF09294': 1}
P38567	1	{'PF01630': 1}
P38570	3	{'PF00092': 1, 'PF00357': 1, 'PF20805': 1}
P38571	1	{'PF00561': 1}
P38606	4	{'PF00006': 1, 'PF02874': 1, 'PF16886': 1, 'PF22919': 1}
P38646	1	{'PF00012': 1}
P38919	2	{'PF00270': 1, 'PF00271': 1}
P38935	5	{'PF01424': 1, 'PF01428': 1, 'PF13086': 1, 'PF13087': 1, 'PF21138': 1}
P38936	1	{'PF02234': 1}
P39019	1	{'PF01090': 1}
P39023	1	{'PF00297': 1}
P39059	2	{'PF06482': 1, 'PF20010': 1}
P39060	4	{'PF01392': 1, 'PF06121': 1, 'PF06482': 1, 'PF20010': 1}
P39086	3	{'PF00060': 1, 'PF01094': 1, 'PF10613': 1}
P39210	1	{'PF04117': 1}
P39656	2	{'PF03345': 1, 'PF23358': 1}
P39748	2	{'PF00752': 1, 'PF00867': 1}
P39877	1	{'PF00068': 1}
P39880	3	{'PF00046': 1, 'PF02376': 3, 'PF25398': 1}
P39900	2	{'PF00413': 1, 'PF01471': 1}
P39905	1	{'PF00019': 1}
P40121	1	{'PF00626': 3}
P40123	2	{'PF08603': 1, 'PF21938': 1}
P40126	1	{'PF00264': 1}
P40145	3	{'PF00211': 2, 'PF06327': 1, 'PF16214': 1}
P40189	3	{'PF00041': 2, 'PF06328': 1, 'PF25552': 1}
P40197	1	{'PF01463': 1}
P40198	1	{'PF07686': 1}
P40199	3	{'PF07686': 1, 'PF13895': 1, 'PF13927': 1}
P40225	1	{'PF00758': 1}
P40227	1	{'PF00118': 1}
P40238	1	{'PF09067': 1}
P40259	1	{'PF07686': 1}
P40261	1	{'PF01234': 1}
P40305	1	{'PF06140': 1}
P40306	2	{'PF00227': 1, 'PF12465': 1}
P40313	1	{'PF00089': 1}
P40337	2	{'PF01847': 1, 'PF17211': 1}
P40394	2	{'PF00107': 1, 'PF08240': 1}
P40424	2	{'PF00046': 1, 'PF03792': 1}
P40425	2	{'PF03792': 1, 'PF05920': 1}
P40426	2	{'PF03792': 1, 'PF05920': 1}
P40429	1	{'PF00572': 1}
P40616	1	{'PF00025': 1}
P40617	1	{'PF00025': 1}
P40692	3	{'PF01119': 1, 'PF13589': 1, 'PF16413': 1}
P40763	5	{'PF00017': 1, 'PF01017': 1, 'PF02864': 1, 'PF02865': 1, 'PF21354': 1}
P40818	4	{'PF00443': 1, 'PF00581': 1, 'PF08969': 1, 'PF20625': 1}
P40855	1	{'PF04614': 1}
P40879	2	{'PF00916': 1, 'PF01740': 1}
P40925	2	{'PF00056': 1, 'PF02866': 1}
P40926	2	{'PF00056': 1, 'PF02866': 1}
P40933	1	{'PF02372': 1}
P40937	3	{'PF00004': 1, 'PF08542': 1, 'PF21960': 1}
P40938	3	{'PF13177': 1, 'PF21960': 1, 'PF22534': 1}
P40939	3	{'PF00378': 1, 'PF00725': 2, 'PF02737': 1}
P40967	3	{'PF00801': 1, 'PF20433': 1, 'PF26141': 1}
P41002	3	{'PF00134': 1, 'PF00646': 1, 'PF02984': 1}
P41091	3	{'PF00009': 1, 'PF03144': 1, 'PF09173': 1}
P41134	1	{'PF00010': 1}
P41143	1	{'PF00001': 1}
P41145	1	{'PF00001': 1}
P41146	1	{'PF00001': 1}
P41159	1	{'PF02024': 1}
P41161	2	{'PF00178': 1, 'PF04621': 1}
P41162	1	{'PF00178': 1}
P41180	3	{'PF00003': 1, 'PF01094': 1, 'PF07562': 1}
P41181	1	{'PF00230': 1}
P41182	2	{'PF00651': 1, 'PF00096': 4}
P41208	1	{'PF13499': 2}
P41212	2	{'PF00178': 1, 'PF02198': 1}
P41214	5	{'PF01253': 1, 'PF17832': 1, 'PF25304': 1, 'PF26291': 1, 'PF26292': 1}
P41217	1	{'PF00047': 2}
P41218	2	{'PF02758': 1, 'PF02760': 1}
P41219	1	{'PF04732': 1}
P41220	1	{'PF00615': 1}
P41221	1	{'PF00110': 1}
P41222	1	{'PF00061': 1}
P41223	1	{'PF01125': 1}
P41225	2	{'PF00505': 1, 'PF12336': 1}
P41226	5	{'PF00899': 2, 'PF09358': 1, 'PF10585': 1, 'PF16190': 1, 'PF16191': 1}
P41227	1	{'PF00583': 1}
P41229	7	{'PF00628': 1, 'PF01388': 1, 'PF02373': 1, 'PF02375': 1, 'PF02928': 1, 'PF08429': 1, 'PF21323': 1}
P41231	1	{'PF00001': 1}
P41235	2	{'PF00104': 1, 'PF00105': 1}
P41236	1	{'PF04979': 1}
P41238	1	{'PF05240': 1}
P41240	3	{'PF00017': 1, 'PF00018': 1, 'PF07714': 1}
P41247	1	{'PF01734': 1}
P41250	3	{'PF00458': 1, 'PF00587': 1, 'PF03129': 1}
P41252	4	{'PF00133': 1, 'PF08264': 1, 'PF19302': 1, 'PF23567': 2}
P41271	1	{'PF03045': 1}
P41273	1	{'PF00229': 1}
P41279	1	{'PF00069': 1}
P41439	1	{'PF03024': 1}
P41440	1	{'PF01770': 1}
P41567	1	{'PF01253': 1}
P41586	2	{'PF00002': 1, 'PF02793': 1}
P41587	2	{'PF00002': 1, 'PF02793': 1}
P41594	4	{'PF00003': 1, 'PF01094': 1, 'PF07562': 1, 'PF10606': 1}
P41595	1	{'PF00001': 1}
P41597	1	{'PF00001': 1}
P41732	1	{'PF00335': 1}
P41743	4	{'PF00130': 1, 'PF00433': 1, 'PF00564': 1, 'PF00069': 1}
P41968	1	{'PF00001': 1}
P41970	1	{'PF00178': 1}
P42025	1	{'PF00022': 1}
P42081	1	{'PF07686': 1}
P42126	1	{'PF00378': 1}
P42127	1	{'PF05039': 1}
P42166	3	{'PF03020': 1, 'PF08198': 1, 'PF11560': 1}
P42167	2	{'PF03020': 1, 'PF08198': 1}
P42224	5	{'PF00017': 1, 'PF01017': 1, 'PF02864': 1, 'PF02865': 1, 'PF21354': 1}
P42226	6	{'PF00017': 1, 'PF01017': 1, 'PF02864': 1, 'PF02865': 1, 'PF14596': 1, 'PF21354': 1}
P42229	5	{'PF00017': 1, 'PF01017': 1, 'PF02864': 1, 'PF02865': 1, 'PF21354': 1}
P42261	3	{'PF00060': 1, 'PF01094': 1, 'PF10613': 1}
P42262	3	{'PF00060': 1, 'PF01094': 1, 'PF10613': 1}
P42263	3	{'PF00060': 1, 'PF01094': 1, 'PF10613': 1}
P42285	5	{'PF00270': 1, 'PF00271': 1, 'PF08148': 1, 'PF13234': 1, 'PF21408': 1}
P42330	1	{'PF00248': 1}
P42331	2	{'PF00169': 1, 'PF00620': 1}
P42336	4	{'PF00454': 1, 'PF00792': 1, 'PF00794': 1, 'PF02192': 1}
P42338	4	{'PF00454': 1, 'PF00792': 1, 'PF00794': 1, 'PF02192': 1}
P42345	3	{'PF00454': 1, 'PF02260': 1, 'PF08771': 1}
P42356	2	{'PF00454': 1, 'PF19274': 1}
P42357	1	{'PF00221': 1}
P42568	2	{'PF03366': 1, 'PF17793': 1}
P42574	1	{'PF00656': 1}
P42575	2	{'PF00619': 1, 'PF00656': 1}
P42658	1	{'PF00326': 1}
P42677	1	{'PF01667': 1}
P42679	3	{'PF00017': 1, 'PF00018': 1, 'PF07714': 1}
P42680	4	{'PF00017': 1, 'PF00018': 1, 'PF00169': 1, 'PF07714': 1}
P42681	3	{'PF00017': 1, 'PF00018': 1, 'PF07714': 1}
P42684	4	{'PF00017': 1, 'PF00018': 1, 'PF08919': 1, 'PF07714': 1}
P42685	3	{'PF00017': 1, 'PF00018': 1, 'PF07714': 1}
P42694	3	{'PF00642': 1, 'PF13086': 2, 'PF13087': 1}
P42696	1	{'PF00076': 2}
P42701	1	{'PF00041': 1}
P42702	5	{'PF00041': 1, 'PF17971': 1, 'PF18207': 1, 'PF21177': 1, 'PF25552': 1}
P42765	2	{'PF00108': 1, 'PF02803': 1}
P42766	1	{'PF00831': 1}
P42768	2	{'PF00568': 1, 'PF00786': 1}
P42785	1	{'PF05577': 1}
P42830	1	{'PF00048': 1}
P42857	1	{'PF06387': 1}
P42892	2	{'PF01431': 1, 'PF05649': 1}
P42898	2	{'PF02219': 1, 'PF21895': 1}
P43003	1	{'PF00375': 1}
P43004	1	{'PF00375': 1}
P43005	1	{'PF00375': 1}
P43007	1	{'PF00375': 1}
P43026	2	{'PF00019': 1, 'PF00688': 1}
P43034	1	{'PF24951': 1}
P43080	2	{'PF00036': 1, 'PF13499': 1}
P43088	1	{'PF00001': 1}
P43115	1	{'PF00001': 1}
P43116	1	{'PF00001': 1}
P43119	1	{'PF00001': 1}
P43121	3	{'PF07686': 1, 'PF08205': 1, 'PF13927': 3}
P43146	3	{'PF00041': 6, 'PF06583': 1, 'PF07679': 3}
P43155	1	{'PF00755': 1}
P43166	1	{'PF00194': 1}
P43220	2	{'PF00002': 1, 'PF02793': 1}
P43234	1	{'PF00112': 1}
P43235	2	{'PF00112': 1, 'PF08246': 1}
P43246	5	{'PF00488': 1, 'PF01624': 1, 'PF05188': 1, 'PF05190': 1, 'PF05192': 1}
P43250	2	{'PF00615': 1, 'PF00069': 1}
P43251	2	{'PF00795': 1, 'PF19018': 1}
P43268	2	{'PF00178': 1, 'PF04621': 1}
P43304	2	{'PF01266': 1, 'PF16901': 1}
P43307	1	{'PF03896': 1}
P43308	1	{'PF05753': 1}
P43320	1	{'PF00030': 2}
P43351	1	{'PF04098': 1}
P43353	1	{'PF00171': 1}
P43354	2	{'PF00104': 1, 'PF00105': 1}
P43355	1	{'PF01454': 1}
P43356	1	{'PF01454': 1}
P43357	1	{'PF01454': 1}
P43358	1	{'PF01454': 1}
P43360	1	{'PF01454': 1}
P43361	1	{'PF01454': 1}
P43362	1	{'PF01454': 1}
P43363	1	{'PF01454': 1}
P43364	1	{'PF01454': 1}
P43365	1	{'PF01454': 1}
P43366	1	{'PF01454': 1}
P43378	2	{'PF00102': 1, 'PF00650': 1}
P43403	2	{'PF00017': 2, 'PF07714': 1}
P43405	2	{'PF00017': 2, 'PF07714': 1}
P43487	1	{'PF00638': 1}
P43489	1	{'PF00020': 2}
P43490	2	{'PF04095': 1, 'PF18127': 1}
P43626	1	{'PF00047': 2}
P43627	1	{'PF00047': 2}
P43628	1	{'PF00047': 2}
P43629	1	{'PF00047': 3}
P43630	1	{'PF00047': 3}
P43631	1	{'PF00047': 2}
P43632	1	{'PF00047': 2}
P43652	1	{'PF00273': 3}
P43657	1	{'PF00001': 1}
P43681	2	{'PF02931': 1, 'PF02932': 1}
P43686	3	{'PF00004': 1, 'PF16450': 1, 'PF17862': 1}
P43694	2	{'PF00320': 2, 'PF05349': 1}
P43699	1	{'PF00046': 1}
P43897	2	{'PF00889': 1, 'PF25025': 1}
P45378	1	{'PF00992': 1}
P45379	1	{'PF00992': 2}
P45381	2	{'PF04952': 1, 'PF24827': 1}
P45452	2	{'PF00413': 1, 'PF01471': 1}
P45844	3	{'PF01061': 1, 'PF00005': 1, 'PF19055': 1}
P45877	1	{'PF00160': 1}
P45880	1	{'PF01459': 1}
P45954	3	{'PF00441': 1, 'PF02770': 1, 'PF02771': 1}
P45973	2	{'PF00385': 1, 'PF01393': 1}
P45974	4	{'PF00443': 1, 'PF00627': 2, 'PF02148': 1, 'PF17807': 1}
P45983	1	{'PF00069': 1}
P45984	1	{'PF00069': 1}
P45985	1	{'PF00069': 1}
P46013	2	{'PF00498': 1, 'PF15276': 1}
P46019	1	{'PF19292': 1}
P46020	1	{'PF19292': 1}
P46059	1	{'PF00854': 2}
P46060	1	{'PF07834': 1}
P46063	3	{'PF00270': 1, 'PF00271': 1, 'PF16124': 1}
P46087	2	{'PF01189': 1, 'PF22458': 1}
P46089	1	{'PF00001': 1}
P46091	1	{'PF00001': 1}
P46092	1	{'PF00001': 1}
P46093	1	{'PF00001': 1}
P46094	1	{'PF00001': 1}
P46095	1	{'PF00001': 1}
P46098	2	{'PF02931': 1, 'PF02932': 1}
P46100	4	{'PF00176': 1, 'PF00271': 1, 'PF17981': 1, 'PF26143': 1}
P46108	3	{'PF00017': 1, 'PF00018': 1, 'PF07653': 1}
P46109	3	{'PF00017': 1, 'PF00018': 1, 'PF07653': 1}
P46199	3	{'PF00009': 1, 'PF11987': 1, 'PF22042': 1}
P46379	3	{'PF00240': 1, 'PF12057': 1, 'PF20960': 1}
P46439	2	{'PF00043': 1, 'PF02798': 1}
P46459	5	{'PF00004': 2, 'PF02359': 1, 'PF02933': 1, 'PF17862': 1, 'PF21964': 1}
P46527	1	{'PF02234': 1}
P46531	6	{'PF00008': 21, 'PF00066': 3, 'PF06816': 1, 'PF07645': 4, 'PF07684': 1, 'PF12661': 6}
P46597	2	{'PF00891': 1, 'PF08100': 1}
P46663	1	{'PF00001': 1}
P46721	2	{'PF03137': 1, 'PF07648': 1}
P46734	1	{'PF00069': 1}
P46736	2	{'PF01398': 1, 'PF18110': 1}
P46776	1	{'PF00828': 1}
P46777	2	{'PF14204': 1, 'PF17144': 1}
P46778	1	{'PF01157': 1}
P46779	1	{'PF01778': 1}
P46781	2	{'PF00163': 1, 'PF01479': 1}
P46782	1	{'PF00177': 1}
P46783	1	{'PF03501': 1}
P46821	2	{'PF23415': 1, 'PF25281': 1}
P46926	1	{'PF01182': 1}
P46934	2	{'PF00397': 4, 'PF00632': 1}
P46937	2	{'PF00397': 2, 'PF15238': 1}
P46939	5	{'PF00307': 2, 'PF00435': 11, 'PF00569': 1, 'PF09068': 1, 'PF09069': 1}
P46940	3	{'PF00307': 1, 'PF00616': 1, 'PF03836': 1}
P46952	1	{'PF06052': 1}
P46976	1	{'PF01501': 2}
P46977	2	{'PF02516': 1, 'PF22627': 1}
P47211	1	{'PF00001': 1}
P47224	1	{'PF04421': 1}
P47712	2	{'PF00168': 1, 'PF01735': 1}
P47736	2	{'PF02145': 1, 'PF21022': 1}
P47755	1	{'PF01267': 1}
P47756	1	{'PF01115': 1}
P47775	1	{'PF00001': 1}
P47804	1	{'PF00001': 1}
P47813	1	{'PF01176': 1}
P47869	2	{'PF02931': 1, 'PF02932': 2}
P47870	2	{'PF02931': 1, 'PF02932': 1}
P47871	2	{'PF00002': 1, 'PF02793': 1}
P47872	2	{'PF00002': 1, 'PF02793': 1}
P47874	1	{'PF06554': 1}
P47881	1	{'PF13853': 1}
P47883	1	{'PF13853': 1}
P47884	1	{'PF13853': 1}
P47887	1	{'PF13853': 1}
P47888	1	{'PF13853': 1}
P47890	1	{'PF13853': 1}
P47893	1	{'PF13853': 1}
P47895	1	{'PF00171': 1}
P47897	5	{'PF00749': 1, 'PF03950': 1, 'PF04557': 1, 'PF04558': 1, 'PF20974': 1}
P47898	1	{'PF00001': 1}
P47900	1	{'PF00001': 1}
P47901	1	{'PF00001': 1}
P47902	2	{'PF00046': 1, 'PF04731': 1}
P47914	1	{'PF01779': 1}
P47928	1	{'PF00010': 1}
P47929	1	{'PF00337': 1}
P47944	1	{'PF00131': 1}
P47972	1	{'PF00354': 1}
P47974	2	{'PF00642': 2, 'PF04553': 1}
P47985	3	{'PF00355': 1, 'PF02921': 1, 'PF09165': 1}
P47989	7	{'PF00111': 1, 'PF00941': 1, 'PF01315': 1, 'PF01799': 1, 'PF02738': 1, 'PF03450': 1, 'PF20256': 1}
P47992	1	{'PF00048': 1}
P48023	1	{'PF00229': 1}
P48029	1	{'PF00209': 1}
P48039	1	{'PF00001': 1}
P48047	1	{'PF00213': 1}
P48048	2	{'PF01007': 1, 'PF17655': 1}
P48050	2	{'PF01007': 1, 'PF17655': 1}
P48051	2	{'PF01007': 1, 'PF17655': 1}
P48052	2	{'PF00246': 1, 'PF02244': 1}
P48058	3	{'PF00060': 1, 'PF01094': 1, 'PF10613': 1}
P48059	1	{'PF00412': 5}
P48060	1	{'PF00188': 1}
P48061	1	{'PF00048': 1}
P48065	1	{'PF00209': 1}
P48066	1	{'PF00209': 1}
P48067	1	{'PF00209': 1}
P48145	1	{'PF00001': 1}
P48146	1	{'PF00001': 1}
P48147	1	{'PF00326': 1}
P48163	2	{'PF00390': 1, 'PF03949': 1}
P48165	2	{'PF00029': 1, 'PF03509': 1}
P48167	2	{'PF02931': 1, 'PF02932': 1}
P48169	2	{'PF02931': 1, 'PF02932': 1}
P48200	2	{'PF00330': 2, 'PF00694': 1}
P48201	1	{'PF00137': 1}
P48230	1	{'PF05805': 1}
P48304	1	{'PF00059': 1}
P48307	1	{'PF00014': 3}
P48357	3	{'PF00041': 1, 'PF06328': 1, 'PF18589': 2}
P48378	3	{'PF02257': 1, 'PF04589': 1, 'PF25340': 1}
P48380	3	{'PF02257': 1, 'PF04589': 1, 'PF25340': 1}
P48382	3	{'PF02257': 1, 'PF14621': 1, 'PF18326': 1}
P48426	1	{'PF01504': 1}
P48431	2	{'PF00505': 1, 'PF12336': 1}
P48436	2	{'PF00505': 1, 'PF12444': 1}
P48443	3	{'PF00104': 1, 'PF00105': 1, 'PF11825': 1}
P48444	2	{'PF00928': 1, 'PF01217': 1}
P48448	1	{'PF00171': 1}
P48454	1	{'PF00149': 1}
P48506	1	{'PF03074': 1}
P48507	1	{'PF00248': 1}
P48509	1	{'PF00335': 1}
P48544	2	{'PF01007': 1, 'PF17655': 1}
P48546	2	{'PF00002': 1, 'PF02793': 1}
P48547	2	{'PF00520': 1, 'PF02214': 1}
P48549	2	{'PF01007': 1, 'PF17655': 1}
P48551	2	{'PF01108': 1, 'PF09294': 1}
P48552	4	{'PF15687': 1, 'PF15688': 1, 'PF15689': 1, 'PF15690': 1}
P48553	3	{'PF12584': 1, 'PF23036': 1, 'PF23604': 1}
P48556	1	{'PF10075': 1}
P48594	1	{'PF00079': 1}
P48595	1	{'PF00079': 1}
P48634	1	{'PF07001': 1}
P48637	2	{'PF03199': 1, 'PF03917': 1}
P48643	1	{'PF00118': 1}
P48645	1	{'PF02070': 1}
P48651	1	{'PF03034': 1}
P48664	1	{'PF00375': 1}
P48668	1	{'PF16208': 1}
P48723	1	{'PF00012': 2}
P48728	2	{'PF01571': 1, 'PF08669': 1}
P48729	1	{'PF00069': 1}
P48730	1	{'PF00069': 1}
P48735	1	{'PF00180': 1}
P48736	4	{'PF00454': 1, 'PF00792': 1, 'PF00794': 1, 'PF19710': 1}
P48739	1	{'PF02121': 1}
P48740	3	{'PF00084': 2, 'PF00089': 1, 'PF00431': 2}
P48741	1	{'PF00012': 1}
P48742	2	{'PF00046': 1, 'PF00412': 2}
P48745	4	{'PF00007': 1, 'PF00093': 1, 'PF00219': 1, 'PF19035': 1}
P48751	2	{'PF00955': 2, 'PF07565': 1}
P48764	1	{'PF00999': 1}
P48775	1	{'PF03301': 1}
P48788	1	{'PF00992': 1}
P48960	2	{'PF00002': 1, 'PF07645': 4}
P48995	2	{'PF00520': 1, 'PF08344': 1}
P49005	2	{'PF04042': 1, 'PF18018': 1}
P49006	1	{'PF02063': 2}
P49019	1	{'PF00001': 1}
P49023	2	{'PF00412': 4, 'PF03535': 1}
P49069	1	{'PF14963': 1}
P49116	2	{'PF00104': 1, 'PF00105': 1}
P49137	1	{'PF00069': 1}
P49146	1	{'PF00001': 1}
P49184	1	{'PF03372': 1}
P49189	1	{'PF00171': 1}
P49190	2	{'PF00002': 1, 'PF02793': 1}
P49207	1	{'PF01199': 1}
P49221	3	{'PF00868': 1, 'PF00927': 1, 'PF01841': 1}
P49223	1	{'PF00014': 1}
P49238	1	{'PF00001': 1}
P49247	1	{'PF06026': 1}
P49257	1	{'PF03388': 1}
P49279	1	{'PF01566': 1}
P49281	1	{'PF01566': 1}
P49286	1	{'PF00001': 1}
P49326	1	{'PF00743': 1}
P49327	11	{'PF00107': 1, 'PF00109': 1, 'PF00550': 1, 'PF00698': 1, 'PF00975': 1, 'PF02801': 1, 'PF08242': 1, 'PF08659': 1, 'PF16197': 1, 'PF21089': 1, 'PF21149': 1}
P49335	2	{'PF00046': 1, 'PF00157': 1}
P49336	1	{'PF00069': 1}
P49366	1	{'PF01916': 1}
P49368	1	{'PF00118': 1}
P49406	1	{'PF01245': 1}
P49407	2	{'PF00339': 1, 'PF02752': 1}
P49411	3	{'PF00009': 1, 'PF03143': 1, 'PF03144': 1}
P49418	1	{'PF03114': 1}
P49419	1	{'PF00171': 1}
P49427	1	{'PF00179': 1}
P49441	1	{'PF00459': 1}
P49447	1	{'PF03188': 1}
P49448	2	{'PF00208': 1, 'PF02812': 1}
P49450	1	{'PF00125': 1}
P49454	1	{'PF10490': 1}
P49458	1	{'PF05486': 1}
P49459	1	{'PF00179': 1}
P49585	1	{'PF01467': 1}
P49588	3	{'PF01411': 1, 'PF02272': 1, 'PF07973': 1}
P49589	1	{'PF01406': 1}
P49590	2	{'PF03129': 1, 'PF13393': 1}
P49591	2	{'PF00587': 1, 'PF02403': 1}
P49593	1	{'PF00481': 1}
P49619	4	{'PF00130': 1, 'PF00609': 1, 'PF00781': 1, 'PF14513': 1}
P49638	2	{'PF00650': 1, 'PF03765': 1}
P49639	1	{'PF00046': 1}
P49640	1	{'PF00046': 1}
P49641	3	{'PF01074': 1, 'PF07748': 1, 'PF09261': 1}
P49642	1	{'PF01896': 1}
P49643	2	{'PF04104': 1, 'PF26466': 1}
P49662	2	{'PF00619': 1, 'PF00656': 1}
P49674	1	{'PF00069': 1}
P49675	1	{'PF01852': 1}
P49682	1	{'PF00001': 1}
P49683	1	{'PF00001': 1}
P49685	1	{'PF00001': 1}
P49703	1	{'PF00025': 1}
P49711	2	{'PF00096': 5, 'PF23611': 1}
P49720	1	{'PF00227': 1}
P49721	1	{'PF00227': 1}
P49736	6	{'PF00493': 1, 'PF12619': 1, 'PF14551': 1, 'PF17207': 1, 'PF17855': 1, 'PF23669': 1}
P49746	4	{'PF02412': 6, 'PF05735': 1, 'PF07645': 2, 'PF11598': 1}
P49747	4	{'PF02412': 6, 'PF05735': 1, 'PF07645': 2, 'PF11598': 1}
P49748	4	{'PF00441': 1, 'PF02770': 1, 'PF02771': 1, 'PF21343': 1}
P49750	2	{'PF26583': 1, 'PF13671': 1}
P49753	2	{'PF04775': 1, 'PF08840': 1}
P49754	1	{'PF23555': 1}
P49755	1	{'PF01105': 1}
P49756	2	{'PF00076': 1, 'PF01480': 1}
P49757	2	{'PF00640': 1, 'PF06311': 1}
P49758	4	{'PF00610': 1, 'PF00615': 1, 'PF00631': 1, 'PF18148': 1}
P49759	1	{'PF00069': 1}
P49760	1	{'PF00069': 1}
P49761	1	{'PF00069': 1}
P49763	1	{'PF00341': 1}
P49765	1	{'PF00341': 1}
P49767	1	{'PF00341': 1}
P49768	1	{'PF01080': 1}
P49770	1	{'PF01008': 1}
P49771	1	{'PF02947': 1}
P49773	1	{'PF01230': 1}
P49788	1	{'PF06907': 1}
P49789	1	{'PF01230': 1}
P49790	3	{'PF00641': 4, 'PF08604': 1, 'PF10599': 1}
P49792	4	{'PF00160': 1, 'PF00638': 4, 'PF00641': 8, 'PF12185': 2}
P49795	1	{'PF00615': 1}
P49796	3	{'PF00168': 1, 'PF00595': 1, 'PF00615': 1}
P49798	1	{'PF00615': 1}
P49802	4	{'PF00610': 1, 'PF00615': 1, 'PF00631': 1, 'PF18148': 1}
P49810	1	{'PF01080': 2}
P49815	3	{'PF02145': 1, 'PF03542': 1, 'PF11864': 1}
P49821	3	{'PF01512': 1, 'PF10589': 1, 'PF22461': 1}
P49840	1	{'PF00069': 1}
P49841	1	{'PF00069': 1}
P49842	1	{'PF10494': 1}
P49848	1	{'PF02969': 1}
P49862	1	{'PF00089': 1}
P49863	1	{'PF00089': 1}
P49888	1	{'PF00685': 1}
P49895	1	{'PF00837': 1}
P49902	1	{'PF05761': 1}
P49903	2	{'PF00586': 1, 'PF02769': 1}
P49908	2	{'PF04592': 1, 'PF04593': 1}
P49910	2	{'PF02023': 1, 'PF00096': 5}
P49913	2	{'PF00666': 1, 'PF12153': 1}
P49914	1	{'PF01812': 1}
P49915	3	{'PF00117': 1, 'PF00958': 1, 'PF02540': 1}
P49916	5	{'PF00645': 1, 'PF01068': 1, 'PF04675': 1, 'PF04679': 1, 'PF16759': 1}
P49917	5	{'PF00533': 2, 'PF01068': 1, 'PF04675': 1, 'PF04679': 1, 'PF11411': 1}
P49918	1	{'PF02234': 1}
P49959	2	{'PF00149': 1, 'PF04152': 1}
P49961	1	{'PF01150': 1}
P50052	1	{'PF00001': 1}
P50053	1	{'PF00294': 1}
P50120	1	{'PF00061': 1}
P50135	1	{'PF13489': 1}
P50148	1	{'PF00503': 1}
P50150	1	{'PF00631': 1}
P50151	1	{'PF00631': 1}
P50213	1	{'PF00180': 1}
P50219	1	{'PF00046': 1}
P50221	1	{'PF00046': 1}
P50222	1	{'PF00046': 1}
P50225	1	{'PF00685': 1}
P50226	1	{'PF00685': 1}
P50238	1	{'PF00412': 1}
P50281	3	{'PF00413': 1, 'PF01471': 1, 'PF11857': 1}
P50336	1	{'PF01593': 1}
P50391	1	{'PF00001': 1}
P50395	1	{'PF00996': 1}
P50402	1	{'PF03020': 1}
P50406	1	{'PF00001': 1}
P50416	2	{'PF00755': 1, 'PF16484': 1}
P50443	2	{'PF00916': 1, 'PF01740': 1}
P50452	1	{'PF00079': 1}
P50453	1	{'PF00079': 1}
P50454	1	{'PF00079': 1}
P50458	2	{'PF00046': 1, 'PF00412': 2}
P50461	1	{'PF00412': 2}
P50479	3	{'PF00412': 1, 'PF00595': 1, 'PF15936': 1}
P50502	2	{'PF17830': 1, 'PF18253': 1}
P50539	1	{'PF00010': 1}
P50548	1	{'PF00178': 1}
P50549	2	{'PF00178': 1, 'PF04621': 1}
P50552	1	{'PF00568': 1}
P50553	1	{'PF00010': 1}
P50570	4	{'PF00169': 1, 'PF00350': 1, 'PF01031': 1, 'PF02212': 1}
P50579	1	{'PF00557': 1}
P50583	1	{'PF00293': 1}
P50591	1	{'PF00229': 1}
P50607	2	{'PF01167': 1, 'PF16322': 1}
P50613	1	{'PF00069': 1}
P50616	1	{'PF07742': 1}
P50747	2	{'PF02237': 1, 'PF03099': 1}
P50749	2	{'PF00788': 1, 'PF16517': 1}
P50750	1	{'PF00069': 1}
P50851	4	{'PF02138': 1, 'PF06469': 1, 'PF13385': 1, 'PF14844': 1}
P50876	2	{'PF01485': 1, 'PF22191': 1}
P50895	4	{'PF07686': 1, 'PF08205': 1, 'PF13895': 1, 'PF13927': 2}
P50897	1	{'PF02089': 1}
P50914	1	{'PF01929': 1}
P50990	1	{'PF00118': 1}
P50991	1	{'PF00118': 1}
P50993	4	{'PF00122': 1, 'PF00689': 1, 'PF00690': 1, 'PF13246': 1}
P50995	1	{'PF00191': 4}
P51003	3	{'PF04926': 2, 'PF04928': 1, 'PF20750': 1}
P51114	6	{'PF00013': 2, 'PF05641': 1, 'PF12235': 2, 'PF16097': 1, 'PF17904': 1, 'PF18336': 1}
P51116	5	{'PF00013': 2, 'PF05641': 1, 'PF12235': 1, 'PF17904': 1, 'PF18336': 1}
P51124	1	{'PF00089': 1}
P51148	1	{'PF00071': 1}
P51149	1	{'PF00071': 1}
P51151	1	{'PF00071': 1}
P51153	1	{'PF00071': 1}
P51157	1	{'PF00071': 1}
P51159	1	{'PF00071': 1}
P51160	2	{'PF00233': 1, 'PF01590': 2}
P51161	1	{'PF14651': 1}
P51164	1	{'PF00287': 1}
P51168	1	{'PF00858': 1}
P51170	1	{'PF00858': 1}
P51172	1	{'PF00858': 1}
P51178	5	{'PF00168': 1, 'PF00387': 1, 'PF00388': 1, 'PF09279': 1, 'PF16457': 1}
P51397	1	{'PF15228': 1}
P51398	1	{'PF10236': 1}
P51449	2	{'PF00104': 1, 'PF00105': 1}
P51451	3	{'PF00017': 1, 'PF00018': 1, 'PF07714': 1}
P51452	1	{'PF00782': 1}
P51460	1	{'PF00049': 1}
P51504	1	{'PF00096': 5}
P51508	2	{'PF01352': 1, 'PF00096': 12}
P51511	3	{'PF00413': 1, 'PF01471': 1, 'PF11857': 1}
P51512	3	{'PF00413': 1, 'PF01471': 1, 'PF11857': 1}
P51513	1	{'PF00013': 3}
P51522	1	{'PF00096': 14}
P51523	2	{'PF01352': 1, 'PF00096': 19}
P51530	4	{'PF08696': 1, 'PF13086': 2, 'PF13087': 1, 'PF21123': 1}
P51531	7	{'PF00176': 1, 'PF00271': 1, 'PF00439': 1, 'PF07529': 1, 'PF07533': 1, 'PF08880': 1, 'PF14619': 1}
P51532	7	{'PF00176': 1, 'PF00271': 1, 'PF00439': 1, 'PF07529': 1, 'PF07533': 1, 'PF08880': 1, 'PF14619': 1}
P51553	1	{'PF00180': 1}
P51570	3	{'PF00288': 1, 'PF08544': 1, 'PF10509': 1}
P51571	1	{'PF05404': 1}
P51572	1	{'PF05529': 1}
P51575	1	{'PF00864': 1}
P51580	1	{'PF05724': 1}
P51582	1	{'PF00001': 1}
P51587	7	{'PF00634': 7, 'PF09103': 1, 'PF09104': 1, 'PF09121': 1, 'PF09169': 1, 'PF21318': 1, 'PF22687': 1}
P51589	1	{'PF00067': 1}
P51608	1	{'PF01429': 1}
P51617	2	{'PF00531': 1, 'PF00069': 1}
P51636	1	{'PF01146': 1}
P51648	1	{'PF00171': 1}
P51649	1	{'PF00171': 1}
P51654	1	{'PF01153': 1}
P51659	4	{'PF00106': 1, 'PF01575': 1, 'PF02036': 1, 'PF22622': 1}
P51665	2	{'PF01398': 1, 'PF13012': 1}
P51668	1	{'PF00179': 1}
P51671	1	{'PF00048': 1}
P51674	1	{'PF01275': 1}
P51677	1	{'PF00001': 1}
P51679	1	{'PF00001': 1}
P51681	1	{'PF00001': 1}
P51684	1	{'PF00001': 1}
P51685	1	{'PF00001': 1}
P51686	1	{'PF00001': 1}
P51687	3	{'PF00173': 1, 'PF00174': 1, 'PF03404': 1}
P51688	2	{'PF00884': 1, 'PF16347': 1}
P51689	2	{'PF00884': 1, 'PF14707': 1}
P51690	2	{'PF00884': 1, 'PF14707': 1}
P51692	5	{'PF00017': 1, 'PF01017': 1, 'PF02864': 1, 'PF02865': 1, 'PF21354': 1}
P51693	4	{'PF02177': 1, 'PF10515': 1, 'PF12924': 1, 'PF12925': 1}
P51784	4	{'PF00443': 1, 'PF06337': 1, 'PF14533': 1, 'PF14836': 1}
P51786	2	{'PF01352': 1, 'PF00096': 12}
P51787	2	{'PF00520': 1, 'PF03520': 1}
P51788	1	{'PF00654': 1}
P51790	2	{'PF00571': 1, 'PF00654': 1}
P51793	2	{'PF00571': 2, 'PF00654': 1}
P51795	2	{'PF00571': 2, 'PF00654': 1}
P51797	2	{'PF00571': 2, 'PF00654': 1}
P51798	2	{'PF00571': 1, 'PF00654': 1}
P51800	2	{'PF00571': 1, 'PF00654': 1}
P51801	2	{'PF00571': 1, 'PF00654': 1}
P51805	6	{'PF01437': 3, 'PF01833': 4, 'PF08337': 1, 'PF17960': 1, 'PF18020': 1, 'PF20170': 1}
P51808	1	{'PF03645': 1}
P51809	2	{'PF00957': 1, 'PF13774': 1}
P51810	1	{'PF02101': 1}
P51811	1	{'PF09815': 1}
P51812	2	{'PF00433': 1, 'PF00069': 2}
P51813	3	{'PF00017': 1, 'PF00169': 1, 'PF07714': 1}
P51814	2	{'PF01352': 1, 'PF00096': 17}
P51815	3	{'PF01352': 1, 'PF02023': 1, 'PF00096': 5}
P51816	2	{'PF05110': 1, 'PF18876': 1}
P51817	1	{'PF00069': 1}
P51825	2	{'PF05110': 1, 'PF18876': 1}
P51826	2	{'PF05110': 2, 'PF18876': 1}
P51828	3	{'PF00211': 2, 'PF06327': 1, 'PF16214': 1}
P51841	4	{'PF00211': 1, 'PF01094': 1, 'PF07701': 1, 'PF07714': 1}
P51843	2	{'PF00104': 1, 'PF14046': 4}
P51854	3	{'PF00456': 1, 'PF02779': 1, 'PF02780': 1}
P51857	1	{'PF00248': 1}
P51858	1	{'PF00855': 1}
P51864	1	{'PF09443': 1}
P51878	2	{'PF00619': 1, 'PF00656': 1}
P51884	1	{'PF01462': 1}
P51911	1	{'PF00307': 1}
P51946	2	{'PF00134': 1, 'PF16899': 1}
P51948	2	{'PF06391': 1, 'PF17121': 1}
P51955	1	{'PF00069': 1}
P51956	1	{'PF00069': 1}
P51957	1	{'PF00069': 1}
P51959	1	{'PF00134': 1}
P51965	1	{'PF00179': 1}
P51970	1	{'PF06747': 1}
P51991	1	{'PF00076': 2}
P51993	2	{'PF00852': 1, 'PF17039': 1}
P52179	2	{'PF00041': 5, 'PF07679': 5}
P52198	1	{'PF00071': 1}
P52209	2	{'PF00393': 1, 'PF03446': 1}
P52272	1	{'PF00076': 3}
P52298	1	{'PF00076': 1}
P52333	5	{'PF17887': 1, 'PF18377': 1, 'PF18379': 1, 'PF21990': 1, 'PF07714': 2}
P52429	3	{'PF00130': 1, 'PF00609': 1, 'PF00781': 1}
P52434	1	{'PF03870': 1}
P52435	1	{'PF13656': 1}
P52564	1	{'PF00069': 1}
P52565	1	{'PF02115': 1}
P52566	1	{'PF02115': 1}
P52569	2	{'PF13520': 1, 'PF13906': 1}
P52594	1	{'PF01412': 1}
P52597	2	{'PF00076': 2, 'PF08080': 1}
P52630	6	{'PF00017': 1, 'PF01017': 1, 'PF02864': 1, 'PF02865': 1, 'PF12188': 1, 'PF21354': 1}
P52655	1	{'PF03153': 2}
P52657	2	{'PF02268': 1, 'PF02751': 1}
P52701	6	{'PF00488': 1, 'PF00855': 1, 'PF01624': 1, 'PF05188': 1, 'PF05190': 1, 'PF05192': 1}
P52732	2	{'PF00225': 1, 'PF13931': 1}
P52735	6	{'PF00017': 1, 'PF00130': 1, 'PF00307': 1, 'PF00621': 1, 'PF07653': 2, 'PF22697': 1}
P52736	2	{'PF01352': 1, 'PF00096': 14}
P52737	4	{'PF01352': 1, 'PF13912': 1, 'PF00096': 10, 'PF13894': 1}
P52738	3	{'PF01352': 1, 'PF13912': 1, 'PF00096': 8}
P52739	2	{'PF00651': 1, 'PF12874': 2}
P52740	2	{'PF01352': 1, 'PF00096': 14}
P52741	1	{'PF00096': 9}
P52742	2	{'PF01352': 1, 'PF00096': 16}
P52743	1	{'PF00096': 5}
P52744	2	{'PF13912': 1, 'PF00096': 3}
P52746	5	{'PF13912': 2, 'PF00096': 3, 'PF23574': 1, 'PF23611': 4, 'PF23612': 2}
P52747	1	{'PF00096': 5}
P52756	4	{'PF00076': 2, 'PF00641': 1, 'PF01585': 1, 'PF17780': 1}
P52757	3	{'PF00017': 1, 'PF00130': 1, 'PF00620': 1}
P52758	1	{'PF01042': 1}
P52788	3	{'PF01564': 1, 'PF17284': 1, 'PF17950': 1}
P52789	2	{'PF00349': 2, 'PF03727': 2}
P52790	2	{'PF00349': 2, 'PF03727': 2}
P52797	1	{'PF00812': 1}
P52798	1	{'PF00812': 1}
P52799	1	{'PF00812': 1}
P52803	1	{'PF00812': 1}
P52815	2	{'PF00542': 1, 'PF16320': 1}
P52823	1	{'PF03298': 1}
P52824	5	{'PF00130': 2, 'PF00609': 1, 'PF00781': 1, 'PF00788': 2, 'PF24099': 1}
P52848	3	{'PF00685': 1, 'PF12062': 1, 'PF25119': 1}
P52849	3	{'PF00685': 1, 'PF12062': 1, 'PF25119': 1}
P52888	1	{'PF01432': 1}
P52895	1	{'PF00248': 1}
P52907	1	{'PF01267': 1}
P52943	1	{'PF00412': 2}
P52945	1	{'PF00046': 1}
P52948	3	{'PF04096': 1, 'PF12110': 1, 'PF21240': 1}
P52951	1	{'PF00046': 1}
P52952	1	{'PF00046': 1}
P52954	1	{'PF00046': 1}
P52961	1	{'PF01129': 1}
P53004	2	{'PF01408': 1, 'PF09166': 1}
P53041	1	{'PF00149': 1}
P53350	2	{'PF00659': 2, 'PF00069': 1}
P53355	2	{'PF00531': 1, 'PF00069': 1}
P53365	1	{'PF06456': 1}
P53367	1	{'PF06456': 1}
P53370	2	{'PF00293': 1, 'PF18290': 1}
P53384	1	{'PF10609': 1}
P53396	5	{'PF00285': 1, 'PF00549': 1, 'PF02629': 1, 'PF16114': 1, 'PF24948': 1}
P53420	1	{'PF01413': 2}
P53582	2	{'PF00557': 1, 'PF15801': 1}
P53597	2	{'PF00549': 1, 'PF02629': 1}
P53602	2	{'PF18376': 1, 'PF22700': 1}
P53618	2	{'PF07718': 1, 'PF14806': 1}
P53634	2	{'PF00112': 1, 'PF08773': 1}
P53667	3	{'PF00412': 2, 'PF00595': 1, 'PF07714': 1}
P53671	3	{'PF00412': 2, 'PF00595': 1, 'PF07714': 1}
P53672	1	{'PF00030': 2}
P53673	1	{'PF00030': 2}
P53674	1	{'PF00030': 2}
P53677	2	{'PF00928': 1, 'PF01217': 1}
P53680	1	{'PF01217': 1}
P53701	1	{'PF01265': 1}
P53708	4	{'PF00357': 1, 'PF08441': 1, 'PF20805': 1, 'PF20806': 1}
P53778	1	{'PF00069': 1}
P53779	1	{'PF00069': 1}
P53794	1	{'PF00474': 1}
P53803	1	{'PF03604': 1}
P53804	5	{'PF13639': 1, 'PF19179': 1, 'PF24525': 1, 'PF24812': 1, 'PF24905': 1}
P53805	1	{'PF04847': 1}
P53814	2	{'PF00307': 1, 'PF12510': 3}
P53816	1	{'PF04970': 1}
P53985	1	{'PF07690': 2}
P53990	1	{'PF03398': 1}
P53992	5	{'PF00626': 1, 'PF04810': 1, 'PF04811': 1, 'PF04815': 1, 'PF08033': 1}
P53999	1	{'PF02229': 1}
P54098	1	{'PF18136': 1}
P54105	1	{'PF03517': 1}
P54107	2	{'PF00188': 1, 'PF08562': 1}
P54108	2	{'PF00188': 1, 'PF08562': 1}
P54132	8	{'PF00270': 1, 'PF00271': 1, 'PF00570': 1, 'PF08072': 1, 'PF09382': 1, 'PF16124': 1, 'PF16202': 1, 'PF16204': 1}
P54136	3	{'PF00750': 1, 'PF03485': 1, 'PF05746': 1}
P54219	1	{'PF07690': 2}
P54252	1	{'PF02099': 1}
P54253	1	{'PF08517': 1}
P54257	1	{'PF04849': 1}
P54274	1	{'PF00249': 1}
P54277	3	{'PF00505': 1, 'PF01119': 1, 'PF02518': 1}
P54278	3	{'PF01119': 1, 'PF08676': 1, 'PF13589': 1}
P54284	2	{'PF00625': 1, 'PF12052': 1}
P54289	3	{'PF00092': 1, 'PF08399': 1, 'PF08473': 1}
P54296	2	{'PF00041': 5, 'PF07679': 3}
P54315	2	{'PF00151': 1, 'PF01477': 1}
P54317	2	{'PF00151': 1, 'PF01477': 1}
P54368	1	{'PF02100': 1}
P54577	2	{'PF00579': 1, 'PF01588': 1}
P54578	1	{'PF00443': 1}
P54619	1	{'PF00571': 4}
P54646	3	{'PF16579': 1, 'PF21147': 1, 'PF00069': 1}
P54652	1	{'PF00012': 1}
P54687	1	{'PF01063': 1}
P54707	5	{'PF00122': 1, 'PF00689': 1, 'PF00690': 1, 'PF08282': 1, 'PF13246': 1}
P54709	1	{'PF00287': 1}
P54710	1	{'PF02038': 1}
P54725	3	{'PF00240': 1, 'PF00627': 2, 'PF09280': 1}
P54727	3	{'PF00240': 1, 'PF00627': 2, 'PF09280': 1}
P54750	2	{'PF00233': 1, 'PF08499': 1}
P54753	7	{'PF00041': 2, 'PF00536': 1, 'PF01404': 1, 'PF07699': 1, 'PF14575': 1, 'PF25599': 1, 'PF07714': 1}
P54756	6	{'PF00041': 2, 'PF00536': 1, 'PF01404': 1, 'PF14575': 1, 'PF25599': 1, 'PF07714': 1}
P54760	7	{'PF00041': 2, 'PF00536': 1, 'PF01404': 1, 'PF07699': 1, 'PF14575': 1, 'PF25599': 1, 'PF07714': 1}
P54762	6	{'PF00041': 2, 'PF00536': 1, 'PF01404': 1, 'PF14575': 1, 'PF25599': 1, 'PF07714': 1}
P54764	6	{'PF00041': 2, 'PF01404': 1, 'PF07647': 1, 'PF14575': 1, 'PF25599': 1, 'PF07714': 1}
P54792	5	{'PF00595': 1, 'PF00610': 1, 'PF00778': 1, 'PF02377': 1, 'PF12316': 1}
P54793	2	{'PF00884': 1, 'PF14707': 1}
P54802	3	{'PF05089': 1, 'PF12971': 1, 'PF12972': 1}
P54803	3	{'PF02057': 1, 'PF17387': 1, 'PF21708': 1}
P54819	2	{'PF00406': 1, 'PF05191': 1}
P54821	1	{'PF00046': 1}
P54826	1	{'PF02351': 1}
P54829	1	{'PF00102': 1}
P54840	1	{'PF05693': 1}
P54845	1	{'PF08383': 1}
P54849	1	{'PF00822': 1}
P54851	1	{'PF00822': 1}
P54852	1	{'PF00822': 1}
P54855	1	{'PF00201': 1}
P54868	2	{'PF01154': 1, 'PF08540': 1}
P54886	2	{'PF00171': 1, 'PF00696': 1}
P54922	1	{'PF03747': 1}
P55000	1	{'PF00021': 1}
P55001	1	{'PF05507': 1}
P55008	1	{'PF21008': 1}
P55010	1	{'PF01873': 1}
P55011	3	{'PF00324': 1, 'PF03522': 1, 'PF08403': 1}
P55017	3	{'PF00324': 1, 'PF03522': 2, 'PF08403': 1}
P55036	1	{'PF13519': 1}
P55039	3	{'PF01926': 1, 'PF02824': 1, 'PF16897': 1}
P55040	1	{'PF00071': 1}
P55042	1	{'PF00071': 1}
P55055	2	{'PF00104': 1, 'PF00105': 1}
P55056	1	{'PF15119': 1}
P55058	2	{'PF01273': 1, 'PF02886': 1}
P55061	1	{'PF01027': 1}
P55064	1	{'PF00230': 1}
P55072	4	{'PF00004': 2, 'PF02359': 1, 'PF02933': 1, 'PF17862': 2}
P55073	1	{'PF00837': 1}
P55075	1	{'PF00167': 1}
P55081	1	{'PF06991': 1}
P55082	1	{'PF00047': 1}
P55083	1	{'PF00147': 1}
P55084	2	{'PF00108': 1, 'PF02803': 1}
P55085	1	{'PF00001': 1}
P55087	1	{'PF00230': 1}
P55089	1	{'PF00473': 1}
P55103	1	{'PF00019': 1}
P55107	1	{'PF00019': 1}
P55145	2	{'PF10208': 1, 'PF20145': 1}
P55157	1	{'PF19444': 1}
P55160	1	{'PF09735': 1}
P55196	3	{'PF00498': 1, 'PF00595': 1, 'PF00788': 2}
P55197	2	{'PF13831': 1, 'PF13832': 1}
P55198	1	{'PF13832': 1}
P55199	2	{'PF07303': 1, 'PF10390': 1}
P55201	5	{'PF00439': 1, 'PF00855': 1, 'PF10513': 1, 'PF13831': 1, 'PF13832': 1}
P55209	1	{'PF00956': 1}
P55210	1	{'PF00656': 1}
P55211	2	{'PF00619': 1, 'PF00656': 1}
P55212	1	{'PF00656': 1}
P55259	3	{'PF00100': 1, 'PF23283': 1, 'PF23344': 1}
P55263	1	{'PF00294': 1}
P55265	3	{'PF00035': 3, 'PF02137': 1, 'PF02295': 2}
P55268	5	{'PF00053': 11, 'PF00055': 1, 'PF21199': 1, 'PF23219': 1, 'PF24973': 2}
P55283	3	{'PF00028': 4, 'PF01049': 1, 'PF08758': 1}
P55285	2	{'PF00028': 5, 'PF01049': 1}
P55286	2	{'PF00028': 5, 'PF01049': 1}
P55287	2	{'PF00028': 4, 'PF01049': 1}
P55289	2	{'PF00028': 5, 'PF01049': 1}
P55290	2	{'PF00028': 5, 'PF08758': 1}
P55291	2	{'PF00028': 4, 'PF01049': 1}
P55316	1	{'PF00250': 1}
P55317	3	{'PF00250': 1, 'PF08430': 1, 'PF09354': 1}
P55318	2	{'PF00250': 1, 'PF08430': 1}
P55327	1	{'PF04201': 1}
P55344	1	{'PF00822': 1}
P55345	3	{'PF00018': 1, 'PF05175': 1, 'PF22528': 1}
P55347	2	{'PF05920': 1, 'PF16493': 1}
P55769	1	{'PF01248': 1}
P55771	1	{'PF00292': 1}
P55773	1	{'PF00048': 1}
P55774	1	{'PF00048': 1}
P55786	3	{'PF01433': 1, 'PF11838': 1, 'PF17900': 1}
P55789	1	{'PF04777': 1}
P55795	2	{'PF00076': 3, 'PF08080': 1}
P55808	1	{'PF12301': 1}
P55809	1	{'PF01144': 2}
P55822	1	{'PF04908': 1}
P55854	1	{'PF11976': 1}
P55884	1	{'PF00076': 1}
P55895	1	{'PF13341': 1}
P55899	2	{'PF00129': 1, 'PF07654': 1}
P55957	1	{'PF06393': 1}
P56134	1	{'PF10206': 1}
P56159	1	{'PF02351': 3}
P56177	1	{'PF00046': 1}
P56178	2	{'PF00046': 1, 'PF12413': 1}
P56179	1	{'PF00046': 1}
P56180	3	{'PF00520': 1, 'PF10409': 1, 'PF22785': 1}
P56181	1	{'PF15880': 1}
P56182	1	{'PF05997': 1}
P56192	5	{'PF00043': 1, 'PF00458': 1, 'PF09334': 1, 'PF18485': 1, 'PF19303': 1}
P56199	4	{'PF00092': 1, 'PF08441': 1, 'PF20805': 1, 'PF20806': 1}
P56202	2	{'PF00112': 1, 'PF08246': 1}
P56211	1	{'PF04667': 1}
P56270	2	{'PF00096': 3, 'PF13894': 1}
P56277	1	{'PF08991': 1}
P56278	1	{'PF01840': 1}
P56279	1	{'PF01840': 1}
P56282	2	{'PF04042': 1, 'PF12213': 1}
P56373	1	{'PF00864': 1}
P56377	1	{'PF01217': 1}
P56378	1	{'PF08039': 1}
P56381	1	{'PF04627': 1}
P56385	1	{'PF05680': 1}
P56470	1	{'PF00337': 2}
P56524	2	{'PF00850': 1, 'PF12203': 1}
P56537	1	{'PF01912': 1}
P56539	1	{'PF01146': 1}
P56545	2	{'PF00389': 1, 'PF02826': 1}
P56556	1	{'PF13233': 1}
P56557	1	{'PF05255': 1}
P56559	1	{'PF00025': 1}
P56589	1	{'PF04882': 2}
P56597	1	{'PF00334': 1}
P56645	4	{'PF08447': 1, 'PF12114': 1, 'PF21353': 1, 'PF23170': 1}
P56693	2	{'PF00505': 1, 'PF12444': 1}
P56696	2	{'PF00520': 1, 'PF03520': 1}
P56703	1	{'PF00110': 1}
P56704	1	{'PF00110': 1}
P56705	1	{'PF00110': 1}
P56706	1	{'PF00110': 1}
P56715	1	{'PF03607': 2}
P56730	3	{'PF00051': 1, 'PF00089': 1, 'PF00530': 4}
P56746	1	{'PF00822': 1}
P56747	1	{'PF00822': 1}
P56748	1	{'PF00822': 1}
P56750	1	{'PF00822': 1}
P56817	1	{'PF00026': 1}
P56851	1	{'PF00074': 1}
P56856	1	{'PF00822': 1}
P56880	1	{'PF00822': 1}
P56915	1	{'PF00046': 1}
P56937	1	{'PF00106': 1}
P56945	3	{'PF00018': 1, 'PF08824': 1, 'PF12026': 1}
P56962	1	{'PF26585': 1}
P57052	1	{'PF00076': 1}
P57053	1	{'PF00125': 1}
P57054	1	{'PF08510': 1}
P57055	1	{'PF14998': 1}
P57057	1	{'PF07690': 1}
P57058	1	{'PF00069': 1}
P57059	2	{'PF23312': 1, 'PF00069': 1}
P57060	2	{'PF05773': 1, 'PF06544': 1}
P57071	4	{'PF00096': 6, 'PF13894': 1, 'PF21549': 1, 'PF23573': 1}
P57073	2	{'PF00505': 1, 'PF12444': 1}
P57075	3	{'PF00300': 1, 'PF14604': 1, 'PF22562': 1}
P57076	1	{'PF11069': 1}
P57078	1	{'PF00069': 1}
P57082	1	{'PF00907': 1}
P57086	1	{'PF02023': 1}
P57087	2	{'PF07686': 1, 'PF13927': 1}
P57088	1	{'PF03661': 1}
P57103	3	{'PF01699': 2, 'PF03160': 2, 'PF16494': 1}
P57105	1	{'PF00595': 1}
P57682	1	{'PF00096': 3}
P57721	1	{'PF00013': 3}
P57723	1	{'PF00013': 3}
P57727	2	{'PF00089': 1, 'PF15494': 1}
P57729	1	{'PF00071': 1}
P57730	1	{'PF00619': 1}
P57735	1	{'PF00071': 1}
P57738	1	{'PF15128': 1}
P57739	1	{'PF00822': 1}
P57740	1	{'PF04121': 1}
P57764	2	{'PF04598': 1, 'PF17708': 1}
P57768	1	{'PF00787': 1}
P57771	1	{'PF00615': 1}
P57772	4	{'PF00009': 1, 'PF03144': 1, 'PF21131': 1, 'PF21208': 1}
P57773	1	{'PF00029': 1}
P57775	1	{'PF12937': 1}
P57789	1	{'PF07885': 2}
P57796	2	{'PF00036': 1, 'PF13499': 1}
P58004	1	{'PF04636': 1}
P58005	1	{'PF04636': 1}
P58012	1	{'PF00250': 1}
P58062	1	{'PF00050': 1}
P58166	1	{'PF00019': 1}
P58170	1	{'PF13853': 1}
P58173	1	{'PF13853': 1}
P58180	1	{'PF13853': 1}
P58181	1	{'PF13853': 1}
P58182	1	{'PF13853': 1}
P58215	2	{'PF00530': 4, 'PF01186': 1}
P58294	1	{'PF06607': 1}
P58304	1	{'PF00046': 1}
P58317	2	{'PF00096': 7, 'PF13465': 1}
P58335	3	{'PF00092': 1, 'PF05586': 1, 'PF05587': 1}
P58340	1	{'PF10248': 1}
P58397	7	{'PF00090': 1, 'PF01421': 1, 'PF01562': 1, 'PF05986': 1, 'PF17771': 1, 'PF19030': 7, 'PF19236': 1}
P58400	2	{'PF01034': 1, 'PF02210': 1}
P58401	1	{'PF02210': 1}
P58417	1	{'PF06312': 1}
P58418	1	{'PF25807': 1}
P58499	1	{'PF15711': 1}
P58505	1	{'PF15248': 1}
P58511	1	{'PF14981': 1}
P58549	1	{'PF02038': 1}
P58550	1	{'PF02038': 1}
P58557	1	{'PF02130': 1}
P58658	2	{'PF02140': 2, 'PF14851': 1}
P58743	2	{'PF00916': 1, 'PF01740': 1}
P58753	1	{'PF13676': 1}
P58872	2	{'PF01694': 1, 'PF13499': 1}
P58876	1	{'PF00125': 1}
P59025	1	{'PF13695': 1}
P59044	4	{'PF02758': 1, 'PF05729': 1, 'PF17776': 1, 'PF17779': 1}
P59045	4	{'PF02758': 1, 'PF05729': 1, 'PF17776': 1, 'PF17779': 1}
P59046	5	{'PF02758': 1, 'PF05729': 1, 'PF14484': 1, 'PF17776': 1, 'PF17779': 1}
P59047	4	{'PF02758': 1, 'PF05729': 1, 'PF17776': 1, 'PF17779': 1}
P59074	1	{'PF03357': 1}
P59095	1	{'PF01852': 1}
P59103	1	{'PF15199': 1}
P59190	1	{'PF00071': 1}
P59282	1	{'PF05517': 1}
P59510	8	{'PF00090': 1, 'PF01421': 1, 'PF01562': 1, 'PF05986': 1, 'PF08685': 1, 'PF17771': 1, 'PF19030': 12, 'PF19236': 1}
P59533	1	{'PF05296': 1}
P59534	1	{'PF05296': 1}
P59535	1	{'PF05296': 1}
P59536	1	{'PF05296': 1}
P59537	1	{'PF05296': 1}
P59538	1	{'PF05296': 1}
P59539	1	{'PF05296': 1}
P59540	1	{'PF05296': 1}
P59541	1	{'PF05296': 1}
P59542	1	{'PF05296': 1}
P59543	1	{'PF05296': 1}
P59544	1	{'PF05296': 1}
P59551	1	{'PF05296': 1}
P59646	1	{'PF02038': 1}
P59665	2	{'PF00323': 1, 'PF00879': 1}
P59666	2	{'PF00323': 1, 'PF00879': 1}
P59768	1	{'PF00631': 1}
P59773	1	{'PF06789': 1}
P59780	1	{'PF01217': 1}
P59796	1	{'PF00255': 1}
P59797	1	{'PF10262': 1}
P59817	1	{'PF13836': 1}
P59826	2	{'PF01273': 1, 'PF02886': 1}
P59827	2	{'PF01273': 1, 'PF02886': 1}
P59861	1	{'PF13841': 1}
P59901	3	{'PF00047': 2, 'PF13895': 1, 'PF13927': 1}
P59910	2	{'PF00226': 1, 'PF01556': 1}
P59922	1	{'PF13853': 1}
P59923	3	{'PF01352': 1, 'PF02023': 1, 'PF00096': 12}
P59942	1	{'PF15707': 1}
P59991	1	{'PF05287': 1}
P59998	1	{'PF05856': 1}
P60002	1	{'PF05129': 1}
P60006	1	{'PF15243': 1}
P60008	1	{'PF00538': 1}
P60022	1	{'PF00711': 1}
P60033	1	{'PF00335': 1}
P60059	1	{'PF00584': 1}
P60153	1	{'PF00074': 1}
P60174	1	{'PF00121': 1}
P60201	1	{'PF01275': 1}
P60228	3	{'PF01399': 1, 'PF09440': 1, 'PF21357': 1}
P60321	1	{'PF05741': 1}
P60323	1	{'PF05741': 1}
P60468	1	{'PF03911': 1}
P60484	2	{'PF10409': 1, 'PF22785': 1}
P60507	1	{'PF00429': 1}
P60508	1	{'PF00429': 1}
P60509	1	{'PF00429': 1}
P60510	1	{'PF00149': 1}
P60520	1	{'PF02991': 1}
P60568	1	{'PF00715': 1}
P60602	1	{'PF10247': 1}
P60604	1	{'PF00179': 1}
P60606	1	{'PF11057': 1}
P60608	1	{'PF00429': 1}
P60673	1	{'PF00235': 1}
P60709	1	{'PF00022': 1}
P60763	1	{'PF00071': 1}
P60827	1	{'PF00386': 1}
P60842	2	{'PF00270': 1, 'PF00271': 1}
P60852	3	{'PF00100': 1, 'PF22821': 1, 'PF23344': 1}
P60866	1	{'PF00338': 1}
P60880	1	{'PF00835': 1}
P60891	2	{'PF13793': 1, 'PF14572': 1}
P60893	1	{'PF00001': 1}
P60896	1	{'PF05160': 1}
P60900	2	{'PF00227': 1, 'PF10584': 1}
P60903	1	{'PF01023': 1}
P60953	1	{'PF00071': 1}
P60981	1	{'PF00241': 1}
P60983	1	{'PF00241': 1}
P60985	1	{'PF15200': 1}
P61006	1	{'PF00071': 1}
P61009	1	{'PF04573': 1}
P61011	3	{'PF00448': 1, 'PF02881': 1, 'PF02978': 1}
P61018	1	{'PF00071': 1}
P61019	1	{'PF00071': 1}
P61020	1	{'PF00071': 1}
P61024	1	{'PF01111': 1}
P61026	1	{'PF00071': 1}
P61073	2	{'PF00001': 1, 'PF12109': 1}
P61077	1	{'PF00179': 1}
P61081	1	{'PF00179': 1}
P61086	2	{'PF00179': 1, 'PF00627': 1}
P61088	1	{'PF00179': 1}
P61106	1	{'PF00071': 1}
P61129	3	{'PF00642': 1, 'PF18345': 1, 'PF22623': 1}
P61158	1	{'PF00022': 2}
P61160	1	{'PF00022': 1}
P61163	1	{'PF00022': 1}
P61165	1	{'PF05251': 1}
P61201	2	{'PF01399': 1, 'PF25983': 1}
P61204	1	{'PF00025': 1}
P61218	1	{'PF01192': 1}
P61221	3	{'PF00037': 1, 'PF04068': 1, 'PF00005': 2}
P61224	1	{'PF00071': 1}
P61225	1	{'PF00071': 1}
P61236	1	{'PF03226': 1}
P61244	1	{'PF00010': 1}
P61247	1	{'PF01015': 1}
P61254	2	{'PF00467': 1, 'PF16906': 1}
P61266	2	{'PF00804': 1, 'PF05739': 1}
P61278	1	{'PF03002': 1}
P61289	2	{'PF02251': 1, 'PF02252': 1}
P61296	1	{'PF00010': 1}
P61313	1	{'PF00827': 1}
P61326	1	{'PF02792': 1}
P61328	1	{'PF00167': 1}
P61353	2	{'PF00467': 1, 'PF01777': 1}
P61366	1	{'PF11037': 1}
P61371	2	{'PF00046': 1, 'PF00412': 2}
P61421	1	{'PF01992': 1}
P61457	1	{'PF01329': 1}
P61513	1	{'PF01780': 1}
P61550	1	{'PF00429': 1}
P61565	3	{'PF00517': 1, 'PF13804': 1, 'PF15695': 1}
P61566	2	{'PF00517': 1, 'PF13804': 1}
P61567	2	{'PF00517': 1, 'PF13804': 1}
P61568	1	{'PF13804': 1}
P61570	3	{'PF00517': 1, 'PF13804': 1, 'PF15695': 1}
P61571	1	{'PF15695': 1}
P61572	1	{'PF15695': 1}
P61573	1	{'PF15695': 1}
P61574	1	{'PF15695': 1}
P61575	1	{'PF15695': 1}
P61576	1	{'PF15695': 1}
P61578	1	{'PF15695': 1}
P61579	1	{'PF15695': 1}
P61586	1	{'PF00071': 1}
P61587	1	{'PF00071': 1}
P61599	1	{'PF00583': 1}
P61601	2	{'PF00036': 1, 'PF13499': 1}
P61604	1	{'PF00166': 1}
P61619	2	{'PF00344': 1, 'PF10559': 1}
P61626	1	{'PF00062': 1}
P61647	1	{'PF00777': 1}
P61764	1	{'PF00995': 1}
P61769	1	{'PF07654': 1}
P61803	1	{'PF02109': 1}
P61812	2	{'PF00019': 1, 'PF00688': 1}
P61916	1	{'PF02221': 1}
P61923	1	{'PF01217': 1}
P61925	1	{'PF02827': 1}
P61927	1	{'PF01907': 1}
P61952	1	{'PF00631': 1}
P61956	1	{'PF11976': 1}
P61960	1	{'PF03671': 1}
P61966	1	{'PF01217': 1}
P61968	1	{'PF00412': 2}
P61970	1	{'PF02136': 1}
P61978	2	{'PF00013': 3, 'PF08067': 1}
P62068	1	{'PF00443': 1}
P62070	1	{'PF00071': 1}
P62072	1	{'PF02953': 1}
P62079	1	{'PF00335': 1}
P62081	1	{'PF01251': 1}
P62136	2	{'PF00149': 1, 'PF16891': 1}
P62140	2	{'PF00149': 1, 'PF16891': 1}
P62166	2	{'PF00036': 1, 'PF13499': 1}
P62191	3	{'PF00004': 1, 'PF16450': 1, 'PF17862': 1}
P62195	3	{'PF00004': 1, 'PF16450': 1, 'PF17862': 1}
P62241	1	{'PF01201': 1}
P62244	1	{'PF00410': 1}
P62249	1	{'PF00380': 1}
P62253	1	{'PF00179': 1}
P62256	1	{'PF00179': 1}
P62263	1	{'PF00411': 1}
P62266	1	{'PF00164': 1}
P62269	1	{'PF00416': 1}
P62273	1	{'PF00253': 1}
P62277	2	{'PF00312': 1, 'PF08069': 1}
P62280	2	{'PF00366': 1, 'PF16205': 1}
P62304	1	{'PF01423': 1}
P62306	1	{'PF01423': 1}
P62308	1	{'PF01423': 1}
P62310	1	{'PF01423': 1}
P62312	1	{'PF01423': 1}
P62314	1	{'PF01423': 1}
P62316	1	{'PF01423': 1}
P62318	1	{'PF01423': 1}
P62324	1	{'PF07742': 1}
P62328	1	{'PF01290': 1}
P62330	1	{'PF00025': 1}
P62333	3	{'PF00004': 1, 'PF16450': 1, 'PF17862': 1}
P62341	1	{'PF10262': 1}
P62380	1	{'PF00352': 2}
P62424	1	{'PF01248': 1}
P62487	2	{'PF00575': 1, 'PF03876': 1}
P62491	1	{'PF00071': 1}
P62495	3	{'PF03463': 1, 'PF03464': 1, 'PF03465': 1}
P62502	1	{'PF00061': 1}
P62508	2	{'PF00104': 1, 'PF00105': 1}
P62633	1	{'PF00098': 7}
P62683	5	{'PF00098': 1, 'PF00607': 1, 'PF02337': 1, 'PF14787': 1, 'PF19317': 1}
P62684	5	{'PF00098': 1, 'PF00607': 1, 'PF02337': 1, 'PF14787': 1, 'PF19317': 1}
P62685	5	{'PF00098': 1, 'PF00607': 1, 'PF02337': 1, 'PF14787': 1, 'PF19317': 1}
P62699	1	{'PF03226': 1}
P62701	4	{'PF00467': 1, 'PF00900': 1, 'PF08071': 1, 'PF16121': 1}
P62714	1	{'PF00149': 1}
P62736	1	{'PF00022': 1}
P62745	1	{'PF00071': 1}
P62750	2	{'PF00276': 1, 'PF03939': 1}
P62753	1	{'PF01092': 1}
P62760	2	{'PF00036': 1, 'PF13499': 1}
P62805	1	{'PF15511': 1}
P62807	1	{'PF00125': 1}
P62820	1	{'PF00071': 1}
P62826	1	{'PF00071': 1}
P62829	1	{'PF00238': 1}
P62834	1	{'PF00071': 1}
P62837	1	{'PF00179': 1}
P62841	1	{'PF00203': 1}
P62847	1	{'PF01282': 1}
P62851	1	{'PF03297': 1}
P62854	1	{'PF01283': 1}
P62857	1	{'PF01200': 1}
P62861	2	{'PF00240': 1, 'PF04758': 1}
P62875	1	{'PF01194': 1}
P62877	1	{'PF12678': 1}
P62888	1	{'PF01248': 1}
P62891	1	{'PF00832': 1}
P62899	1	{'PF01198': 1}
P62906	1	{'PF00687': 1}
P62910	1	{'PF01655': 1}
P62913	2	{'PF00281': 1, 'PF00673': 1}
P62917	2	{'PF00181': 1, 'PF03947': 1}
P62937	1	{'PF00160': 1}
P62942	1	{'PF00254': 1}
P62945	1	{'PF05162': 1}
P62952	1	{'PF06726': 1}
P62955	1	{'PF13903': 1}
P62979	2	{'PF00240': 1, 'PF01599': 1}
P62987	2	{'PF00240': 1, 'PF01020': 1}
P62993	2	{'PF00017': 1, 'PF00018': 2}
P62995	1	{'PF00076': 1}
P63000	1	{'PF00071': 1}
P63010	2	{'PF02883': 1, 'PF09066': 1}
P63027	1	{'PF00957': 1}
P63092	1	{'PF00503': 1}
P63096	1	{'PF00503': 1}
P63098	1	{'PF13499': 2}
P63119	2	{'PF00077': 1, 'PF01585': 1}
P63120	2	{'PF00077': 1, 'PF01585': 1}
P63121	2	{'PF00077': 1, 'PF01585': 1}
P63122	2	{'PF00077': 1, 'PF01585': 1}
P63123	2	{'PF00077': 1, 'PF01585': 1}
P63124	2	{'PF00077': 1, 'PF01585': 1}
P63125	2	{'PF00077': 1, 'PF01585': 1}
P63126	5	{'PF00098': 1, 'PF00607': 1, 'PF02337': 1, 'PF14787': 1, 'PF19317': 1}
P63127	2	{'PF00077': 1, 'PF01585': 1}
P63128	9	{'PF00077': 1, 'PF00078': 1, 'PF00098': 1, 'PF00607': 1, 'PF00692': 1, 'PF01585': 1, 'PF02337': 1, 'PF14787': 1, 'PF19317': 1}
P63129	2	{'PF00077': 1, 'PF01585': 1}
P63130	5	{'PF00098': 1, 'PF00607': 1, 'PF02337': 1, 'PF14787': 1, 'PF19317': 1}
P63131	2	{'PF00077': 1, 'PF01585': 1}
P63132	6	{'PF00075': 1, 'PF00078': 1, 'PF00552': 1, 'PF00665': 1, 'PF02022': 1, 'PF06817': 1}
P63133	6	{'PF00075': 1, 'PF00078': 1, 'PF00552': 1, 'PF00665': 1, 'PF02022': 1, 'PF06817': 1}
P63135	8	{'PF00075': 1, 'PF00078': 1, 'PF00517': 1, 'PF00552': 1, 'PF00665': 1, 'PF02022': 1, 'PF06817': 1, 'PF13804': 1}
P63136	6	{'PF00075': 1, 'PF00078': 1, 'PF00552': 1, 'PF00665': 1, 'PF02022': 1, 'PF06817': 1}
P63145	5	{'PF00098': 1, 'PF00607': 1, 'PF02337': 1, 'PF14787': 1, 'PF19317': 1}
P63146	1	{'PF00179': 1}
P63162	1	{'PF01423': 1}
P63165	1	{'PF11976': 1}
P63167	1	{'PF01221': 1}
P63172	1	{'PF03645': 1}
P63173	1	{'PF01781': 1}
P63208	2	{'PF01466': 1, 'PF03931': 1}
P63211	1	{'PF00631': 1}
P63215	1	{'PF00631': 1}
P63218	1	{'PF00631': 1}
P63220	1	{'PF01249': 1}
P63241	2	{'PF01287': 1, 'PF21485': 1}
P63252	3	{'PF01007': 1, 'PF08466': 1, 'PF17655': 1}
P63261	1	{'PF00022': 1}
P63267	1	{'PF00022': 1}
P63272	1	{'PF06093': 1}
P63279	1	{'PF00179': 1}
P63302	1	{'PF10262': 1}
P63313	1	{'PF01290': 1}
P63316	2	{'PF13499': 1, 'PF13833': 1}
P67775	1	{'PF00149': 1}
P67809	1	{'PF00313': 1}
P67812	1	{'PF00717': 1}
P67870	1	{'PF01214': 1}
P68032	1	{'PF00022': 1}
P68036	1	{'PF00179': 1}
P68104	3	{'PF00009': 1, 'PF03144': 1, 'PF22594': 1}
P68106	1	{'PF00254': 1}
P68133	1	{'PF00022': 1}
P68363	2	{'PF00091': 1, 'PF03953': 1}
P68366	2	{'PF00091': 1, 'PF03953': 1}
P68371	2	{'PF00091': 1, 'PF03953': 1}
P68400	1	{'PF00069': 1}
P68402	1	{'PF13472': 1}
P68431	1	{'PF00125': 1}
P68543	2	{'PF00789': 1, 'PF08059': 1}
P68871	1	{'PF00042': 1}
P69849	10	{'PF13620': 1, 'PF17802': 1, 'PF22898': 1, 'PF22902': 1, 'PF23141': 1, 'PF23192': 1, 'PF23193': 1, 'PF23194': 1, 'PF23660': 1, 'PF22904': 2}
P69891	1	{'PF00042': 1}
P69892	1	{'PF00042': 1}
P69905	1	{'PF00042': 1}
P78310	2	{'PF07686': 1, 'PF13927': 1}
P78312	1	{'PF15914': 1}
P78314	2	{'PF00017': 1, 'PF00169': 1}
P78316	1	{'PF04147': 1}
P78317	1	{'PF13639': 1}
P78324	2	{'PF07654': 2, 'PF07686': 1}
P78325	4	{'PF00200': 1, 'PF01421': 1, 'PF01562': 1, 'PF08516': 1}
P78329	1	{'PF00067': 1}
P78330	1	{'PF00702': 1}
P78332	2	{'PF01585': 1, 'PF17780': 1}
P78333	1	{'PF01153': 1}
P78334	2	{'PF02931': 1, 'PF02932': 1}
P78337	1	{'PF00046': 1}
P78345	1	{'PF01248': 1}
P78346	1	{'PF01876': 1}
P78347	1	{'PF02946': 6}
P78348	1	{'PF00858': 1}
P78352	5	{'PF00018': 1, 'PF00595': 3, 'PF00625': 1, 'PF10600': 1, 'PF10608': 1}
P78356	1	{'PF01504': 1}
P78357	2	{'PF00754': 1, 'PF02210': 4}
P78358	1	{'PF09341': 1}
P78362	1	{'PF00069': 2}
P78363	3	{'PF12698': 2, 'PF00005': 2, 'PF23321': 1}
P78364	2	{'PF00536': 1, 'PF21319': 1}
P78367	1	{'PF00046': 1}
P78368	2	{'PF12605': 1, 'PF00069': 1}
P78369	1	{'PF00822': 1}
P78371	1	{'PF00118': 1}
P78380	1	{'PF00059': 1}
P78381	1	{'PF04142': 1}
P78382	1	{'PF04142': 1}
P78383	1	{'PF08449': 1}
P78385	1	{'PF16208': 1}
P78386	1	{'PF16208': 1}
P78396	2	{'PF00134': 1, 'PF02984': 1}
P78410	2	{'PF07686': 1, 'PF22705': 1}
P78411	1	{'PF05920': 1}
P78412	1	{'PF05920': 1}
P78413	1	{'PF05920': 1}
P78414	1	{'PF05920': 1}
P78415	1	{'PF05920': 1}
P78417	2	{'PF13409': 1, 'PF14497': 1}
P78423	1	{'PF00048': 1}
P78424	2	{'PF00046': 1, 'PF00157': 2}
P78426	1	{'PF00046': 1}
P78504	7	{'PF00008': 5, 'PF01414': 1, 'PF07657': 1, 'PF12661': 2, 'PF21700': 1, 'PF25024': 1, 'PF23575': 1}
P78508	2	{'PF01007': 1, 'PF17655': 1}
P78509	3	{'PF07974': 1, 'PF21471': 18, 'PF23106': 2}
P78524	3	{'PF02141': 1, 'PF03455': 1, 'PF03456': 1}
P78527	2	{'PF00454': 1, 'PF02260': 1}
P78536	3	{'PF00200': 1, 'PF13574': 1, 'PF16698': 1}
P78537	1	{'PF06320': 1}
P78539	3	{'PF00084': 3, 'PF02494': 1, 'PF13778': 1}
P78540	1	{'PF00491': 1}
P78543	1	{'PF07742': 1}
P78545	2	{'PF00178': 1, 'PF02198': 1}
P78549	1	{'PF00730': 1}
P78552	2	{'PF09240': 1, 'PF18001': 1}
P78556	1	{'PF00048': 1}
P78559	1	{'PF25281': 1}
P78560	2	{'PF00531': 1, 'PF00619': 1}
P78562	2	{'PF01431': 1, 'PF05649': 1}
P78563	2	{'PF00035': 2, 'PF02137': 1}
P79483	2	{'PF00969': 1, 'PF07654': 1}
P79522	1	{'PF00642': 1}
P80075	1	{'PF00048': 1}
P80098	1	{'PF00048': 1}
P80108	1	{'PF00882': 1}
P80162	1	{'PF00048': 1}
P80188	1	{'PF00061': 1}
P80192	2	{'PF14604': 1, 'PF00069': 1}
P80217	2	{'PF07292': 2, 'PF07334': 1}
P80294	1	{'PF00131': 1}
P80297	1	{'PF00131': 1}
P80303	2	{'PF13499': 1, 'PF25434': 1}
P80365	1	{'PF00106': 1}
P80370	1	{'PF00008': 4}
P80404	1	{'PF00202': 1}
P80511	1	{'PF01023': 1}
P80748	1	{'PF07686': 1}
P81133	4	{'PF00989': 1, 'PF06621': 1, 'PF08447': 1, 'PF23171': 1}
P81172	1	{'PF06446': 1}
P81277	1	{'PF15172': 1}
P81408	1	{'PF04103': 1}
P81534	1	{'PF00711': 1}
P81605	1	{'PF15291': 1}
P81877	1	{'PF04503': 2}
P82251	1	{'PF13520': 1}
P82279	3	{'PF00008': 14, 'PF02210': 3, 'PF12661': 3}
P82650	1	{'PF10245': 1}
P82663	1	{'PF05047': 1}
P82664	1	{'PF00338': 1}
P82673	1	{'PF10213': 1}
P82675	3	{'PF00333': 1, 'PF03719': 1, 'PF21251': 1}
P82912	1	{'PF00411': 1}
P82914	1	{'PF00312': 1}
P82921	1	{'PF01165': 1}
P82930	1	{'PF16053': 1}
P82932	1	{'PF01250': 1}
P82933	1	{'PF00380': 1}
P82970	1	{'PF01101': 1}
P82979	1	{'PF02037': 1}
P82980	1	{'PF00061': 1}
P82987	6	{'PF00090': 1, 'PF08686': 1, 'PF13927': 1, 'PF07679': 2, 'PF19030': 11, 'PF19236': 1}
P83105	4	{'PF00219': 1, 'PF07648': 1, 'PF13180': 1, 'PF13365': 1}
P83110	4	{'PF00219': 1, 'PF07648': 1, 'PF13180': 1, 'PF13365': 1}
P83111	1	{'PF00144': 1}
P83731	1	{'PF01246': 1}
P83859	1	{'PF11109': 1}
P83876	1	{'PF02966': 1}
P83881	1	{'PF00935': 1}
P83916	2	{'PF00385': 1, 'PF01393': 1}
P84022	2	{'PF03165': 1, 'PF03166': 1}
P84074	2	{'PF00036': 1, 'PF13499': 1}
P84077	1	{'PF00025': 1}
P84085	1	{'PF00025': 1}
P84090	1	{'PF01133': 1}
P84095	1	{'PF00071': 1}
P84098	2	{'PF01280': 1, 'PF25476': 1}
P84103	1	{'PF00076': 1}
P84157	1	{'PF25473': 1}
P84243	1	{'PF00125': 1}
P84550	2	{'PF02437': 1, 'PF08782': 1}
P85037	2	{'PF00250': 1, 'PF00498': 1}
P85298	2	{'PF00620': 1, 'PF13716': 1}
P85299	1	{'PF08539': 1}
P86397	1	{'PF01575': 1}
P86452	2	{'PF02892': 2, 'PF05699': 1}
P86478	1	{'PF15708': 1}
P86479	1	{'PF15708': 1}
P86480	1	{'PF15708': 1}
P86481	1	{'PF15708': 1}
P86496	1	{'PF15708': 1}
P86790	3	{'PF19031': 1, 'PF19032': 1, 'PF19033': 1}
P86791	3	{'PF19031': 1, 'PF19032': 1, 'PF19033': 1}
P87889	4	{'PF00098': 1, 'PF02337': 1, 'PF14787': 1, 'PF19317': 1}
P98066	2	{'PF00193': 1, 'PF00431': 1}
P98073	5	{'PF00089': 1, 'PF00431': 2, 'PF00629': 1, 'PF01390': 1, 'PF15494': 1}
P98077	2	{'PF00017': 1, 'PF00640': 1}
P98082	1	{'PF00640': 1}
P98088	5	{'PF00094': 4, 'PF01826': 2, 'PF08742': 4, 'PF13330': 9, 'PF25962': 1}
P98095	6	{'PF01821': 2, 'PF07645': 5, 'PF12662': 2, 'PF14670': 1, 'PF22914': 1, 'PF24532': 1}
P98153	1	{'PF00059': 1}
P98155	2	{'PF07645': 1, 'PF14670': 1}
P98160	9	{'PF00008': 2, 'PF00052': 3, 'PF00053': 7, 'PF00054': 2, 'PF02210': 1, 'PF13895': 1, 'PF13927': 13, 'PF07679': 8, 'PF24973': 3}
P98161	7	{'PF00059': 1, 'PF00801': 15, 'PF01477': 1, 'PF01822': 1, 'PF02010': 1, 'PF08016': 1, 'PF20519': 1}
P98164	4	{'PF07645': 2, 'PF12662': 1, 'PF14670': 2, 'PF24468': 1}
P98168	2	{'PF13912': 1, 'PF00096': 5}
P98169	1	{'PF00096': 6}
P98170	3	{'PF00653': 3, 'PF13920': 1, 'PF21290': 1}
P98171	3	{'PF00611': 1, 'PF00620': 1, 'PF14604': 1}
P98172	1	{'PF00812': 1}
P98173	1	{'PF15711': 1}
P98174	3	{'PF00169': 2, 'PF00621': 1, 'PF01363': 1}
P98175	4	{'PF00076': 1, 'PF00641': 1, 'PF01585': 1, 'PF17780': 1}
P98177	2	{'PF00250': 1, 'PF16676': 1}
P98179	1	{'PF00076': 1}
P98182	1	{'PF00096': 4}
P98187	1	{'PF00067': 1}
P98194	4	{'PF00122': 1, 'PF00689': 1, 'PF00690': 1, 'PF13246': 1}
P98196	4	{'PF00122': 1, 'PF13246': 1, 'PF16209': 1, 'PF16212': 1}
P98198	3	{'PF13246': 1, 'PF16209': 1, 'PF16212': 1}
P99999	1	{'PF00034': 1}
Q00013	3	{'PF00018': 1, 'PF00595': 1, 'PF00625': 1}
Q00056	1	{'PF00046': 1}
Q00059	2	{'PF00505': 1, 'PF09011': 1}
Q00169	1	{'PF02121': 1}
Q00266	3	{'PF00438': 1, 'PF02772': 1, 'PF02773': 1}
Q00341	2	{'PF00013': 14, 'PF24668': 1}
Q00403	2	{'PF00382': 2, 'PF08271': 1}
Q00444	1	{'PF00046': 1}
Q00526	1	{'PF00069': 1}
Q00532	1	{'PF00069': 1}
Q00534	1	{'PF00069': 1}
Q00535	1	{'PF00069': 1}
Q00536	1	{'PF00069': 1}
Q00537	1	{'PF00069': 1}
Q00577	1	{'PF04845': 1}
Q00587	2	{'PF00786': 1, 'PF14957': 1}
Q00597	1	{'PF02106': 1}
Q00604	1	{'PF00007': 1}
Q00613	2	{'PF00447': 1, 'PF06546': 1}
Q00653	3	{'PF00531': 1, 'PF00554': 1, 'PF16179': 1}
Q00688	2	{'PF00254': 1, 'PF18410': 1}
Q00722	6	{'PF00168': 1, 'PF00387': 1, 'PF00388': 1, 'PF08703': 1, 'PF17787': 1, 'PF22631': 1}
Q00765	1	{'PF03134': 1}
Q00796	2	{'PF00107': 1, 'PF08240': 1}
Q00839	3	{'PF00622': 1, 'PF02037': 1, 'PF13671': 1}
Q00872	3	{'PF00041': 3, 'PF07679': 7, 'PF18362': 1}
Q00887	2	{'PF07686': 1, 'PF13895': 1}
Q00888	3	{'PF07686': 1, 'PF13895': 1, 'PF13927': 2}
Q00889	3	{'PF07686': 1, 'PF13895': 2, 'PF13927': 1}
Q008S8	3	{'PF00621': 1, 'PF12937': 1, 'PF14252': 1}
Q00973	1	{'PF00535': 1}
Q00975	3	{'PF00520': 4, 'PF08763': 1, 'PF16905': 1}
Q00978	2	{'PF00605': 1, 'PF10401': 1}
Q00987	3	{'PF00641': 1, 'PF02201': 1, 'PF13920': 1}
Q00994	1	{'PF04538': 1}
Q00G26	1	{'PF03036': 1}
Q00LT1	1	{'PF15201': 1}
Q01064	2	{'PF00233': 1, 'PF08499': 1}
Q01081	2	{'PF00076': 1, 'PF00642': 2}
Q01082	3	{'PF00169': 1, 'PF00307': 2, 'PF00435': 17}
Q01085	1	{'PF00076': 3}
Q01094	2	{'PF02319': 1, 'PF16421': 1}
Q01101	1	{'PF00096': 4}
Q01105	1	{'PF00956': 1}
Q01118	2	{'PF00520': 4, 'PF06512': 1}
Q01130	1	{'PF00076': 1}
Q01151	1	{'PF07686': 1}
Q01167	2	{'PF00250': 1, 'PF00498': 1}
Q01196	2	{'PF00853': 1, 'PF08504': 1}
Q01201	4	{'PF00554': 1, 'PF16179': 1, 'PF16180': 1, 'PF16181': 1}
Q01344	1	{'PF09240': 1}
Q01362	1	{'PF04103': 1}
Q01415	3	{'PF00288': 1, 'PF08544': 1, 'PF10509': 1}
Q01432	1	{'PF19326': 1}
Q01433	1	{'PF19326': 1}
Q01453	1	{'PF00822': 1}
Q01459	1	{'PF00704': 1}
Q01469	1	{'PF00061': 1}
Q01484	3	{'PF00531': 1, 'PF00791': 3, 'PF17809': 1}
Q01518	2	{'PF08603': 1, 'PF21938': 1}
Q01523	2	{'PF00323': 1, 'PF00879': 1}
Q01524	2	{'PF00323': 1, 'PF00879': 1}
Q01534	1	{'PF00956': 1}
Q01538	2	{'PF01530': 7, 'PF08474': 2}
Q01543	2	{'PF00178': 1, 'PF02198': 1}
Q01546	1	{'PF16208': 1}
Q01581	2	{'PF01154': 1, 'PF08540': 1}
Q01628	1	{'PF04505': 1}
Q01629	1	{'PF04505': 1}
Q01638	2	{'PF01582': 1, 'PF07679': 1}
Q01650	1	{'PF13520': 1}
Q01658	1	{'PF00808': 1}
Q01664	1	{'PF00010': 1}
Q01668	4	{'PF00520': 4, 'PF08763': 1, 'PF16885': 1, 'PF16905': 1}
Q01718	1	{'PF00001': 1}
Q01726	1	{'PF00001': 2}
Q01740	1	{'PF00743': 1}
Q01780	3	{'PF00570': 1, 'PF01612': 1, 'PF08066': 1}
Q01804	1	{'PF02338': 1}
Q01813	1	{'PF00365': 2}
Q01814	6	{'PF00122': 1, 'PF00689': 1, 'PF00690': 1, 'PF08282': 1, 'PF12424': 1, 'PF13246': 1}
Q01826	4	{'PF00046': 1, 'PF02376': 2, 'PF16534': 1, 'PF16557': 1}
Q01831	4	{'PF03835': 1, 'PF10403': 1, 'PF10404': 1, 'PF10405': 1}
Q01844	2	{'PF00076': 1, 'PF00641': 1}
Q01851	2	{'PF00046': 1, 'PF00157': 1}
Q01860	2	{'PF00046': 1, 'PF00157': 1}
Q01892	1	{'PF00178': 1}
Q01954	2	{'PF12874': 1, 'PF00096': 1}
Q01955	1	{'PF01413': 2}
Q01959	1	{'PF00209': 1}
Q01968	4	{'PF00620': 1, 'PF03372': 1, 'PF16726': 1, 'PF21310': 1}
Q01970	6	{'PF00168': 1, 'PF00387': 1, 'PF00388': 1, 'PF08703': 1, 'PF17787': 1, 'PF22631': 1}
Q01973	4	{'PF00051': 1, 'PF01392': 1, 'PF07679': 1, 'PF07714': 1}
Q01974	4	{'PF00051': 1, 'PF01392': 1, 'PF07679': 1, 'PF07714': 1}
Q01995	1	{'PF00307': 1}
Q02040	1	{'PF25015': 1}
Q02045	1	{'PF13499': 1}
Q02078	2	{'PF00319': 1, 'PF12347': 1}
Q02080	1	{'PF00319': 1}
Q02083	2	{'PF02275': 1, 'PF15508': 1}
Q02086	1	{'PF00096': 3}
Q02094	1	{'PF00909': 1}
Q02108	2	{'PF00211': 1, 'PF07701': 1}
Q02127	1	{'PF01180': 1}
Q02153	3	{'PF00211': 1, 'PF07700': 1, 'PF07701': 1}
Q02156	4	{'PF00130': 2, 'PF00168': 1, 'PF00433': 1, 'PF00069': 1}
Q02161	1	{'PF00909': 1}
Q02218	4	{'PF00676': 1, 'PF02779': 1, 'PF16078': 1, 'PF16870': 1}
Q02221	1	{'PF02046': 1}
Q02223	1	{'PF09257': 1}
Q02224	1	{'PF00225': 1}
Q02241	2	{'PF00225': 1, 'PF16540': 1}
Q02246	3	{'PF00041': 2, 'PF13927': 3, 'PF07679': 2}
Q02252	1	{'PF00171': 1}
Q02297	2	{'PF00008': 1, 'PF07679': 1}
Q02318	1	{'PF00067': 1}
Q02325	1	{'PF00024': 1}
Q02338	1	{'PF00106': 1}
Q02363	1	{'PF00010': 1}
Q02383	1	{'PF05474': 1}
Q02386	2	{'PF01352': 1, 'PF00096': 15}
Q02388	3	{'PF00014': 1, 'PF00041': 8, 'PF00092': 2}
Q02410	2	{'PF00595': 2, 'PF00640': 1}
Q02413	2	{'PF00028': 3, 'PF01049': 1}
Q02446	1	{'PF00096': 3}
Q02447	1	{'PF00096': 3}
Q02487	3	{'PF00028': 4, 'PF01049': 1, 'PF08758': 1}
Q02509	1	{'PF00068': 2}
Q02535	1	{'PF00010': 1}
Q02539	1	{'PF00538': 1}
Q02543	1	{'PF01775': 1}
Q02548	2	{'PF00292': 1, 'PF12403': 1}
Q02556	2	{'PF00605': 1, 'PF10401': 1}
Q02575	1	{'PF00010': 1}
Q02577	1	{'PF00010': 1}
Q02641	2	{'PF00625': 1, 'PF12052': 1}
Q02643	2	{'PF00002': 1, 'PF02793': 1}
Q02742	1	{'PF02485': 1}
Q02747	1	{'PF02058': 1}
Q02750	1	{'PF00069': 1}
Q02763	3	{'PF00041': 2, 'PF10430': 1, 'PF07714': 1}
Q02779	2	{'PF14604': 1, 'PF07714': 1}
Q02790	1	{'PF00254': 2}
Q02809	3	{'PF03171': 1, 'PF25238': 1, 'PF25342': 1}
Q02817	6	{'PF00094': 4, 'PF01826': 1, 'PF08742': 4, 'PF13330': 2, 'PF23244': 2, 'PF25962': 1}
Q02818	1	{'PF25434': 1}
Q02833	1	{'PF00788': 1}
Q02846	4	{'PF00211': 1, 'PF01094': 1, 'PF07701': 1, 'PF07714': 1}
Q02878	2	{'PF01159': 1, 'PF03868': 1}
Q02880	6	{'PF00204': 1, 'PF00521': 1, 'PF01751': 1, 'PF02518': 1, 'PF08070': 1, 'PF16898': 1}
Q02928	1	{'PF00067': 1}
Q02962	2	{'PF00292': 1, 'PF12403': 1}
Q02985	1	{'PF00084': 4}
Q03001	9	{'PF00307': 2, 'PF00435': 20, 'PF02187': 1, 'PF13499': 1, 'PF17902': 1, 'PF18373': 1, 'PF21019': 1, 'PF21020': 1, 'PF21097': 1}
Q03013	2	{'PF00043': 1, 'PF02798': 1}
Q03014	1	{'PF00046': 1}
Q03052	2	{'PF00046': 1, 'PF00157': 1}
Q03060	1	{'PF02173': 1}
Q03111	2	{'PF03366': 1, 'PF17793': 1}
Q03112	2	{'PF00096': 9, 'PF21549': 1}
Q03113	1	{'PF00503': 1}
Q03135	1	{'PF01146': 1}
Q03154	2	{'PF01546': 1, 'PF07687': 1}
Q03164	6	{'PF00628': 2, 'PF00856': 1, 'PF02008': 1, 'PF05964': 1, 'PF05965': 1, 'PF13771': 1}
Q03167	3	{'PF00100': 1, 'PF23344': 1, 'PF26060': 2}
Q03181	2	{'PF00104': 1, 'PF00105': 1}
Q03188	3	{'PF11699': 1, 'PF15620': 1, 'PF15622': 1}
Q03252	1	{'PF00932': 1}
Q03393	1	{'PF01242': 1}
Q03395	1	{'PF00335': 1}
Q03403	1	{'PF00088': 2}
Q03405	1	{'PF00021': 3}
Q03426	2	{'PF00288': 1, 'PF08544': 1}
Q03431	2	{'PF00002': 1, 'PF02793': 1}
Q03468	3	{'PF00176': 1, 'PF00271': 1, 'PF25875': 1}
Q03518	2	{'PF00664': 1, 'PF00005': 1}
Q03519	2	{'PF00664': 1, 'PF00005': 1}
Q03591	1	{'PF00084': 5}
Q03692	1	{'PF00386': 1}
Q03721	3	{'PF00520': 1, 'PF02214': 1, 'PF11601': 1}
Q03828	1	{'PF00046': 1}
Q03923	2	{'PF01352': 1, 'PF00096': 15}
Q03924	2	{'PF00096': 10, 'PF13465': 1}
Q03933	2	{'PF00447': 1, 'PF06546': 1}
Q03936	2	{'PF01352': 1, 'PF00096': 11}
Q03938	2	{'PF01352': 1, 'PF00096': 14}
Q03989	1	{'PF01388': 1}
Q04206	2	{'PF00554': 1, 'PF16179': 1}
Q04323	2	{'PF00789': 1, 'PF22562': 1}
Q04446	3	{'PF00128': 1, 'PF02806': 1, 'PF02922': 1}
Q04609	3	{'PF02225': 1, 'PF04253': 1, 'PF04389': 1}
Q04656	3	{'PF00122': 1, 'PF00403': 6, 'PF00702': 1}
Q04671	1	{'PF03600': 1}
Q04721	6	{'PF00008': 20, 'PF00066': 3, 'PF06816': 1, 'PF07645': 4, 'PF07684': 1, 'PF12661': 7}
Q04724	1	{'PF03920': 1}
Q04725	1	{'PF03920': 1}
Q04726	1	{'PF03920': 1}
Q04727	1	{'PF03920': 1}
Q04741	1	{'PF00046': 1}
Q04743	1	{'PF00046': 1}
Q04756	4	{'PF00008': 2, 'PF00040': 1, 'PF00051': 1, 'PF00089': 1}
Q04759	4	{'PF00130': 2, 'PF00433': 1, 'PF21494': 1, 'PF00069': 1}
Q04760	1	{'PF00903': 1}
Q04771	3	{'PF01064': 1, 'PF08515': 1, 'PF07714': 1}
Q04828	1	{'PF00248': 1}
Q04837	1	{'PF00436': 1}
Q04844	2	{'PF02931': 1, 'PF02932': 1}
Q04864	2	{'PF00554': 1, 'PF16179': 1}
Q04900	1	{'PF05283': 1}
Q04912	3	{'PF01437': 1, 'PF01833': 3, 'PF07714': 1}
Q04941	1	{'PF01284': 1}
Q05048	1	{'PF16699': 1}
Q05066	1	{'PF00505': 1}
Q05084	2	{'PF04629': 2, 'PF06456': 1}
Q05086	2	{'PF00632': 1, 'PF16558': 1}
Q05193	4	{'PF00169': 1, 'PF00350': 1, 'PF01031': 1, 'PF02212': 1}
Q05195	1	{'PF00010': 1}
Q05209	1	{'PF00102': 1}
Q05215	1	{'PF00096': 2}
Q05315	1	{'PF00337': 1}
Q05329	1	{'PF00282': 1}
Q05397	5	{'PF00373': 1, 'PF03623': 1, 'PF18038': 1, 'PF21477': 1, 'PF07714': 1}
Q05469	2	{'PF06350': 1, 'PF07859': 2}
Q05481	2	{'PF01352': 1, 'PF00096': 29}
Q05513	4	{'PF00130': 1, 'PF00433': 1, 'PF00564': 1, 'PF00069': 1}
Q05516	3	{'PF00651': 1, 'PF13912': 2, 'PF00096': 2}
Q05519	1	{'PF00076': 1}
Q05586	3	{'PF00060': 1, 'PF01094': 1, 'PF10613': 1}
Q05639	3	{'PF00009': 1, 'PF03144': 1, 'PF22594': 1}
Q05655	4	{'PF00130': 2, 'PF00433': 1, 'PF21494': 1, 'PF00069': 1}
Q05707	2	{'PF00041': 7, 'PF00092': 2}
Q05823	2	{'PF06479': 1, 'PF00069': 1}
Q05901	2	{'PF02931': 1, 'PF02932': 1}
Q05923	2	{'PF00581': 1, 'PF00782': 1}
Q05925	2	{'PF00046': 1, 'PF10525': 1}
Q05940	1	{'PF07690': 2}
Q05952	1	{'PF01254': 1}
Q05996	5	{'PF00100': 1, 'PF23344': 1, 'PF23736': 1, 'PF23738': 1, 'PF23740': 1}
Q05BQ5	2	{'PF02820': 4, 'PF21319': 1}
Q05D32	1	{'PF03031': 1}
Q05DH4	1	{'PF19314': 1}
Q06033	3	{'PF00092': 1, 'PF06668': 1, 'PF08487': 1}
Q06055	1	{'PF00137': 1}
Q06124	2	{'PF00017': 2, 'PF00102': 1}
Q06136	1	{'PF00106': 1}
Q06141	1	{'PF00059': 1}
Q06187	4	{'PF00017': 1, 'PF00018': 1, 'PF00169': 1, 'PF07714': 1}
Q06190	3	{'PF13499': 1, 'PF17958': 1, 'PF21161': 1}
Q06203	2	{'PF00156': 1, 'PF13522': 1}
Q06210	2	{'PF01380': 2, 'PF13522': 1}
Q06265	2	{'PF01138': 1, 'PF03725': 1}
Q06278	7	{'PF00111': 1, 'PF00941': 1, 'PF01315': 1, 'PF01799': 1, 'PF02738': 1, 'PF03450': 1, 'PF20256': 1}
Q06323	2	{'PF02251': 1, 'PF02252': 1}
Q06330	3	{'PF09270': 1, 'PF09271': 1, 'PF20144': 1}
Q06413	2	{'PF00319': 1, 'PF12347': 1}
Q06416	2	{'PF00046': 1, 'PF00157': 1}
Q06418	3	{'PF00041': 2, 'PF07679': 1, 'PF07714': 1}
Q06432	1	{'PF13903': 1}
Q06455	3	{'PF01753': 1, 'PF07531': 1, 'PF08788': 1}
Q06481	5	{'PF00014': 1, 'PF02177': 1, 'PF10515': 1, 'PF12924': 1, 'PF12925': 1}
Q06495	1	{'PF02690': 2}
Q06520	1	{'PF00685': 1}
Q06546	3	{'PF00178': 1, 'PF02198': 1, 'PF11620': 1}
Q06587	2	{'PF00097': 1, 'PF16207': 1}
Q06609	2	{'PF08423': 1, 'PF14520': 1}
Q06643	1	{'PF00229': 1}
Q06710	2	{'PF00292': 1, 'PF12403': 1}
Q06730	2	{'PF01352': 1, 'PF00096': 16}
Q06732	2	{'PF01352': 1, 'PF00096': 16}
Q06787	6	{'PF00013': 2, 'PF05641': 1, 'PF12235': 1, 'PF16098': 1, 'PF17904': 1, 'PF18336': 1}
Q06828	1	{'PF01462': 1}
Q06830	2	{'PF00578': 1, 'PF10417': 1}
Q06889	2	{'PF11928': 1, 'PF00096': 3}
Q06945	1	{'PF00505': 1}
Q07001	2	{'PF02931': 1, 'PF02932': 1}
Q07002	1	{'PF00069': 1}
Q07011	1	{'PF00020': 1}
Q07020	1	{'PF17135': 1}
Q07021	1	{'PF02330': 1}
Q07075	3	{'PF01433': 1, 'PF11838': 1, 'PF17900': 1}
Q07108	1	{'PF00059': 1}
Q07157	4	{'PF00595': 3, 'PF00625': 1, 'PF00791': 1, 'PF07653': 1}
Q07283	1	{'PF01023': 1}
Q07325	1	{'PF00048': 1}
Q07326	1	{'PF06699': 1}
Q07343	2	{'PF00233': 1, 'PF18100': 1}
Q07352	2	{'PF00642': 2, 'PF04553': 1}
Q07444	1	{'PF00059': 1}
Q07507	1	{'PF14704': 1}
Q075Z2	1	{'PF00040': 2}
Q07617	1	{'PF13877': 1}
Q07627	1	{'PF01500': 3}
Q07654	1	{'PF00088': 1}
Q07666	3	{'PF16274': 1, 'PF16568': 1, 'PF22675': 1}
Q07687	2	{'PF00046': 1, 'PF12413': 1}
Q07699	1	{'PF07686': 1}
Q07812	1	{'PF00452': 1}
Q07817	2	{'PF00452': 1, 'PF02180': 1}
Q07820	1	{'PF00452': 1}
Q07837	1	{'PF00128': 1}
Q07864	5	{'PF03104': 1, 'PF08490': 1, 'PF22634': 1, 'PF22912': 1, 'PF23250': 1}
Q07869	2	{'PF00104': 1, 'PF00105': 1}
Q07889	4	{'PF00617': 1, 'PF00618': 1, 'PF00621': 1, 'PF22697': 1}
Q07890	4	{'PF00617': 1, 'PF00618': 1, 'PF00621': 1, 'PF22697': 1}
Q07912	5	{'PF09027': 1, 'PF11555': 1, 'PF14604': 1, 'PF22931': 1, 'PF07714': 1}
Q07954	3	{'PF07645': 2, 'PF12662': 1, 'PF14670': 3}
Q07955	1	{'PF00076': 2}
Q07960	2	{'PF00620': 1, 'PF13716': 1}
Q07973	1	{'PF00067': 1}
Q08043	3	{'PF00307': 2, 'PF00435': 4, 'PF08726': 1}
Q08050	1	{'PF00250': 1}
Q08116	1	{'PF00615': 1}
Q08117	1	{'PF03920': 1}
Q08170	1	{'PF00076': 2}
Q08174	3	{'PF00028': 6, 'PF08266': 1, 'PF08374': 1}
Q08188	3	{'PF00868': 1, 'PF00927': 2, 'PF01841': 1}
Q08209	1	{'PF00149': 1}
Q08211	6	{'PF00035': 2, 'PF00270': 1, 'PF00271': 1, 'PF04408': 1, 'PF07717': 1, 'PF21010': 1}
Q08257	2	{'PF08240': 1, 'PF13602': 1}
Q08289	2	{'PF00625': 1, 'PF12052': 1}
Q08334	2	{'PF01108': 1, 'PF09294': 1}
Q08345	3	{'PF00754': 1, 'PF21114': 1, 'PF07714': 1}
Q08357	1	{'PF01384': 1}
Q08380	2	{'PF00530': 1, 'PF07707': 1}
Q08397	1	{'PF01186': 1}
Q08426	3	{'PF00378': 1, 'PF00725': 2, 'PF02737': 1}
Q08431	2	{'PF00008': 1, 'PF00754': 2}
Q08462	3	{'PF00211': 2, 'PF06327': 1, 'PF16214': 1}
Q08477	1	{'PF00067': 1}
Q08493	2	{'PF00233': 1, 'PF18100': 1}
Q08495	2	{'PF02209': 1, 'PF16182': 1}
Q08499	2	{'PF00233': 1, 'PF18100': 1}
Q08554	2	{'PF00028': 4, 'PF08758': 1}
Q08623	1	{'PF13419': 1}
Q08629	3	{'PF00086': 1, 'PF07648': 1, 'PF10591': 1}
Q08648	1	{'PF05324': 1}
Q08708	1	{'PF07686': 1}
Q08722	2	{'PF04549': 1, 'PF08204': 1}
Q08752	1	{'PF00160': 1}
Q08828	2	{'PF00211': 2, 'PF16214': 1}
Q08830	1	{'PF00147': 1}
Q08881	4	{'PF00017': 1, 'PF00018': 1, 'PF00169': 1, 'PF07714': 1}
Q08945	6	{'PF00505': 1, 'PF03531': 1, 'PF08512': 1, 'PF17292': 1, 'PF21092': 1, 'PF21103': 1}
Q08999	3	{'PF01857': 1, 'PF01858': 1, 'PF11934': 1}
Q08AD1	4	{'PF08683': 1, 'PF11971': 1, 'PF17095': 1, 'PF25532': 1}
Q08AE8	1	{'PF16474': 1}
Q08AF3	3	{'PF04326': 1, 'PF17057': 1, 'PF21026': 1}
Q08AG5	3	{'PF01352': 1, 'PF13912': 1, 'PF00096': 2}
Q08AG7	1	{'PF12554': 1}
Q08AH1	2	{'PF00501': 1, 'PF13193': 1}
Q08AH3	2	{'PF00501': 1, 'PF13193': 1}
Q08AI6	1	{'PF01490': 1}
Q08AI8	1	{'PF20266': 1}
Q08AM6	1	{'PF11916': 1}
Q08AN1	2	{'PF01352': 1, 'PF00096': 21}
Q08E93	1	{'PF15832': 1}
Q08ER8	2	{'PF01352': 1, 'PF00096': 13}
Q08ET2	3	{'PF07686': 1, 'PF08205': 1, 'PF13895': 1}
Q08J23	3	{'PF01189': 1, 'PF25376': 1, 'PF25378': 1}
Q09013	1	{'PF00069': 1}
Q09327	1	{'PF04724': 1}
Q09328	2	{'PF15024': 1, 'PF15027': 1}
Q09428	2	{'PF00664': 2, 'PF00005': 2}
Q09470	2	{'PF00520': 1, 'PF02214': 1}
Q09472	8	{'PF00439': 1, 'PF00569': 1, 'PF02135': 2, 'PF02172': 1, 'PF06001': 1, 'PF08214': 1, 'PF09030': 1, 'PF23570': 1}
Q09FC8	1	{'PF00096': 11}
Q09MP3	1	{'PF15696': 1}
Q0D2J5	3	{'PF01352': 1, 'PF13912': 1, 'PF00096': 2}
Q0D2K0	1	{'PF05653': 1}
Q0D2K2	2	{'PF00651': 1, 'PF07707': 1}
Q0D2K3	1	{'PF14998': 1}
Q0GE19	1	{'PF13593': 1}
Q0IIM8	2	{'PF00566': 1, 'PF02893': 2}
Q0JRZ9	2	{'PF10291': 1, 'PF22699': 1}
Q0P5N6	1	{'PF00025': 1}
Q0P5P2	1	{'PF15076': 1}
Q0P641	1	{'PF17718': 1}
Q0P651	1	{'PF09752': 1}
Q0P670	1	{'PF15670': 1}
Q0P6D2	2	{'PF12260': 1, 'PF14875': 1}
Q0P6H9	3	{'PF00149': 1, 'PF24384': 1, 'PF24394': 1}
Q0PNE2	1	{'PF09807': 1}
Q0VAF6	1	{'PF15138': 1}
Q0VAK6	1	{'PF03250': 1}
Q0VAM2	2	{'PF00617': 1, 'PF00618': 1}
Q0VD86	1	{'PF15142': 1}
Q0VDD8	7	{'PF12774': 2, 'PF12775': 1, 'PF12777': 1, 'PF12780': 1, 'PF12781': 2, 'PF17852': 1, 'PF18199': 1}
Q0VDE8	1	{'PF15202': 1}
Q0VDF9	1	{'PF00012': 1}
Q0VDG4	1	{'PF03577': 1}
Q0VF49	1	{'PF15709': 1}
Q0VG06	1	{'PF15146': 1}
Q0VG99	1	{'PF00010': 1}
Q0VGE8	2	{'PF01352': 1, 'PF00096': 14}
Q0WX57	1	{'PF00443': 1}
Q0Z7S8	1	{'PF00061': 1}
Q0ZGT2	1	{'PF07679': 1}
Q0ZLH3	1	{'PF04598': 1}
Q10469	1	{'PF05060': 1}
Q10471	2	{'PF00535': 1, 'PF00652': 1}
Q10472	2	{'PF00535': 1, 'PF00652': 1}
Q10567	2	{'PF02883': 1, 'PF09066': 1}
Q10588	1	{'PF02267': 1}
Q10589	1	{'PF16716': 1}
Q10713	2	{'PF00675': 1, 'PF05193': 1}
Q10981	1	{'PF01531': 1}
Q11128	2	{'PF00852': 1, 'PF17039': 1}
Q11130	2	{'PF00852': 1, 'PF17039': 1}
Q11201	1	{'PF00777': 1}
Q11203	1	{'PF00777': 1}
Q11206	1	{'PF00777': 1}
Q12756	6	{'PF00169': 1, 'PF00225': 1, 'PF00498': 1, 'PF12423': 1, 'PF12473': 1, 'PF16183': 1}
Q12765	1	{'PF03577': 1}
Q12766	2	{'PF09011': 1, 'PF18717': 1}
Q12768	1	{'PF10266': 1}
Q12769	1	{'PF23345': 1}
Q12770	2	{'PF12349': 1, 'PF24006': 1}
Q12772	1	{'PF00010': 1}
Q12774	3	{'PF00018': 1, 'PF00169': 1, 'PF00621': 1}
Q12778	3	{'PF00250': 1, 'PF16675': 1, 'PF16676': 1}
Q12788	1	{'PF08625': 1}
Q12789	3	{'PF04182': 1, 'PF23704': 1, 'PF24101': 1}
Q12791	4	{'PF00520': 1, 'PF03493': 1, 'PF21014': 1, 'PF22614': 2}
Q12792	1	{'PF00241': 2}
Q12794	1	{'PF01630': 1}
Q12797	2	{'PF05118': 1, 'PF05279': 1}
Q12798	1	{'PF13499': 2}
Q12800	3	{'PF04516': 1, 'PF18016': 1, 'PF25416': 1}
Q12802	2	{'PF00169': 1, 'PF00621': 1}
Q12805	3	{'PF07645': 2, 'PF12662': 3, 'PF22914': 1}
Q12809	3	{'PF00027': 1, 'PF00520': 1, 'PF13426': 1}
Q12816	1	{'PF01454': 1}
Q12824	2	{'PF04855': 1, 'PF21459': 1}
Q12829	2	{'PF00071': 1, 'PF07525': 1}
Q12830	4	{'PF00439': 1, 'PF00628': 2, 'PF02791': 1, 'PF15613': 1}
Q12836	4	{'PF00088': 1, 'PF00100': 1, 'PF22821': 1, 'PF23344': 1}
Q12837	2	{'PF00046': 1, 'PF00157': 1}
Q12840	1	{'PF00225': 1}
Q12841	4	{'PF07648': 1, 'PF09289': 1, 'PF23244': 1, 'PF23564': 1}
Q12846	2	{'PF00804': 1, 'PF05739': 1}
Q12849	1	{'PF00076': 1}
Q12851	1	{'PF00069': 1}
Q12852	1	{'PF07714': 1}
Q12857	3	{'PF00859': 1, 'PF03165': 1, 'PF10524': 1}
Q12860	4	{'PF00041': 2, 'PF00047': 1, 'PF13927': 3, 'PF07679': 1}
Q12864	1	{'PF00028': 5}
Q12866	4	{'PF00041': 1, 'PF00047': 1, 'PF13927': 1, 'PF07714': 1}
Q12870	1	{'PF00010': 1}
Q12872	2	{'PF01805': 2, 'PF09750': 1}
Q12873	8	{'PF00176': 1, 'PF00271': 1, 'PF00385': 1, 'PF00628': 2, 'PF06461': 1, 'PF06465': 1, 'PF08073': 1, 'PF08074': 1}
Q12874	4	{'PF11931': 1, 'PF12108': 1, 'PF13297': 1, 'PF16837': 1}
Q12879	4	{'PF00060': 1, 'PF01094': 1, 'PF10565': 1, 'PF10613': 1}
Q12882	4	{'PF01180': 1, 'PF07992': 1, 'PF14691': 1, 'PF14697': 1}
Q12884	1	{'PF00326': 1}
Q12887	1	{'PF01040': 1}
Q12888	2	{'PF09038': 1, 'PF18428': 1}
Q12889	1	{'PF00704': 1}
Q12891	1	{'PF01630': 1}
Q12893	1	{'PF08551': 1}
Q12894	1	{'PF04836': 1}
Q12899	4	{'PF00622': 1, 'PF00643': 1, 'PF13765': 1, 'PF15227': 1}
Q12901	2	{'PF01352': 1, 'PF00096': 9}
Q12904	1	{'PF01588': 1}
Q12905	2	{'PF07528': 1, 'PF20965': 1}
Q12906	3	{'PF00035': 2, 'PF07528': 1, 'PF20965': 1}
Q12907	1	{'PF03388': 1}
Q12908	1	{'PF01758': 1}
Q12912	1	{'PF05781': 1}
Q12913	3	{'PF00041': 4, 'PF00102': 1, 'PF18861': 1}
Q12918	1	{'PF00059': 1}
Q12923	5	{'PF00102': 1, 'PF00373': 1, 'PF00595': 5, 'PF09379': 1, 'PF09380': 1}
Q12926	1	{'PF00076': 3}
Q12929	4	{'PF00018': 1, 'PF08416': 1, 'PF18016': 1, 'PF22975': 1}
Q12931	1	{'PF00183': 1}
Q12933	4	{'PF00097': 1, 'PF02176': 1, 'PF21341': 1, 'PF21355': 1}
Q12946	1	{'PF00250': 1}
Q12947	1	{'PF00250': 1}
Q12948	1	{'PF00250': 1}
Q12950	1	{'PF00250': 1}
Q12951	1	{'PF00250': 1}
Q12952	1	{'PF00250': 1}
Q12955	3	{'PF00531': 1, 'PF00791': 1, 'PF17809': 1}
Q12959	6	{'PF00018': 1, 'PF00595': 3, 'PF00625': 1, 'PF09058': 1, 'PF10600': 1, 'PF10608': 1}
Q12962	1	{'PF03540': 1}
Q12965	3	{'PF00018': 1, 'PF00063': 1, 'PF06017': 1}
Q12967	3	{'PF00617': 1, 'PF00618': 1, 'PF00788': 1}
Q12968	2	{'PF00554': 1, 'PF16179': 1}
Q12972	1	{'PF00498': 1}
Q12974	1	{'PF00102': 1}
Q12979	3	{'PF00168': 1, 'PF00620': 1, 'PF00621': 1}
Q12980	2	{'PF03666': 2, 'PF24064': 1}
Q12981	1	{'PF03908': 1}
Q12982	2	{'PF12496': 1, 'PF13716': 1}
Q12983	1	{'PF06553': 1}
Q12986	2	{'PF01422': 7, 'PF01424': 1}
Q12988	1	{'PF00011': 1}
Q12999	1	{'PF00335': 1}
Q13002	3	{'PF00060': 1, 'PF01094': 1, 'PF10613': 1}
Q13003	3	{'PF00060': 1, 'PF01094': 1, 'PF10613': 1}
Q13009	6	{'PF00169': 1, 'PF00595': 1, 'PF00621': 1, 'PF02196': 1, 'PF18385': 1, 'PF23014': 1}
Q13011	1	{'PF00378': 1}
Q13017	5	{'PF00620': 1, 'PF01846': 1, 'PF16512': 1, 'PF19518': 1, 'PF23083': 1}
Q13018	3	{'PF00040': 1, 'PF00059': 8, 'PF24562': 1}
Q13021	1	{'PF01284': 1}
Q13023	1	{'PF00435': 1}
Q13029	3	{'PF13912': 2, 'PF00096': 2, 'PF21549': 1}
Q13033	1	{'PF08232': 1}
Q13043	2	{'PF11629': 1, 'PF00069': 1}
Q13045	1	{'PF00626': 5}
Q13046	3	{'PF07686': 1, 'PF13895': 1, 'PF13927': 2}
Q13049	1	{'PF13445': 1}
Q13057	2	{'PF01121': 1, 'PF01467': 1}
Q13061	1	{'PF05279': 1}
Q13064	4	{'PF00097': 1, 'PF14608': 2, 'PF15815': 1, 'PF18044': 1}
Q13066	1	{'PF05831': 1}
Q13069	1	{'PF05831': 1}
Q13070	1	{'PF05831': 1}
Q13072	1	{'PF08180': 1}
Q13075	4	{'PF00653': 3, 'PF05729': 1, 'PF17889': 1, 'PF22524': 1}
Q13077	1	{'PF21355': 1}
Q13084	1	{'PF00830': 1}
Q13085	7	{'PF00289': 1, 'PF00364': 1, 'PF01039': 1, 'PF02785': 1, 'PF02786': 1, 'PF08326': 1, 'PF21385': 1}
Q13087	2	{'PF00085': 2, 'PF13848': 1}
Q13093	1	{'PF03403': 1}
Q13094	2	{'PF00017': 1, 'PF07647': 1}
Q13098	2	{'PF01399': 1, 'PF21151': 1}
Q13103	1	{'PF07448': 1}
Q13105	3	{'PF00651': 1, 'PF00096': 8, 'PF13894': 2}
Q13106	2	{'PF01352': 1, 'PF00096': 10}
Q13107	3	{'PF00443': 1, 'PF06337': 1, 'PF14836': 1}
Q13111	3	{'PF12253': 1, 'PF15539': 1, 'PF15557': 1}
Q13113	1	{'PF15807': 1}
Q13114	3	{'PF02176': 2, 'PF21355': 1, 'PF21363': 1}
Q13115	2	{'PF00581': 1, 'PF00782': 1}
Q13117	1	{'PF00076': 1}
Q13118	1	{'PF00096': 3}
Q13123	2	{'PF07807': 1, 'PF07808': 1}
Q13126	1	{'PF01048': 1}
Q13127	2	{'PF00096': 1, 'PF24540': 1}
Q13129	3	{'PF00096': 1, 'PF25420': 1, 'PF26218': 1}
Q13131	3	{'PF16579': 1, 'PF21147': 1, 'PF00069': 1}
Q13133	2	{'PF00104': 1, 'PF00105': 1}
Q13136	2	{'PF00536': 1, 'PF07647': 1}
Q13137	1	{'PF17751': 1}
Q13145	2	{'PF06211': 1, 'PF19337': 1}
Q13148	2	{'PF00076': 2, 'PF18694': 1}
Q13151	1	{'PF00076': 2}
Q13153	2	{'PF00786': 1, 'PF00069': 1}
Q13155	3	{'PF00043': 1, 'PF16780': 1, 'PF18569': 1}
Q13156	1	{'PF08784': 1}
Q13158	2	{'PF00531': 1, 'PF01335': 1}
Q13162	2	{'PF00578': 1, 'PF10417': 1}
Q13163	2	{'PF00564': 1, 'PF00069': 1}
Q13164	1	{'PF00069': 1}
Q13177	2	{'PF00786': 1, 'PF00069': 1}
Q13183	1	{'PF00939': 1}
Q13185	2	{'PF00385': 1, 'PF01393': 1}
Q13188	2	{'PF11629': 1, 'PF00069': 1}
Q13190	2	{'PF05739': 1, 'PF11416': 1}
Q13191	4	{'PF00097': 1, 'PF02262': 1, 'PF02761': 1, 'PF02762': 1}
Q13200	1	{'PF18051': 1}
Q13201	3	{'PF00008': 1, 'PF00386': 1, 'PF07546': 1}
Q13202	2	{'PF00581': 1, 'PF00782': 1}
Q13203	2	{'PF00041': 2, 'PF07679': 2}
Q13206	3	{'PF00270': 1, 'PF00271': 1, 'PF13959': 1}
Q13207	3	{'PF00907': 1, 'PF12598': 1, 'PF20627': 1}
Q13214	1	{'PF00047': 1}
Q13217	1	{'PF00226': 1}
Q13219	4	{'PF00084': 2, 'PF05572': 1, 'PF13385': 1, 'PF25900': 1}
Q13224	4	{'PF00060': 1, 'PF01094': 1, 'PF10565': 1, 'PF10613': 1}
Q13227	1	{'PF15991': 1}
Q13231	2	{'PF00704': 1, 'PF01607': 1}
Q13232	1	{'PF00334': 1}
Q13233	2	{'PF04434': 1, 'PF00069': 1}
Q13237	2	{'PF00027': 2, 'PF00069': 1}
Q13239	2	{'PF00017': 1, 'PF00018': 1}
Q13241	1	{'PF00059': 1}
Q13242	1	{'PF00076': 2}
Q13243	1	{'PF00076': 2}
Q13247	1	{'PF00076': 2}
Q13253	1	{'PF05806': 1}
Q13255	4	{'PF00003': 1, 'PF01094': 1, 'PF07562': 1, 'PF10606': 1}
Q13257	1	{'PF02301': 1}
Q13258	1	{'PF00001': 1}
Q13263	3	{'PF00628': 1, 'PF00643': 2, 'PF14634': 1}
Q13268	1	{'PF13561': 1}
Q13277	2	{'PF00804': 1, 'PF05739': 1}
Q13283	2	{'PF00076': 1, 'PF02136': 1}
Q13285	2	{'PF00104': 1, 'PF00105': 1}
Q13286	1	{'PF02487': 1}
Q13287	2	{'PF07292': 2, 'PF07334': 1}
Q13291	1	{'PF06214': 1}
Q13296	1	{'PF01099': 1}
Q13303	1	{'PF00248': 1}
Q13304	1	{'PF00001': 1}
Q13308	3	{'PF13927': 5, 'PF07679': 2, 'PF07714': 1}
Q13309	1	{'PF12937': 1}
Q13310	2	{'PF00076': 4, 'PF00658': 1}
Q13315	3	{'PF00454': 1, 'PF02260': 1, 'PF11640': 1}
Q13319	1	{'PF03261': 1}
Q13322	4	{'PF00017': 1, 'PF00169': 1, 'PF08947': 1, 'PF21989': 1}
Q13323	1	{'PF12201': 1}
Q13324	2	{'PF00002': 1, 'PF02793': 1}
Q13326	1	{'PF04790': 1}
Q13330	5	{'PF00249': 1, 'PF00320': 1, 'PF01426': 1, 'PF01448': 1, 'PF17226': 1}
Q13332	4	{'PF00041': 8, 'PF00102': 2, 'PF13927': 2, 'PF07679': 1}
Q13336	1	{'PF03253': 1}
Q13342	4	{'PF00439': 1, 'PF00628': 1, 'PF01342': 1, 'PF03172': 1}
Q13349	5	{'PF00092': 1, 'PF00357': 1, 'PF08441': 1, 'PF20805': 1, 'PF21520': 1}
Q13351	2	{'PF00096': 3, 'PF16833': 1}
Q13352	1	{'PF06729': 1}
Q13356	1	{'PF00160': 1}
Q13360	4	{'PF01352': 1, 'PF13912': 1, 'PF00096': 4, 'PF13465': 1}
Q13361	1	{'PF05507': 1}
Q13363	2	{'PF00389': 1, 'PF02826': 1}
Q13367	2	{'PF14796': 1, 'PF24080': 1}
Q13368	4	{'PF00595': 1, 'PF00625': 1, 'PF02828': 2, 'PF07653': 1}
Q13370	1	{'PF00233': 1}
Q13371	1	{'PF02114': 1}
Q13387	2	{'PF00640': 1, 'PF14604': 1}
Q13393	4	{'PF00169': 1, 'PF00614': 1, 'PF00787': 1, 'PF13091': 1}
Q13394	2	{'PF03281': 1, 'PF20266': 1}
Q13395	2	{'PF00588': 1, 'PF25050': 1}
Q13398	2	{'PF01352': 1, 'PF00096': 11}
Q13401	2	{'PF01352': 1, 'PF13589': 1}
Q13402	7	{'PF00063': 1, 'PF00373': 1, 'PF00784': 2, 'PF02174': 1, 'PF21989': 2, 'PF21998': 2, 'PF24123': 1}
Q13404	1	{'PF00179': 1}
Q13405	1	{'PF05046': 1}
Q13409	1	{'PF11540': 1}
Q13410	4	{'PF00622': 1, 'PF07686': 1, 'PF13765': 1, 'PF22705': 1}
Q13415	4	{'PF00004': 1, 'PF01426': 1, 'PF09079': 1, 'PF17872': 1}
Q13416	2	{'PF04084': 1, 'PF24882': 1}
Q13418	1	{'PF07714': 1}
Q13422	1	{'PF00096': 3}
Q13423	4	{'PF01262': 1, 'PF02233': 1, 'PF05222': 1, 'PF12769': 1}
Q13424	4	{'PF00169': 1, 'PF00595': 1, 'PF18012': 1, 'PF23012': 1}
Q13425	4	{'PF00169': 1, 'PF00595': 1, 'PF18012': 1, 'PF23012': 1}
Q13426	1	{'PF06632': 1}
Q13427	1	{'PF00160': 1}
Q13428	1	{'PF03546': 4}
Q13432	1	{'PF05351': 1}
Q13433	1	{'PF02535': 2}
Q13434	5	{'PF00097': 1, 'PF00642': 1, 'PF14608': 1, 'PF15815': 1, 'PF18044': 1}
Q13435	3	{'PF02037': 1, 'PF04037': 1, 'PF04046': 1}
Q13438	1	{'PF07915': 1}
Q13439	1	{'PF01465': 1}
Q13442	1	{'PF10252': 1}
Q13443	4	{'PF00200': 1, 'PF01421': 1, 'PF01562': 1, 'PF08516': 1}
Q13444	4	{'PF00200': 1, 'PF01421': 1, 'PF01562': 1, 'PF08516': 1}
Q13445	1	{'PF01105': 1}
Q13449	2	{'PF13927': 2, 'PF07679': 1}
Q13451	1	{'PF00254': 2}
Q13454	1	{'PF04756': 1}
Q13459	3	{'PF00063': 2, 'PF00620': 1, 'PF00788': 1}
Q13461	1	{'PF00250': 1}
Q13464	2	{'PF25346': 1, 'PF00069': 1}
Q13467	2	{'PF01392': 1, 'PF01534': 1}
Q13469	2	{'PF00554': 1, 'PF16179': 1}
Q13470	2	{'PF22931': 1, 'PF07714': 1}
Q13472	4	{'PF01131': 1, 'PF01396': 1, 'PF01751': 1, 'PF06839': 2}
Q13474	5	{'PF00397': 1, 'PF00435': 1, 'PF00569': 1, 'PF09068': 1, 'PF09069': 1}
Q13477	1	{'PF09085': 1}
Q13478	1	{'PF01582': 1}
Q13480	1	{'PF00169': 1}
Q13485	2	{'PF03165': 1, 'PF03166': 1}
Q13487	1	{'PF11035': 1}
Q13488	1	{'PF01496': 1}
Q13489	4	{'PF00619': 1, 'PF00653': 3, 'PF13920': 1, 'PF21290': 1}
Q13490	4	{'PF00619': 1, 'PF00653': 3, 'PF13920': 1, 'PF21290': 1}
Q13491	1	{'PF01275': 1}
Q13496	2	{'PF02893': 1, 'PF06602': 1}
Q13501	3	{'PF00564': 1, 'PF00569': 1, 'PF16577': 1}
Q13503	1	{'PF11221': 1}
Q13505	2	{'PF10568': 1, 'PF17171': 1}
Q13506	3	{'PF04902': 1, 'PF04904': 1, 'PF04905': 1}
Q13507	2	{'PF00520': 1, 'PF08344': 1}
Q13508	1	{'PF01129': 1}
Q13509	2	{'PF00091': 1, 'PF03953': 1}
Q13510	2	{'PF02275': 1, 'PF15508': 1}
Q13516	1	{'PF00010': 1}
Q13519	1	{'PF01160': 1}
Q13520	1	{'PF00230': 1}
Q13522	1	{'PF05395': 1}
Q13523	1	{'PF00069': 1}
Q13526	2	{'PF00397': 1, 'PF00639': 1}
Q13530	1	{'PF03348': 1}
Q13535	3	{'PF00454': 1, 'PF02260': 1, 'PF08064': 1}
Q13541	1	{'PF05456': 1}
Q13542	1	{'PF05456': 1}
Q13546	2	{'PF00531': 1, 'PF07714': 1}
Q13547	1	{'PF00850': 1}
Q13554	2	{'PF08332': 1, 'PF00069': 1}
Q13555	2	{'PF08332': 1, 'PF00069': 1}
Q13557	2	{'PF08332': 1, 'PF00069': 1}
Q13561	1	{'PF04912': 1}
Q13562	2	{'PF00010': 1, 'PF12533': 1}
Q13563	3	{'PF08016': 1, 'PF18109': 1, 'PF20519': 1}
Q13564	1	{'PF00899': 1}
Q13568	2	{'PF00605': 1, 'PF10401': 1}
Q13569	1	{'PF03167': 1}
Q13571	1	{'PF03821': 1}
Q13572	2	{'PF05770': 1, 'PF17927': 1}
Q13573	1	{'PF02731': 1}
Q13574	4	{'PF00130': 1, 'PF00609': 1, 'PF00781': 1, 'PF23578': 1}
Q13576	3	{'PF00307': 1, 'PF00616': 1, 'PF03836': 1}
Q13585	1	{'PF00001': 1}
Q13586	3	{'PF07647': 1, 'PF16533': 1, 'PF25578': 1}
Q13588	2	{'PF00017': 1, 'PF00018': 2}
Q13591	3	{'PF00090': 5, 'PF01437': 1, 'PF23260': 1}
Q13595	1	{'PF00076': 1}
Q13596	3	{'PF00787': 1, 'PF03700': 1, 'PF09325': 1}
Q13601	2	{'PF17903': 1, 'PF21800': 1}
Q13606	1	{'PF13853': 1}
Q13607	1	{'PF13853': 1}
Q13608	3	{'PF00004': 2, 'PF25394': 1, 'PF25395': 1}
Q13609	1	{'PF03372': 1}
Q13613	2	{'PF02893': 1, 'PF06602': 1}
Q13614	2	{'PF02893': 1, 'PF06602': 1}
Q13615	2	{'PF01363': 1, 'PF06602': 1}
Q13616	2	{'PF10557': 1, 'PF26557': 1}
Q13617	2	{'PF10557': 1, 'PF26557': 1}
Q13618	2	{'PF10557': 1, 'PF26557': 1}
Q13619	2	{'PF10557': 1, 'PF26557': 1}
Q13620	2	{'PF10557': 1, 'PF26557': 1}
Q13621	3	{'PF00324': 1, 'PF03522': 1, 'PF08403': 1}
Q13625	2	{'PF00018': 1, 'PF21801': 1}
Q13627	1	{'PF00069': 1}
Q13630	1	{'PF01370': 1}
Q13634	2	{'PF00028': 5, 'PF01049': 1}
Q13635	1	{'PF12349': 1}
Q13636	1	{'PF00071': 1}
Q13637	1	{'PF00071': 1}
Q13639	1	{'PF00001': 1}
Q13641	2	{'PF01462': 1, 'PF01463': 1}
Q13642	2	{'PF00412': 3, 'PF25076': 1}
Q13643	2	{'PF00412': 4, 'PF25076': 1}
Q13651	1	{'PF01108': 1}
Q13670	1	{'PF13589': 1}
Q13671	3	{'PF00788': 1, 'PF02204': 1, 'PF23268': 1}
Q13683	3	{'PF08441': 1, 'PF20805': 1, 'PF20806': 1}
Q13686	1	{'PF13532': 1}
Q13698	3	{'PF00520': 4, 'PF08763': 1, 'PF16905': 1}
Q13702	1	{'PF13639': 1}
Q13705	2	{'PF01064': 1, 'PF00069': 1}
Q13724	1	{'PF16923': 1}
Q13733	4	{'PF00122': 1, 'PF00689': 1, 'PF00690': 1, 'PF13246': 1}
Q13740	2	{'PF08205': 1, 'PF13927': 1}
Q13751	4	{'PF00053': 5, 'PF00055': 1, 'PF23219': 1, 'PF24973': 1}
Q13753	2	{'PF00052': 1, 'PF00053': 7}
Q13761	2	{'PF00853': 1, 'PF08504': 1}
Q13765	2	{'PF01849': 1, 'PF19026': 1}
Q13769	1	{'PF09766': 1}
Q13772	1	{'PF12489': 2}
Q13790	1	{'PF15148': 1}
Q13794	1	{'PF15150': 1}
Q13795	1	{'PF00025': 1}
Q13796	3	{'PF00595': 1, 'PF08687': 1, 'PF08688': 1}
Q13797	3	{'PF08441': 1, 'PF20805': 1, 'PF20806': 1}
Q13813	4	{'PF00018': 1, 'PF00435': 20, 'PF08726': 1, 'PF13499': 1}
Q13822	3	{'PF01033': 2, 'PF01223': 1, 'PF01663': 1}
Q13823	2	{'PF01926': 1, 'PF08153': 1}
Q13825	1	{'PF00378': 1}
Q13829	1	{'PF02214': 1}
Q13838	2	{'PF00270': 1, 'PF00271': 1}
Q13867	1	{'PF03051': 1}
Q13868	3	{'PF14382': 1, 'PF15985': 1, 'PF21266': 1}
Q13873	2	{'PF01064': 1, 'PF00069': 1}
Q13875	1	{'PF02318': 1}
Q13882	3	{'PF00017': 1, 'PF00018': 1, 'PF07714': 1}
Q13884	4	{'PF00169': 1, 'PF00595': 1, 'PF18012': 1, 'PF23012': 1}
Q13885	2	{'PF00091': 1, 'PF03953': 1}
Q13886	1	{'PF00096': 3}
Q13887	1	{'PF00096': 3}
Q13888	2	{'PF04056': 1, 'PF07975': 1}
Q13889	1	{'PF03850': 1}
Q13895	1	{'PF05291': 1}
Q13901	1	{'PF04000': 1}
Q13905	2	{'PF00617': 1, 'PF00618': 1}
Q13907	1	{'PF00293': 1}
Q13936	4	{'PF00520': 6, 'PF08763': 1, 'PF16885': 1, 'PF16905': 1}
Q13938	2	{'PF13202': 1, 'PF13499': 1}
Q13939	2	{'PF00651': 1, 'PF07707': 1}
Q13946	1	{'PF00233': 1}
Q13948	2	{'PF08172': 1, 'PF25398': 1}
Q13950	2	{'PF00853': 1, 'PF08504': 1}
Q13951	1	{'PF02312': 1}
Q13952	1	{'PF00125': 1}
Q13956	1	{'PF04868': 1}
Q13972	4	{'PF00169': 2, 'PF00617': 1, 'PF00618': 1, 'PF00621': 1}
Q13976	2	{'PF00027': 2, 'PF00069': 1}
Q14002	2	{'PF07686': 1, 'PF13927': 1}
Q14003	2	{'PF00520': 1, 'PF02214': 1}
Q14004	1	{'PF00069': 1}
Q14005	1	{'PF00595': 3}
Q14011	1	{'PF00076': 1}
Q14012	1	{'PF00069': 1}
Q14019	1	{'PF00241': 1}
Q14028	2	{'PF00027': 1, 'PF00520': 1}
Q14031	1	{'PF01413': 2}
Q14032	2	{'PF04775': 1, 'PF08840': 1}
Q14061	1	{'PF05051': 1}
Q14088	1	{'PF00071': 1}
Q14093	1	{'PF15241': 1}
Q14094	1	{'PF00134': 1}
Q14103	2	{'PF00076': 2, 'PF08143': 1}
Q14106	1	{'PF07742': 1}
Q14108	1	{'PF01130': 1}
Q14112	5	{'PF00086': 2, 'PF06119': 1, 'PF07474': 1, 'PF12662': 2, 'PF12947': 1}
Q14114	2	{'PF07645': 1, 'PF14670': 1}
Q14116	1	{'PF00340': 1}
Q14117	1	{'PF01979': 1}
Q14118	3	{'PF05345': 1, 'PF18424': 1, 'PF05454': 1}
Q14119	2	{'PF00096': 3, 'PF13894': 1}
Q14123	2	{'PF00233': 1, 'PF08499': 1}
Q14126	1	{'PF00028': 3}
Q14129	1	{'PF07324': 1}
Q14134	1	{'PF00643': 1}
Q14135	1	{'PF15245': 1}
Q14137	1	{'PF08145': 1}
Q14139	2	{'PF04564': 1, 'PF10408': 1}
Q14141	1	{'PF00735': 1}
Q14142	3	{'PF00622': 1, 'PF00643': 1, 'PF13765': 1}
Q14145	2	{'PF00651': 1, 'PF07707': 1}
Q14146	1	{'PF10441': 1}
Q14147	6	{'PF00270': 1, 'PF00271': 1, 'PF04408': 1, 'PF07717': 1, 'PF21010': 1, 'PF24485': 1}
Q14149	3	{'PF07496': 1, 'PF13589': 1, 'PF17942': 1}
Q14151	2	{'PF00076': 1, 'PF02037': 1}
Q14152	1	{'PF01399': 1}
Q14153	1	{'PF15242': 1}
Q14155	4	{'PF00169': 1, 'PF00307': 1, 'PF00621': 1, 'PF07653': 1}
Q14157	1	{'PF12478': 1}
Q14159	2	{'PF14950': 1, 'PF14951': 1}
Q14160	1	{'PF00595': 4}
Q14161	3	{'PF01412': 1, 'PF08518': 2, 'PF12205': 1}
Q14162	1	{'PF00053': 1}
Q14164	2	{'PF18396': 1, 'PF00069': 1}
Q14165	1	{'PF11721': 1}
Q14166	2	{'PF03133': 1, 'PF25556': 1}
Q14168	4	{'PF00595': 1, 'PF00625': 1, 'PF02828': 2, 'PF07653': 1}
Q14181	3	{'PF04042': 1, 'PF08418': 1, 'PF22062': 1}
Q14183	1	{'PF00168': 2}
Q14184	1	{'PF00168': 2}
Q14185	4	{'PF00018': 1, 'PF14429': 1, 'PF16172': 1, 'PF20422': 1}
Q14186	2	{'PF02319': 1, 'PF08781': 1}
Q14188	2	{'PF02319': 1, 'PF08781': 1}
Q14190	4	{'PF00989': 1, 'PF06621': 1, 'PF08447': 1, 'PF23171': 1}
Q14191	7	{'PF00270': 1, 'PF00271': 1, 'PF00570': 1, 'PF01612': 1, 'PF09382': 1, 'PF14493': 1, 'PF16124': 1}
Q14192	2	{'PF00412': 4, 'PF25076': 1}
Q14194	1	{'PF01979': 1}
Q14195	1	{'PF01979': 1}
Q14197	1	{'PF00472': 1}
Q14201	1	{'PF07742': 1}
Q14202	3	{'PF06467': 9, 'PF12012': 1, 'PF25561': 1}
Q14203	2	{'PF01302': 1, 'PF12455': 1}
Q14204	12	{'PF03028': 1, 'PF08385': 1, 'PF08393': 1, 'PF12774': 1, 'PF12775': 1, 'PF12777': 1, 'PF12780': 1, 'PF12781': 1, 'PF17852': 1, 'PF18198': 1, 'PF18199': 1, 'PF22597': 1}
Q14206	1	{'PF04847': 1}
Q14207	1	{'PF15712': 1}
Q14209	2	{'PF02319': 1, 'PF16421': 1}
Q14210	1	{'PF00021': 1}
Q14213	2	{'PF00041': 1, 'PF24031': 1}
Q14232	1	{'PF01008': 1}
Q14240	2	{'PF00270': 1, 'PF00271': 1}
Q14241	2	{'PF06881': 1, 'PF08711': 1}
Q14246	2	{'PF00002': 1, 'PF07645': 2}
Q14247	1	{'PF14604': 1}
Q14249	1	{'PF01223': 1}
Q14254	1	{'PF01145': 1}
Q14257	2	{'PF13202': 2, 'PF13499': 1}
Q14258	3	{'PF00622': 1, 'PF13445': 1, 'PF13765': 1}
Q14289	5	{'PF00373': 1, 'PF03623': 1, 'PF18038': 1, 'PF21477': 1, 'PF07714': 1}
Q14296	2	{'PF08368': 1, 'PF08373': 1}
Q14314	1	{'PF00147': 1}
Q14315	2	{'PF00307': 2, 'PF00630': 24}
Q14318	1	{'PF00254': 1}
Q14320	1	{'PF04921': 1}
Q14324	3	{'PF00041': 3, 'PF07679': 6, 'PF18362': 1}
Q14330	1	{'PF00001': 1}
Q14331	1	{'PF06229': 1}
Q14332	2	{'PF01392': 1, 'PF01534': 1}
Q14344	1	{'PF00503': 1}
Q14376	1	{'PF16363': 1}
Q14390	1	{'PF01019': 1}
Q14392	1	{'PF01462': 1}
Q14393	6	{'PF00054': 1, 'PF00594': 1, 'PF02210': 1, 'PF07645': 1, 'PF12661': 1, 'PF12662': 1}
Q14397	3	{'PF20741': 1, 'PF22198': 1, 'PF22645': 1}
Q14406	1	{'PF00103': 1}
Q14409	2	{'PF00370': 1, 'PF02782': 1}
Q14410	2	{'PF00370': 1, 'PF02782': 1}
Q14416	3	{'PF00003': 1, 'PF01094': 1, 'PF07562': 1}
Q14432	1	{'PF00233': 1}
Q14435	2	{'PF00535': 1, 'PF00652': 1}
Q14439	1	{'PF00001': 1}
Q14442	1	{'PF10181': 1}
Q14444	2	{'PF12287': 1, 'PF18293': 1}
Q14449	4	{'PF00017': 1, 'PF00169': 1, 'PF08947': 1, 'PF21989': 1}
Q14451	4	{'PF00017': 1, 'PF00169': 1, 'PF08947': 1, 'PF21989': 1}
Q14457	2	{'PF04111': 1, 'PF15285': 1}
Q14469	2	{'PF00010': 1, 'PF07527': 1}
Q14493	1	{'PF15247': 1}
Q14498	2	{'PF00076': 2, 'PF15519': 1}
Q14500	3	{'PF01007': 1, 'PF08466': 1, 'PF17655': 1}
Q14507	1	{'PF00074': 1}
Q14508	1	{'PF00095': 2}
Q14511	3	{'PF08824': 1, 'PF12026': 1, 'PF14604': 1}
Q14512	1	{'PF06473': 1}
Q14515	3	{'PF07648': 1, 'PF09289': 1, 'PF10591': 1}
Q14517	3	{'PF00008': 2, 'PF00028': 29, 'PF02210': 1}
Q14520	3	{'PF00008': 2, 'PF00051': 1, 'PF00089': 1}
Q14524	3	{'PF00520': 4, 'PF06512': 1, 'PF11933': 1}
Q14526	2	{'PF00651': 1, 'PF00096': 4}
Q14527	4	{'PF00176': 1, 'PF00271': 1, 'PF08797': 1, 'PF13923': 1}
Q14533	1	{'PF16208': 1}
Q14534	2	{'PF08491': 1, 'PF13450': 1}
Q14541	2	{'PF00104': 1, 'PF00105': 1}
Q14542	1	{'PF01733': 1}
Q14549	1	{'PF00046': 1}
Q14554	1	{'PF00085': 3}
Q14558	2	{'PF13793': 1, 'PF14572': 1}
Q14562	6	{'PF00270': 1, 'PF00271': 1, 'PF00575': 1, 'PF04408': 1, 'PF07717': 1, 'PF21010': 1}
Q14563	1	{'PF18452': 1}
Q14565	2	{'PF08423': 1, 'PF14520': 1}
Q14566	5	{'PF00493': 1, 'PF14551': 1, 'PF17207': 1, 'PF17855': 1, 'PF18263': 1}
Q14568	2	{'PF00183': 1, 'PF13589': 1}
Q14571	3	{'PF00520': 1, 'PF02815': 1, 'PF08709': 1}
Q14573	3	{'PF00520': 1, 'PF02815': 1, 'PF08709': 1}
Q14574	3	{'PF00028': 4, 'PF01049': 1, 'PF08758': 1}
Q14576	1	{'PF00076': 3}
Q14582	1	{'PF00010': 1}
Q14584	1	{'PF00096': 12}
Q14585	2	{'PF00096': 11, 'PF13465': 2}
Q14586	2	{'PF01352': 1, 'PF00096': 12}
Q14587	3	{'PF01352': 1, 'PF00096': 22, 'PF23561': 1}
Q14588	2	{'PF01352': 1, 'PF00096': 18}
Q14590	2	{'PF01352': 1, 'PF00096': 14}
Q14592	2	{'PF01352': 1, 'PF00096': 10}
Q14593	2	{'PF01352': 1, 'PF00096': 11}
Q14596	4	{'PF00564': 1, 'PF00569': 1, 'PF16158': 1, 'PF24932': 1}
Q14623	2	{'PF01079': 1, 'PF01085': 1}
Q14624	3	{'PF00092': 1, 'PF06668': 1, 'PF08487': 1}
Q14627	1	{'PF09240': 1}
Q14643	3	{'PF00520': 1, 'PF02815': 1, 'PF08709': 1}
Q14644	3	{'PF00168': 2, 'PF00169': 1, 'PF00616': 2}
Q14651	3	{'PF00036': 1, 'PF00307': 4, 'PF13405': 1}
Q14653	2	{'PF00605': 1, 'PF10401': 1}
Q14654	2	{'PF01007': 1, 'PF17655': 1}
Q14656	1	{'PF15100': 1}
Q14657	1	{'PF09341': 1}
Q14669	1	{'PF00632': 1}
Q14674	1	{'PF03568': 1}
Q14676	3	{'PF00498': 1, 'PF16589': 1, 'PF16770': 1}
Q14679	1	{'PF03133': 1}
Q14680	3	{'PF02149': 1, 'PF21594': 1, 'PF00069': 1}
Q14681	1	{'PF02214': 1}
Q14683	2	{'PF02463': 1, 'PF06470': 1}
Q14684	1	{'PF05997': 1}
Q14686	1	{'PF13820': 1}
Q14687	1	{'PF12540': 1}
Q14689	3	{'PF00501': 2, 'PF06464': 1, 'PF23024': 1}
Q14690	2	{'PF00575': 3, 'PF23459': 9}
Q14691	2	{'PF05916': 1, 'PF24997': 1}
Q14692	2	{'PF04950': 1, 'PF08142': 1}
Q14693	3	{'PF04571': 1, 'PF08235': 1, 'PF16876': 1}
Q14694	1	{'PF00443': 1}
Q14696	1	{'PF10185': 1}
Q14697	3	{'PF01055': 1, 'PF13802': 1, 'PF21365': 1}
Q14699	1	{'PF15250': 1}
Q14703	4	{'PF23001': 1, 'PF23090': 1, 'PF23094': 1, 'PF00082': 1}
Q14714	1	{'PF04103': 1}
Q14721	3	{'PF00520': 1, 'PF02214': 1, 'PF03521': 2}
Q14722	1	{'PF00248': 1}
Q14728	1	{'PF07690': 1}
Q14739	2	{'PF01222': 1, 'PF09465': 1}
Q14749	1	{'PF13649': 1}
Q14761	1	{'PF15713': 1}
Q14764	5	{'PF01505': 4, 'PF11978': 1, 'PF17794': 2, 'PF17795': 1, 'PF17796': 1}
Q14765	5	{'PF00017': 1, 'PF01017': 1, 'PF02864': 1, 'PF02865': 1, 'PF21354': 1}
Q14766	3	{'PF00683': 4, 'PF07645': 8, 'PF12662': 4}
Q14767	3	{'PF00008': 1, 'PF00683': 4, 'PF07645': 17}
Q14773	1	{'PF03921': 1}
Q14774	1	{'PF00046': 1}
Q14781	1	{'PF00385': 1}
Q14790	2	{'PF00656': 1, 'PF01335': 2}
Q147U1	3	{'PF01352': 1, 'PF00096': 7, 'PF13465': 3}
Q147U7	1	{'PF15080': 1}
Q147X3	1	{'PF00583': 1}
Q14802	1	{'PF02038': 1}
Q14807	2	{'PF00225': 1, 'PF12836': 1}
Q14814	2	{'PF00319': 1, 'PF12347': 1}
Q14831	3	{'PF00003': 1, 'PF01094': 1, 'PF07562': 1}
Q14832	3	{'PF00003': 1, 'PF01094': 1, 'PF07562': 1}
Q14833	3	{'PF00003': 1, 'PF01094': 1, 'PF07562': 1}
Q14839	8	{'PF00176': 1, 'PF00271': 1, 'PF00385': 1, 'PF00628': 2, 'PF06461': 1, 'PF06465': 1, 'PF08073': 1, 'PF08074': 1}
Q14847	2	{'PF00412': 1, 'PF14604': 1}
Q14849	2	{'PF01852': 1, 'PF10457': 1}
Q14863	2	{'PF00046': 1, 'PF00157': 1}
Q14865	1	{'PF01388': 1}
Q14872	1	{'PF00096': 6}
Q14894	1	{'PF02423': 1}
Q14896	3	{'PF00041': 3, 'PF07679': 8, 'PF18362': 1}
Q14914	2	{'PF00107': 1, 'PF16884': 1}
Q14916	1	{'PF07690': 1}
Q14919	1	{'PF00808': 1}
Q14929	2	{'PF01352': 1, 'PF00096': 12}
Q14934	2	{'PF00554': 1, 'PF16179': 1}
Q14938	3	{'PF00859': 1, 'PF03165': 1, 'PF10524': 1}
Q14940	1	{'PF00999': 1}
Q14943	1	{'PF00047': 3}
Q14952	1	{'PF00047': 2}
Q14953	1	{'PF00047': 2}
Q14954	1	{'PF00047': 2}
Q14956	3	{'PF18911': 1, 'PF20433': 1, 'PF26141': 1}
Q14957	4	{'PF00060': 1, 'PF01094': 1, 'PF10565': 1, 'PF10613': 1}
Q14964	1	{'PF00071': 1}
Q14966	2	{'PF00076': 1, 'PF12171': 1}
Q14973	1	{'PF01758': 1}
Q14978	1	{'PF05022': 1}
Q14980	1	{'PF21670': 1}
Q14982	2	{'PF13927': 1, 'PF07679': 2}
Q14990	1	{'PF00011': 1}
Q14994	2	{'PF00104': 1, 'PF00105': 1}
Q14995	2	{'PF00104': 1, 'PF00105': 1}
Q14997	1	{'PF11919': 1}
Q14999	4	{'PF03256': 1, 'PF11515': 1, 'PF23168': 1, 'PF26557': 1}
Q149M9	2	{'PF05729': 1, 'PF25469': 1}
Q149N8	5	{'PF00176': 1, 'PF00271': 1, 'PF00538': 1, 'PF13445': 1, 'PF21324': 1}
Q14BN4	1	{'PF00498': 1}
Q14C86	3	{'PF00616': 1, 'PF02204': 1, 'PF18151': 1}
Q14C87	7	{'PF15705': 1, 'PF15706': 1, 'PF16070': 1, 'PF23039': 1, 'PF23481': 1, 'PF23486': 1, 'PF23487': 1}
Q14CB8	1	{'PF00620': 1}
Q14CM0	3	{'PF00373': 1, 'PF00595': 1, 'PF21477': 1}
Q14CN2	2	{'PF00092': 1, 'PF08434': 1}
Q14CN4	1	{'PF16208': 1}
Q14CS0	2	{'PF00789': 1, 'PF08059': 1}
Q14CW9	2	{'PF08209': 1, 'PF08313': 1}
Q14CX5	1	{'PF13347': 2}
Q14CZ0	1	{'PF15251': 1}
Q14CZ7	2	{'PF08368': 1, 'PF08373': 1}
Q14CZ8	2	{'PF07686': 1, 'PF13927': 1}
Q14D04	1	{'PF00169': 1}
Q14D33	1	{'PF13695': 1}
Q14DG7	7	{'PF15705': 1, 'PF15706': 1, 'PF16070': 1, 'PF23039': 1, 'PF23481': 1, 'PF23486': 1, 'PF23487': 1}
Q15003	1	{'PF05786': 1}
Q15004	1	{'PF15715': 1}
Q15005	1	{'PF06703': 1}
Q15007	1	{'PF17098': 1}
Q15008	2	{'PF01399': 1, 'PF21154': 1}
Q15011	1	{'PF00240': 1}
Q15012	1	{'PF03821': 2}
Q15013	1	{'PF06581': 1}
Q15014	1	{'PF05712': 1}
Q15018	1	{'PF21125': 1}
Q15019	1	{'PF00735': 1}
Q15020	1	{'PF00076': 2}
Q15022	2	{'PF09733': 1, 'PF23320': 1}
Q15024	2	{'PF01138': 1, 'PF03725': 1}
Q15027	3	{'PF00169': 1, 'PF01412': 1, 'PF16746': 1}
Q15029	6	{'PF00009': 1, 'PF00679': 1, 'PF03144': 1, 'PF03764': 1, 'PF14492': 1, 'PF16004': 1}
Q15031	3	{'PF00133': 3, 'PF08264': 1, 'PF13603': 1}
Q15032	2	{'PF01424': 1, 'PF12752': 1}
Q15034	1	{'PF00632': 1}
Q15035	1	{'PF03798': 1}
Q15036	4	{'PF00787': 1, 'PF18116': 1, 'PF21271': 1, 'PF21273': 1}
Q15038	1	{'PF11029': 1}
Q15040	1	{'PF02099': 1}
Q15041	1	{'PF24456': 1}
Q15042	2	{'PF13890': 1, 'PF19533': 1}
Q15043	1	{'PF02535': 1}
Q15046	2	{'PF00152': 1, 'PF01336': 1}
Q15047	6	{'PF00856': 1, 'PF01429': 1, 'PF05033': 1, 'PF18300': 1, 'PF18358': 1, 'PF18359': 1}
Q15050	1	{'PF04939': 1}
Q15052	4	{'PF00169': 1, 'PF00307': 1, 'PF00621': 1, 'PF07653': 1}
Q15054	1	{'PF09507': 1}
Q15056	1	{'PF00076': 1}
Q15057	3	{'PF00169': 1, 'PF01412': 1, 'PF16746': 1}
Q15058	4	{'PF00225': 1, 'PF00498': 1, 'PF16183': 1, 'PF23313': 1}
Q15059	2	{'PF00439': 2, 'PF17035': 1}
Q15061	1	{'PF04003': 1}
Q15063	1	{'PF02469': 4}
Q15067	4	{'PF01756': 1, 'PF02770': 1, 'PF14749': 1, 'PF22924': 1}
Q15070	1	{'PF02096': 1}
Q15072	1	{'PF00096': 10}
Q15075	1	{'PF01363': 1}
Q15077	1	{'PF00001': 1}
Q15078	1	{'PF03261': 1}
Q15080	3	{'PF00018': 1, 'PF00564': 1, 'PF00787': 1}
Q15084	2	{'PF00085': 2, 'PF24541': 1}
Q15102	1	{'PF13472': 1}
Q15109	2	{'PF08205': 1, 'PF13927': 1}
Q15111	5	{'PF00168': 1, 'PF00387': 1, 'PF00388': 1, 'PF09279': 1, 'PF16457': 1}
Q15113	2	{'PF00431': 2, 'PF01759': 1}
Q15116	1	{'PF07686': 1}
Q15118	2	{'PF02518': 1, 'PF10436': 1}
Q15119	2	{'PF02518': 1, 'PF10436': 1}
Q15120	2	{'PF02518': 1, 'PF10436': 1}
Q15121	1	{'PF01335': 1}
Q15124	4	{'PF02878': 1, 'PF02879': 1, 'PF02880': 1, 'PF24947': 1}
Q15125	1	{'PF05241': 1}
Q15126	1	{'PF04275': 1}
Q15131	1	{'PF00069': 1}
Q15139	4	{'PF00130': 2, 'PF00169': 1, 'PF25525': 1, 'PF00069': 1}
Q15147	6	{'PF00168': 1, 'PF00387': 1, 'PF00388': 1, 'PF08703': 1, 'PF17787': 1, 'PF22631': 1}
Q15149	7	{'PF00307': 2, 'PF03501': 1, 'PF17902': 1, 'PF18373': 1, 'PF21019': 1, 'PF21020': 1, 'PF21097': 1}
Q15154	1	{'PF15717': 1}
Q15155	10	{'PF13620': 1, 'PF17802': 1, 'PF22898': 1, 'PF22902': 1, 'PF23141': 1, 'PF23192': 1, 'PF23193': 1, 'PF23194': 1, 'PF23660': 1, 'PF22904': 2}
Q15170	1	{'PF04538': 1}
Q15181	1	{'PF00719': 1}
Q15185	1	{'PF04969': 1}
Q15195	1	{'PF00024': 1}
Q15198	2	{'PF13927': 1, 'PF21339': 1}
Q15208	2	{'PF00433': 1, 'PF00069': 1}
Q15223	3	{'PF07686': 1, 'PF08205': 1, 'PF13927': 1}
Q15233	2	{'PF00076': 2, 'PF08075': 1}
Q15238	3	{'PF07686': 1, 'PF13895': 1, 'PF13927': 1}
Q15256	2	{'PF00102': 1, 'PF26155': 1}
Q15257	1	{'PF03095': 1}
Q15262	5	{'PF00041': 1, 'PF00102': 2, 'PF00629': 1, 'PF07679': 1, 'PF23144': 1}
Q15269	1	{'PF04003': 1}
Q15270	1	{'PF00046': 1}
Q15274	2	{'PF01729': 1, 'PF02749': 1}
Q15283	3	{'PF00168': 2, 'PF00169': 1, 'PF00616': 2}
Q15286	1	{'PF00071': 1}
Q15287	1	{'PF00076': 1}
Q15293	1	{'PF13202': 2}
Q15303	4	{'PF00757': 1, 'PF14843': 1, 'PF21314': 1, 'PF07714': 1}
Q15306	2	{'PF00605': 1, 'PF10401': 1}
Q15311	2	{'PF00620': 1, 'PF20924': 1}
Q15319	2	{'PF00046': 1, 'PF00157': 1}
Q15326	4	{'PF00439': 1, 'PF00855': 1, 'PF21524': 1, 'PF24324': 1}
Q15329	2	{'PF02319': 1, 'PF16421': 1}
Q15349	2	{'PF00433': 1, 'PF00069': 2}
Q15361	1	{'PF13921': 1}
Q15363	1	{'PF01105': 1}
Q15365	1	{'PF00013': 3}
Q15366	1	{'PF00013': 3}
Q15369	1	{'PF03931': 1}
Q15370	1	{'PF00240': 1}
Q15375	7	{'PF00041': 2, 'PF01404': 1, 'PF07647': 1, 'PF07699': 1, 'PF14575': 1, 'PF25599': 1, 'PF07714': 1}
Q15382	1	{'PF00071': 1}
Q15386	1	{'PF00632': 1}
Q15388	1	{'PF02064': 1}
Q15389	2	{'PF00147': 1, 'PF25443': 1}
Q15390	1	{'PF05308': 1}
Q15391	1	{'PF00001': 1}
Q15392	1	{'PF01565': 1}
Q15398	1	{'PF03359': 1}
Q15399	2	{'PF01463': 1, 'PF01582': 1}
Q15406	2	{'PF00104': 1, 'PF00105': 1}
Q15413	6	{'PF00520': 1, 'PF00622': 3, 'PF02026': 4, 'PF02815': 1, 'PF06459': 1, 'PF08709': 1}
Q15415	2	{'PF00076': 1, 'PF08081': 1}
Q15417	1	{'PF00307': 1}
Q15418	2	{'PF00433': 1, 'PF00069': 2}
Q15424	2	{'PF00076': 1, 'PF02037': 1}
Q15427	1	{'PF00076': 2}
Q15428	2	{'PF12874': 1, 'PF16835': 1}
Q15434	1	{'PF00076': 2}
Q15436	5	{'PF00626': 1, 'PF04810': 1, 'PF04811': 1, 'PF04815': 1, 'PF08033': 1}
Q15437	5	{'PF00626': 1, 'PF04810': 1, 'PF04811': 1, 'PF04815': 1, 'PF08033': 1}
Q15438	2	{'PF00169': 1, 'PF01369': 1}
Q15459	3	{'PF00240': 1, 'PF01805': 2, 'PF12230': 1}
Q15464	1	{'PF00017': 1}
Q15465	2	{'PF01079': 1, 'PF01085': 1}
Q15466	1	{'PF00104': 1}
Q15468	1	{'PF15253': 1}
Q15475	2	{'PF05920': 1, 'PF16878': 1}
Q15477	6	{'PF00270': 1, 'PF00271': 1, 'PF08148': 1, 'PF13234': 1, 'PF17911': 1, 'PF21408': 1}
Q15485	1	{'PF00147': 1}
Q15506	1	{'PF02197': 1}
Q15526	1	{'PF02104': 1}
Q15527	1	{'PF05477': 1}
Q15528	1	{'PF06179': 1}
Q15532	1	{'PF05030': 1}
Q15542	1	{'PF04494': 1}
Q15543	1	{'PF02269': 1}
Q15544	1	{'PF04719': 1}
Q15545	1	{'PF04658': 1}
Q15546	1	{'PF03006': 1}
Q15554	2	{'PF00249': 1, 'PF16772': 1}
Q15555	2	{'PF00307': 1, 'PF03271': 1}
Q15560	3	{'PF01096': 1, 'PF07500': 1, 'PF08711': 1}
Q15561	2	{'PF01285': 1, 'PF17725': 1}
Q15562	2	{'PF01285': 1, 'PF17725': 1}
Q15569	1	{'PF07714': 1}
Q15572	2	{'PF20642': 1, 'PF20643': 1}
Q15582	1	{'PF02469': 4}
Q15583	1	{'PF05920': 1}
Q15596	7	{'PF00989': 1, 'PF07469': 1, 'PF08815': 1, 'PF08832': 1, 'PF14598': 1, 'PF16279': 1, 'PF23172': 1}
Q15599	2	{'PF00595': 2, 'PF09007': 1}
Q155Q3	2	{'PF00307': 1, 'PF00778': 1}
Q15612	1	{'PF13853': 1}
Q15615	1	{'PF13853': 1}
Q15617	1	{'PF13853': 1}
Q15619	1	{'PF13853': 1}
Q15620	1	{'PF13853': 1}
Q15622	1	{'PF13853': 1}
Q15628	2	{'PF00531': 1, 'PF09034': 1}
Q15629	1	{'PF03798': 1}
Q15631	1	{'PF01997': 1}
Q15633	1	{'PF00035': 2}
Q15637	3	{'PF00098': 1, 'PF16275': 1, 'PF22675': 1}
Q15642	3	{'PF00018': 1, 'PF00611': 1, 'PF25610': 1}
Q15645	3	{'PF00004': 1, 'PF23242': 1, 'PF23563': 1}
Q15646	2	{'PF00240': 1, 'PF10421': 1}
Q15648	1	{'PF10744': 1}
Q15649	2	{'PF04438': 1, 'PF21373': 1}
Q15650	4	{'PF04266': 1, 'PF06221': 1, 'PF23134': 1, 'PF23135': 1}
Q15651	1	{'PF01101': 1}
Q15652	4	{'PF02373': 1, 'PF22987': 1, 'PF22988': 1, 'PF22989': 1}
Q15654	1	{'PF00412': 3}
Q15661	1	{'PF00089': 1}
Q15669	1	{'PF00071': 1}
Q15672	1	{'PF00010': 1}
Q15678	4	{'PF00102': 1, 'PF00373': 1, 'PF09379': 1, 'PF09380': 1}
Q15691	2	{'PF00307': 1, 'PF03271': 1}
Q15695	2	{'PF00076': 1, 'PF00642': 1}
Q15696	2	{'PF00076': 1, 'PF00642': 1}
Q15697	2	{'PF02023': 1, 'PF00096': 3}
Q15699	1	{'PF00046': 1}
Q15700	5	{'PF00018': 1, 'PF00595': 3, 'PF00625': 1, 'PF10600': 1, 'PF10608': 1}
Q15717	1	{'PF00076': 3}
Q15722	1	{'PF00001': 1}
Q15723	2	{'PF00178': 1, 'PF12310': 1}
Q15726	1	{'PF15152': 1}
Q15735	1	{'PF17751': 1}
Q15738	1	{'PF01073': 1}
Q15742	2	{'PF04904': 1, 'PF04905': 1}
Q15743	1	{'PF00001': 1}
Q15746	3	{'PF00041': 1, 'PF07679': 9, 'PF00069': 1}
Q15750	1	{'PF00481': 1}
Q15751	2	{'PF00622': 1, 'PF00632': 1}
Q15758	1	{'PF00375': 1}
Q15759	1	{'PF00069': 1}
Q15760	1	{'PF00001': 1}
Q15761	1	{'PF00001': 1}
Q15762	1	{'PF07686': 2}
Q15768	1	{'PF00812': 1}
Q15771	1	{'PF00071': 1}
Q15772	2	{'PF07679': 9, 'PF00069': 2}
Q15773	1	{'PF10248': 1}
Q15776	3	{'PF01352': 1, 'PF02023': 1, 'PF00096': 9}
Q15777	1	{'PF00149': 1}
Q15782	1	{'PF00704': 1}
Q15784	2	{'PF00010': 1, 'PF12533': 1}
Q15788	6	{'PF00989': 1, 'PF07469': 2, 'PF08815': 1, 'PF08832': 1, 'PF14598': 1, 'PF23172': 1}
Q15796	2	{'PF03165': 1, 'PF03166': 1}
Q15797	2	{'PF03165': 1, 'PF03166': 1}
Q15800	1	{'PF04116': 1}
Q15811	7	{'PF00018': 3, 'PF00168': 1, 'PF00621': 1, 'PF07653': 1, 'PF12763': 2, 'PF14604': 1, 'PF16652': 1}
Q15813	2	{'PF01302': 1, 'PF14560': 1}
Q15814	2	{'PF07986': 1, 'PF16752': 1}
Q15818	1	{'PF00354': 1}
Q15819	1	{'PF00179': 1}
Q15822	2	{'PF02931': 1, 'PF02932': 1}
Q15825	2	{'PF02931': 1, 'PF02932': 1}
Q15828	1	{'PF00031': 1}
Q15831	1	{'PF00069': 1}
Q15833	1	{'PF00995': 1}
Q15834	1	{'PF10226': 1}
Q15835	2	{'PF00615': 1, 'PF00069': 1}
Q15836	1	{'PF00957': 1}
Q15842	2	{'PF01007': 1, 'PF17655': 1}
Q15843	1	{'PF00240': 1}
Q15846	1	{'PF01093': 1}
Q15848	1	{'PF00386': 1}
Q15849	1	{'PF03253': 2}
Q15853	1	{'PF00010': 1}
Q15858	4	{'PF00520': 4, 'PF06512': 1, 'PF11933': 1, 'PF24609': 1}
Q15878	3	{'PF00520': 4, 'PF08763': 1, 'PF16905': 1}
Q15904	2	{'PF05827': 1, 'PF20520': 1}
Q15906	2	{'PF05764': 1, 'PF08265': 1}
Q15907	1	{'PF00071': 1}
Q15910	5	{'PF00856': 1, 'PF11616': 1, 'PF18118': 1, 'PF18264': 1, 'PF21358': 1}
Q15911	3	{'PF00046': 4, 'PF00096': 1, 'PF24056': 1}
Q15915	3	{'PF00096': 3, 'PF18366': 1, 'PF23561': 1}
Q15916	2	{'PF00651': 1, 'PF00096': 2}
Q15928	3	{'PF01352': 1, 'PF13912': 1, 'PF00096': 8}
Q15935	4	{'PF01352': 1, 'PF00096': 6, 'PF13465': 1, 'PF13894': 1}
Q15937	1	{'PF00096': 11}
Q15940	1	{'PF00096': 4}
Q15942	1	{'PF00412': 3}
Q15973	3	{'PF01352': 1, 'PF00096': 7, 'PF13894': 1}
Q16048	1	{'PF05824': 1}
Q16082	2	{'PF00011': 1, 'PF00525': 1}
Q16099	3	{'PF00060': 1, 'PF01094': 1, 'PF10613': 1}
Q16134	3	{'PF01946': 1, 'PF05187': 1, 'PF21162': 1}
Q16143	1	{'PF01387': 1}
Q16181	1	{'PF00735': 1}
Q16186	2	{'PF04683': 1, 'PF16550': 1}
Q16206	2	{'PF00076': 1, 'PF23267': 1}
Q16222	1	{'PF01704': 1}
Q16254	2	{'PF02319': 1, 'PF16421': 1}
Q16270	3	{'PF00219': 1, 'PF07648': 1, 'PF07679': 1}
Q16280	2	{'PF00027': 1, 'PF00520': 1}
Q16281	2	{'PF00027': 1, 'PF00520': 1}
Q16288	4	{'PF00047': 1, 'PF01462': 1, 'PF07679': 1, 'PF07714': 1}
Q16322	2	{'PF00520': 1, 'PF02214': 1}
Q16342	2	{'PF01753': 1, 'PF04194': 1}
Q16348	1	{'PF00854': 2}
Q16352	1	{'PF04732': 1}
Q16363	3	{'PF00053': 2, 'PF02210': 5, 'PF24973': 1}
Q16385	1	{'PF01352': 1}
Q16394	2	{'PF03016': 1, 'PF09258': 1}
Q16445	2	{'PF02931': 1, 'PF02932': 1}
Q16473	1	{'PF00041': 3}
Q16478	3	{'PF00060': 1, 'PF01094': 1, 'PF10613': 1}
Q16512	3	{'PF00433': 1, 'PF02185': 3, 'PF00069': 1}
Q16513	3	{'PF00433': 1, 'PF02185': 3, 'PF00069': 1}
Q16514	1	{'PF03847': 1}
Q16515	1	{'PF00858': 1}
Q16526	2	{'PF00875': 1, 'PF03441': 1}
Q16527	1	{'PF00412': 2}
Q16533	1	{'PF09808': 1}
Q16538	1	{'PF00001': 1}
Q16539	1	{'PF00069': 1}
Q16540	1	{'PF00276': 1}
Q16543	3	{'PF03234': 1, 'PF08564': 1, 'PF08565': 1}
Q16548	1	{'PF00452': 1}
Q16549	3	{'PF01483': 1, 'PF16470': 1, 'PF00082': 1}
Q16552	1	{'PF06083': 1}
Q16553	1	{'PF00021': 1}
Q16555	1	{'PF01979': 1}
Q16557	3	{'PF07686': 1, 'PF13895': 1, 'PF13927': 2}
Q16558	1	{'PF03185': 1}
Q16559	1	{'PF00010': 1}
Q16560	1	{'PF00076': 1}
Q16563	1	{'PF01284': 1}
Q16566	1	{'PF00069': 1}
Q16568	1	{'PF06373': 1}
Q16572	1	{'PF07690': 1}
Q16581	1	{'PF00001': 2}
Q16584	2	{'PF14604': 1, 'PF07714': 1}
Q16585	1	{'PF04790': 1}
Q16586	2	{'PF05510': 1, 'PF20989': 1}
Q16587	2	{'PF01352': 1, 'PF00096': 8}
Q16589	1	{'PF00134': 1}
Q16594	1	{'PF02291': 1}
Q16595	1	{'PF01491': 1}
Q16600	1	{'PF00096': 9}
Q16602	2	{'PF00002': 1, 'PF02793': 1}
Q16609	1	{'PF00051': 1}
Q16610	1	{'PF05782': 1}
Q16611	1	{'PF00452': 1}
Q16612	1	{'PF11092': 1}
Q16613	1	{'PF00583': 1}
Q16617	1	{'PF00822': 1}
Q16620	3	{'PF01462': 1, 'PF07679': 2, 'PF07714': 1}
Q16623	2	{'PF00804': 1, 'PF05739': 1}
Q16625	2	{'PF01284': 1, 'PF07303': 1}
Q16626	1	{'PF06910': 1}
Q16627	1	{'PF00048': 1}
Q16629	1	{'PF00076': 1}
Q16630	2	{'PF00076': 1, 'PF25524': 1}
Q16633	1	{'PF09310': 1}
Q16635	1	{'PF01553': 1}
Q16637	3	{'PF06003': 1, 'PF20635': 1, 'PF20636': 1}
Q16643	1	{'PF00241': 1}
Q16644	1	{'PF00069': 1}
Q16647	1	{'PF00067': 1}
Q16649	1	{'PF06529': 1}
Q16650	2	{'PF00907': 1, 'PF16176': 1}
Q16651	1	{'PF00089': 1}
Q16653	1	{'PF07686': 1}
Q16654	2	{'PF02518': 1, 'PF10436': 1}
Q16655	1	{'PF14991': 1}
Q16656	1	{'PF10491': 1}
Q16658	1	{'PF06268': 4}
Q16659	1	{'PF00069': 1}
Q16661	1	{'PF02058': 1}
Q16663	1	{'PF00048': 1}
Q16665	5	{'PF00989': 1, 'PF08447': 1, 'PF08778': 1, 'PF11413': 1, 'PF23171': 1}
Q16666	2	{'PF02758': 1, 'PF02760': 2}
Q16667	1	{'PF05706': 1}
Q16670	2	{'PF02023': 1, 'PF00096': 7}
Q16671	1	{'PF00069': 1}
Q16674	1	{'PF07653': 1}
Q16676	1	{'PF00250': 1}
Q16678	1	{'PF00067': 1}
Q16690	2	{'PF00581': 1, 'PF00782': 1}
Q16695	1	{'PF00125': 1}
Q16696	1	{'PF00067': 1}
Q16698	1	{'PF13561': 1}
Q16706	4	{'PF01074': 1, 'PF07748': 1, 'PF09261': 1, 'PF21260': 1}
Q16718	1	{'PF04716': 1}
Q16719	1	{'PF22580': 1}
Q16720	6	{'PF00122': 1, 'PF00689': 1, 'PF00690': 1, 'PF08282': 1, 'PF12424': 1, 'PF13246': 1}
Q16739	1	{'PF13506': 1}
Q16740	1	{'PF00574': 1}
Q16760	6	{'PF00130': 2, 'PF00169': 1, 'PF00609': 1, 'PF00781': 1, 'PF07647': 1, 'PF22944': 1}
Q16762	1	{'PF00581': 2}
Q16763	1	{'PF00179': 1}
Q16769	1	{'PF04389': 1}
Q16772	2	{'PF00043': 1, 'PF02798': 1}
Q16773	1	{'PF00155': 1}
Q16774	1	{'PF00625': 1}
Q16775	2	{'PF00753': 1, 'PF16123': 1}
Q16777	2	{'PF00125': 1, 'PF16211': 1}
Q16778	1	{'PF00125': 1}
Q16787	5	{'PF00052': 1, 'PF00053': 12, 'PF00055': 1, 'PF02210': 5, 'PF24973': 1}
Q16790	1	{'PF00194': 1}
Q16795	1	{'PF01370': 1}
Q16798	2	{'PF00390': 1, 'PF03949': 1}
Q16799	1	{'PF02453': 1}
Q16816	1	{'PF00069': 1}
Q16819	4	{'PF00008': 1, 'PF00629': 1, 'PF01400': 1, 'PF22486': 1}
Q16820	3	{'PF00629': 1, 'PF01400': 1, 'PF22486': 1}
Q16821	1	{'PF03370': 1}
Q16822	2	{'PF00821': 1, 'PF17297': 1}
Q16825	4	{'PF00102': 1, 'PF00373': 1, 'PF09379': 1, 'PF09380': 1}
Q16827	3	{'PF00041': 2, 'PF00102': 1, 'PF26586': 1}
Q16828	2	{'PF00581': 1, 'PF00782': 1}
Q16829	2	{'PF00581': 1, 'PF00782': 1}
Q16831	1	{'PF01048': 1}
Q16832	3	{'PF00754': 1, 'PF21114': 1, 'PF07714': 1}
Q16836	2	{'PF00725': 1, 'PF02737': 1}
Q16842	1	{'PF00777': 1}
Q16849	3	{'PF00102': 1, 'PF11548': 1, 'PF14948': 1}
Q16850	1	{'PF00067': 1}
Q16851	1	{'PF01704': 1}
Q16853	3	{'PF01179': 1, 'PF02727': 1, 'PF02728': 1}
Q16854	1	{'PF01712': 1}
Q16864	1	{'PF01990': 1}
Q16873	1	{'PF01124': 1}
Q16875	2	{'PF00300': 1, 'PF01591': 1}
Q16877	2	{'PF00300': 1, 'PF01591': 1}
Q16878	1	{'PF05995': 1}
Q16880	1	{'PF00201': 1}
Q16881	3	{'PF00462': 1, 'PF02852': 1, 'PF07992': 1}
Q16890	1	{'PF04201': 1}
Q16891	1	{'PF09731': 1}
Q17R31	1	{'PF01026': 1}
Q17R60	1	{'PF01390': 2}
Q17R89	2	{'PF00620': 1, 'PF03114': 1}
Q17R98	1	{'PF00096': 3}
Q17RB0	1	{'PF16297': 1}
Q17RB8	3	{'PF02190': 1, 'PF13923': 1, 'PF15227': 1}
Q17RD7	1	{'PF00168': 2}
Q17RF5	1	{'PF15848': 1}
Q17RG1	1	{'PF02214': 1}
Q17RH7	1	{'PF00046': 1}
Q17RN3	1	{'PF10239': 1}
Q17RP2	3	{'PF03184': 1, 'PF03221': 1, 'PF04218': 1}
Q17RQ9	1	{'PF07693': 1}
Q17RR3	2	{'PF00151': 1, 'PF01477': 1}
Q17RS7	3	{'PF00752': 1, 'PF00867': 1, 'PF18704': 1}
Q17RW2	1	{'PF01410': 2}
Q17RY0	2	{'PF16366': 1, 'PF16367': 1}
Q17RY6	1	{'PF00087': 1}
Q18PE1	1	{'PF02174': 1}
Q19AV6	1	{'PF04434': 1}
Q19T08	1	{'PF15820': 1}
Q1A5X7	1	{'PF15871': 1}
Q1ED39	1	{'PF15477': 1}
Q1EHB4	1	{'PF00474': 1}
Q1HG43	1	{'PF10204': 1}
Q1HG44	1	{'PF10204': 1}
Q1KMD3	3	{'PF00622': 1, 'PF02037': 1, 'PF13671': 1}
Q1L5Z9	2	{'PF02190': 1, 'PF13923': 1}
Q1L6U9	1	{'PF05825': 1}
Q1MSJ5	1	{'PF24578': 1}
Q1MX18	1	{'PF16748': 1}
Q1RMZ1	1	{'PF11968': 1}
Q1RN00	1	{'PF15716': 1}
Q1W4C9	1	{'PF00050': 1}
Q1W6H9	2	{'PF14160': 1, 'PF14161': 1}
Q1XH10	2	{'PF02437': 1, 'PF15223': 1}
Q1ZYL8	1	{'PF15005': 1}
Q1ZZU3	1	{'PF07061': 1}
Q24JP5	7	{'PF15705': 1, 'PF15706': 1, 'PF16070': 1, 'PF23039': 1, 'PF23481': 1, 'PF23486': 1, 'PF23487': 1}
Q27J81	1	{'PF02181': 1}
Q29980	2	{'PF00129': 1, 'PF07654': 1}
Q29983	2	{'PF00129': 1, 'PF07654': 1}
Q2HXU8	2	{'PF00059': 1, 'PF08391': 1}
Q2I0M5	1	{'PF15913': 1}
Q2KHM9	1	{'PF15718': 1}
Q2KHN1	1	{'PF13923': 1}
Q2KHR2	2	{'PF02257': 1, 'PF18326': 1}
Q2KHR3	1	{'PF13926': 1}
Q2KHT3	2	{'PF09758': 1, 'PF19439': 1}
Q2KHT4	1	{'PF07803': 1}
Q2KJY2	2	{'PF00225': 1, 'PF23081': 1}
Q2L4Q9	1	{'PF00089': 2}
Q2M1K9	2	{'PF13912': 2, 'PF00096': 7}
Q2M1P5	2	{'PF00225': 1, 'PF25764': 1}
Q2M1V0	1	{'PF00046': 1}
Q2M1Z3	1	{'PF00620': 1}
Q2M218	2	{'PF01352': 1, 'PF00096': 11}
Q2M296	2	{'PF00076': 1, 'PF01812': 1}
Q2M2D7	1	{'PF00566': 1}
Q2M2H8	4	{'PF00088': 2, 'PF01055': 2, 'PF13802': 1, 'PF21365': 2}
Q2M2I3	1	{'PF07894': 1}
Q2M2I8	1	{'PF00069': 1}
Q2M385	1	{'PF01823': 1}
Q2M389	3	{'PF14744': 1, 'PF14745': 1, 'PF14746': 1}
Q2M3C6	1	{'PF00520': 1}
Q2M3C7	1	{'PF05716': 1}
Q2M3G0	2	{'PF00664': 2, 'PF00005': 2}
Q2M3G4	2	{'PF08687': 1, 'PF08688': 1}
Q2M3M2	1	{'PF00474': 1}
Q2M3R5	1	{'PF00892': 2}
Q2M3T9	1	{'PF01630': 1}
Q2M3V2	1	{'PF25877': 1}
Q2M3W8	3	{'PF01352': 1, 'PF13912': 1, 'PF00096': 10}
Q2M3X9	2	{'PF01352': 1, 'PF00096': 11}
Q2M5E4	1	{'PF00615': 1}
Q2MJR0	2	{'PF00568': 1, 'PF05210': 1}
Q2MKA7	1	{'PF15913': 1}
Q2MV58	2	{'PF07773': 2, 'PF25752': 1}
Q2NKJ3	1	{'PF15489': 1}
Q2NKQ1	3	{'PF00566': 1, 'PF02759': 1, 'PF12068': 1}
Q2NKX8	2	{'PF00176': 1, 'PF00271': 1}
Q2NKX9	1	{'PF10573': 1}
Q2NL67	1	{'PF00644': 1}
Q2NL82	3	{'PF04950': 1, 'PF08142': 1, 'PF22298': 1}
Q2PPJ7	2	{'PF02145': 1, 'PF20412': 1}
Q2PZI1	1	{'PF10034': 1}
Q2Q1W2	3	{'PF00097': 1, 'PF00630': 1, 'PF00643': 1}
Q2QD12	1	{'PF00834': 1}
Q2QGD7	1	{'PF00096': 5}
Q2QL34	1	{'PF04117': 1}
Q2T9J0	1	{'PF13365': 1}
Q2T9L4	1	{'PF15252': 1}
Q2TAA2	1	{'PF00657': 1}
Q2TAA5	2	{'PF00534': 1, 'PF15924': 1}
Q2TAA8	1	{'PF15739': 1}
Q2TAC6	1	{'PF00225': 1}
Q2TAK8	3	{'PF20884': 1, 'PF20886': 1, 'PF20887': 1}
Q2TAL5	1	{'PF00307': 1}
Q2TAL6	3	{'PF23331': 1, 'PF23333': 1, 'PF23334': 1}
Q2TAL8	2	{'PF12012': 1, 'PF25561': 1}
Q2TAP0	1	{'PF10256': 1}
Q2TAY7	1	{'PF17814': 1}
Q2TB10	3	{'PF00096': 2, 'PF16622': 1, 'PF25445': 1}
Q2TB18	1	{'PF00752': 1}
Q2TB90	2	{'PF00349': 2, 'PF03727': 2}
Q2TBA0	2	{'PF00651': 1, 'PF07707': 1}
Q2TBC4	2	{'PF00412': 2, 'PF06297': 1}
Q2TBE0	2	{'PF04676': 1, 'PF04677': 1}
Q2TBF2	1	{'PF01822': 2}
Q2TV78	3	{'PF00024': 1, 'PF00051': 3, 'PF00089': 1}
Q2UY09	2	{'PF00014': 1, 'PF00092': 2}
Q2V2M9	2	{'PF02181': 1, 'PF18382': 1}
Q2VIQ3	2	{'PF00225': 1, 'PF25764': 1}
Q2VIR3	3	{'PF00009': 1, 'PF03144': 1, 'PF09173': 1}
Q2VPA4	1	{'PF00084': 8}
Q2VPB7	2	{'PF21589': 1, 'PF21590': 1}
Q2VPK5	1	{'PF10288': 1}
Q2VWA4	2	{'PF02437': 1, 'PF08782': 1}
Q2VWP7	3	{'PF00041': 5, 'PF13927': 2, 'PF07679': 2}
Q2VY69	3	{'PF01352': 1, 'PF13912': 1, 'PF00096': 6}
Q2VYF4	2	{'PF07766': 1, 'PF19324': 1}
Q2WEN9	3	{'PF07686': 2, 'PF13895': 1, 'PF13927': 1}
Q2WGJ6	2	{'PF00651': 1, 'PF07707': 1}
Q2WGJ8	1	{'PF15158': 1}
Q2WGJ9	5	{'PF00168': 6, 'PF08150': 1, 'PF08151': 1, 'PF16165': 1, 'PF22901': 1}
Q2WGN9	1	{'PF00169': 1}
Q2Y0W8	2	{'PF00955': 1, 'PF07565': 1}
Q2YD98	1	{'PF09740': 1}
Q30154	2	{'PF00969': 1, 'PF07654': 1}
Q30201	2	{'PF00129': 1, 'PF07654': 1}
Q309B1	2	{'PF00622': 1, 'PF13765': 1}
Q30KP8	1	{'PF17333': 1}
Q30KP9	1	{'PF13841': 1}
Q30KQ1	1	{'PF13841': 1}
Q30KQ4	1	{'PF13841': 1}
Q30KQ5	1	{'PF13841': 1}
Q30KQ6	1	{'PF13841': 1}
Q30KQ7	1	{'PF13841': 1}
Q30KQ8	1	{'PF13841': 1}
Q30KQ9	1	{'PF13841': 1}
Q32M45	2	{'PF04547': 1, 'PF16178': 1}
Q32M78	2	{'PF01352': 1, 'PF00096': 14}
Q32M84	2	{'PF21059': 1, 'PF23998': 1}
Q32MH5	2	{'PF13889': 1, 'PF13915': 1}
Q32MK0	1	{'PF00069': 1}
Q32MQ0	1	{'PF15269': 1}
Q32MZ4	1	{'PF09738': 1}
Q32NC0	1	{'PF15719': 1}
Q32P28	1	{'PF13640': 1}
Q32P41	2	{'PF02475': 1, 'PF25133': 1}
Q32P51	2	{'PF00076': 2, 'PF11627': 1}
Q32ZL2	1	{'PF01569': 1}
Q330K2	1	{'PF00494': 1}
Q33E94	2	{'PF02257': 1, 'PF25340': 1}
Q38SD2	4	{'PF08477': 1, 'PF16095': 1, 'PF25497': 1, 'PF00069': 1}
Q3B726	2	{'PF03876': 1, 'PF17875': 1}
Q3B7I2	1	{'PF11938': 1}
Q3B7J2	2	{'PF01408': 1, 'PF22725': 1}
Q3B7T1	1	{'PF23788': 1}
Q3B820	1	{'PF10595': 1}
Q3B8N2	1	{'PF00337': 2}
Q3B8N5	1	{'PF05044': 1}
Q3BBV0	1	{'PF06758': 8}
Q3BBV2	1	{'PF06758': 7}
Q3C1V0	1	{'PF04103': 1}
Q3C1V1	1	{'PF17669': 1}
Q3C1V8	1	{'PF00046': 1}
Q3I5F7	2	{'PF04775': 1, 'PF08840': 1}
Q3KNS1	1	{'PF02460': 1}
Q3KNS6	2	{'PF01352': 1, 'PF00096': 9}
Q3KNT7	1	{'PF01189': 1}
Q3KNT9	1	{'PF15203': 1}
Q3KNV8	2	{'PF13923': 1, 'PF16207': 1}
Q3KNW1	1	{'PF00096': 4}
Q3KNW5	1	{'PF01758': 1}
Q3KP22	1	{'PF15077': 2}
Q3KP31	2	{'PF01352': 1, 'PF00096': 15}
Q3KP66	1	{'PF11819': 1}
Q3KPI0	2	{'PF07686': 1, 'PF13927': 1}
Q3KQV3	2	{'PF01352': 1, 'PF00096': 11}
Q3KQV9	1	{'PF01704': 1}
Q3KR16	1	{'PF00621': 1}
Q3KR37	2	{'PF02893': 1, 'PF16016': 1}
Q3KRA6	1	{'PF10209': 1}
Q3KRA9	1	{'PF13532': 1}
Q3KRB8	1	{'PF00620': 1}
Q3L8U1	5	{'PF00176': 1, 'PF00271': 1, 'PF00385': 2, 'PF07533': 2, 'PF23078': 1}
Q3LHN0	1	{'PF05287': 1}
Q3LHN2	1	{'PF11759': 1}
Q3LI54	1	{'PF11759': 1}
Q3LI59	1	{'PF11759': 1}
Q3LI61	1	{'PF11759': 1}
Q3LI63	1	{'PF11759': 1}
Q3LI70	1	{'PF11759': 1}
Q3LI72	1	{'PF11759': 1}
Q3LI73	1	{'PF11759': 1}
Q3LI76	1	{'PF05287': 2}
Q3LI77	1	{'PF05287': 2}
Q3LI81	1	{'PF05287': 1}
Q3LI83	1	{'PF05287': 1}
Q3LIE5	1	{'PF00149': 1}
Q3LXA3	2	{'PF02733': 1, 'PF02734': 1}
Q3MHD2	2	{'PF09793': 1, 'PF21166': 1}
Q3MII6	1	{'PF00566': 1}
Q3MIN7	3	{'PF00617': 1, 'PF00618': 1, 'PF00788': 1}
Q3MIP1	1	{'PF20266': 1}
Q3MIR4	1	{'PF03381': 1}
Q3MIS6	2	{'PF01352': 1, 'PF00096': 15}
Q3MIT2	2	{'PF21237': 1, 'PF21238': 1}
Q3MIV0	1	{'PF11759': 1}
Q3MIX3	1	{'PF03109': 1}
Q3MJ16	3	{'PF00168': 1, 'PF01735': 1, 'PF18695': 1}
Q3MJ62	2	{'PF02023': 1, 'PF00096': 5}
Q3MUY2	1	{'PF15159': 1}
Q3SXM5	1	{'PF00106': 1}
Q3SXP7	1	{'PF13908': 1}
Q3SXR2	1	{'PF17715': 1}
Q3SXY7	1	{'PF13927': 1}
Q3SXY8	1	{'PF00025': 1}
Q3SXZ3	2	{'PF01352': 1, 'PF00096': 11}
Q3SXZ7	1	{'PF03133': 1}
Q3SY46	1	{'PF05287': 1}
Q3SY52	3	{'PF01352': 1, 'PF00096': 7, 'PF23561': 1}
Q3SY56	1	{'PF00096': 3}
Q3SY69	4	{'PF00171': 1, 'PF00550': 1, 'PF00551': 1, 'PF02911': 1}
Q3SY77	1	{'PF00201': 1}
Q3SY84	1	{'PF16208': 1}
Q3SYA9	1	{'PF15229': 1}
Q3SYB3	1	{'PF00250': 1}
Q3SYC2	1	{'PF03982': 1}
Q3SYF9	1	{'PF11759': 1}
Q3SYG4	4	{'PF14728': 1, 'PF23337': 1, 'PF23338': 1, 'PF23339': 1}
Q3T8J9	1	{'PF21227': 1}
Q3T906	7	{'PF00066': 2, 'PF06464': 1, 'PF11380': 1, 'PF17101': 1, 'PF17102': 1, 'PF17103': 1, 'PF18440': 1}
Q3V5L5	1	{'PF15024': 1}
Q3V6T2	1	{'PF19047': 1}
Q3YBM2	1	{'PF04103': 1}
Q3YBR2	2	{'PF05964': 1, 'PF05965': 1}
Q3YEC7	1	{'PF08477': 1}
Q3ZAQ7	1	{'PF09446': 1}
Q3ZCM7	2	{'PF00091': 1, 'PF03953': 1}
Q3ZCN5	7	{'PF00094': 4, 'PF01826': 1, 'PF05270': 1, 'PF08742': 4, 'PF25960': 1, 'PF25961': 1, 'PF25962': 1}
Q3ZCQ2	1	{'PF15721': 1}
Q3ZCQ3	1	{'PF06679': 1}
Q3ZCQ8	1	{'PF03031': 1}
Q3ZCT1	2	{'PF00096': 11, 'PF13465': 1}
Q3ZCT8	2	{'PF00651': 1, 'PF07707': 1}
Q3ZCU0	1	{'PF17906': 1}
Q3ZCW2	1	{'PF00337': 1}
Q3ZCX4	2	{'PF01352': 1, 'PF00096': 15}
Q3ZLR7	1	{'PF12090': 1}
Q401N2	1	{'PF02931': 1}
Q460N3	2	{'PF00644': 1, 'PF01661': 2}
Q460N5	13	{'PF00644': 1, 'PF01661': 3, 'PF22005': 1, 'PF23084': 1, 'PF23085': 1, 'PF23222': 1, 'PF23245': 1, 'PF23248': 1, 'PF23249': 1, 'PF23251': 1, 'PF23252': 1, 'PF23253': 1, 'PF23254': 1}
Q494V2	1	{'PF13863': 1}
Q494W8	2	{'PF02931': 1, 'PF02932': 1}
Q494X3	4	{'PF01352': 1, 'PF13912': 1, 'PF00096': 10, 'PF13465': 1}
Q495A1	1	{'PF07686': 1}
Q495C1	1	{'PF14634': 1}
Q495M3	1	{'PF01490': 1}
Q495M9	1	{'PF00536': 1}
Q495N2	1	{'PF01490': 1}
Q495T6	2	{'PF01431': 1, 'PF05649': 1}
Q495W5	2	{'PF00852': 1, 'PF17039': 1}
Q495X7	4	{'PF00622': 1, 'PF00643': 1, 'PF13765': 1, 'PF15227': 1}
Q495Y7	1	{'PF11357': 2}
Q495Y8	1	{'PF11357': 2}
Q496A3	1	{'PF15160': 1}
Q496F6	1	{'PF07686': 1}
Q496H8	1	{'PF15056': 1}
Q496J9	2	{'PF00083': 1, 'PF07690': 1}
Q496Y0	3	{'PF00097': 1, 'PF02190': 1, 'PF13923': 1}
Q499Z3	1	{'PF04326': 1}
Q499Z4	2	{'PF00096': 9, 'PF13894': 1}
Q49A17	2	{'PF00535': 1, 'PF00652': 1}
Q49A26	3	{'PF00855': 1, 'PF03446': 1, 'PF14833': 1}
Q49A33	1	{'PF00096': 5}
Q49A92	1	{'PF17824': 2}
Q49AA0	2	{'PF01352': 1, 'PF00096': 8}
Q49AG3	1	{'PF02892': 1}
Q49AH0	2	{'PF10208': 1, 'PF20145': 1}
Q49AJ0	2	{'PF05057': 1, 'PF12394': 1}
Q49AM1	1	{'PF02536': 1}
Q49AN0	2	{'PF00875': 1, 'PF03441': 1}
Q49AR2	1	{'PF12640': 1}
Q49AS3	1	{'PF14914': 1}
Q49B96	1	{'PF06747': 1}
Q49MI3	3	{'PF00781': 2, 'PF19280': 1, 'PF25382': 1}
Q49SQ1	1	{'PF00001': 1}
Q4AC94	2	{'PF00168': 2, 'PF25339': 1}
Q4AC99	1	{'PF00155': 1}
Q4AE62	2	{'PF00534': 1, 'PF12038': 1}
Q4FZB7	1	{'PF00856': 1}
Q4G0A6	2	{'PF13898': 1, 'PF26038': 1}
Q4G0F5	1	{'PF03643': 1}
Q4G0G5	1	{'PF01099': 1}
Q4G0I0	1	{'PF15013': 1}
Q4G0J3	3	{'PF00076': 1, 'PF05383': 1, 'PF08777': 1}
Q4G0N4	1	{'PF01513': 1}
Q4G0N7	1	{'PF14982': 1}
Q4G0N8	3	{'PF00027': 1, 'PF00520': 1, 'PF00999': 1}
Q4G0P3	3	{'PF15780': 1, 'PF17213': 1, 'PF22544': 3}
Q4G0S4	1	{'PF00067': 1}
Q4G0T1	1	{'PF00530': 8}
Q4G0W2	1	{'PF00782': 1}
Q4G0X4	2	{'PF02214': 1, 'PF19329': 1}
Q4G0Z9	2	{'PF17855': 1, 'PF26063': 1}
Q4G112	1	{'PF00447': 1}
Q4G148	1	{'PF01501': 1}
Q4G163	1	{'PF00646': 1}
Q4G176	2	{'PF00501': 1, 'PF13193': 1}
Q4G1C9	1	{'PF00188': 1}
Q4J6C6	1	{'PF00326': 1}
Q4JDL3	1	{'PF00102': 1}
Q4KMG0	3	{'PF00041': 3, 'PF13927': 3, 'PF07679': 1}
Q4KMG9	1	{'PF14979': 1}
Q4KMP7	1	{'PF00566': 1}
Q4KMQ1	2	{'PF13914': 1, 'PF13916': 1}
Q4KMQ2	2	{'PF04547': 1, 'PF16178': 1}
Q4KMZ8	1	{'PF05640': 1}
Q4KWH8	5	{'PF00168': 1, 'PF00387': 1, 'PF00388': 1, 'PF09279': 1, 'PF16457': 1}
Q4L180	1	{'PF09727': 1}
Q4L235	2	{'PF00501': 1, 'PF00550': 1}
Q4LDE5	8	{'PF00008': 6, 'PF00084': 33, 'PF00092': 1, 'PF00354': 1, 'PF02494': 2, 'PF07645': 1, 'PF07699': 4, 'PF12661': 1}
Q4LDR2	1	{'PF11057': 1}
Q4LE39	3	{'PF01388': 1, 'PF08169': 1, 'PF11717': 1}
Q4QY38	1	{'PF13841': 1}
Q4U2R6	1	{'PF10244': 1}
Q4U2R8	1	{'PF00083': 1}
Q4V321	1	{'PF05831': 1}
Q4V326	1	{'PF05831': 1}
Q4V339	2	{'PF02492': 1, 'PF07683': 1}
Q4V348	1	{'PF00096': 20}
Q4V9L6	1	{'PF15724': 1}
Q4VC05	1	{'PF04714': 1}
Q4VC12	2	{'PF01753': 1, 'PF20179': 1}
Q4VC31	1	{'PF09774': 1}
Q4VC39	1	{'PF04588': 1}
Q4VC44	2	{'PF04500': 5, 'PF15423': 1}
Q4VNC0	4	{'PF00122': 1, 'PF00690': 1, 'PF12409': 1, 'PF13246': 1}
Q4VNC1	4	{'PF00122': 1, 'PF00690': 1, 'PF12409': 1, 'PF13246': 1}
Q4VX76	2	{'PF00168': 2, 'PF02318': 1}
Q4VXA5	1	{'PF16005': 1}
Q4VXU2	2	{'PF00076': 4, 'PF00658': 1}
Q4W5G0	3	{'PF03184': 1, 'PF03221': 1, 'PF04218': 1}
Q4W5P6	1	{'PF21976': 1}
Q4ZG55	5	{'PF15782': 1, 'PF20267': 1, 'PF20688': 1, 'PF20691': 1, 'PF20692': 1}
Q4ZHG4	2	{'PF00041': 3, 'PF21731': 1}
Q4ZIN3	1	{'PF09746': 1}
Q4ZJI4	1	{'PF00999': 1}
Q502W6	2	{'PF13768': 2, 'PF15057': 1}
Q502W7	1	{'PF13863': 1}
Q504Q3	2	{'PF00929': 1, 'PF13423': 1}
Q504T8	1	{'PF00240': 1}
Q504U0	1	{'PF15725': 1}
Q504Y0	3	{'PF02535': 1, 'PF18292': 1, 'PF21116': 1}
Q504Y2	1	{'PF12260': 1}
Q504Y3	2	{'PF00855': 1, 'PF07496': 1}
Q50KZ9	1	{'PF05296': 1}
Q50LG9	1	{'PF13927': 1}
Q52LA3	1	{'PF10044': 1}
Q52LC2	2	{'PF05827': 1, 'PF20520': 1}
Q52LD8	1	{'PF15250': 1}
Q52LG2	1	{'PF05287': 1}
Q52LJ0	1	{'PF10239': 1}
Q52LR7	2	{'PF06752': 1, 'PF10513': 1}
Q52LW3	4	{'PF00130': 1, 'PF00620': 1, 'PF22699': 1, 'PF24235': 1}
Q52M58	1	{'PF17698': 1}
Q52M93	2	{'PF01352': 1, 'PF00096': 21}
Q52MB2	1	{'PF15726': 1}
Q52WX2	1	{'PF00069': 1}
Q53EL9	2	{'PF00084': 5, 'PF00431': 2}
Q53EP0	1	{'PF00041': 8}
Q53EQ6	3	{'PF03184': 1, 'PF03221': 1, 'PF04218': 1}
Q53ET0	3	{'PF12884': 1, 'PF12885': 1, 'PF12886': 1}
Q53EU6	1	{'PF01553': 1}
Q53EZ4	1	{'PF12180': 1}
Q53F19	1	{'PF10309': 1}
Q53F39	1	{'PF00149': 1}
Q53FA7	2	{'PF00107': 1, 'PF08240': 1}
Q53FE4	1	{'PF15256': 1}
Q53FT3	2	{'PF05603': 1, 'PF21057': 1}
Q53FV1	1	{'PF04061': 1}
Q53FZ2	2	{'PF00501': 1, 'PF13193': 1}
Q53G59	2	{'PF00651': 1, 'PF07707': 1}
Q53GD3	1	{'PF04515': 1}
Q53GG5	3	{'PF00412': 1, 'PF00595': 1, 'PF15936': 1}
Q53GI3	3	{'PF01352': 1, 'PF02023': 1, 'PF00096': 6}
Q53GL0	1	{'PF00169': 1}
Q53GL7	2	{'PF00644': 1, 'PF23085': 2}
Q53GQ0	1	{'PF00106': 1}
Q53GS9	2	{'PF00443': 1, 'PF02148': 1}
Q53GT1	2	{'PF00651': 1, 'PF07707': 1}
Q53H12	2	{'PF00781': 1, 'PF19712': 1}
Q53H47	4	{'PF00856': 1, 'PF01359': 1, 'PF05033': 1, 'PF17906': 1}
Q53H54	3	{'PF02475': 1, 'PF25132': 1, 'PF25133': 1}
Q53H76	1	{'PF00151': 1}
Q53H82	2	{'PF00753': 1, 'PF17778': 1}
Q53H96	2	{'PF03807': 1, 'PF14748': 1}
Q53HC5	2	{'PF00651': 1, 'PF07707': 1}
Q53HI1	1	{'PF05216': 1}
Q53HL2	2	{'PF10444': 1, 'PF10512': 1}
Q53HV7	1	{'PF03167': 1}
Q53LP3	1	{'PF25877': 1}
Q53QV2	1	{'PF15317': 1}
Q53QW1	1	{'PF15727': 1}
Q53QZ3	2	{'PF00169': 1, 'PF00620': 1}
Q53R12	1	{'PF05805': 1}
Q53R41	2	{'PF08368': 1, 'PF08373': 1}
Q53RD9	5	{'PF00008': 1, 'PF00084': 1, 'PF07645': 1, 'PF14670': 1, 'PF22914': 1}
Q53RT3	1	{'PF13975': 1}
Q53RY4	1	{'PF12304': 1}
Q53S08	1	{'PF00071': 1}
Q53S33	1	{'PF01722': 1}
Q53S99	1	{'PF01770': 1}
Q53SF7	1	{'PF09469': 1}
Q53SZ7	1	{'PF15728': 1}
Q53T59	1	{'PF00787': 1}
Q53T94	3	{'PF11781': 1, 'PF20644': 1, 'PF20645': 1}
Q53TN4	1	{'PF03188': 1}
Q53TQ3	1	{'PF13891': 2}
Q53TS8	1	{'PF15729': 1}
Q562E7	1	{'PF02138': 1}
Q562R1	1	{'PF00022': 1}
Q567U6	1	{'PF21673': 1}
Q567V2	1	{'PF04117': 1}
Q569G3	1	{'PF15730': 1}
Q569H4	1	{'PF15252': 1}
Q569K4	1	{'PF12874': 4}
Q56A73	1	{'PF02513': 3}
Q56NI9	2	{'PF13878': 1, 'PF13880': 1}
Q56P03	1	{'PF10238': 1}
Q56P42	1	{'PF02758': 1}
Q56UN5	1	{'PF00069': 1}
Q56UQ5	1	{'PF00838': 1}
Q56VL3	1	{'PF07051': 1}
Q587I9	1	{'PF04178': 1}
Q587J7	2	{'PF00270': 1, 'PF00567': 2}
Q587J8	1	{'PF16005': 1}
Q58A45	1	{'PF18101': 1}
Q58DX5	1	{'PF04389': 1}
Q58EX2	3	{'PF00041': 13, 'PF13927': 2, 'PF07679': 4}
Q58EX7	2	{'PF00621': 1, 'PF22697': 1}
Q58F21	3	{'PF00439': 2, 'PF17035': 1, 'PF17105': 1}
Q58FF3	1	{'PF00183': 1}
Q58FF6	1	{'PF00183': 2}
Q58FF7	1	{'PF00183': 3}
Q58FF8	1	{'PF00183': 2}
Q58FG0	1	{'PF00183': 2}
Q58FG1	2	{'PF00183': 3, 'PF13589': 1}
Q58G82	1	{'PF00168': 1}
Q58HT5	1	{'PF03982': 1}
Q59EK9	1	{'PF02759': 1}
Q59GN2	1	{'PF00832': 1}
Q59H18	1	{'PF07714': 1}
Q5BIV9	1	{'PF14999': 1}
Q5BJD5	1	{'PF09335': 1}
Q5BJF2	1	{'PF05241': 1}
Q5BJH2	1	{'PF20479': 1}
Q5BJH7	1	{'PF03878': 1}
Q5BKT4	1	{'PF04922': 1}
Q5BKU9	1	{'PF09791': 1}
Q5BKX5	1	{'PF21646': 1}
Q5BKX6	1	{'PF07690': 1}
Q5BKX8	1	{'PF15237': 1}
Q5BKZ1	1	{'PF04988': 1}
Q5BLP8	1	{'PF15161': 1}
Q5BN46	1	{'PF14892': 1}
Q5CZA5	3	{'PF01352': 1, 'PF00096': 10, 'PF13465': 1}
Q5CZC0	1	{'PF15783': 4}
Q5D0E6	1	{'PF05746': 1}
Q5D1E8	3	{'PF11977': 1, 'PF18039': 1, 'PF18561': 1}
Q5D862	1	{'PF01023': 1}
Q5DID0	5	{'PF00095': 1, 'PF00100': 1, 'PF01390': 1, 'PF07645': 3, 'PF23344': 1}
Q5DJT8	1	{'PF15300': 1}
Q5DT21	1	{'PF00050': 1}
Q5DX21	2	{'PF07686': 1, 'PF13927': 1}
Q5EB52	1	{'PF00561': 1}
Q5EBL2	1	{'PF00096': 12}
Q5EBL4	2	{'PF09744': 1, 'PF11461': 1}
Q5EBL8	1	{'PF00595': 1}
Q5EBM0	1	{'PF02223': 1}
Q5EBM4	1	{'PF00096': 1}
Q5EBN2	2	{'PF00643': 1, 'PF15227': 1}
Q5EE01	1	{'PF15510': 1}
Q5EG05	1	{'PF00619': 1}
Q5F1R6	3	{'PF00226': 1, 'PF12171': 1, 'PF21884': 1}
Q5FVE4	1	{'PF00501': 1}
Q5FWE3	1	{'PF25987': 1}
Q5FWF4	4	{'PF00176': 1, 'PF00271': 1, 'PF00641': 1, 'PF01844': 1}
Q5FWF5	2	{'PF13878': 1, 'PF13880': 1}
Q5FWF6	2	{'PF01352': 1, 'PF00096': 7}
Q5FWF7	1	{'PF12937': 1}
Q5FYA8	2	{'PF00884': 1, 'PF14707': 1}
Q5FYB0	1	{'PF00884': 1}
Q5FYB1	1	{'PF00884': 1}
Q5GAN3	1	{'PF00074': 1}
Q5GAN4	1	{'PF00074': 1}
Q5GAN6	1	{'PF00074': 1}
Q5GFL6	2	{'PF00008': 2, 'PF00092': 3}
Q5GH70	1	{'PF09815': 1}
Q5GH72	1	{'PF09815': 1}
Q5GH73	1	{'PF09815': 1}
Q5GH76	1	{'PF09815': 1}
Q5GH77	1	{'PF09815': 1}
Q5GJ75	1	{'PF05527': 1}
Q5GLZ8	1	{'PF00632': 1}
Q5H8A4	2	{'PF01663': 1, 'PF19316': 1}
Q5H8C1	4	{'PF00059': 1, 'PF03160': 1, 'PF16184': 11, 'PF19309': 1}
Q5H913	1	{'PF00025': 1}
Q5H943	1	{'PF15204': 1}
Q5H9B9	1	{'PF15282': 1}
Q5H9F3	1	{'PF16553': 1}
Q5H9I0	2	{'PF02319': 1, 'PF08781': 1}
Q5H9J7	1	{'PF04538': 1}
Q5H9J9	1	{'PF05794': 1}
Q5H9K5	1	{'PF12874': 3}
Q5H9L2	1	{'PF04538': 1}
Q5H9L4	1	{'PF04658': 1}
Q5H9M0	3	{'PF20884': 1, 'PF20886': 1, 'PF20887': 1}
Q5H9R7	1	{'PF04499': 1}
Q5H9U9	5	{'PF00270': 1, 'PF00271': 1, 'PF23002': 1, 'PF26076': 1, 'PF26167': 1}
Q5HY64	1	{'PF14642': 10}
Q5HY92	2	{'PF00004': 1, 'PF09336': 1}
Q5HY98	3	{'PF01352': 1, 'PF00096': 7, 'PF13465': 1}
Q5HYA8	1	{'PF09773': 1}
Q5HYC2	2	{'PF00439': 1, 'PF23450': 1}
Q5HYI7	2	{'PF10568': 1, 'PF17171': 1}
Q5HYI8	1	{'PF08477': 1}
Q5HYJ1	2	{'PF02544': 1, 'PF21696': 1}
Q5HYJ3	1	{'PF16046': 1}
Q5HYK3	1	{'PF01209': 1}
Q5HYK7	3	{'PF00018': 3, 'PF07653': 1, 'PF14604': 1}
Q5HYK9	2	{'PF01352': 1, 'PF00096': 14}
Q5HYM0	3	{'PF11977': 1, 'PF18039': 1, 'PF18561': 1}
Q5HYN5	1	{'PF15300': 1}
Q5HYR2	1	{'PF15791': 1}
Q5HYW3	1	{'PF16297': 1}
Q5I0G3	1	{'PF02866': 1}
Q5I0X4	1	{'PF17733': 1}
Q5I7T1	1	{'PF04922': 1}
Q5IJ48	3	{'PF00008': 9, 'PF02210': 1, 'PF12661': 2}
Q5J5C9	1	{'PF13841': 1}
Q5J8M3	1	{'PF06417': 1}
Q5J8X5	1	{'PF04103': 1}
Q5JNZ3	3	{'PF01352': 1, 'PF13912': 1, 'PF00096': 9}
Q5JNZ5	1	{'PF01283': 1}
Q5JPB2	1	{'PF00096': 1}
Q5JPE7	10	{'PF13620': 1, 'PF17802': 1, 'PF22898': 1, 'PF22902': 1, 'PF23141': 1, 'PF23192': 1, 'PF23193': 1, 'PF23194': 1, 'PF23660': 1, 'PF22904': 2}
Q5JPH6	2	{'PF00749': 1, 'PF19269': 1}
Q5JPI3	1	{'PF15008': 1}
Q5JPI9	1	{'PF13847': 1}
Q5JQC4	1	{'PF15623': 1}
Q5JQC9	1	{'PF05716': 3}
Q5JQD4	1	{'PF00159': 1}
Q5JQF8	1	{'PF00076': 2}
Q5JQS5	1	{'PF13853': 1}
Q5JQS6	1	{'PF15666': 1}
Q5JR12	1	{'PF00481': 2}
Q5JR98	1	{'PF03645': 1}
Q5JRA6	1	{'PF07653': 1}
Q5JRC9	1	{'PF14642': 5}
Q5JRK9	1	{'PF05831': 1}
Q5JRS4	1	{'PF13853': 1}
Q5JRV8	1	{'PF14967': 1}
Q5JRX3	4	{'PF00675': 1, 'PF05193': 1, 'PF08367': 1, 'PF22516': 1}
Q5JS13	2	{'PF00169': 1, 'PF00617': 1}
Q5JS54	1	{'PF16093': 1}
Q5JSJ4	3	{'PF13519': 1, 'PF15300': 1, 'PF25462': 1}
Q5JSL3	4	{'PF00169': 1, 'PF11878': 1, 'PF14429': 1, 'PF20422': 1}
Q5JSP0	3	{'PF00169': 1, 'PF00621': 1, 'PF01363': 1}
Q5JSQ8	1	{'PF16005': 1}
Q5JSS6	1	{'PF15163': 1}
Q5JST6	1	{'PF06565': 4}
Q5JSZ5	1	{'PF07001': 1}
Q5JT25	1	{'PF00071': 1}
Q5JT82	1	{'PF00096': 3}
Q5JTB6	1	{'PF15205': 1}
Q5JTD0	1	{'PF15453': 2}
Q5JTJ3	1	{'PF02297': 1}
Q5JTV8	2	{'PF05609': 1, 'PF20443': 1}
Q5JTY5	2	{'PF02492': 1, 'PF07683': 1}
Q5JTZ5	1	{'PF15733': 1}
Q5JTZ9	2	{'PF01411': 1, 'PF07973': 1}
Q5JU69	2	{'PF06309': 1, 'PF21376': 1}
Q5JU85	2	{'PF01369': 1, 'PF16453': 1}
Q5JUK2	1	{'PF00010': 1}
Q5JUK3	3	{'PF03493': 1, 'PF07885': 1, 'PF22614': 2}
Q5JUK9	1	{'PF05831': 1}
Q5JUR7	1	{'PF20408': 1}
Q5JUW0	1	{'PF01352': 1}
Q5JUX0	1	{'PF02513': 3}
Q5JV73	3	{'PF00373': 1, 'PF00595': 1, 'PF21477': 1}
Q5JVF3	1	{'PF01399': 1}
Q5JVG2	2	{'PF01352': 1, 'PF00096': 14}
Q5JVG8	3	{'PF01352': 1, 'PF13912': 1, 'PF00096': 7}
Q5JVL4	1	{'PF06565': 3}
Q5JVS0	2	{'PF04774': 1, 'PF16174': 2}
Q5JVX7	1	{'PF15078': 2}
Q5JW98	1	{'PF14798': 1}
Q5JWF2	1	{'PF00503': 1}
Q5JWF8	1	{'PF00022': 1}
Q5JX69	1	{'PF15206': 1}
Q5JX71	1	{'PF15206': 1}
Q5JXA9	1	{'PF07686': 2}
Q5JXB2	1	{'PF00179': 1}
Q5JXC2	1	{'PF15734': 1}
Q5JXM2	1	{'PF13383': 1}
Q5JZY3	6	{'PF00041': 2, 'PF01404': 1, 'PF07647': 1, 'PF14575': 1, 'PF25599': 1, 'PF07714': 1}
Q5K4E3	1	{'PF00089': 3}
Q5K4L6	2	{'PF00501': 1, 'PF13193': 1}
Q5K651	1	{'PF00536': 1}
Q5KSL6	5	{'PF00130': 1, 'PF00169': 1, 'PF00609': 1, 'PF00781': 1, 'PF22944': 1}
Q5KU26	2	{'PF00059': 1, 'PF26004': 1}
Q5M775	1	{'PF00307': 1}
Q5M7Z0	1	{'PF13639': 1}
Q5M9Q1	2	{'PF06047': 1, 'PF15692': 1}
Q5MAI5	1	{'PF00069': 1}
Q5MCW4	2	{'PF01352': 1, 'PF00096': 18}
Q5MIZ7	1	{'PF22972': 1}
Q5MJ07	1	{'PF07458': 1}
Q5MJ08	1	{'PF07458': 1}
Q5MJ09	1	{'PF07458': 1}
Q5MJ10	1	{'PF07458': 1}
Q5MJ68	1	{'PF11357': 1}
Q5MJ70	1	{'PF11357': 1}
Q5MNV8	1	{'PF00646': 1}
Q5MY95	1	{'PF01150': 1}
Q5NDL2	1	{'PF04577': 1}
Q5NE16	1	{'PF08246': 1}
Q5NUL3	1	{'PF00001': 1}
Q5PR19	1	{'PF15229': 1}
Q5PRF9	1	{'PF00536': 1}
Q5PSV4	1	{'PF08598': 1}
Q5PT55	2	{'PF01758': 1, 'PF24690': 1}
Q5QGS0	1	{'PF15735': 1}
Q5QGT7	1	{'PF13695': 1}
Q5QGZ9	1	{'PF00059': 1}
Q5QJ38	1	{'PF01023': 1}
Q5QJ74	1	{'PF14560': 1}
Q5QJE6	1	{'PF08698': 1}
Q5QJU3	1	{'PF05875': 1}
Q5QNW6	1	{'PF00125': 1}
Q5R372	3	{'PF00566': 1, 'PF00640': 1, 'PF12473': 1}
Q5R387	1	{'PF00068': 1}
Q5R3F8	1	{'PF22986': 1}
Q5R3K3	1	{'PF14798': 1}
Q5RHP9	1	{'PF15257': 1}
Q5RI15	1	{'PF12597': 1}
Q5RIA9	2	{'PF02492': 1, 'PF07683': 1}
Q5RKV6	1	{'PF01138': 1}
Q5S007	4	{'PF08477': 1, 'PF16095': 1, 'PF25497': 1, 'PF00069': 1}
Q5SGD2	1	{'PF00481': 1}
Q5SNT2	2	{'PF09779': 1, 'PF10476': 1}
Q5SNV9	1	{'PF15736': 1}
Q5SQ64	1	{'PF07686': 1}
Q5SQH8	1	{'PF10184': 1}
Q5SQI0	1	{'PF05301': 1}
Q5SQN1	1	{'PF02893': 1}
Q5SQQ9	1	{'PF00046': 1}
Q5SQS7	1	{'PF00017': 1}
Q5SQS8	1	{'PF17658': 1}
Q5SR56	1	{'PF07690': 1}
Q5SRD1	1	{'PF02466': 1}
Q5SRE5	1	{'PF21094': 1}
Q5SRE7	1	{'PF05721': 1}
Q5SRI9	1	{'PF16317': 1}
Q5SRR4	1	{'PF00021': 1}
Q5SSG8	1	{'PF14654': 1}
Q5SSJ5	1	{'PF00538': 3}
Q5SSQ6	1	{'PF11414': 1}
Q5ST30	2	{'PF00133': 1, 'PF08264': 1}
Q5SV17	1	{'PF15207': 1}
Q5SVJ3	1	{'PF17670': 1}
Q5SVQ8	2	{'PF00651': 1, 'PF00096': 9}
Q5SVZ6	4	{'PF05699': 1, 'PF06467': 4, 'PF14291': 1, 'PF24900': 1}
Q5SW79	2	{'PF00498': 1, 'PF15308': 1}
Q5SW96	1	{'PF00640': 1}
Q5SWA1	2	{'PF10472': 1, 'PF10488': 1}
Q5SWH9	1	{'PF11911': 1}
Q5SWX8	1	{'PF14778': 1}
Q5SXH7	1	{'PF00169': 1}
Q5SXM1	3	{'PF13912': 1, 'PF00096': 8, 'PF13465': 2}
Q5SXM2	1	{'PF13921': 4}
Q5SXM8	1	{'PF05180': 1}
Q5SY16	3	{'PF16575': 1, 'PF24419': 1, 'PF25467': 1}
Q5SY80	4	{'PF22841': 1, 'PF22843': 1, 'PF22849': 1, 'PF22850': 1}
Q5SYB0	2	{'PF00373': 1, 'PF00595': 1}
Q5SYC1	2	{'PF00650': 1, 'PF03765': 1}
Q5SZB4	1	{'PF15737': 1}
Q5SZD4	2	{'PF06021': 1, 'PF08444': 1}
Q5SZJ8	1	{'PF10523': 1}
Q5SZK8	3	{'PF03160': 5, 'PF16184': 12, 'PF19309': 1}
Q5SZL2	1	{'PF24555': 1}
Q5SZQ8	1	{'PF00076': 3}
Q5T013	1	{'PF01261': 1}
Q5T0B9	1	{'PF00096': 6}
Q5T0D9	1	{'PF12456': 1}
Q5T0F9	1	{'PF00168': 1}
Q5T0J3	1	{'PF17739': 1}
Q5T0J7	1	{'PF15079': 1}
Q5T0L3	1	{'PF17734': 1}
Q5T0N5	3	{'PF00018': 1, 'PF00611': 1, 'PF25610': 1}
Q5T0T0	1	{'PF12906': 1}
Q5T0W9	1	{'PF07894': 1}
Q5T124	2	{'PF00789': 1, 'PF08059': 1}
Q5T160	2	{'PF00750': 1, 'PF05746': 1}
Q5T197	2	{'PF07782': 1, 'PF26037': 1}
Q5T1A1	3	{'PF07782': 1, 'PF26037': 1, 'PF26039': 1}
Q5T1B0	1	{'PF10211': 1}
Q5T1C6	1	{'PF03061': 1}
Q5T1H1	3	{'PF00008': 9, 'PF02210': 5, 'PF12661': 5}
Q5T1M5	1	{'PF00254': 1}
Q5T1N1	1	{'PF12443': 1}
Q5T1Q4	1	{'PF06027': 1}
Q5T1R4	1	{'PF00096': 3}
Q5T1V6	3	{'PF00270': 1, 'PF00271': 1, 'PF04438': 1}
Q5T200	1	{'PF00642': 1}
Q5T215	1	{'PF04051': 1}
Q5T230	1	{'PF13837': 1}
Q5T280	1	{'PF02598': 1}
Q5T292	1	{'PF14986': 1}
Q5T2D3	1	{'PF02338': 1}
Q5T2E6	1	{'PF08427': 1}
Q5T2L2	1	{'PF00248': 1}
Q5T2N8	2	{'PF00004': 1, 'PF12037': 1}
Q5T2Q4	1	{'PF08613': 1}
Q5T2R2	1	{'PF00348': 1}
Q5T2T1	4	{'PF00018': 1, 'PF00595': 1, 'PF00625': 1, 'PF02828': 2}
Q5T2W1	1	{'PF00595': 4}
Q5T3F8	3	{'PF02714': 1, 'PF13967': 1, 'PF14703': 1}
Q5T3I0	1	{'PF01585': 1}
Q5T3J3	1	{'PF15741': 1}
Q5T3U5	2	{'PF00664': 2, 'PF00005': 2}
Q5T440	1	{'PF25455': 1}
Q5T442	1	{'PF00029': 1}
Q5T447	2	{'PF00632': 1, 'PF03256': 1}
Q5T4B2	1	{'PF01755': 1}
Q5T4D3	1	{'PF08409': 1}
Q5T4F4	1	{'PF01363': 1}
Q5T4F7	2	{'PF01392': 1, 'PF01759': 1}
Q5T4I8	1	{'PF17654': 1}
Q5T4S7	4	{'PF02207': 1, 'PF13764': 1, 'PF19423': 1, 'PF24079': 1}
Q5T4T1	1	{'PF10190': 1}
Q5T4T6	1	{'PF18584': 1}
Q5T4W7	1	{'PF00019': 1}
Q5T5A4	1	{'PF12494': 1}
Q5T5A8	1	{'PF14672': 1}
Q5T5B0	1	{'PF14672': 1}
Q5T5D7	2	{'PF01352': 1, 'PF00096': 8}
Q5T5J6	1	{'PF13638': 1}
Q5T5M9	2	{'PF00134': 1, 'PF02984': 1}
Q5T5N4	1	{'PF15739': 1}
Q5T5P2	1	{'PF03915': 1}
Q5T5U3	3	{'PF00169': 1, 'PF00620': 1, 'PF17820': 1}
Q5T5X7	1	{'PF10523': 4}
Q5T5Y3	4	{'PF08683': 1, 'PF11971': 1, 'PF17095': 1, 'PF25532': 1}
Q5T601	2	{'PF00002': 1, 'PF01390': 1}
Q5T619	1	{'PF00096': 8}
Q5T653	2	{'PF00181': 1, 'PF03947': 1}
Q5T655	1	{'PF21771': 1}
Q5T681	1	{'PF17729': 1}
Q5T686	1	{'PF15063': 1}
Q5T6C5	1	{'PF08313': 1}
Q5T6F2	1	{'PF12478': 1}
Q5T6J7	1	{'PF01202': 1}
Q5T6L9	1	{'PF13910': 1}
Q5T6R2	1	{'PF10409': 1}
Q5T6S3	3	{'PF00628': 1, 'PF14061': 1, 'PF18104': 1}
Q5T6V5	1	{'PF10343': 1}
Q5T6X4	1	{'PF06388': 1}
Q5T6X5	3	{'PF00003': 1, 'PF01094': 1, 'PF07562': 1}
Q5T700	1	{'PF25241': 1}
Q5T751	1	{'PF14672': 3}
Q5T752	1	{'PF14672': 2}
Q5T753	1	{'PF14672': 3}
Q5T754	1	{'PF14672': 3}
Q5T7B8	2	{'PF00225': 1, 'PF00536': 1}
Q5T7M9	2	{'PF12260': 1, 'PF14875': 1}
Q5T7N2	2	{'PF02994': 1, 'PF17490': 2}
Q5T7N8	1	{'PF15832': 1}
Q5T7P2	1	{'PF14672': 2}
Q5T7P3	1	{'PF14672': 2}
Q5T7P8	1	{'PF00168': 2}
Q5T7R7	1	{'PF15842': 1}
Q5T7V8	1	{'PF04949': 1}
Q5T7W7	4	{'PF00581': 1, 'PF12368': 1, 'PF17773': 1, 'PF23949': 1}
Q5T848	2	{'PF00003': 1, 'PF22572': 1}
Q5T871	1	{'PF15042': 1}
Q5T890	4	{'PF00176': 1, 'PF00271': 1, 'PF14773': 1, 'PF25806': 1}
Q5T8A7	1	{'PF15740': 1}
Q5T8D3	1	{'PF00887': 1}
Q5T8I3	1	{'PF10358': 1}
Q5T8I9	1	{'PF13489': 1}
Q5T8P6	1	{'PF01480': 1}
Q5T8R8	1	{'PF17710': 1}
Q5T953	1	{'PF05760': 1}
Q5T9A4	2	{'PF00004': 1, 'PF12037': 1}
Q5T9C2	1	{'PF10358': 1}
Q5T9C9	1	{'PF01504': 1}
Q5T9L3	2	{'PF06664': 1, 'PF21883': 1}
Q5T9Z0	1	{'PF04819': 1}
Q5TA31	1	{'PF15227': 1}
Q5TA45	3	{'PF10996': 1, 'PF16661': 1, 'PF21386': 1}
Q5TA50	1	{'PF08718': 1}
Q5TA76	1	{'PF14672': 1}
Q5TA77	1	{'PF14672': 1}
Q5TA78	1	{'PF14672': 1}
Q5TA79	1	{'PF14672': 1}
Q5TA81	1	{'PF14672': 2}
Q5TA82	1	{'PF14672': 2}
Q5TA89	2	{'PF00010': 1, 'PF07527': 1}
Q5TAB7	1	{'PF14998': 1}
Q5TAG4	1	{'PF06758': 11}
Q5TAH2	2	{'PF00027': 1, 'PF00999': 1}
Q5TAP6	1	{'PF04615': 1}
Q5TAX3	4	{'PF00098': 2, 'PF01909': 1, 'PF03828': 2, 'PF19088': 1}
Q5TB30	1	{'PF00610': 1}
Q5TBA9	4	{'PF14222': 1, 'PF14225': 1, 'PF14228': 3, 'PF19421': 1}
Q5TBB1	2	{'PF09468': 1, 'PF17745': 1}
Q5TBE3	1	{'PF17673': 1}
Q5TBK1	1	{'PF13671': 1}
Q5TC12	1	{'PF06644': 1}
Q5TC63	1	{'PF00566': 1}
Q5TC79	3	{'PF00651': 1, 'PF12874': 1, 'PF00096': 2}
Q5TC82	3	{'PF14634': 1, 'PF18386': 1, 'PF21206': 1}
Q5TC84	1	{'PF04664': 1}
Q5TCH4	1	{'PF00067': 1}
Q5TCM9	1	{'PF14672': 2}
Q5TCQ9	3	{'PF00397': 2, 'PF00595': 4, 'PF00625': 1}
Q5TCS8	2	{'PF00406': 2, 'PF13238': 1}
Q5TCX8	2	{'PF14604': 1, 'PF07714': 1}
Q5TCY1	1	{'PF00069': 1}
Q5TCZ1	3	{'PF00018': 3, 'PF00787': 1, 'PF07653': 1}
Q5TD94	1	{'PF04712': 1}
Q5TD97	2	{'PF00412': 4, 'PF25076': 1}
Q5TDH0	3	{'PF00240': 1, 'PF09668': 1, 'PF24669': 1}
Q5TDP6	1	{'PF00120': 1}
Q5TEA3	5	{'PF23281': 1, 'PF23319': 1, 'PF25203': 1, 'PF25204': 1, 'PF26246': 1}
Q5TEC3	1	{'PF00096': 11}
Q5TEC6	1	{'PF00125': 1}
Q5TEJ8	1	{'PF12736': 2}
Q5TEU4	1	{'PF08241': 1}
Q5TF39	1	{'PF07690': 1}
Q5TFE4	1	{'PF05761': 1}
Q5TFG8	1	{'PF13913': 2}
Q5TFQ8	2	{'PF07654': 2, 'PF07686': 1}
Q5TG30	2	{'PF00620': 1, 'PF25442': 1}
Q5TGI0	3	{'PF17171': 1, 'PF17172': 1, 'PF19333': 1}
Q5TGI4	1	{'PF00536': 1}
Q5TGJ6	1	{'PF00855': 1}
Q5TGS1	1	{'PF00010': 1}
Q5TGU0	1	{'PF03073': 1}
Q5TGY1	1	{'PF05277': 1}
Q5TGY3	1	{'PF15735': 1}
Q5TGZ0	1	{'PF04418': 1}
Q5TH69	2	{'PF09324': 1, 'PF20252': 1}
Q5THJ4	2	{'PF22562': 1, 'PF25036': 1}
Q5THK1	1	{'PF15386': 1}
Q5THR3	3	{'PF08976': 2, 'PF13499': 1, 'PF13833': 1}
Q5TI25	1	{'PF06758': 32}
Q5TIE3	2	{'PF13757': 1, 'PF13768': 1}
Q5TKA1	2	{'PF06584': 1, 'PF19438': 1}
Q5TYM5	1	{'PF14976': 1}
Q5TYW1	2	{'PF01352': 1, 'PF00096': 20}
Q5TZ20	1	{'PF13853': 1}
Q5TZA2	1	{'PF15035': 1}
Q5TZJ5	2	{'PF14650': 1, 'PF15371': 1}
Q5U3C3	1	{'PF14808': 1}
Q5U4P2	1	{'PF05118': 1}
Q5U5Q3	2	{'PF00013': 2, 'PF13920': 1}
Q5U5R9	1	{'PF00632': 1}
Q5U5X0	1	{'PF05347': 1}
Q5U5X8	1	{'PF15258': 2}
Q5U5Z8	2	{'PF00246': 1, 'PF18027': 1}
Q5U623	2	{'PF16788': 1, 'PF16794': 1}
Q5U649	1	{'PF15047': 1}
Q5U651	1	{'PF00788': 1}
Q5UAW9	1	{'PF00002': 1}
Q5UCC4	1	{'PF21203': 1}
Q5UE93	1	{'PF10486': 3}
Q5UIP0	1	{'PF12231': 1}
Q5VIY5	3	{'PF01352': 1, 'PF00096': 7, 'PF13465': 1}
Q5VSG8	1	{'PF16317': 1}
Q5VSL9	2	{'PF07923': 1, 'PF11882': 2}
Q5VSP4	1	{'PF00061': 1}
Q5VSR9	1	{'PF07458': 1}
Q5VST6	1	{'PF12146': 1}
Q5VST9	5	{'PF00041': 1, 'PF00621': 1, 'PF07679': 52, 'PF22697': 1, 'PF00069': 2}
Q5VT03	1	{'PF12881': 1}
Q5VT06	2	{'PF01302': 1, 'PF14309': 1}
Q5VT25	4	{'PF00130': 1, 'PF00433': 1, 'PF25346': 1, 'PF00069': 1}
Q5VT66	2	{'PF03473': 1, 'PF03476': 1}
Q5VT79	1	{'PF00191': 4}
Q5VT97	2	{'PF00620': 1, 'PF25336': 1}
Q5VTB9	2	{'PF13923': 1, 'PF15926': 2}
Q5VTD9	1	{'PF00096': 6}
Q5VTE0	3	{'PF00009': 1, 'PF03144': 1, 'PF22594': 1}
Q5VTE6	2	{'PF03372': 1, 'PF19339': 2}
Q5VTH2	1	{'PF22611': 1}
Q5VTL7	1	{'PF00041': 2}
Q5VTL8	1	{'PF03371': 1}
Q5VTM2	1	{'PF01412': 1}
Q5VTR2	2	{'PF00097': 1, 'PF26052': 1}
Q5VTT2	1	{'PF15139': 1}
Q5VTT5	2	{'PF00041': 5, 'PF07679': 4}
Q5VTU8	1	{'PF04627': 1}
Q5VTY9	1	{'PF03062': 1}
Q5VU36	2	{'PF14650': 1, 'PF15371': 1}
Q5VU43	1	{'PF06758': 1}
Q5VU57	2	{'PF00246': 1, 'PF18027': 1}
Q5VU65	15	{'PF02368': 1, 'PF22957': 1, 'PF22959': 1, 'PF22962': 1, 'PF22963': 1, 'PF22967': 1, 'PF22969': 1, 'PF24902': 1, 'PF24935': 1, 'PF24991': 1, 'PF25354': 1, 'PF26181': 1, 'PF26182': 1, 'PF26183': 1, 'PF26184': 1}
Q5VU69	1	{'PF15104': 1}
Q5VUB5	2	{'PF10577': 1, 'PF20771': 1}
Q5VUD6	2	{'PF12260': 1, 'PF14875': 1}
Q5VUE5	1	{'PF17653': 1}
Q5VUG0	3	{'PF00536': 1, 'PF02820': 4, 'PF12140': 1}
Q5VUJ5	2	{'PF00169': 1, 'PF01412': 1}
Q5VUJ6	1	{'PF00307': 1}
Q5VUM1	1	{'PF07896': 1}
Q5VUY0	1	{'PF07859': 2}
Q5VUY2	1	{'PF07859': 2}
Q5VV16	1	{'PF00250': 1}
Q5VV17	1	{'PF02338': 1}
Q5VV41	3	{'PF00018': 1, 'PF00169': 1, 'PF00621': 1}
Q5VV42	3	{'PF00919': 1, 'PF01938': 1, 'PF04055': 1}
Q5VV43	3	{'PF22352': 5, 'PF23597': 1, 'PF23620': 1}
Q5VV52	2	{'PF00096': 5, 'PF13465': 1}
Q5VV63	5	{'PF00431': 1, 'PF01437': 1, 'PF23106': 1, 'PF24972': 1, 'PF24973': 1}
Q5VV67	1	{'PF00076': 1}
Q5VVC0	1	{'PF15162': 1}
Q5VVH2	1	{'PF00254': 1}
Q5VVH5	1	{'PF04402': 1}
Q5VVJ2	3	{'PF00249': 1, 'PF01398': 1, 'PF04433': 1}
Q5VVP1	2	{'PF14650': 1, 'PF15371': 1}
Q5VVQ6	3	{'PF02338': 1, 'PF21403': 1, 'PF24560': 1}
Q5VVW2	1	{'PF02145': 1}
Q5VVX9	1	{'PF00179': 1}
Q5VVY1	1	{'PF05891': 1}
Q5VW22	1	{'PF01412': 1}
Q5VW38	1	{'PF06814': 2}
Q5VWC8	1	{'PF04387': 1}
Q5VWG9	2	{'PF00628': 1, 'PF07524': 1}
Q5VWI1	1	{'PF01846': 2}
Q5VWJ9	2	{'PF00787': 1, 'PF03114': 1}
Q5VWK0	1	{'PF06758': 3}
Q5VWN6	4	{'PF12480': 1, 'PF12509': 2, 'PF23314': 1, 'PF24630': 1}
Q5VWP2	1	{'PF07984': 1}
Q5VWP3	1	{'PF15274': 1}
Q5VWQ8	4	{'PF00168': 1, 'PF00616': 2, 'PF12004': 1, 'PF25321': 1}
Q5VWT5	1	{'PF14603': 1}
Q5VWW1	1	{'PF00386': 1}
Q5VWX1	3	{'PF16274': 1, 'PF16568': 1, 'PF22675': 1}
Q5VWZ2	1	{'PF02230': 1}
Q5VX52	1	{'PF15743': 1}
Q5VX71	1	{'PF00084': 4}
Q5VXD3	1	{'PF00536': 1}
Q5VXI9	1	{'PF04083': 1}
Q5VXJ0	1	{'PF04083': 1}
Q5VXM1	2	{'PF00431': 3, 'PF23344': 1}
Q5VXT5	1	{'PF01284': 1}
Q5VXU1	1	{'PF05640': 1}
Q5VXU3	1	{'PF10256': 1}
Q5VXU9	1	{'PF17825': 1}
Q5VY09	1	{'PF05760': 2}
Q5VY43	2	{'PF00053': 5, 'PF23301': 1}
Q5VY80	1	{'PF00129': 1}
Q5VYJ5	2	{'PF00008': 1, 'PF00629': 9}
Q5VYP0	2	{'PF14650': 1, 'PF15371': 1}
Q5VYS8	4	{'PF00098': 3, 'PF03828': 2, 'PF19088': 1, 'PF22600': 1}
Q5VYV0	1	{'PF00250': 1}
Q5VYV7	1	{'PF15744': 1}
Q5VYX0	2	{'PF01593': 1, 'PF13450': 1}
Q5VYY2	1	{'PF04083': 1}
Q5VZ03	1	{'PF13905': 1}
Q5VZ18	1	{'PF00017': 1}
Q5VZ19	2	{'PF00076': 1, 'PF00567': 1}
Q5VZ46	1	{'PF15737': 1}
Q5VZ72	1	{'PF15005': 1}
Q5VZ89	3	{'PF02141': 1, 'PF03455': 1, 'PF03456': 1}
Q5VZB9	3	{'PF00751': 1, 'PF03474': 1, 'PF20624': 1}
Q5VZE5	1	{'PF04112': 2}
Q5VZF2	2	{'PF00642': 2, 'PF22628': 2}
Q5VZI3	1	{'PF14800': 1}
Q5VZK9	2	{'PF16000': 1, 'PF17888': 1}
Q5VZL5	4	{'PF06467': 8, 'PF12012': 1, 'PF24900': 1, 'PF25561': 1}
Q5VZM2	1	{'PF04670': 1}
Q5VZP5	1	{'PF00782': 1}
Q5VZQ5	1	{'PF15115': 1}
Q5VZR2	1	{'PF12881': 1}
Q5VZR4	1	{'PF07690': 1}
Q5VZV1	1	{'PF10294': 1}
Q5VZY2	1	{'PF01569': 1}
Q5W041	1	{'PF14381': 1}
Q5W064	1	{'PF04083': 1}
Q5W0A0	1	{'PF14977': 1}
Q5W0B1	1	{'PF13923': 1}
Q5W0N0	1	{'PF15851': 1}
Q5W0Q7	2	{'PF15499': 1, 'PF15509': 1}
Q5W0U4	2	{'PF00622': 1, 'PF13765': 1}
Q5W0V3	1	{'PF19314': 1}
Q5W0Z9	1	{'PF01529': 1}
Q5W111	1	{'PF00622': 1}
Q5W186	1	{'PF00666': 1}
Q5W188	1	{'PF00031': 1}
Q5W5W9	1	{'PF14948': 1}
Q5XG87	2	{'PF01909': 1, 'PF03828': 1}
Q5XG92	1	{'PF00135': 1}
Q5XKE5	1	{'PF16208': 2}
Q5XKK7	1	{'PF15260': 1}
Q5XKL5	3	{'PF00651': 2, 'PF15363': 1, 'PF26017': 1}
Q5XKP0	1	{'PF15884': 1}
Q5XKR4	1	{'PF00046': 1}
Q5XKR9	1	{'PF15434': 1}
Q5XLA6	1	{'PF00619': 1}
Q5XPI4	2	{'PF00622': 1, 'PF13920': 1}
Q5XUX0	2	{'PF12014': 1, 'PF12937': 1}
Q5XUX1	1	{'PF12937': 1}
Q5XXA6	2	{'PF04547': 1, 'PF16178': 1}
Q5YKI7	1	{'PF14836': 1}
Q5ZPR3	2	{'PF07686': 2, 'PF22705': 2}
Q60I27	2	{'PF02204': 1, 'PF25383': 1}
Q629K1	1	{'PF15168': 1}
Q63HK3	4	{'PF01352': 1, 'PF02023': 1, 'PF13837': 2, 'PF00096': 5}
Q63HK5	2	{'PF13912': 1, 'PF26094': 1}
Q63HM1	1	{'PF07859': 1}
Q63HM2	1	{'PF05041': 1}
Q63HM9	1	{'PF00388': 1}
Q63HN1	1	{'PF14650': 2}
Q63HN8	2	{'PF00097': 1, 'PF20173': 1}
Q63HQ0	1	{'PF15745': 1}
Q63HQ2	5	{'PF00008': 2, 'PF00041': 2, 'PF00054': 1, 'PF02210': 2, 'PF25016': 1}
Q63HR2	4	{'PF00017': 1, 'PF00130': 1, 'PF08416': 1, 'PF10409': 1}
Q63ZE4	1	{'PF00083': 1}
Q63ZY6	2	{'PF01189': 1, 'PF21148': 1}
Q641Q2	1	{'PF15255': 1}
Q643R3	1	{'PF01553': 1}
Q64ET8	1	{'PF15315': 1}
Q658L1	1	{'PF05217': 1}
Q658N2	2	{'PF00685': 1, 'PF01822': 2}
Q658P3	2	{'PF01794': 1, 'PF03807': 1}
Q658T7	1	{'PF15288': 1}
Q658Y4	2	{'PF14647': 1, 'PF14648': 1}
Q659A1	1	{'PF10505': 1}
Q659C4	1	{'PF05383': 1}
Q66K14	2	{'PF00566': 1, 'PF02893': 2}
Q66K41	1	{'PF12874': 3}
Q66K66	1	{'PF13886': 1}
Q66K74	2	{'PF23415': 1, 'PF25281': 2}
Q66K79	3	{'PF00246': 1, 'PF01392': 1, 'PF13620': 1}
Q66K89	1	{'PF00096': 7}
Q674R7	1	{'PF04109': 1}
Q674X7	3	{'PF00536': 2, 'PF07647': 1, 'PF25986': 1}
Q67FW5	1	{'PF00535': 1}
Q684P5	2	{'PF02145': 1, 'PF21022': 1}
Q685J3	1	{'PF01390': 1}
Q687X5	2	{'PF01794': 1, 'PF03807': 1}
Q68CJ6	1	{'PF00350': 1}
Q68CK6	2	{'PF00501': 1, 'PF13193': 1}
Q68CP4	1	{'PF07786': 1}
Q68CP9	2	{'PF01388': 1, 'PF02257': 1}
Q68CQ4	2	{'PF06862': 1, 'PF22916': 1}
Q68CQ7	1	{'PF01501': 1}
Q68CZ1	3	{'PF00168': 1, 'PF11618': 1, 'PF18111': 1}
Q68CZ2	3	{'PF00017': 1, 'PF08416': 1, 'PF10409': 1}
Q68CZ6	1	{'PF14932': 1}
Q68D06	4	{'PF04326': 1, 'PF09848': 1, 'PF17057': 1, 'PF21026': 1}
Q68D10	2	{'PF08243': 1, 'PF22878': 1}
Q68D42	1	{'PF15746': 1}
Q68D51	3	{'PF02141': 1, 'PF03455': 1, 'PF03456': 1}
Q68D85	1	{'PF07654': 1}
Q68D91	1	{'PF00753': 1}
Q68DA7	1	{'PF02181': 1}
Q68DC2	1	{'PF00536': 1}
Q68DD2	3	{'PF00168': 1, 'PF01735': 1, 'PF18695': 1}
Q68DE3	1	{'PF00010': 1}
Q68DH5	1	{'PF04791': 1}
Q68DI1	2	{'PF01352': 1, 'PF00096': 9}
Q68DK2	1	{'PF01363': 1}
Q68DK7	1	{'PF15275': 1}
Q68DL7	1	{'PF15813': 1}
Q68DQ2	2	{'PF00030': 5, 'PF00652': 1}
Q68DU8	2	{'PF02214': 1, 'PF23110': 1}
Q68DV7	2	{'PF13639': 1, 'PF18212': 1}
Q68DX3	4	{'PF00373': 1, 'PF00595': 3, 'PF09379': 1, 'PF09380': 1}
Q68DY1	2	{'PF01352': 1, 'PF00096': 12}
Q68DY9	2	{'PF01352': 1, 'PF00096': 8}
Q68EA5	2	{'PF01352': 1, 'PF00096': 10}
Q68EM7	2	{'PF00620': 1, 'PF03114': 1}
Q68EN5	1	{'PF08014': 1}
Q68G74	2	{'PF00046': 1, 'PF00412': 2}
Q68G75	1	{'PF03020': 1}
Q68J44	1	{'PF00782': 1}
Q69383	1	{'PF15695': 1}
Q69384	3	{'PF00517': 1, 'PF13804': 1, 'PF15695': 1}
Q693B1	2	{'PF02214': 1, 'PF19329': 1}
Q695T7	1	{'PF00209': 1}
Q69YH5	1	{'PF15276': 1}
Q69YI7	1	{'PF13873': 1}
Q69YN2	2	{'PF04676': 1, 'PF04677': 1}
Q69YN4	1	{'PF15912': 1}
Q69YQ0	1	{'PF00307': 1}
Q69YU5	1	{'PF14990': 1}
Q69YW2	1	{'PF15795': 1}
Q69YZ2	1	{'PF10177': 1}
Q6A1A2	1	{'PF00069': 1}
Q6A555	1	{'PF00085': 1}
Q6AI14	2	{'PF00999': 1, 'PF16644': 1}
Q6AI39	1	{'PF15249': 1}
Q6AW86	2	{'PF01352': 1, 'PF00096': 8}
Q6AWC2	2	{'PF00397': 2, 'PF25802': 1}
Q6AZW8	1	{'PF00096': 10}
Q6AZZ1	4	{'PF00622': 1, 'PF00643': 1, 'PF13765': 1, 'PF15227': 1}
Q6B0B8	3	{'PF03184': 1, 'PF03221': 1, 'PF04218': 1}
Q6B0I6	2	{'PF02373': 1, 'PF02375': 1}
Q6B0K9	1	{'PF00042': 1}
Q6B8I1	1	{'PF00782': 1}
Q6B9Z1	1	{'PF14653': 1}
Q6BAA4	1	{'PF13895': 2}
Q6BCY4	2	{'PF00175': 1, 'PF00970': 1}
Q6BDI9	1	{'PF15208': 1}
Q6BEB4	1	{'PF00096': 3}
Q6DCA0	1	{'PF01871': 1}
Q6DD87	3	{'PF13912': 1, 'PF00096': 3, 'PF13465': 1}
Q6DD88	2	{'PF02263': 1, 'PF02841': 1}
Q6DHV5	4	{'PF15625': 1, 'PF17661': 1, 'PF24652': 1, 'PF24656': 1}
Q6DHV7	1	{'PF00962': 1}
Q6DHY5	1	{'PF00566': 1}
Q6DJT9	2	{'PF13912': 2, 'PF00096': 4}
Q6DKI1	2	{'PF00327': 1, 'PF08079': 1}
Q6DKI2	1	{'PF00337': 2}
Q6DKI7	1	{'PF25456': 1}
Q6DKJ4	2	{'PF13848': 1, 'PF13905': 2}
Q6DN03	1	{'PF00125': 1}
Q6DN12	2	{'PF00168': 3, 'PF08372': 1}
Q6DN14	2	{'PF00168': 3, 'PF08372': 1}
Q6DN72	2	{'PF13895': 2, 'PF13927': 1}
Q6DN90	2	{'PF01369': 1, 'PF16453': 1}
Q6DRA6	1	{'PF00125': 1}
Q6DT37	4	{'PF00130': 1, 'PF00433': 1, 'PF25346': 1, 'PF00069': 1}
Q6DWJ6	1	{'PF00001': 1}
Q6E213	1	{'PF03982': 1}
Q6EBC2	1	{'PF15209': 1}
Q6ECI4	2	{'PF01352': 1, 'PF00096': 15}
Q6EEV6	1	{'PF11976': 1}
Q6EIG7	1	{'PF00059': 1}
Q6EKJ0	2	{'PF02946': 2, 'PF18658': 1}
Q6EMB2	1	{'PF03133': 1}
Q6EMK4	1	{'PF00008': 1}
Q6F5E8	2	{'PF16000': 1, 'PF17888': 1}
Q6FHJ7	2	{'PF01392': 1, 'PF01759': 1}
Q6FI13	2	{'PF00125': 1, 'PF16211': 1}
Q6FI81	2	{'PF05093': 2, 'PF20922': 1}
Q6FIF0	2	{'PF01428': 1, 'PF01754': 1}
Q6GMR7	1	{'PF01425': 1}
Q6GMV2	1	{'PF00856': 1}
Q6GMV3	1	{'PF01981': 1}
Q6GPH4	3	{'PF18608': 1, 'PF21366': 1, 'PF23580': 1}
Q6GPH6	1	{'PF20266': 1}
Q6GPI1	1	{'PF00089': 1}
Q6GQQ9	2	{'PF01754': 1, 'PF02338': 1}
Q6GTS8	2	{'PF01546': 1, 'PF07687': 1}
Q6GTX8	1	{'PF13895': 1}
Q6GV28	1	{'PF25452': 1}
Q6GYQ0	2	{'PF02145': 1, 'PF20412': 1}
Q6H3X3	1	{'PF00129': 1}
Q6H8Q1	3	{'PF00412': 4, 'PF02209': 1, 'PF16182': 2}
Q6H9L7	2	{'PF00090': 1, 'PF03782': 1}
Q6HA08	1	{'PF01400': 1}
Q6I9Y2	1	{'PF05615': 1}
Q6IA17	1	{'PF01582': 1}
Q6IA69	2	{'PF00795': 1, 'PF02540': 1}
Q6IAA8	1	{'PF15454': 1}
Q6IAN0	1	{'PF00106': 1}
Q6IB77	2	{'PF06021': 1, 'PF08444': 1}
Q6IBS0	1	{'PF00241': 2}
Q6IBW4	3	{'PF06278': 1, 'PF16858': 1, 'PF16869': 1}
Q6IC98	1	{'PF02893': 1}
Q6ICB0	1	{'PF05903': 1}
Q6ICB4	1	{'PF00169': 1}
Q6ICC9	1	{'PF16297': 1}
Q6ICG6	1	{'PF09741': 1}
Q6ICG8	1	{'PF02893': 1}
Q6ICH7	1	{'PF05118': 1}
Q6ICI0	1	{'PF10242': 1}
Q6ICL3	1	{'PF05742': 1}
Q6ICL7	1	{'PF03151': 1}
Q6IE37	5	{'PF00207': 1, 'PF07677': 1, 'PF07703': 1, 'PF17789': 1, 'PF17791': 1}
Q6IE38	1	{'PF00050': 1}
Q6IE81	3	{'PF10513': 1, 'PF13831': 1, 'PF13832': 1}
Q6IEE7	7	{'PF15705': 1, 'PF15706': 1, 'PF16070': 1, 'PF23039': 1, 'PF23481': 1, 'PF23486': 1, 'PF23487': 1}
Q6IEE8	3	{'PF04326': 1, 'PF17057': 1, 'PF21026': 1}
Q6IEG0	1	{'PF05253': 1}
Q6IEU7	1	{'PF13853': 1}
Q6IEV9	1	{'PF13853': 1}
Q6IEY1	1	{'PF13853': 1}
Q6IEZ7	1	{'PF13853': 1}
Q6IF00	1	{'PF13853': 1}
Q6IF36	1	{'PF13853': 1}
Q6IF42	1	{'PF13853': 1}
Q6IF63	1	{'PF13853': 1}
Q6IF82	1	{'PF13853': 1}
Q6IF99	1	{'PF13853': 1}
Q6IFG1	1	{'PF13853': 1}
Q6IFH4	1	{'PF13853': 1}
Q6IFN5	1	{'PF13853': 1}
Q6IMI4	1	{'PF00685': 1}
Q6IMI6	1	{'PF00685': 1}
Q6IMN6	3	{'PF00386': 1, 'PF12287': 1, 'PF18293': 1}
Q6IN84	2	{'PF00588': 1, 'PF08032': 1}
Q6IN85	1	{'PF22972': 1}
Q6IN97	1	{'PF00595': 1}
Q6IPR1	1	{'PF05347': 1}
Q6IPR3	1	{'PF02676': 1}
Q6IPT2	1	{'PF12480': 1}
Q6IPT4	3	{'PF00175': 1, 'PF00970': 1, 'PF09791': 1}
Q6IPU0	1	{'PF13096': 1}
Q6IPW1	1	{'PF15747': 1}
Q6IPX1	1	{'PF00566': 1}
Q6IPX3	1	{'PF04538': 1}
Q6IQ16	2	{'PF00651': 1, 'PF22486': 1}
Q6IQ19	1	{'PF15748': 1}
Q6IQ20	1	{'PF12706': 1}
Q6IQ21	1	{'PF00096': 8}
Q6IQ22	1	{'PF00071': 1}
Q6IQ23	2	{'PF00169': 1, 'PF25541': 1}
Q6IQ26	5	{'PF01477': 1, 'PF02141': 1, 'PF02759': 2, 'PF03455': 1, 'PF03456': 1}
Q6IQ32	1	{'PF19627': 1}
Q6IQ49	3	{'PF13297': 1, 'PF22781': 1, 'PF22782': 1}
Q6IQ55	1	{'PF00069': 1}
Q6IS14	2	{'PF01287': 1, 'PF21485': 1}
Q6IS24	2	{'PF00535': 1, 'PF00652': 1}
Q6ISB3	2	{'PF04516': 1, 'PF25416': 1}
Q6ISS4	1	{'PF13895': 1}
Q6ISU1	1	{'PF15028': 1}
Q6IV72	2	{'PF01352': 1, 'PF00096': 14}
Q6IWH7	2	{'PF04547': 1, 'PF16178': 1}
Q6J272	1	{'PF10629': 1}
Q6J4K2	1	{'PF01699': 2}
Q6J9G0	1	{'PF07714': 1}
Q6JBY9	1	{'PF15255': 1}
Q6JEL2	2	{'PF00651': 1, 'PF07707': 1}
Q6JQN1	5	{'PF00441': 1, 'PF00702': 1, 'PF01636': 1, 'PF02770': 1, 'PF02771': 1}
Q6JVE5	1	{'PF00061': 1}
Q6JVE9	1	{'PF00061': 1}
Q6K0P9	2	{'PF02758': 1, 'PF02760': 1}
Q6KCM7	2	{'PF13499': 1, 'PF13833': 1}
Q6KF10	2	{'PF00019': 1, 'PF00688': 1}
Q6L8Q7	2	{'PF03372': 1, 'PF21171': 1}
Q6L9T8	1	{'PF14976': 1}
Q6L9W6	2	{'PF05679': 1, 'PF07691': 1}
Q6MZM0	2	{'PF07731': 2, 'PF07732': 3}
Q6MZP7	1	{'PF03638': 2}
Q6MZQ0	1	{'PF08539': 1}
Q6MZW2	2	{'PF07648': 1, 'PF13927': 2}
Q6MZZ7	3	{'PF00648': 1, 'PF01067': 1, 'PF21875': 1}
Q6N021	1	{'PF12851': 1}
Q6N022	7	{'PF06484': 2, 'PF15636': 1, 'PF23093': 1, 'PF23538': 1, 'PF24329': 1, 'PF25020': 1, 'PF25024': 1}
Q6N043	3	{'PF13836': 1, 'PF25414': 1, 'PF25429': 1}
Q6N063	1	{'PF25238': 1}
Q6N075	1	{'PF05631': 1}
Q6NS38	1	{'PF13532': 1}
Q6NSI3	1	{'PF15242': 1}
Q6NSI4	1	{'PF17659': 1}
Q6NSI8	1	{'PF11822': 1}
Q6NSJ0	2	{'PF01055': 2, 'PF21365': 1}
Q6NSJ2	1	{'PF00169': 1}
Q6NSJ5	1	{'PF12534': 1}
Q6NSW5	1	{'PF08616': 1}
Q6NSW7	1	{'PF00046': 1}
Q6NSZ9	2	{'PF02023': 1, 'PF00096': 7}
Q6NT04	3	{'PF03184': 1, 'PF03221': 1, 'PF04218': 1}
Q6NT16	1	{'PF07690': 2}
Q6NT32	1	{'PF00135': 1}
Q6NT46	1	{'PF05831': 1}
Q6NT52	1	{'PF00007': 1}
Q6NT55	1	{'PF00067': 1}
Q6NT76	2	{'PF00046': 1, 'PF04814': 1}
Q6NTE8	1	{'PF15749': 1}
Q6NTF7	1	{'PF18771': 1}
Q6NTF9	1	{'PF01694': 1}
Q6NUI2	1	{'PF19277': 1}
Q6NUJ1	3	{'PF02199': 2, 'PF03489': 2, 'PF05184': 2}
Q6NUJ5	1	{'PF00855': 1}
Q6NUK1	1	{'PF13499': 2}
Q6NUK4	1	{'PF03134': 1}
Q6NUM6	3	{'PF00258': 1, 'PF04055': 1, 'PF08608': 1}
Q6NUM9	1	{'PF13450': 1}
Q6NUN0	2	{'PF00501': 1, 'PF13193': 1}
Q6NUN7	1	{'PF15261': 1}
Q6NUN9	2	{'PF01352': 1, 'PF00096': 4}
Q6NUQ4	1	{'PF10151': 1}
Q6NUS6	2	{'PF07773': 2, 'PF25752': 1}
Q6NUS8	1	{'PF00201': 1}
Q6NUT2	1	{'PF10034': 1}
Q6NUT3	1	{'PF13347': 1}
Q6NV74	1	{'PF15262': 1}
Q6NV75	1	{'PF00001': 1}
Q6NVU6	1	{'PF07910': 1}
Q6NVV0	1	{'PF15815': 1}
Q6NVV3	1	{'PF05653': 1}
Q6NVV7	1	{'PF10170': 1}
Q6NVV9	1	{'PF08516': 1}
Q6NVY1	1	{'PF16113': 1}
Q6NW29	1	{'PF05773': 1}
Q6NW34	1	{'PF14780': 1}
Q6NW40	2	{'PF06534': 1, 'PF06535': 1}
Q6NWY9	3	{'PF00397': 2, 'PF01846': 3, 'PF25432': 1}
Q6NX45	1	{'PF00096': 11}
Q6NX49	3	{'PF01352': 1, 'PF00096': 11, 'PF23561': 1}
Q6NXN4	1	{'PF10034': 1}
Q6NXP2	1	{'PF12480': 1}
Q6NXP6	1	{'PF03807': 1}
Q6NXR0	1	{'PF05049': 1}
Q6NXR4	1	{'PF10521': 1}
Q6NXS1	1	{'PF04979': 1}
Q6NXT2	1	{'PF00125': 1}
Q6NXT4	1	{'PF01545': 1}
Q6NXT6	1	{'PF05346': 1}
Q6NYC1	1	{'PF02373': 1}
Q6NYC8	2	{'PF13914': 1, 'PF13916': 1}
Q6NZ36	2	{'PF15750': 1, 'PF15751': 1}
Q6NZ63	1	{'PF01794': 1}
Q6NZ67	1	{'PF12926': 1}
Q6NZI2	1	{'PF15237': 1}
Q6NZY4	2	{'PF00098': 1, 'PF04046': 1}
Q6NZY7	2	{'PF00786': 1, 'PF14957': 1}
Q6P047	1	{'PF14769': 1}
Q6P050	1	{'PF12937': 1}
Q6P087	1	{'PF00849': 1}
Q6P093	1	{'PF07859': 2}
Q6P0A1	1	{'PF15173': 1}
Q6P0N0	1	{'PF09133': 1}
Q6P0Q8	3	{'PF08926': 1, 'PF17820': 1, 'PF00069': 1}
Q6P158	8	{'PF00270': 1, 'PF00271': 1, 'PF04408': 1, 'PF05773': 1, 'PF07717': 1, 'PF18044': 1, 'PF21010': 1, 'PF26026': 1}
Q6P161	1	{'PF08561': 1}
Q6P179	3	{'PF01433': 1, 'PF11838': 1, 'PF17900': 1}
Q6P1A2	1	{'PF03062': 1}
Q6P1J6	1	{'PF00657': 3}
Q6P1J9	2	{'PF05179': 1, 'PF16050': 1}
Q6P1K1	1	{'PF16954': 2}
Q6P1K2	1	{'PF03980': 1}
Q6P1K8	2	{'PF04056': 1, 'PF07975': 1}
Q6P1L6	3	{'PF01352': 1, 'PF00096': 11, 'PF21225': 1}
Q6P1L8	1	{'PF00238': 1}
Q6P1M0	2	{'PF00501': 1, 'PF13193': 1}
Q6P1N0	1	{'PF00168': 1}
Q6P1N9	1	{'PF01026': 1}
Q6P1Q0	1	{'PF07766': 1}
Q6P1Q9	1	{'PF08242': 1}
Q6P1R3	1	{'PF13837': 1}
Q6P1R4	1	{'PF01207': 1}
Q6P1W5	1	{'PF15752': 1}
Q6P1X5	1	{'PF25316': 1}
Q6P1X6	1	{'PF14956': 1}
Q6P280	2	{'PF01352': 1, 'PF00096': 9}
Q6P2C8	1	{'PF11571': 1}
Q6P2D0	2	{'PF01352': 1, 'PF00096': 8}
Q6P2H3	1	{'PF24555': 1}
Q6P2H8	1	{'PF05705': 1}
Q6P2I3	1	{'PF01557': 1}
Q6P2I7	1	{'PF06407': 1}
Q6P2M8	1	{'PF00069': 1}
Q6P2P2	2	{'PF06325': 1, 'PF22528': 1}
Q6P2Q9	8	{'PF01398': 1, 'PF08082': 1, 'PF08083': 1, 'PF08084': 1, 'PF10596': 1, 'PF10597': 1, 'PF10598': 1, 'PF12134': 1}
Q6P387	1	{'PF15032': 1}
Q6P3R8	1	{'PF00069': 1}
Q6P3S1	3	{'PF02141': 1, 'PF03455': 1, 'PF03456': 1}
Q6P3S6	1	{'PF12937': 1}
Q6P3V2	2	{'PF01352': 1, 'PF00096': 21}
Q6P3W2	2	{'PF00226': 1, 'PF05207': 1}
Q6P3W6	1	{'PF06758': 42}
Q6P3W7	1	{'PF00069': 1}
Q6P3X8	1	{'PF13843': 1}
Q6P444	1	{'PF05308': 1}
Q6P461	1	{'PF00501': 1}
Q6P474	2	{'PF00282': 1, 'PF22930': 1}
Q6P499	1	{'PF05653': 1}
Q6P4A7	1	{'PF03820': 1}
Q6P4A8	1	{'PF04916': 1}
Q6P4F1	2	{'PF00852': 1, 'PF17039': 1}
Q6P4F2	1	{'PF00111': 1}
Q6P4F7	1	{'PF00620': 1}
Q6P4Q7	4	{'PF00571': 1, 'PF01595': 1, 'PF25511': 1, 'PF25562': 1}
Q6P4R8	2	{'PF14465': 1, 'PF25793': 1}
Q6P531	1	{'PF01019': 1}
Q6P575	1	{'PF02837': 1}
Q6P582	1	{'PF12926': 1}
Q6P587	1	{'PF01557': 1}
Q6P589	1	{'PF05527': 1}
Q6P5Q4	1	{'PF03250': 1}
Q6P5R6	1	{'PF01776': 1}
Q6P5S2	1	{'PF05612': 1}
Q6P5S7	1	{'PF23489': 1}
Q6P5W5	3	{'PF02535': 1, 'PF18292': 1, 'PF21116': 1}
Q6P5X5	1	{'PF11326': 1}
Q6P5X7	1	{'PF15121': 1}
Q6P5Z2	3	{'PF00433': 1, 'PF02185': 3, 'PF00069': 1}
Q6P656	1	{'PF24569': 1}
Q6P6C2	1	{'PF13532': 1}
Q6P988	1	{'PF03283': 1}
Q6P995	2	{'PF10577': 1, 'PF20771': 1}
Q6P996	3	{'PF00282': 1, 'PF22930': 1, 'PF22937': 1}
Q6P9A1	2	{'PF01352': 1, 'PF00096': 12}
Q6P9A2	2	{'PF00535': 1, 'PF00652': 1}
Q6P9A3	2	{'PF01352': 1, 'PF00096': 13}
Q6P9B6	1	{'PF07534': 1}
Q6P9B9	2	{'PF14837': 1, 'PF14838': 1}
Q6P9F5	1	{'PF00097': 1}
Q6P9F7	1	{'PF12534': 1}
Q6P9G0	1	{'PF00173': 1}
Q6P9G4	1	{'PF15102': 1}
Q6P9G9	2	{'PF02023': 1, 'PF00096': 7}
Q6P9H4	4	{'PF00536': 1, 'PF00595': 1, 'PF06663': 1, 'PF10534': 1}
Q6P9H5	1	{'PF04548': 1}
Q6PCB0	2	{'PF00041': 1, 'PF00092': 1}
Q6PCB6	1	{'PF12146': 1}
Q6PCB7	2	{'PF00501': 1, 'PF13193': 1}
Q6PCB8	1	{'PF07679': 1}
Q6PCD5	1	{'PF13639': 1}
Q6PCE3	3	{'PF02878': 1, 'PF02879': 1, 'PF02880': 1}
Q6PCT2	3	{'PF02008': 1, 'PF12937': 1, 'PF16866': 1}
Q6PD74	1	{'PF10199': 1}
Q6PDA7	1	{'PF05324': 1}
Q6PDB4	2	{'PF01352': 1, 'PF00096': 13}
Q6PEV8	1	{'PF15814': 1}
Q6PEW0	1	{'PF00089': 1}
Q6PEW1	1	{'PF14893': 1}
Q6PEX3	1	{'PF05287': 1}
Q6PEX7	1	{'PF15834': 1}
Q6PEY0	1	{'PF00029': 1}
Q6PEY2	2	{'PF00091': 1, 'PF03953': 1}
Q6PF04	2	{'PF01352': 1, 'PF00096': 11}
Q6PF15	2	{'PF00651': 1, 'PF07707': 1}
Q6PFW1	2	{'PF00328': 1, 'PF18086': 1}
Q6PG37	2	{'PF01352': 1, 'PF00096': 11}
Q6PGN9	1	{'PF15259': 1}
Q6PGQ7	1	{'PF15280': 1}
Q6PH81	1	{'PF10571': 1}
Q6PH85	2	{'PF03556': 1, 'PF14555': 1}
Q6PHR2	2	{'PF04212': 2, 'PF00069': 1}
Q6PHW0	1	{'PF00881': 1}
Q6PI25	1	{'PF03311': 2}
Q6PI26	2	{'PF04925': 1, 'PF21413': 1}
Q6PI47	2	{'PF02214': 1, 'PF19321': 1}
Q6PI48	3	{'PF00152': 1, 'PF01336': 1, 'PF02938': 1}
Q6PI73	2	{'PF00047': 2, 'PF13895': 1}
Q6PI78	1	{'PF10507': 1}
Q6PI97	1	{'PF17664': 1}
Q6PI98	1	{'PF08265': 1}
Q6PIF6	8	{'PF00063': 1, 'PF00373': 1, 'PF00784': 2, 'PF02174': 1, 'PF07653': 1, 'PF21989': 1, 'PF21998': 1, 'PF24123': 1}
Q6PII3	2	{'PF13300': 1, 'PF25449': 1}
Q6PII5	1	{'PF00753': 1}
Q6PIJ6	1	{'PF00646': 1}
Q6PIL6	2	{'PF13499': 1, 'PF13833': 1}
Q6PIS1	1	{'PF00860': 1}
Q6PIU1	2	{'PF00520': 1, 'PF02214': 1}
Q6PIU2	1	{'PF07859': 2}
Q6PIV2	1	{'PF00250': 1}
Q6PIW4	3	{'PF00004': 1, 'PF09336': 1, 'PF17862': 1}
Q6PIY5	1	{'PF17741': 1}
Q6PIY7	2	{'PF03828': 1, 'PF22600': 1}
Q6PIZ9	1	{'PF15330': 1}
Q6PJ21	1	{'PF00622': 1}
Q6PJ61	1	{'PF12937': 1}
Q6PJ69	3	{'PF00097': 1, 'PF00622': 1, 'PF00643': 1}
Q6PJE2	1	{'PF00100': 1}
Q6PJF5	2	{'PF01694': 1, 'PF12595': 1}
Q6PJG2	1	{'PF01448': 1}
Q6PJG9	2	{'PF00041': 1, 'PF07679': 1}
Q6PJI9	1	{'PF17120': 1}
Q6PJP8	1	{'PF07522': 1}
Q6PJQ5	1	{'PF00250': 1}
Q6PJT7	1	{'PF14608': 5}
Q6PJW8	2	{'PF15281': 1, 'PF22883': 1}
Q6PK18	1	{'PF13640': 1}
Q6PK57	1	{'PF02212': 1}
Q6PK81	2	{'PF01352': 1, 'PF00096': 9}
Q6PKC3	2	{'PF00085': 2, 'PF26234': 1}
Q6PKG0	1	{'PF05383': 1}
Q6PKH6	1	{'PF00106': 1}
Q6PKX4	2	{'PF00169': 1, 'PF02174': 1}
Q6PL18	3	{'PF00004': 1, 'PF00439': 1, 'PF17862': 1}
Q6PL24	1	{'PF13897': 1}
Q6PL45	1	{'PF04089': 1}
Q6PML9	1	{'PF01545': 1}
Q6PP77	1	{'PF09815': 1}
Q6PRD1	2	{'PF00003': 1, 'PF22572': 1}
Q6PUV4	1	{'PF05835': 1}
Q6PXP3	1	{'PF00083': 1}
Q6Q0C0	1	{'PF13445': 1}
Q6Q4G3	3	{'PF01433': 1, 'PF11838': 1, 'PF17900': 1}
Q6Q6R5	1	{'PF00412': 2}
Q6Q759	1	{'PF14874': 1}
Q6Q788	1	{'PF01442': 2}
Q6Q8B3	1	{'PF08205': 1}
Q6QAJ8	1	{'PF15071': 1}
Q6QHC5	2	{'PF00487': 1, 'PF08557': 1}
Q6QHF9	1	{'PF01593': 1}
Q6QHK4	1	{'PF00010': 1}
Q6QN14	1	{'PF00443': 1}
Q6QNK2	2	{'PF00002': 1, 'PF13385': 1}
Q6QNY0	1	{'PF15753': 1}
Q6R2W3	2	{'PF02023': 1, 'PF23663': 1}
Q6R327	5	{'PF14663': 1, 'PF14664': 1, 'PF14665': 1, 'PF14666': 1, 'PF14668': 1}
Q6R6M4	1	{'PF00443': 1}
Q6RFH8	1	{'PF00046': 2}
Q6RI45	3	{'PF00439': 2, 'PF25313': 1, 'PF25437': 1}
Q6RSH7	1	{'PF01847': 1}
Q6RW13	1	{'PF06396': 1}
Q6S5L8	2	{'PF00017': 1, 'PF00640': 1}
Q6S8J3	1	{'PF00022': 1}
Q6S9Z5	1	{'PF13913': 4}
Q6SA08	1	{'PF00069': 1}
Q6SJ93	1	{'PF13365': 1}
Q6SJ96	1	{'PF00352': 2}
Q6SPF0	3	{'PF00536': 1, 'PF21524': 1, 'PF24971': 1}
Q6STE5	1	{'PF02201': 1}
Q6SZW1	2	{'PF07647': 2, 'PF13676': 1}
Q6T310	1	{'PF00071': 1}
Q6T311	1	{'PF00025': 1}
Q6T423	1	{'PF07690': 1}
Q6T4P5	1	{'PF01569': 1}
Q6TCH4	1	{'PF03006': 1}
Q6TCH7	1	{'PF03006': 1}
Q6TDP4	2	{'PF00651': 1, 'PF07707': 1}
Q6TDU7	2	{'PF12366': 1, 'PF15927': 1}
Q6TFL4	2	{'PF00651': 1, 'PF07707': 1}
Q6TGC4	3	{'PF03068': 1, 'PF08526': 1, 'PF08527': 1}
Q6U736	1	{'PF00001': 1}
Q6U7Q0	1	{'PF00096': 7}
Q6U841	2	{'PF00955': 1, 'PF07565': 1}
Q6UB28	1	{'PF00557': 1}
Q6UB35	3	{'PF00763': 1, 'PF01268': 1, 'PF02882': 1}
Q6UDR6	1	{'PF00014': 1}
Q6UE05	1	{'PF15164': 1}
Q6ULP2	1	{'PF15045': 1}
Q6URK8	1	{'PF22574': 1}
Q6UUV7	3	{'PF12884': 1, 'PF12885': 1, 'PF12886': 1}
Q6UUV9	3	{'PF12884': 1, 'PF12885': 1, 'PF12886': 1}
Q6UVJ0	1	{'PF16531': 1}
Q6UVK1	2	{'PF02210': 2, 'PF16184': 12}
Q6UVM3	3	{'PF03493': 1, 'PF07885': 1, 'PF22614': 2}
Q6UVW9	1	{'PF00059': 1}
Q6UVY6	3	{'PF01082': 1, 'PF03351': 1, 'PF03712': 1}
Q6UW01	1	{'PF00386': 1}
Q6UW02	1	{'PF00067': 1}
Q6UW10	1	{'PF15210': 1}
Q6UW15	1	{'PF00059': 1}
Q6UW32	1	{'PF14653': 1}
Q6UW49	1	{'PF15754': 1}
Q6UW60	3	{'PF01483': 1, 'PF16470': 1, 'PF00082': 1}
Q6UW63	2	{'PF00630': 1, 'PF05686': 1}
Q6UW68	1	{'PF13664': 1}
Q6UW78	1	{'PF15141': 1}
Q6UWB4	1	{'PF00089': 1}
Q6UWD8	1	{'PF15755': 1}
Q6UWE0	2	{'PF07647': 1, 'PF13920': 1}
Q6UWF3	1	{'PF15050': 1}
Q6UWF7	2	{'PF06312': 1, 'PF24536': 1}
Q6UWF9	1	{'PF15173': 1}
Q6UWH4	1	{'PF15051': 1}
Q6UWH6	1	{'PF04148': 1}
Q6UWI2	1	{'PF17061': 1}
Q6UWI4	1	{'PF13908': 1}
Q6UWJ1	1	{'PF00999': 1}
Q6UWJ8	1	{'PF05283': 1}
Q6UWK7	1	{'PF15854': 1}
Q6UWL2	3	{'PF00084': 2, 'PF07645': 2, 'PF23144': 1}
Q6UWL6	3	{'PF08205': 1, 'PF13927': 1, 'PF07679': 1}
Q6UWM5	1	{'PF00188': 1}
Q6UWM7	1	{'PF00232': 1}
Q6UWM9	1	{'PF00201': 1}
Q6UWN0	1	{'PF00021': 2}
Q6UWN5	1	{'PF00021': 1}
Q6UWN8	1	{'PF00050': 1}
Q6UWP2	1	{'PF00106': 1}
Q6UWP7	2	{'PF01553': 1, 'PF16076': 1}
Q6UWQ5	1	{'PF00062': 1}
Q6UWQ7	1	{'PF14653': 1}
Q6UWR7	1	{'PF01663': 1}
Q6UWS5	1	{'PF15786': 1}
Q6UWT4	1	{'PF15144': 1}
Q6UWU2	3	{'PF01301': 1, 'PF21317': 1, 'PF21467': 1}
Q6UWV2	1	{'PF07686': 1}
Q6UWV6	1	{'PF01663': 1}
Q6UWV7	1	{'PF13908': 1}
Q6UWW0	1	{'PF00061': 1}
Q6UWW8	1	{'PF00135': 1}
Q6UWX4	1	{'PF03024': 1}
Q6UWY0	1	{'PF00884': 1}
Q6UWY2	1	{'PF00089': 1}
Q6UWZ7	1	{'PF21125': 1}
Q6UX01	1	{'PF04791': 2}
Q6UX04	1	{'PF00160': 1}
Q6UX07	1	{'PF00106': 1}
Q6UX15	1	{'PF00059': 1}
Q6UX27	1	{'PF13895': 1}
Q6UX34	1	{'PF15756': 1}
Q6UX39	1	{'PF15757': 1}
Q6UX40	1	{'PF14995': 1}
Q6UX41	4	{'PF00622': 1, 'PF07686': 1, 'PF13765': 1, 'PF22705': 1}
Q6UX46	1	{'PF15129': 1}
Q6UX52	1	{'PF17736': 2}
Q6UX53	1	{'PF08241': 1}
Q6UX65	1	{'PF10277': 1}
Q6UX68	1	{'PF09815': 1}
Q6UX71	1	{'PF01437': 1}
Q6UX72	1	{'PF01762': 1}
Q6UX73	1	{'PF15882': 1}
Q6UX98	1	{'PF01529': 1}
Q6UXA7	1	{'PF15809': 2}
Q6UXB0	1	{'PF15010': 1}
Q6UXB1	1	{'PF14653': 1}
Q6UXB2	1	{'PF15211': 1}
Q6UXB3	1	{'PF00087': 1}
Q6UXB4	1	{'PF00059': 1}
Q6UXB8	1	{'PF00188': 1}
Q6UXC1	1	{'PF00629': 6}
Q6UXD1	1	{'PF15758': 1}
Q6UXD5	2	{'PF00084': 5, 'PF00431': 1}
Q6UXD7	1	{'PF07690': 1}
Q6UXE8	4	{'PF00622': 1, 'PF07686': 1, 'PF13765': 1, 'PF22705': 1}
Q6UXF1	1	{'PF15759': 1}
Q6UXF7	2	{'PF00059': 1, 'PF00188': 1}
Q6UXG2	5	{'PF23031': 1, 'PF23087': 1, 'PF23089': 1, 'PF23091': 1, 'PF23032': 1}
Q6UXG3	1	{'PF07686': 1}
Q6UXG8	4	{'PF00622': 1, 'PF07686': 1, 'PF13765': 1, 'PF22705': 1}
Q6UXH1	1	{'PF07645': 2}
Q6UXH8	1	{'PF07645': 1}
Q6UXH9	4	{'PF00008': 1, 'PF00084': 2, 'PF00089': 1, 'PF00431': 1}
Q6UXI7	2	{'PF00092': 2, 'PF03815': 1}
Q6UXI9	3	{'PF00629': 1, 'PF07645': 2, 'PF12947': 1}
Q6UXK5	1	{'PF07679': 1}
Q6UXL0	2	{'PF01108': 1, 'PF09294': 1}
Q6UXM1	2	{'PF13927': 1, 'PF07679': 2}
Q6UXN2	1	{'PF07686': 1}
Q6UXN7	1	{'PF02064': 1}
Q6UXN8	1	{'PF00059': 1}
Q6UXP3	1	{'PF03647': 1}
Q6UXP7	1	{'PF10223': 1}
Q6UXQ4	1	{'PF15846': 1}
Q6UXR4	1	{'PF00079': 2}
Q6UXS0	1	{'PF00059': 1}
Q6UXS9	2	{'PF00619': 1, 'PF00656': 1}
Q6UXT6	1	{'PF13853': 1}
Q6UXT8	1	{'PF15129': 1}
Q6UXU4	1	{'PF07803': 1}
Q6UXU6	1	{'PF11669': 1}
Q6UXV0	1	{'PF02351': 2}
Q6UXV1	1	{'PF15005': 1}
Q6UXV4	1	{'PF09769': 1}
Q6UXX5	3	{'PF00092': 1, 'PF06668': 1, 'PF08487': 1}
Q6UXX9	1	{'PF15913': 1}
Q6UXY1	2	{'PF08397': 1, 'PF14604': 1}
Q6UXY8	1	{'PF07810': 1}
Q6UXZ0	2	{'PF00047': 1, 'PF07679': 1}
Q6UXZ3	1	{'PF07686': 1}
Q6UXZ4	6	{'PF00090': 2, 'PF00531': 1, 'PF00791': 1, 'PF07679': 1, 'PF17217': 1, 'PF25609': 1}
Q6UY09	1	{'PF13927': 4}
Q6UY11	2	{'PF00008': 4, 'PF21700': 1}
Q6UY14	5	{'PF00090': 1, 'PF05986': 1, 'PF08686': 1, 'PF19030': 5, 'PF19236': 1}
Q6UY18	1	{'PF07679': 1}
Q6UY27	1	{'PF00021': 1}
Q6UYE1	1	{'PF15760': 1}
Q6V0I7	6	{'PF00008': 1, 'PF00028': 33, 'PF02210': 2, 'PF07645': 2, 'PF12661': 1, 'PF25374': 1}
Q6V0L0	1	{'PF00067': 1}
Q6V1P9	1	{'PF00028': 24}
Q6V1X1	1	{'PF00326': 1}
Q6V702	1	{'PF14713': 1}
Q6V9R5	2	{'PF01352': 1, 'PF00096': 7}
Q6VAB6	3	{'PF13543': 1, 'PF20406': 1, 'PF07714': 1}
Q6VB84	1	{'PF00250': 1}
Q6VEQ5	1	{'PF11945': 1}
Q6VMQ6	2	{'PF16788': 1, 'PF16794': 1}
Q6VN20	3	{'PF00622': 1, 'PF08513': 1, 'PF10607': 2}
Q6VUC0	1	{'PF03299': 1}
Q6VVB1	1	{'PF14634': 1}
Q6VVX0	1	{'PF00067': 1}
Q6VY07	2	{'PF10254': 1, 'PF25332': 1}
Q6W0C5	1	{'PF15549': 1}
Q6W2J9	2	{'PF15808': 1, 'PF16553': 1}
Q6W3E5	1	{'PF03009': 1}
Q6W4X9	3	{'PF00094': 3, 'PF01826': 3, 'PF08742': 3}
Q6W5P4	1	{'PF00001': 1}
Q6WBX8	1	{'PF04139': 1}
Q6WCQ1	1	{'PF00169': 2}
Q6WKZ4	1	{'PF00168': 1}
Q6WN34	3	{'PF00093': 2, 'PF19548': 1, 'PF23334': 1}
Q6WRI0	2	{'PF13927': 7, 'PF07679': 5}
Q6X4T0	1	{'PF15732': 1}
Q6X4U4	1	{'PF05463': 1}
Q6X4W1	1	{'PF24609': 1}
Q6X784	2	{'PF07354': 1, 'PF20626': 1}
Q6X9E4	1	{'PF12937': 1}
Q6XD76	1	{'PF00010': 1}
Q6XE24	1	{'PF00076': 2}
Q6XE38	1	{'PF01099': 1}
Q6XPR3	1	{'PF01023': 1}
Q6XPS3	3	{'PF00520': 1, 'PF10409': 1, 'PF22784': 1}
Q6XQN6	2	{'PF17767': 1, 'PF17956': 1}
Q6XR72	2	{'PF01545': 1, 'PF16916': 1}
Q6XUX3	1	{'PF00069': 1}
Q6XYB7	1	{'PF00046': 1}
Q6XYQ8	1	{'PF00168': 2}
Q6XZB0	1	{'PF00151': 1}
Q6XZF7	5	{'PF00018': 2, 'PF00621': 1, 'PF03114': 1, 'PF07653': 2, 'PF14604': 1}
Q6Y1H2	1	{'PF04387': 1}
Q6Y288	1	{'PF02434': 2}
Q6Y2X3	2	{'PF00226': 1, 'PF14901': 1}
Q6Y7W6	1	{'PF02213': 1}
Q6YBV0	1	{'PF01490': 1}
Q6YFQ2	1	{'PF02297': 1}
Q6YHK3	5	{'PF00207': 1, 'PF01835': 1, 'PF07677': 1, 'PF07703': 1, 'PF17791': 1}
Q6YI46	1	{'PF09335': 1}
Q6YN16	2	{'PF00106': 1, 'PF02036': 1}
Q6YP21	1	{'PF00155': 1}
Q6ZMB0	1	{'PF01762': 1}
Q6ZMB5	1	{'PF03619': 1}
Q6ZMC9	1	{'PF07686': 1}
Q6ZMD2	1	{'PF07690': 1}
Q6ZMG9	2	{'PF00046': 1, 'PF03798': 1}
Q6ZMH5	1	{'PF02535': 1}
Q6ZMI0	1	{'PF10212': 1}
Q6ZMJ2	1	{'PF00530': 1}
Q6ZMJ4	1	{'PF15036': 1}
Q6ZMM2	4	{'PF00090': 1, 'PF01759': 1, 'PF05986': 1, 'PF19236': 1}
Q6ZMN7	2	{'PF00595': 2, 'PF13923': 1}
Q6ZMN8	1	{'PF00134': 1}
Q6ZMP0	5	{'PF00090': 1, 'PF05986': 1, 'PF08686': 1, 'PF19030': 6, 'PF19236': 1}
Q6ZMQ8	1	{'PF07714': 1}
Q6ZMR3	2	{'PF00056': 1, 'PF02866': 1}
Q6ZMR5	2	{'PF00089': 1, 'PF01390': 1}
Q6ZMS4	2	{'PF01352': 1, 'PF00096': 12}
Q6ZMS7	2	{'PF01352': 1, 'PF00096': 3}
Q6ZMT1	3	{'PF00130': 1, 'PF07653': 1, 'PF14604': 1}
Q6ZMT4	3	{'PF00628': 1, 'PF02373': 1, 'PF17811': 1}
Q6ZMT9	1	{'PF00531': 1}
Q6ZMU1	1	{'PF00207': 1}
Q6ZMU5	4	{'PF00622': 1, 'PF00643': 1, 'PF13765': 1, 'PF15227': 1}
Q6ZMV5	1	{'PF22972': 1}
Q6ZMV8	3	{'PF01352': 1, 'PF00096': 8, 'PF13465': 1}
Q6ZMV9	2	{'PF00225': 1, 'PF23735': 1}
Q6ZMW2	2	{'PF01352': 1, 'PF00096': 11}
Q6ZMY3	2	{'PF07500': 1, 'PF07744': 1}
Q6ZMY9	2	{'PF01352': 1, 'PF00096': 10}
Q6ZMZ0	2	{'PF01485': 1, 'PF22191': 1}
Q6ZMZ3	2	{'PF00435': 1, 'PF10541': 1}
Q6ZN01	1	{'PF02037': 1}
Q6ZN04	2	{'PF00013': 2, 'PF13920': 1}
Q6ZN06	3	{'PF01352': 1, 'PF13912': 1, 'PF00096': 11}
Q6ZN08	2	{'PF01352': 1, 'PF00096': 13}
Q6ZN11	2	{'PF01352': 1, 'PF00096': 6}
Q6ZN16	4	{'PF19039': 1, 'PF20302': 1, 'PF20309': 1, 'PF00069': 1}
Q6ZN17	2	{'PF00098': 2, 'PF00313': 1}
Q6ZN18	1	{'PF26014': 1}
Q6ZN19	2	{'PF13912': 1, 'PF00096': 20}
Q6ZN28	3	{'PF23637': 1, 'PF23640': 1, 'PF24094': 1}
Q6ZN30	2	{'PF12874': 1, 'PF00096': 1}
Q6ZN32	1	{'PF00178': 1}
Q6ZN44	5	{'PF00531': 1, 'PF00791': 1, 'PF07679': 1, 'PF17217': 1, 'PF25609': 1}
Q6ZN54	2	{'PF00130': 1, 'PF13901': 1}
Q6ZN55	3	{'PF12874': 1, 'PF13912': 2, 'PF00096': 6}
Q6ZN57	1	{'PF00096': 13}
Q6ZN66	2	{'PF02263': 1, 'PF02841': 1}
Q6ZN68	1	{'PF10034': 1}
Q6ZN79	2	{'PF01352': 1, 'PF00096': 3}
Q6ZN84	2	{'PF14908': 1, 'PF18289': 1}
Q6ZNA1	2	{'PF01352': 1, 'PF00096': 24}
Q6ZNA4	2	{'PF13639': 1, 'PF15303': 1}
Q6ZNA5	2	{'PF02014': 1, 'PF03351': 1}
Q6ZNB5	1	{'PF01834': 1}
Q6ZNB6	1	{'PF01422': 10}
Q6ZNB7	2	{'PF04116': 1, 'PF24858': 1}
Q6ZNC8	1	{'PF03062': 1}
Q6ZNE5	1	{'PF10186': 1}
Q6ZNE9	2	{'PF02759': 1, 'PF25366': 1}
Q6ZNF0	3	{'PF00149': 1, 'PF14008': 1, 'PF16656': 1}
Q6ZNG0	3	{'PF01352': 1, 'PF00096': 4, 'PF13465': 1}
Q6ZNG1	2	{'PF12874': 1, 'PF00096': 14}
Q6ZNG2	1	{'PF00046': 1}
Q6ZNG9	1	{'PF01352': 1}
Q6ZNH5	1	{'PF00096': 14}
Q6ZNI0	1	{'PF02485': 1}
Q6ZNJ1	3	{'PF02138': 1, 'PF14844': 1, 'PF16057': 1}
Q6ZNK6	1	{'PF00498': 1}
Q6ZNL6	3	{'PF00169': 2, 'PF00621': 1, 'PF01363': 1}
Q6ZNM6	1	{'PF14983': 1}
Q6ZNR0	1	{'PF04505': 1}
Q6ZNW5	2	{'PF26216': 1, 'PF26217': 1}
Q6ZP01	2	{'PF00076': 1, 'PF24905': 1}
Q6ZP80	1	{'PF13903': 1}
Q6ZP82	2	{'PF00435': 1, 'PF07679': 1}
Q6ZPD8	1	{'PF03982': 1}
Q6ZPD9	1	{'PF10034': 1}
Q6ZQN5	1	{'PF00250': 1}
Q6ZQN7	2	{'PF03137': 1, 'PF07648': 1}
Q6ZQQ2	2	{'PF14650': 1, 'PF15371': 1}
Q6ZQR2	1	{'PF14825': 1}
Q6ZQV5	1	{'PF01352': 1}
Q6ZQW0	1	{'PF01231': 1}
Q6ZQY3	1	{'PF00282': 1}
Q6ZR08	9	{'PF03028': 1, 'PF08393': 1, 'PF12774': 1, 'PF12775': 1, 'PF12780': 1, 'PF17852': 1, 'PF17857': 1, 'PF18198': 1, 'PF18199': 1}
Q6ZR37	2	{'PF00621': 1, 'PF15720': 1}
Q6ZR52	1	{'PF00096': 17}
Q6ZR85	1	{'PF17688': 1}
Q6ZRC1	1	{'PF15030': 1}
Q6ZRF7	1	{'PF00096': 2}
Q6ZRF8	2	{'PF00097': 1, 'PF00643': 1}
Q6ZRG5	1	{'PF15779': 2}
Q6ZRH7	3	{'PF22840': 1, 'PF22846': 1, 'PF22851': 1}
Q6ZRI0	8	{'PF00094': 4, 'PF01826': 1, 'PF05270': 1, 'PF08742': 4, 'PF23244': 1, 'PF25960': 1, 'PF25961': 1, 'PF25962': 1}
Q6ZRI6	1	{'PF17663': 1}
Q6ZRI8	1	{'PF00620': 1}
Q6ZRP0	1	{'PF10630': 1}
Q6ZRP7	4	{'PF00085': 1, 'PF04777': 1, 'PF18108': 1, 'PF18371': 1}
Q6ZRQ5	2	{'PF14910': 1, 'PF14911': 1}
Q6ZRS2	3	{'PF00176': 1, 'PF00271': 1, 'PF07529': 1}
Q6ZRS4	2	{'PF14722': 1, 'PF14723': 1}
Q6ZRT6	1	{'PF10630': 1}
Q6ZRV2	1	{'PF07894': 1}
Q6ZRY4	1	{'PF00076': 1}
Q6ZS10	1	{'PF00059': 1}
Q6ZS11	1	{'PF02204': 1}
Q6ZS17	1	{'PF15903': 1}
Q6ZS27	1	{'PF00096': 8}
Q6ZS30	3	{'PF02138': 1, 'PF14844': 1, 'PF16057': 1}
Q6ZS81	1	{'PF02138': 1}
Q6ZS86	2	{'PF00370': 1, 'PF02782': 1}
Q6ZSB9	3	{'PF00651': 1, 'PF13912': 1, 'PF00096': 6}
Q6ZSG1	1	{'PF13639': 1}
Q6ZSG2	1	{'PF15265': 1}
Q6ZSI9	2	{'PF00648': 1, 'PF01067': 1}
Q6ZSJ8	1	{'PF15855': 1}
Q6ZSJ9	1	{'PF13908': 1}
Q6ZSM3	1	{'PF07690': 1}
Q6ZSN1	1	{'PF15143': 2}
Q6ZSR9	1	{'PF15282': 1}
Q6ZSS3	2	{'PF01352': 1, 'PF00096': 6}
Q6ZSS7	1	{'PF12832': 1}
Q6ZST4	1	{'PF00061': 1}
Q6ZSU1	1	{'PF00067': 1}
Q6ZSY5	1	{'PF03370': 1}
Q6ZSZ5	2	{'PF00621': 1, 'PF17838': 1}
Q6ZSZ6	1	{'PF26094': 1}
Q6ZT07	2	{'PF00566': 1, 'PF02893': 2}
Q6ZT12	3	{'PF02207': 1, 'PF18995': 1, 'PF22960': 1}
Q6ZT21	1	{'PF00149': 1}
Q6ZT52	1	{'PF14719': 1}
Q6ZT62	3	{'PF00620': 1, 'PF03114': 1, 'PF13242': 1}
Q6ZT77	1	{'PF00096': 1}
Q6ZT98	1	{'PF03133': 1}
Q6ZTA4	4	{'PF00041': 1, 'PF00622': 1, 'PF00643': 1, 'PF22586': 1}
Q6ZTB9	1	{'PF00096': 5}
Q6ZTI6	1	{'PF15068': 1}
Q6ZTK2	1	{'PF21013': 1}
Q6ZTN6	1	{'PF11904': 1}
Q6ZTQ3	2	{'PF00788': 1, 'PF16517': 1}
Q6ZTQ4	1	{'PF00028': 3}
Q6ZTR5	2	{'PF26579': 1, 'PF24529': 1}
Q6ZTR7	1	{'PF06730': 1}
Q6ZTU2	1	{'PF15790': 1}
Q6ZTW0	1	{'PF24480': 1}
Q6ZTZ1	1	{'PF13837': 1}
Q6ZU15	1	{'PF00735': 1}
Q6ZU35	1	{'PF15262': 1}
Q6ZU45	1	{'PF00059': 2}
Q6ZU64	6	{'PF22544': 1, 'PF24291': 1, 'PF24507': 1, 'PF24816': 1, 'PF25248': 1, 'PF25249': 1}
Q6ZU65	2	{'PF08729': 1, 'PF14075': 1}
Q6ZU67	1	{'PF10523': 1}
Q6ZU69	2	{'PF14650': 2, 'PF15371': 1}
Q6ZUB0	2	{'PF14650': 1, 'PF15371': 1}
Q6ZUB1	2	{'PF14650': 1, 'PF15371': 1}
Q6ZUI0	1	{'PF12456': 1}
Q6ZUJ4	1	{'PF15830': 1}
Q6ZUJ8	2	{'PF14545': 1, 'PF18567': 1}
Q6ZUK4	1	{'PF09772': 1}
Q6ZUL3	1	{'PF17707': 1}
Q6ZUM4	3	{'PF00169': 1, 'PF00397': 2, 'PF00620': 1}
Q6ZUS5	1	{'PF14988': 1}
Q6ZUT1	1	{'PF15692': 1}
Q6ZUT3	4	{'PF00373': 1, 'PF08736': 1, 'PF09379': 1, 'PF09380': 1}
Q6ZUT6	1	{'PF15266': 1}
Q6ZUT9	5	{'PF01477': 1, 'PF02141': 1, 'PF02759': 2, 'PF03455': 1, 'PF03456': 1}
Q6ZUV0	1	{'PF03061': 2}
Q6ZUX7	1	{'PF10242': 1}
Q6ZV29	3	{'PF00027': 3, 'PF01734': 1, 'PF24179': 1}
Q6ZV50	2	{'PF02257': 1, 'PF25340': 1}
Q6ZV65	1	{'PF14642': 1}
Q6ZV73	3	{'PF00169': 2, 'PF00621': 1, 'PF01363': 1}
Q6ZV80	1	{'PF17821': 1}
Q6ZVC0	2	{'PF15439': 1, 'PF15452': 1}
Q6ZVD7	1	{'PF10264': 1}
Q6ZVD8	2	{'PF00481': 1, 'PF23010': 1}
Q6ZVE7	1	{'PF04178': 1}
Q6ZVF9	1	{'PF15235': 1}
Q6ZVK1	1	{'PF26158': 1}
Q6ZVK8	1	{'PF00293': 1}
Q6ZVL6	1	{'PF12877': 1}
Q6ZVM7	1	{'PF03127': 1}
Q6ZVN7	1	{'PF17697': 1}
Q6ZVN8	2	{'PF06534': 1, 'PF06535': 1}
Q6ZVS7	1	{'PF14886': 1}
Q6ZVT0	1	{'PF03133': 1}
Q6ZVT6	1	{'PF05018': 1}
Q6ZVW7	1	{'PF15037': 1}
Q6ZVX7	1	{'PF04300': 1}
Q6ZVX9	1	{'PF03006': 1}
Q6ZVZ8	1	{'PF07525': 1}
Q6ZW05	1	{'PF02460': 1}
Q6ZW13	1	{'PF15762': 1}
Q6ZW31	2	{'PF00620': 1, 'PF25336': 1}
Q6ZW49	3	{'PF00533': 3, 'PF12738': 1, 'PF16589': 1}
Q6ZW61	1	{'PF00118': 1}
Q6ZW76	1	{'PF00536': 1}
Q6ZWB6	2	{'PF02214': 1, 'PF23110': 1}
Q6ZWE6	2	{'PF00169': 1, 'PF13901': 1}
Q6ZWH5	1	{'PF00069': 1}
Q6ZWI9	3	{'PF00622': 1, 'PF13765': 1, 'PF15227': 1}
Q6ZWJ1	2	{'PF00397': 1, 'PF00595': 1}
Q6ZWJ8	3	{'PF00093': 4, 'PF00094': 1, 'PF23334': 6}
Q6ZWK4	1	{'PF15763': 1}
Q6ZWK6	2	{'PF00089': 1, 'PF01390': 1}
Q6ZWL3	1	{'PF00067': 1}
Q6ZWT7	1	{'PF03062': 1}
Q6ZXV5	1	{'PF08409': 1}
Q6ZYL4	1	{'PF06331': 1}
Q709C8	2	{'PF25036': 1, 'PF25037': 1}
Q709F0	4	{'PF00441': 1, 'PF01636': 1, 'PF02770': 1, 'PF02771': 1}
Q70CQ1	2	{'PF00443': 1, 'PF02148': 1}
Q70CQ2	2	{'PF00443': 1, 'PF12030': 1}
Q70CQ3	1	{'PF00443': 1}
Q70CQ4	1	{'PF00443': 1}
Q70E73	2	{'PF00169': 1, 'PF21989': 1}
Q70EK8	1	{'PF00443': 1}
Q70EK9	2	{'PF00443': 1, 'PF02148': 1}
Q70EL1	1	{'PF00443': 1}
Q70EL2	2	{'PF00443': 1, 'PF02148': 1}
Q70EL3	1	{'PF00443': 1}
Q70EL4	1	{'PF00443': 1}
Q70IA6	1	{'PF03637': 1}
Q70IA8	1	{'PF03637': 1}
Q70J99	1	{'PF00168': 2}
Q70JA7	1	{'PF05679': 1}
Q70YC5	1	{'PF23165': 1}
Q70Z35	4	{'PF00595': 1, 'PF00610': 2, 'PF00621': 1, 'PF22697': 1}
Q70Z44	2	{'PF02931': 1, 'PF02932': 1}
Q70Z53	1	{'PF09725': 1}
Q711Q0	1	{'PF15232': 1}
Q712K3	1	{'PF00179': 1}
Q717R9	1	{'PF26203': 1}
Q719H9	2	{'PF02214': 1, 'PF20871': 1}
Q719I0	2	{'PF08327': 1, 'PF09229': 1}
Q71DI3	1	{'PF00125': 1}
Q71F23	1	{'PF13097': 1}
Q71F56	3	{'PF06333': 1, 'PF11597': 1, 'PF18296': 1}
Q71H61	1	{'PF05624': 1}
Q71RC2	2	{'PF05383': 1, 'PF26088': 1}
Q71RC9	1	{'PF15831': 1}
Q71RG4	1	{'PF00240': 1}
Q71RH2	1	{'PF03798': 1}
Q71RS6	1	{'PF01699': 2}
Q71SY5	3	{'PF11232': 1, 'PF11235': 1, 'PF11265': 1}
Q71U36	2	{'PF00091': 1, 'PF03953': 1}
Q71UI9	2	{'PF00125': 1, 'PF16211': 1}
Q71UM5	1	{'PF01667': 1}
Q75LS8	2	{'PF00254': 1, 'PF13202': 2}
Q75N03	1	{'PF18408': 1}
Q75N90	7	{'PF00683': 9, 'PF07645': 33, 'PF12661': 2, 'PF12662': 5, 'PF12947': 1, 'PF18193': 1, 'PF21364': 1}
Q75T13	4	{'PF07819': 1, 'PF24660': 1, 'PF25140': 1, 'PF25141': 1}
Q75V66	2	{'PF04547': 1, 'PF16178': 1}
Q75VX8	1	{'PF12736': 1}
Q765P7	1	{'PF08397': 1}
Q76B58	3	{'PF01823': 1, 'PF19052': 1, 'PF25415': 1}
Q76EJ3	1	{'PF03151': 1}
Q76FK4	1	{'PF00076': 1}
Q76G19	1	{'PF00595': 1}
Q76I76	3	{'PF00782': 1, 'PF08766': 1, 'PF23040': 1}
Q76KD6	2	{'PF15058': 1, 'PF15059': 1}
Q76KP1	1	{'PF05679': 1}
Q76KX8	2	{'PF01352': 1, 'PF00096': 13}
Q76L83	3	{'PF05066': 1, 'PF13919': 1, 'PF13922': 1}
Q76LX8	6	{'PF00090': 1, 'PF01421': 1, 'PF05986': 1, 'PF17771': 1, 'PF19030': 4, 'PF19236': 1}
Q76M96	1	{'PF13778': 3}
Q76MJ5	2	{'PF06479': 1, 'PF00069': 1}
Q76N89	5	{'PF00168': 1, 'PF00397': 1, 'PF00632': 1, 'PF16562': 1, 'PF18436': 1}
Q76NI1	3	{'PF00617': 1, 'PF00618': 1, 'PF16474': 1}
Q7KYR7	4	{'PF00622': 1, 'PF07686': 1, 'PF13765': 1, 'PF22705': 1}
Q7KZ85	8	{'PF00575': 1, 'PF14632': 1, 'PF14633': 1, 'PF14635': 1, 'PF14639': 1, 'PF14641': 1, 'PF17674': 1, 'PF22706': 1}
Q7KZF4	2	{'PF00565': 5, 'PF00567': 1}
Q7KZI7	3	{'PF00627': 1, 'PF02149': 1, 'PF00069': 1}
Q7KZN9	1	{'PF02628': 1}
Q7L014	3	{'PF00270': 1, 'PF00271': 1, 'PF23469': 1}
Q7L099	1	{'PF02759': 1}
Q7L0J3	2	{'PF00083': 1, 'PF07690': 1}
Q7L0Q8	1	{'PF00071': 1}
Q7L0R7	1	{'PF13639': 1}
Q7L0X2	1	{'PF14977': 1}
Q7L190	2	{'PF14047': 1, 'PF14049': 2}
Q7L1I2	2	{'PF00083': 1, 'PF07690': 1}
Q7L1S5	1	{'PF03567': 1}
Q7L1T6	4	{'PF00173': 1, 'PF00175': 1, 'PF00970': 1, 'PF04969': 1}
Q7L1V2	3	{'PF19036': 1, 'PF19037': 1, 'PF19038': 1}
Q7L1W4	1	{'PF12534': 1}
Q7L211	1	{'PF00561': 1}
Q7L266	1	{'PF01112': 1}
Q7L273	2	{'PF02214': 1, 'PF11834': 1}
Q7L2E3	5	{'PF00270': 1, 'PF00271': 1, 'PF07717': 1, 'PF21010': 1, 'PF24995': 1}
Q7L2H7	2	{'PF01399': 1, 'PF18005': 1}
Q7L2J0	1	{'PF06859': 1}
Q7L2K0	1	{'PF15764': 1}
Q7L2R6	2	{'PF01352': 1, 'PF00096': 9}
Q7L2Z9	1	{'PF13094': 1}
Q7L3B6	1	{'PF08565': 1}
Q7L3S4	1	{'PF00096': 8}
Q7L3T8	2	{'PF00587': 1, 'PF03129': 1}
Q7L3V2	1	{'PF16297': 1}
Q7L4E1	1	{'PF10265': 1}
Q7L4I2	1	{'PF15477': 1}
Q7L4P6	1	{'PF10523': 1}
Q7L513	1	{'PF13895': 2}
Q7L523	1	{'PF04670': 1}
Q7L576	2	{'PF05994': 1, 'PF07159': 1}
Q7L590	4	{'PF09329': 1, 'PF09332': 1, 'PF22379': 1, 'PF24863': 1}
Q7L591	1	{'PF02174': 1}
Q7L592	1	{'PF02636': 1}
Q7L5A3	2	{'PF13889': 1, 'PF13915': 1}
Q7L5A8	2	{'PF00173': 1, 'PF04116': 1}
Q7L5L3	1	{'PF03009': 1}
Q7L5N1	2	{'PF01398': 1, 'PF13012': 1}
Q7L5N7	2	{'PF01553': 1, 'PF13499': 2}
Q7L5Y1	2	{'PF02746': 1, 'PF13378': 1}
Q7L5Y6	1	{'PF09737': 1}
Q7L5Y9	1	{'PF10607': 1}
Q7L622	3	{'PF00632': 1, 'PF13771': 1, 'PF26054': 1}
Q7L775	1	{'PF18658': 1}
Q7L7L0	2	{'PF00125': 1, 'PF16211': 1}
Q7L7V1	3	{'PF04408': 1, 'PF07717': 1, 'PF21010': 1}
Q7L7X3	1	{'PF00069': 1}
Q7L804	1	{'PF00168': 1}
Q7L8A9	1	{'PF14822': 1}
Q7L8C5	1	{'PF00168': 2}
Q7L8J4	1	{'PF05276': 1}
Q7L8L6	2	{'PF08368': 1, 'PF08373': 1}
Q7L8S5	1	{'PF02338': 1}
Q7L8W6	1	{'PF01902': 1}
Q7L945	2	{'PF01352': 1, 'PF00096': 8}
Q7L985	1	{'PF07679': 1}
Q7L9B9	2	{'PF03372': 1, 'PF12836': 2}
Q7L9L4	1	{'PF03637': 1}
Q7LBC6	4	{'PF02373': 1, 'PF22987': 1, 'PF22988': 1, 'PF22989': 1}
Q7LBE3	2	{'PF00916': 1, 'PF01740': 1}
Q7LBR1	1	{'PF03357': 1}
Q7LC44	3	{'PF18162': 1, 'PF19284': 1, 'PF21395': 1}
Q7LDG7	4	{'PF00130': 1, 'PF00617': 1, 'PF00618': 1, 'PF13202': 1}
Q7LDI9	5	{'PF00098': 1, 'PF00607': 1, 'PF02337': 1, 'PF14787': 1, 'PF19317': 1}
Q7LFL8	1	{'PF02008': 1}
Q7LFX5	1	{'PF00685': 1}
Q7LG56	1	{'PF00268': 1}
Q7LGA3	1	{'PF03567': 1}
Q7LGC8	1	{'PF00685': 1}
Q7M4L6	1	{'PF00017': 1}
Q7RTM1	1	{'PF03189': 3}
Q7RTN6	1	{'PF00069': 1}
Q7RTP0	1	{'PF05653': 1}
Q7RTP6	5	{'PF00307': 1, 'PF00412': 1, 'PF01494': 1, 'PF12130': 1, 'PF25413': 1}
Q7RTR0	4	{'PF02758': 1, 'PF05729': 1, 'PF17776': 1, 'PF17779': 1}
Q7RTR2	3	{'PF05729': 1, 'PF17776': 1, 'PF17779': 1}
Q7RTR8	1	{'PF05296': 1}
Q7RTS1	1	{'PF00010': 1}
Q7RTS3	1	{'PF00010': 1}
Q7RTS5	1	{'PF03189': 2}
Q7RTS6	1	{'PF03189': 2}
Q7RTS7	1	{'PF16208': 1}
Q7RTS9	1	{'PF09742': 1}
Q7RTT9	1	{'PF01733': 1}
Q7RTU0	1	{'PF00010': 1}
Q7RTU1	1	{'PF00010': 1}
Q7RTU3	1	{'PF00010': 1}
Q7RTU4	1	{'PF00010': 1}
Q7RTU5	1	{'PF00010': 1}
Q7RTU7	1	{'PF00010': 1}
Q7RTV0	1	{'PF03660': 1}
Q7RTV2	2	{'PF00043': 1, 'PF02798': 1}
Q7RTV3	2	{'PF13912': 1, 'PF00096': 1}
Q7RTV5	1	{'PF13911': 1}
Q7RTX0	3	{'PF00003': 1, 'PF01094': 1, 'PF07562': 1}
Q7RTX1	3	{'PF00003': 1, 'PF01094': 1, 'PF07562': 1}
Q7RTX7	1	{'PF00520': 1}
Q7RTX9	1	{'PF07690': 2}
Q7RTY0	1	{'PF07690': 2}
Q7RTY1	1	{'PF07690': 2}
Q7RTY3	1	{'PF00089': 1}
Q7RTY5	1	{'PF00089': 1}
Q7RTY7	2	{'PF00089': 2, 'PF00431': 2}
Q7RTY8	3	{'PF00089': 1, 'PF00431': 2, 'PF01390': 1}
Q7RTY9	1	{'PF00089': 1}
Q7RTZ1	2	{'PF00089': 1, 'PF00431': 2}
Q7RTZ2	1	{'PF00443': 1}
Q7Z2D5	1	{'PF01569': 1}
Q7Z2E3	3	{'PF11969': 1, 'PF16278': 1, 'PF17913': 1}
Q7Z2F6	1	{'PF01352': 1}
Q7Z2G1	1	{'PF00125': 1}
Q7Z2H8	1	{'PF01490': 1}
Q7Z2K6	3	{'PF04389': 1, 'PF22248': 1, 'PF22249': 1}
Q7Z2K8	1	{'PF15235': 1}
Q7Z2T5	1	{'PF02005': 2}
Q7Z2V1	1	{'PF15765': 1}
Q7Z2W4	6	{'PF00644': 1, 'PF02825': 1, 'PF18606': 1, 'PF18633': 1, 'PF23466': 1, 'PF25261': 1}
Q7Z2W7	3	{'PF00520': 1, 'PF18139': 1, 'PF25508': 2}
Q7Z2W9	1	{'PF00829': 1}
Q7Z2X4	1	{'PF14719': 1}
Q7Z2X7	1	{'PF05831': 1}
Q7Z2Y5	1	{'PF00069': 1}
Q7Z2Y8	3	{'PF25496': 1, 'PF25683': 1, 'PF25974': 1}
Q7Z2Z1	3	{'PF15292': 1, 'PF21854': 1, 'PF21855': 1}
Q7Z2Z2	4	{'PF00009': 1, 'PF00679': 1, 'PF14492': 1, 'PF25118': 1}
Q7Z304	1	{'PF00629': 4}
Q7Z333	2	{'PF13086': 1, 'PF13087': 1}
Q7Z340	2	{'PF01352': 1, 'PF00096': 12}
Q7Z388	1	{'PF10034': 1}
Q7Z392	1	{'PF12742': 1}
Q7Z398	2	{'PF01352': 1, 'PF00096': 7}
Q7Z3B0	1	{'PF15086': 1}
Q7Z3B1	2	{'PF13927': 2, 'PF07679': 1}
Q7Z3B3	1	{'PF15275': 1}
Q7Z3B4	1	{'PF18437': 1}
Q7Z3C6	1	{'PF04109': 1}
Q7Z3D4	1	{'PF01476': 1}
Q7Z3D6	2	{'PF07286': 1, 'PF14336': 1}
Q7Z3E1	1	{'PF00644': 1}
Q7Z3E5	2	{'PF21051': 1, 'PF23138': 1}
Q7Z3F1	2	{'PF00610': 1, 'PF03547': 1}
Q7Z3G6	2	{'PF00412': 3, 'PF06297': 1}
Q7Z3H4	1	{'PF00536': 1}
Q7Z3I7	1	{'PF00096': 12}
Q7Z3J3	3	{'PF00638': 2, 'PF01465': 1, 'PF16704': 1}
Q7Z3K3	4	{'PF03184': 1, 'PF03221': 1, 'PF25414': 1, 'PF25429': 1}
Q7Z3K6	3	{'PF00249': 1, 'PF01448': 1, 'PF19426': 1}
Q7Z3Q1	1	{'PF07690': 1}
Q7Z3S7	3	{'PF08399': 1, 'PF08473': 1, 'PF13768': 1}
Q7Z3S9	2	{'PF00008': 3, 'PF07645': 1}
Q7Z3T1	1	{'PF13853': 1}
Q7Z3T8	2	{'PF01363': 1, 'PF11979': 1}
Q7Z3U7	2	{'PF09324': 1, 'PF16206': 1}
Q7Z3V4	1	{'PF00632': 1}
Q7Z3V5	2	{'PF01352': 1, 'PF00096': 14}
Q7Z3Z2	1	{'PF14473': 1}
Q7Z3Z3	3	{'PF02170': 1, 'PF02171': 1, 'PF23278': 1}
Q7Z3Z4	3	{'PF02170': 1, 'PF02171': 1, 'PF23278': 1}
Q7Z401	3	{'PF02141': 1, 'PF03455': 1, 'PF03456': 1}
Q7Z402	1	{'PF07810': 1}
Q7Z403	1	{'PF07810': 1}
Q7Z404	1	{'PF07810': 1}
Q7Z406	2	{'PF00063': 1, 'PF02736': 1}
Q7Z407	2	{'PF00084': 28, 'PF00431': 14}
Q7Z408	2	{'PF00084': 26, 'PF00431': 14}
Q7Z410	1	{'PF00089': 3}
Q7Z412	1	{'PF07163': 1}
Q7Z417	1	{'PF15293': 1}
Q7Z418	1	{'PF07885': 2}
Q7Z419	2	{'PF01485': 1, 'PF22191': 1}
Q7Z422	2	{'PF12752': 1, 'PF12901': 1}
Q7Z429	1	{'PF01027': 1}
Q7Z434	1	{'PF16739': 1}
Q7Z442	6	{'PF00059': 1, 'PF01477': 1, 'PF02010': 1, 'PF02140': 1, 'PF08016': 1, 'PF20519': 1}
Q7Z443	3	{'PF00059': 1, 'PF01477': 1, 'PF08016': 1}
Q7Z444	1	{'PF00071': 1}
Q7Z449	1	{'PF00067': 1}
Q7Z465	2	{'PF12496': 1, 'PF13716': 1}
Q7Z478	8	{'PF00270': 1, 'PF00271': 1, 'PF04408': 1, 'PF07717': 1, 'PF21010': 1, 'PF24385': 1, 'PF24899': 1, 'PF26026': 1}
Q7Z494	3	{'PF24883': 1, 'PF24884': 1, 'PF25022': 1}
Q7Z4F1	1	{'PF00431': 1}
Q7Z4G1	1	{'PF07258': 1}
Q7Z4G4	2	{'PF01170': 1, 'PF25904': 1}
Q7Z4H3	1	{'PF13023': 1}
Q7Z4H7	1	{'PF14661': 1}
Q7Z4H8	2	{'PF00630': 1, 'PF05686': 1}
Q7Z4H9	1	{'PF15487': 1}
Q7Z4I7	1	{'PF00412': 5}
Q7Z4J2	1	{'PF03414': 1}
Q7Z4K8	3	{'PF00643': 1, 'PF13445': 1, 'PF18568': 1}
Q7Z4L0	1	{'PF02285': 1}
Q7Z4M0	1	{'PF15165': 1}
Q7Z4N2	4	{'PF00520': 1, 'PF16519': 1, 'PF18139': 1, 'PF25508': 1}
Q7Z4N8	2	{'PF08336': 1, 'PF13640': 1}
Q7Z4P5	2	{'PF00019': 1, 'PF00688': 1}
Q7Z4R8	1	{'PF17065': 1}
Q7Z4S6	4	{'PF00225': 1, 'PF23203': 1, 'PF23204': 1, 'PF25764': 1}
Q7Z4S9	1	{'PF00017': 1}
Q7Z4T8	1	{'PF00535': 1}
Q7Z4T9	1	{'PF14738': 1}
Q7Z4V5	2	{'PF00855': 1, 'PF11467': 1}
Q7Z4W1	1	{'PF13561': 1}
Q7Z4W2	1	{'PF00062': 1}
Q7Z4W3	1	{'PF11759': 1}
Q7Z4Y8	1	{'PF04718': 1}
Q7Z553	3	{'PF00629': 1, 'PF13927': 4, 'PF07679': 1}
Q7Z569	3	{'PF02148': 1, 'PF07576': 1, 'PF13639': 1}
Q7Z589	1	{'PF03735': 1}
Q7Z591	1	{'PF12443': 1}
Q7Z5A4	1	{'PF00089': 1}
Q7Z5A7	1	{'PF12020': 1}
Q7Z5A8	1	{'PF12020': 1}
Q7Z5A9	1	{'PF12020': 1}
Q7Z5B4	1	{'PF15361': 1}
Q7Z5D8	1	{'PF00046': 1}
Q7Z5G4	1	{'PF10256': 1}
Q7Z5H3	2	{'PF00169': 1, 'PF00620': 1}
Q7Z5H4	1	{'PF03402': 1}
Q7Z5H5	1	{'PF03402': 1}
Q7Z5J1	1	{'PF00106': 1}
Q7Z5J4	1	{'PF13771': 1}
Q7Z5K2	1	{'PF07814': 1}
Q7Z5L3	1	{'PF00386': 1}
Q7Z5L4	1	{'PF15212': 2}
Q7Z5L9	3	{'PF11261': 1, 'PF25454': 1, 'PF25457': 1}
Q7Z5M5	1	{'PF07810': 1}
Q7Z5M8	1	{'PF12146': 1}
Q7Z5N4	3	{'PF00041': 13, 'PF13927': 2, 'PF07679': 4}
Q7Z5P4	1	{'PF00106': 1}
Q7Z5P9	4	{'PF00094': 3, 'PF01826': 1, 'PF08742': 2, 'PF25962': 1}
Q7Z5Q1	2	{'PF16366': 1, 'PF16367': 1}
Q7Z5Q5	2	{'PF00476': 1, 'PF18049': 1}
Q7Z5R6	2	{'PF00169': 1, 'PF21989': 1}
Q7Z5S9	1	{'PF07857': 1}
Q7Z5V6	1	{'PF15691': 1}
Q7Z5W3	1	{'PF06859': 1}
Q7Z5Y6	2	{'PF00019': 1, 'PF00688': 1}
Q7Z5Y7	1	{'PF16017': 1}
Q7Z601	1	{'PF00001': 1}
Q7Z602	1	{'PF00001': 1}
Q7Z614	1	{'PF00787': 1}
Q7Z624	1	{'PF10294': 1}
Q7Z628	2	{'PF00169': 1, 'PF00621': 1}
Q7Z692	1	{'PF07686': 1}
Q7Z695	1	{'PF03109': 1}
Q7Z698	2	{'PF00568': 1, 'PF05210': 1}
Q7Z699	2	{'PF00568': 1, 'PF05210': 1}
Q7Z6B7	3	{'PF00018': 1, 'PF00611': 1, 'PF00620': 1}
Q7Z6E9	3	{'PF04564': 1, 'PF08783': 1, 'PF13696': 1}
Q7Z6G3	2	{'PF03992': 1, 'PF13499': 1}
Q7Z6G8	2	{'PF00536': 2, 'PF00640': 1}
Q7Z6I6	1	{'PF00620': 1}
Q7Z6I8	1	{'PF17724': 1}
Q7Z6J0	3	{'PF00018': 2, 'PF13923': 1, 'PF14604': 2}
Q7Z6J2	1	{'PF00595': 1}
Q7Z6J4	4	{'PF00169': 1, 'PF00621': 1, 'PF01363': 1, 'PF22697': 1}
Q7Z6J6	4	{'PF00373': 1, 'PF08736': 1, 'PF09379': 1, 'PF09380': 1}
Q7Z6J8	1	{'PF09814': 1}
Q7Z6J9	1	{'PF12928': 1}
Q7Z6K1	1	{'PF05485': 1}
Q7Z6K5	1	{'PF10574': 1}
Q7Z6L0	1	{'PF04505': 1}
Q7Z6L1	1	{'PF06398': 2}
Q7Z6M2	1	{'PF12937': 1}
Q7Z6M3	2	{'PF13895': 1, 'PF17736': 1}
Q7Z6M4	1	{'PF02536': 1}
Q7Z6P3	1	{'PF00071': 1}
Q7Z6R9	1	{'PF03299': 1}
Q7Z6V5	1	{'PF00383': 1}
Q7Z6W1	1	{'PF15844': 1}
Q7Z6W7	1	{'PF00226': 1}
Q7Z6Z6	1	{'PF01734': 1}
Q7Z6Z7	5	{'PF00632': 1, 'PF02825': 1, 'PF06012': 1, 'PF06025': 1, 'PF22562': 1}
Q7Z736	3	{'PF00373': 1, 'PF00784': 1, 'PF21989': 1}
Q7Z739	1	{'PF04146': 1}
Q7Z769	1	{'PF03151': 1}
Q7Z794	1	{'PF16208': 1}
Q7Z7A3	2	{'PF01171': 1, 'PF16503': 1}
Q7Z7A4	1	{'PF00787': 1}
Q7Z7B0	1	{'PF09727': 1}
Q7Z7B1	1	{'PF06423': 1}
Q7Z7B7	1	{'PF13841': 1}
Q7Z7B8	1	{'PF13841': 1}
Q7Z7C7	1	{'PF23175': 1}
Q7Z7C8	2	{'PF07524': 1, 'PF10406': 1}
Q7Z7D3	2	{'PF07686': 1, 'PF22705': 1}
Q7Z7E8	1	{'PF00179': 1}
Q7Z7F0	2	{'PF22675': 1, 'PF23469': 1}
Q7Z7F7	1	{'PF09776': 1}
Q7Z7G0	2	{'PF00041': 1, 'PF21731': 1}
Q7Z7G1	1	{'PF00017': 1}
Q7Z7G2	1	{'PF05835': 1}
Q7Z7G8	1	{'PF25036': 1}
Q7Z7H3	1	{'PF21772': 1}
Q7Z7H5	1	{'PF01105': 1}
Q7Z7H8	1	{'PF00466': 1}
Q7Z7J5	2	{'PF14047': 1, 'PF14049': 1}
Q7Z7J7	1	{'PF10242': 1}
Q7Z7J9	1	{'PF15170': 1}
Q7Z7K0	1	{'PF08583': 1}
Q7Z7K2	1	{'PF00096': 11}
Q7Z7K6	1	{'PF04828': 1}
Q7Z7L1	4	{'PF04326': 1, 'PF09848': 1, 'PF17057': 1, 'PF21026': 1}
Q7Z7L8	1	{'PF15766': 1}
Q7Z7L9	2	{'PF02023': 1, 'PF00096': 14}
Q7Z7M0	6	{'PF00053': 1, 'PF00431': 1, 'PF01437': 1, 'PF07645': 1, 'PF12947': 1, 'PF24973': 3}
Q7Z7M1	2	{'PF00002': 1, 'PF00354': 1}
Q7Z7M8	1	{'PF01762': 1}
Q7Z7M9	2	{'PF00535': 1, 'PF00652': 1}
Q7Z7N9	1	{'PF26158': 1}
Q86SE5	1	{'PF00076': 1}
Q86SE8	1	{'PF03066': 1}
Q86SE9	2	{'PF13923': 1, 'PF16207': 1}
Q86SF2	2	{'PF00535': 1, 'PF00652': 1}
Q86SG3	1	{'PF00076': 2}
Q86SG5	1	{'PF01023': 1}
Q86SG6	1	{'PF00069': 1}
Q86SH2	1	{'PF13695': 1}
Q86SH4	1	{'PF15174': 1}
Q86SJ2	1	{'PF13927': 1}
Q86SJ6	2	{'PF00028': 4, 'PF01049': 1}
Q86SK9	1	{'PF00487': 1}
Q86SM8	1	{'PF00001': 1}
Q86SQ0	1	{'PF00169': 1}
Q86SQ3	2	{'PF00002': 1, 'PF07645': 1}
Q86SQ4	5	{'PF00002': 1, 'PF00354': 1, 'PF00431': 1, 'PF25307': 1, 'PF26574': 1}
Q86SQ6	1	{'PF00002': 1}
Q86SQ9	1	{'PF01255': 1}
Q86SR1	2	{'PF00535': 1, 'PF00652': 1}
Q86SS6	1	{'PF00168': 2}
Q86SU0	1	{'PF05624': 1}
Q86SX3	1	{'PF14970': 2}
Q86SX6	1	{'PF00462': 1}
Q86SZ2	1	{'PF04051': 1}
Q86T03	1	{'PF09788': 1}
Q86T24	1	{'PF00651': 1}
Q86T26	2	{'PF00089': 1, 'PF01390': 1}
Q86T29	2	{'PF01352': 1, 'PF00096': 15}
Q86T65	1	{'PF02181': 1}
Q86T75	1	{'PF06758': 6}
Q86T82	2	{'PF00443': 1, 'PF16674': 1}
Q86T90	1	{'PF15369': 1}
Q86T96	2	{'PF00097': 1, 'PF19332': 1}
Q86TA1	1	{'PF03637': 1}
Q86TB3	2	{'PF02816': 1, 'PF07679': 2}
Q86TC9	1	{'PF07679': 5}
Q86TD4	2	{'PF00350': 1, 'PF16880': 1}
Q86TG1	1	{'PF10277': 1}
Q86TG7	1	{'PF16297': 1}
Q86TH1	5	{'PF00090': 1, 'PF05986': 1, 'PF08686': 1, 'PF19030': 4, 'PF19236': 1}
Q86TI0	3	{'PF00566': 1, 'PF00640': 1, 'PF11830': 1}
Q86TI2	1	{'PF00326': 1}
Q86TJ2	4	{'PF00249': 1, 'PF22941': 1, 'PF24533': 1, 'PF25299': 1}
Q86TJ5	3	{'PF01352': 1, 'PF00096': 5, 'PF13465': 1}
Q86TL0	1	{'PF03416': 1}
Q86TL2	1	{'PF12400': 1}
Q86TM3	3	{'PF00013': 1, 'PF00270': 1, 'PF00271': 1}
Q86TM6	1	{'PF13639': 1}
Q86TN4	1	{'PF01885': 1}
Q86TP1	2	{'PF01368': 1, 'PF02833': 1}
Q86TS9	1	{'PF18699': 1}
Q86TU7	2	{'PF00856': 1, 'PF09273': 1}
Q86TW2	1	{'PF03109': 1}
Q86TX2	2	{'PF04775': 1, 'PF08840': 1}
Q86TY3	1	{'PF15767': 1}
Q86U06	2	{'PF00076': 2, 'PF15519': 1}
Q86U10	2	{'PF00710': 1, 'PF17763': 1}
Q86U17	1	{'PF00079': 1}
Q86U28	1	{'PF01521': 1}
Q86U42	1	{'PF00076': 1}
Q86U44	1	{'PF05063': 1}
Q86U70	2	{'PF01803': 1, 'PF17916': 1}
Q86U86	3	{'PF00439': 6, 'PF00505': 1, 'PF01426': 2}
Q86U90	1	{'PF01300': 1}
Q86UA6	3	{'PF14766': 1, 'PF14767': 1, 'PF14768': 1}
Q86UB9	2	{'PF02466': 1, 'PF15982': 1}
Q86UC2	1	{'PF06098': 1}
Q86UD0	2	{'PF11414': 1, 'PF25825': 1}
Q86UD1	2	{'PF14941': 1, 'PF22873': 1}
Q86UD3	1	{'PF12906': 1}
Q86UD4	1	{'PF00096': 12}
Q86UD5	1	{'PF00999': 1}
Q86UD7	1	{'PF00566': 1}
Q86UE3	2	{'PF01352': 1, 'PF00096': 21}
Q86UE4	1	{'PF15686': 1}
Q86UE8	1	{'PF00069': 1}
Q86UF1	1	{'PF00335': 1}
Q86UF4	1	{'PF15768': 1}
Q86UG4	2	{'PF03137': 1, 'PF07648': 1}
Q86UK0	3	{'PF12698': 2, 'PF00005': 2, 'PF23321': 1}
Q86UK5	1	{'PF12297': 1}
Q86UK7	3	{'PF23208': 1, 'PF23230': 1, 'PF25447': 1}
Q86UL3	1	{'PF01553': 1}
Q86UL8	3	{'PF00397': 1, 'PF00595': 6, 'PF00625': 1}
Q86UN6	1	{'PF14469': 1}
Q86UP0	2	{'PF00028': 4, 'PF01049': 1}
Q86UP2	1	{'PF05104': 1}
Q86UP3	4	{'PF00046': 4, 'PF12874': 1, 'PF00096': 1, 'PF24056': 1}
Q86UP6	3	{'PF00100': 1, 'PF00431': 2, 'PF23344': 1}
Q86UP8	1	{'PF02946': 2}
Q86UP9	1	{'PF10242': 1}
Q86UQ0	3	{'PF01352': 1, 'PF00096': 4, 'PF21225': 1}
Q86UQ4	3	{'PF12698': 2, 'PF00005': 2, 'PF23321': 1}
Q86UR1	2	{'PF00018': 1, 'PF00564': 1}
Q86UR5	3	{'PF00168': 2, 'PF00595': 1, 'PF22601': 1}
Q86US8	1	{'PF13638': 1}
Q86UT5	1	{'PF00595': 4}
Q86UT6	2	{'PF05729': 1, 'PF21402': 1}
Q86UU0	1	{'PF11502': 1}
Q86UU1	2	{'PF00169': 1, 'PF00498': 1}
Q86UU5	1	{'PF15685': 1}
Q86UV5	2	{'PF00443': 1, 'PF06337': 1}
Q86UV6	2	{'PF00643': 1, 'PF13445': 1}
Q86UV7	2	{'PF00643': 1, 'PF13445': 1}
Q86UW1	1	{'PF03619': 1}
Q86UW2	1	{'PF15048': 1}
Q86UW6	6	{'PF01713': 1, 'PF08590': 1, 'PF13671': 1, 'PF25124': 1, 'PF25125': 1, 'PF25126': 1}
Q86UW7	2	{'PF00169': 1, 'PF25341': 1}
Q86UW8	2	{'PF00193': 2, 'PF07686': 1}
Q86UW9	2	{'PF02825': 2, 'PF18102': 1}
Q86UX2	3	{'PF00092': 1, 'PF06668': 1, 'PF08487': 1}
Q86UX6	1	{'PF00069': 1}
Q86UX7	3	{'PF00169': 1, 'PF00373': 1, 'PF18124': 1}
Q86UY5	1	{'PF07894': 1}
Q86UY6	1	{'PF00583': 1}
Q86UY8	1	{'PF05761': 1}
Q86UZ6	2	{'PF00651': 1, 'PF13465': 1}
Q86V20	3	{'PF15793': 1, 'PF21669': 1, 'PF22779': 1}
Q86V21	2	{'PF00501': 1, 'PF16177': 1}
Q86V24	1	{'PF03006': 1}
Q86V25	1	{'PF14822': 1}
Q86V35	1	{'PF13499': 1}
Q86V40	1	{'PF01963': 1}
Q86V42	1	{'PF15067': 1}
Q86V59	2	{'PF20846': 1, 'PF20847': 1}
Q86V71	2	{'PF01352': 1, 'PF00096': 15}
Q86V81	2	{'PF00076': 1, 'PF13865': 1}
Q86V85	2	{'PF10192': 1, 'PF21870': 1}
Q86V86	1	{'PF00069': 1}
Q86V87	1	{'PF19314': 1}
Q86V88	1	{'PF12689': 1}
Q86V97	2	{'PF00651': 1, 'PF07707': 1}
Q86VB7	1	{'PF00530': 9}
Q86VD1	3	{'PF07496': 1, 'PF13589': 1, 'PF17942': 1}
Q86VD9	1	{'PF03901': 1}
Q86VE0	1	{'PF13873': 1}
Q86VE3	1	{'PF00583': 1}
Q86VE9	1	{'PF03348': 1}
Q86VF2	3	{'PF00041': 4, 'PF07679': 5, 'PF18362': 1}
Q86VF5	1	{'PF03982': 1}
Q86VF7	1	{'PF00412': 1}
Q86VG3	1	{'PF17722': 2}
Q86VH2	2	{'PF00225': 1, 'PF25764': 1}
Q86VI3	3	{'PF00307': 1, 'PF00616': 1, 'PF03836': 1}
Q86VI4	1	{'PF03821': 1}
Q86VK4	1	{'PF00096': 4}
Q86VL8	1	{'PF01554': 2}
Q86VM9	1	{'PF18044': 1}
Q86VN1	2	{'PF04157': 1, 'PF11605': 1}
Q86VP1	2	{'PF17751': 1, 'PF18112': 2}
Q86VP3	2	{'PF10254': 1, 'PF25332': 1}
Q86VQ3	1	{'PF00085': 1}
Q86VQ6	3	{'PF00462': 1, 'PF02852': 1, 'PF07992': 1}
Q86VR2	1	{'PF24456': 1}
Q86VR7	2	{'PF13895': 1, 'PF07679': 1}
Q86VS3	1	{'PF24923': 1}
Q86VS8	1	{'PF19047': 1}
Q86VU5	1	{'PF01596': 1}
Q86VV4	1	{'PF00638': 1}
Q86VV8	1	{'PF14726': 1}
Q86VW0	1	{'PF13716': 1}
Q86VW1	1	{'PF00083': 1}
Q86VW2	2	{'PF00621': 1, 'PF22697': 1}
Q86VX2	2	{'PF07258': 1, 'PF21672': 1}
Q86VX9	3	{'PF19036': 1, 'PF19037': 1, 'PF19038': 1}
Q86VY4	1	{'PF00956': 1}
Q86VY9	1	{'PF10177': 1}
Q86VZ1	1	{'PF00001': 1}
Q86VZ4	2	{'PF07502': 1, 'PF22352': 1}
Q86VZ5	1	{'PF14360': 1}
Q86W10	1	{'PF00067': 1}
Q86W11	2	{'PF02023': 1, 'PF00096': 6}
Q86W24	4	{'PF02758': 1, 'PF05729': 1, 'PF17776': 1, 'PF17779': 1}
Q86W25	4	{'PF02758': 1, 'PF05729': 1, 'PF17776': 1, 'PF17779': 1}
Q86W26	3	{'PF02758': 1, 'PF05729': 1, 'PF17779': 1}
Q86W28	4	{'PF02758': 1, 'PF05729': 1, 'PF17776': 1, 'PF17779': 1}
Q86W33	1	{'PF10160': 1}
Q86W34	1	{'PF07998': 1}
Q86W47	1	{'PF03185': 1}
Q86W50	1	{'PF05971': 1}
Q86W54	1	{'PF15175': 1}
Q86W56	2	{'PF05028': 1, 'PF20811': 1}
Q86W92	2	{'PF00536': 2, 'PF07647': 1}
Q86WA6	1	{'PF00561': 1}
Q86WA8	4	{'PF00004': 1, 'PF02190': 1, 'PF05362': 1, 'PF22667': 1}
Q86WA9	2	{'PF00916': 1, 'PF01740': 1}
Q86WB0	2	{'PF07967': 1, 'PF08600': 1}
Q86WB7	1	{'PF05978': 1}
Q86WC4	1	{'PF09777': 1}
Q86WD7	1	{'PF00079': 1}
Q86WG3	2	{'PF12496': 1, 'PF13716': 1}
Q86WG5	6	{'PF00169': 1, 'PF02141': 1, 'PF02893': 1, 'PF03456': 1, 'PF06602': 1, 'PF12335': 1}
Q86WH2	2	{'PF00788': 1, 'PF16517': 1}
Q86WI0	1	{'PF10242': 1}
Q86WI1	2	{'PF01833': 14, 'PF07691': 1}
Q86WI3	3	{'PF05729': 1, 'PF17776': 1, 'PF18461': 1}
Q86WJ1	2	{'PF00176': 1, 'PF00271': 1}
Q86WK6	1	{'PF07679': 1}
Q86WK9	1	{'PF03006': 1}
Q86WN1	2	{'PF00611': 1, 'PF14604': 2}
Q86WN2	1	{'PF00143': 1}
Q86WP2	1	{'PF15337': 1}
Q86WR0	1	{'PF05670': 1}
Q86WR6	1	{'PF13907': 1}
Q86WR7	1	{'PF15385': 1}
Q86WS4	1	{'PF15089': 1}
Q86WS5	1	{'PF00089': 1}
Q86WT6	3	{'PF00622': 1, 'PF13765': 1, 'PF15227': 1}
Q86WU2	2	{'PF01565': 1, 'PF02913': 1}
Q86WV1	2	{'PF00169': 1, 'PF14604': 1}
Q86WV5	1	{'PF15490': 1}
Q86WV6	2	{'PF15009': 1, 'PF23417': 1}
Q86WW8	1	{'PF10203': 1}
Q86WX3	1	{'PF15684': 1}
Q86WZ6	2	{'PF01352': 1, 'PF00096': 17}
Q86X10	1	{'PF20412': 1}
Q86X19	1	{'PF09799': 1}
Q86X24	1	{'PF02301': 1}
Q86X27	2	{'PF00169': 1, 'PF00617': 1}
Q86X29	1	{'PF05624': 1}
Q86X45	1	{'PF23602': 1}
Q86X52	1	{'PF05679': 1}
Q86X55	3	{'PF06325': 1, 'PF11531': 1, 'PF22528': 1}
Q86X60	1	{'PF14976': 1}
Q86X67	3	{'PF00293': 1, 'PF09296': 1, 'PF09297': 1}
Q86X76	1	{'PF00795': 1}
Q86X83	2	{'PF07258': 1, 'PF21672': 1}
Q86X95	1	{'PF10197': 1}
Q86XA0	1	{'PF10294': 1}
Q86XD5	1	{'PF15010': 1}
Q86XD8	2	{'PF00240': 1, 'PF01428': 1}
Q86XE0	2	{'PF00787': 1, 'PF09325': 2}
Q86XE3	1	{'PF13499': 1}
Q86XE5	1	{'PF00701': 1}
Q86XF0	1	{'PF00186': 1}
Q86XF7	1	{'PF00096': 6}
Q86XG9	1	{'PF06758': 1}
Q86XH1	1	{'PF00004': 1}
Q86XI2	1	{'PF12422': 1}
Q86XI6	1	{'PF03370': 1}
Q86XI8	3	{'PF17738': 1, 'PF20783': 1, 'PF20784': 1}
Q86XJ0	1	{'PF14798': 1}
Q86XJ1	2	{'PF00307': 1, 'PF02187': 1}
Q86XK2	2	{'PF02207': 1, 'PF12937': 1}
Q86XK3	1	{'PF10376': 1}
Q86XK7	2	{'PF07686': 1, 'PF13927': 1}
Q86XL3	3	{'PF01693': 1, 'PF03020': 1, 'PF24567': 1}
Q86XM0	2	{'PF22850': 1, 'PF23747': 1}
Q86XN6	4	{'PF01352': 1, 'PF13912': 2, 'PF00096': 11, 'PF13465': 1}
Q86XN7	1	{'PF14771': 1}
Q86XN8	2	{'PF00013': 2, 'PF13920': 1}
Q86XP0	3	{'PF00168': 1, 'PF01735': 1, 'PF18695': 1}
Q86XP1	6	{'PF00130': 2, 'PF00169': 1, 'PF00609': 1, 'PF00781': 1, 'PF07647': 1, 'PF22944': 1}
Q86XP3	2	{'PF00270': 1, 'PF00271': 1}
Q86XP6	1	{'PF04089': 1}
Q86XQ3	1	{'PF00520': 1}
Q86XR2	2	{'PF26086': 1, 'PF26089': 1}
Q86XR5	1	{'PF16101': 1}
Q86XR7	1	{'PF13676': 1}
Q86XR8	1	{'PF06657': 1}
Q86XS5	1	{'PF00147': 1}
Q86XS8	2	{'PF02225': 1, 'PF13639': 1}
Q86XT2	1	{'PF07200': 1}
Q86XT4	4	{'PF00622': 1, 'PF00643': 1, 'PF13445': 1, 'PF13765': 1}
Q86XT9	1	{'PF14940': 1}
Q86XU0	2	{'PF01352': 1, 'PF00096': 10}
Q86XW9	2	{'PF00085': 1, 'PF00334': 1}
Q86XX4	3	{'PF00093': 4, 'PF03160': 5, 'PF16184': 11}
Q86XZ4	1	{'PF07139': 1}
Q86Y01	2	{'PF02825': 2, 'PF18102': 1}
Q86Y07	1	{'PF00069': 1}
Q86Y13	5	{'PF13639': 1, 'PF18738': 1, 'PF19179': 1, 'PF24525': 1, 'PF24905': 1}
Q86Y25	3	{'PF01352': 1, 'PF00096': 8, 'PF13465': 1}
Q86Y26	1	{'PF12881': 2}
Q86Y27	1	{'PF08180': 1}
Q86Y28	1	{'PF08180': 1}
Q86Y29	1	{'PF08180': 1}
Q86Y30	1	{'PF08180': 1}
Q86Y34	1	{'PF00002': 1}
Q86Y38	2	{'PF02485': 1, 'PF12529': 1}
Q86Y46	1	{'PF16208': 1}
Q86Y78	1	{'PF16975': 1}
Q86Y79	1	{'PF01195': 1}
Q86Y82	2	{'PF05739': 1, 'PF14523': 1}
Q86Y91	1	{'PF00225': 1}
Q86Y97	1	{'PF00856': 1}
Q86YA3	4	{'PF06839': 1, 'PF10382': 1, 'PF13086': 1, 'PF13087': 1}
Q86YB7	1	{'PF00378': 1}
Q86YB8	1	{'PF04137': 1}
Q86YD1	1	{'PF11232': 2}
Q86YD3	1	{'PF08205': 1}
Q86YD7	1	{'PF15288': 1}
Q86YE8	3	{'PF01352': 1, 'PF13912': 1, 'PF00096': 18}
Q86YF9	2	{'PF13815': 1, 'PF25977': 1}
Q86YG4	1	{'PF05761': 1}
Q86YH2	1	{'PF13836': 1}
Q86YH6	1	{'PF00348': 1}
Q86YI8	1	{'PF20826': 1}
Q86YJ5	1	{'PF12906': 1}
Q86YJ6	2	{'PF00291': 1, 'PF14821': 1}
Q86YJ7	1	{'PF11904': 1}
Q86YL5	1	{'PF15683': 1}
Q86YL7	1	{'PF05808': 1}
Q86YM7	1	{'PF00568': 1}
Q86YN1	1	{'PF01569': 1}
Q86YN6	1	{'PF00076': 1}
Q86YP4	1	{'PF00320': 1}
Q86YQ2	1	{'PF01273': 1}
Q86YQ8	2	{'PF00168': 2, 'PF07002': 1}
Q86YR7	4	{'PF00621': 1, 'PF13716': 1, 'PF22697': 1, 'PF23289': 1}
Q86YS3	1	{'PF25450': 1}
Q86YS6	1	{'PF00071': 1}
Q86YS7	3	{'PF00168': 1, 'PF23025': 4, 'PF23028': 1}
Q86YT5	1	{'PF00939': 1}
Q86YT6	4	{'PF00569': 1, 'PF06701': 2, 'PF13920': 3, 'PF18346': 2}
Q86YT9	1	{'PF07686': 2}
Q86YV0	2	{'PF00616': 2, 'PF25321': 1}
Q86YV5	1	{'PF07714': 1}
Q86YV6	1	{'PF00069': 1}
Q86YW0	4	{'PF00168': 1, 'PF00387': 1, 'PF00388': 1, 'PF09279': 1}
Q86YW7	1	{'PF00007': 1}
Q86YW9	3	{'PF09497': 1, 'PF12144': 1, 'PF12145': 1}
Q86YZ3	1	{'PF01023': 1}
Q86Z02	1	{'PF00069': 1}
Q86Z14	1	{'PF00232': 3}
Q86Z23	1	{'PF00386': 1}
Q8HWS3	2	{'PF02257': 1, 'PF25340': 1}
Q8IU54	1	{'PF15177': 1}
Q8IU57	1	{'PF01108': 1}
Q8IU60	2	{'PF00293': 1, 'PF05026': 1}
Q8IU68	1	{'PF07810': 1}
Q8IU80	2	{'PF00089': 1, 'PF01390': 1}
Q8IU81	3	{'PF11261': 1, 'PF25454': 1, 'PF25457': 1}
Q8IU85	1	{'PF00069': 1}
Q8IU89	2	{'PF00046': 1, 'PF03798': 1}
Q8IU99	1	{'PF14798': 1}
Q8IUA0	2	{'PF00014': 1, 'PF00095': 3}
Q8IUA7	2	{'PF12698': 2, 'PF00005': 2}
Q8IUB2	1	{'PF00095': 4}
Q8IUB9	1	{'PF11759': 1}
Q8IUC0	1	{'PF05287': 1}
Q8IUC1	1	{'PF05287': 1}
Q8IUC2	1	{'PF11759': 1}
Q8IUC3	1	{'PF15034': 1}
Q8IUC4	1	{'PF02185': 1}
Q8IUC6	1	{'PF17798': 1}
Q8IUC8	2	{'PF00535': 1, 'PF00652': 1}
Q8IUD6	2	{'PF00622': 1, 'PF15227': 1}
Q8IUE0	1	{'PF05920': 1}
Q8IUE1	1	{'PF05920': 1}
Q8IUE6	2	{'PF00125': 1, 'PF16211': 1}
Q8IUF1	2	{'PF02492': 1, 'PF07683': 1}
Q8IUF8	2	{'PF08007': 1, 'PF20514': 1}
Q8IUG1	1	{'PF01500': 1}
Q8IUG5	1	{'PF00063': 1}
Q8IUH2	1	{'PF13883': 1}
Q8IUH3	1	{'PF00076': 4}
Q8IUH4	1	{'PF01529': 1}
Q8IUH5	1	{'PF01529': 1}
Q8IUH8	2	{'PF02225': 1, 'PF04258': 1}
Q8IUK5	1	{'PF01437': 1}
Q8IUK8	1	{'PF00386': 1}
Q8IUL8	8	{'PF00090': 1, 'PF13330': 1, 'PF13620': 1, 'PF13927': 1, 'PF23591': 1, 'PF23599': 1, 'PF23708': 1, 'PF23730': 1}
Q8IUM7	2	{'PF08447': 1, 'PF23183': 1}
Q8IUN9	2	{'PF00059': 1, 'PF03954': 1}
Q8IUQ0	2	{'PF00650': 1, 'PF03765': 1}
Q8IUQ4	3	{'PF03145': 1, 'PF21361': 1, 'PF21362': 1}
Q8IUR0	1	{'PF04051': 1}
Q8IUR5	1	{'PF08409': 1}
Q8IUS5	1	{'PF00561': 1}
Q8IUW3	1	{'PF21388': 1}
Q8IUW5	1	{'PF12606': 1}
Q8IUX1	1	{'PF07114': 1}
Q8IUX4	2	{'PF08210': 1, 'PF18782': 1}
Q8IUX7	3	{'PF00246': 1, 'PF00754': 1, 'PF13620': 1}
Q8IUX8	2	{'PF00629': 1, 'PF07645': 3}
Q8IUY3	1	{'PF02893': 1}
Q8IUZ5	1	{'PF00202': 1}
Q8IV01	1	{'PF00168': 2}
Q8IV03	1	{'PF14854': 1}
Q8IV04	1	{'PF00566': 1}
Q8IV08	1	{'PF13918': 1}
Q8IV13	2	{'PF00134': 1, 'PF02984': 1}
Q8IV16	1	{'PF00087': 1}
Q8IV20	1	{'PF02578': 1}
Q8IV36	1	{'PF12722': 1}
Q8IV38	1	{'PF01753': 1}
Q8IV42	1	{'PF08433': 1}
Q8IV45	3	{'PF00531': 1, 'PF00791': 1, 'PF17217': 1}
Q8IV48	2	{'PF00929': 1, 'PF02037': 1}
Q8IV50	1	{'PF01476': 1}
Q8IV53	3	{'PF02141': 1, 'PF03455': 1, 'PF03456': 1}
Q8IV56	1	{'PF15321': 1}
Q8IV61	2	{'PF00130': 1, 'PF00617': 1}
Q8IV63	2	{'PF13240': 1, 'PF00069': 1}
Q8IV77	2	{'PF00027': 1, 'PF00520': 1}
Q8IVB4	1	{'PF00999': 1}
Q8IVB5	1	{'PF14954': 1}
Q8IVC4	3	{'PF01352': 1, 'PF00096': 7, 'PF13894': 1}
Q8IVD9	2	{'PF04969': 1, 'PF14050': 1}
Q8IVE3	4	{'PF00169': 1, 'PF00373': 1, 'PF00784': 1, 'PF21989': 1}
Q8IVF1	1	{'PF12881': 1}
Q8IVF4	12	{'PF03028': 1, 'PF08385': 2, 'PF08393': 1, 'PF12774': 1, 'PF12775': 1, 'PF12777': 1, 'PF12780': 1, 'PF12781': 1, 'PF17852': 1, 'PF17857': 1, 'PF18198': 1, 'PF18199': 1}
Q8IVF5	5	{'PF00169': 1, 'PF00595': 1, 'PF00621': 1, 'PF18385': 1, 'PF23014': 1}
Q8IVF6	1	{'PF12001': 1}
Q8IVF7	1	{'PF02181': 1}
Q8IVG9	1	{'PF15040': 1}
Q8IVH2	2	{'PF00250': 1, 'PF16159': 1}
Q8IVH4	1	{'PF03308': 1}
Q8IVH8	1	{'PF00069': 1}
Q8IVI9	3	{'PF00611': 1, 'PF14604': 1, 'PF25610': 1}
Q8IVJ1	1	{'PF01769': 2}
Q8IVL0	4	{'PF00004': 1, 'PF00307': 1, 'PF23092': 1, 'PF25408': 1}
Q8IVL1	3	{'PF00307': 1, 'PF23092': 1, 'PF25408': 1}
Q8IVL5	1	{'PF13640': 1}
Q8IVL6	1	{'PF13640': 1}
Q8IVL8	1	{'PF00246': 1}
Q8IVM8	1	{'PF07690': 1}
Q8IVN3	1	{'PF15682': 1}
Q8IVN8	2	{'PF19028': 1, 'PF25031': 1}
Q8IVP5	1	{'PF04930': 1}
Q8IVP9	3	{'PF01352': 1, 'PF00096': 6, 'PF13465': 1}
Q8IVQ6	1	{'PF01529': 1}
Q8IVS2	1	{'PF00698': 1}
Q8IVS8	2	{'PF05161': 1, 'PF13660': 1}
Q8IVT2	1	{'PF15304': 1}
Q8IVT5	2	{'PF20406': 1, 'PF07714': 1}
Q8IVU1	3	{'PF00041': 2, 'PF13927': 3, 'PF07679': 1}
Q8IVU3	1	{'PF00632': 1}
Q8IVU9	1	{'PF14769': 1}
Q8IVV2	1	{'PF01477': 15}
Q8IVV7	1	{'PF09783': 1}
Q8IVV8	1	{'PF05640': 1}
Q8IVW1	2	{'PF00025': 1, 'PF15840': 1}
Q8IVW4	1	{'PF00069': 1}
Q8IVW6	1	{'PF01388': 1}
Q8IVW8	1	{'PF07690': 1}
Q8IW00	1	{'PF07686': 1}
Q8IW03	1	{'PF03145': 1}
Q8IW19	2	{'PF10283': 2, 'PF17913': 1}
Q8IW36	2	{'PF01352': 1, 'PF00096': 9}
Q8IW40	2	{'PF13877': 1, 'PF15867': 1}
Q8IW41	1	{'PF00069': 1}
Q8IW45	1	{'PF01256': 1}
Q8IW50	1	{'PF15260': 1}
Q8IW70	1	{'PF14857': 1}
Q8IW75	1	{'PF00079': 1}
Q8IW92	3	{'PF01301': 1, 'PF21317': 1, 'PF21467': 1}
Q8IW93	2	{'PF00621': 1, 'PF07653': 1}
Q8IWA4	2	{'PF00350': 1, 'PF04799': 1}
Q8IWA5	1	{'PF04515': 1}
Q8IWA6	1	{'PF15769': 1}
Q8IWB1	1	{'PF20266': 1}
Q8IWB4	2	{'PF14650': 1, 'PF15371': 1}
Q8IWB6	1	{'PF07714': 1}
Q8IWB7	1	{'PF01363': 1}
Q8IWD4	1	{'PF15810': 1}
Q8IWD5	1	{'PF12832': 1}
Q8IWE2	1	{'PF05334': 1}
Q8IWE4	1	{'PF03556': 1}
Q8IWE5	3	{'PF00169': 1, 'PF02759': 1, 'PF23142': 1}
Q8IWF2	1	{'PF13738': 1}
Q8IWF6	1	{'PF09794': 1}
Q8IWF7	1	{'PF00179': 1}
Q8IWI9	3	{'PF00010': 1, 'PF00907': 1, 'PF16059': 1}
Q8IWJ2	2	{'PF01465': 1, 'PF16704': 1}
Q8IWK6	2	{'PF00002': 1, 'PF26588': 1}
Q8IWL1	1	{'PF00059': 1}
Q8IWL2	1	{'PF00059': 1}
Q8IWL3	2	{'PF07743': 1, 'PF18256': 1}
Q8IWN7	1	{'PF03607': 2}
Q8IWP9	1	{'PF13270': 1}
Q8IWQ3	3	{'PF21115': 1, 'PF21122': 1, 'PF00069': 1}
Q8IWR0	1	{'PF00642': 1}
Q8IWR1	2	{'PF00643': 1, 'PF13445': 1}
Q8IWS0	1	{'PF13771': 2}
Q8IWT0	1	{'PF01951': 1}
Q8IWT1	1	{'PF07686': 1}
Q8IWT3	6	{'PF01485': 1, 'PF03256': 1, 'PF11515': 1, 'PF22191': 1, 'PF23168': 1, 'PF26557': 1}
Q8IWT6	1	{'PF12534': 1}
Q8IWU2	1	{'PF07714': 1}
Q8IWU4	2	{'PF01545': 1, 'PF16916': 1}
Q8IWU5	2	{'PF00884': 1, 'PF12548': 1}
Q8IWU6	2	{'PF00884': 1, 'PF12548': 2}
Q8IWU9	1	{'PF00351': 1}
Q8IWV1	1	{'PF15681': 1}
Q8IWV2	3	{'PF00041': 2, 'PF13927': 3, 'PF07679': 3}
Q8IWV7	4	{'PF02207': 1, 'PF02617': 1, 'PF18995': 1, 'PF22960': 1}
Q8IWV8	4	{'PF02207': 1, 'PF02617': 1, 'PF18995': 1, 'PF22960': 1}
Q8IWW6	4	{'PF00018': 1, 'PF00169': 1, 'PF00397': 1, 'PF00620': 1}
Q8IWW8	2	{'PF00465': 1, 'PF25137': 1}
Q8IWX5	1	{'PF01569': 1}
Q8IWX8	3	{'PF01585': 1, 'PF01805': 1, 'PF25127': 1}
Q8IWY4	6	{'PF00431': 1, 'PF07645': 2, 'PF07699': 3, 'PF12662': 1, 'PF12947': 1, 'PF14670': 3}
Q8IWY8	3	{'PF02023': 1, 'PF13837': 2, 'PF00096': 6}
Q8IWY9	1	{'PF15296': 1}
Q8IWZ3	1	{'PF00013': 1}
Q8IWZ4	2	{'PF00643': 1, 'PF15227': 1}
Q8IWZ5	2	{'PF00041': 1, 'PF00643': 1}
Q8IWZ6	3	{'PF23349': 1, 'PF23360': 1, 'PF23361': 1}
Q8IWZ8	2	{'PF01585': 1, 'PF01805': 2}
Q8IX01	2	{'PF01585': 1, 'PF01805': 1}
Q8IX03	3	{'PF00168': 1, 'PF00397': 2, 'PF25802': 1}
Q8IX04	3	{'PF00056': 1, 'PF02866': 1, 'PF05743': 1}
Q8IX05	1	{'PF00059': 1}
Q8IX06	1	{'PF15870': 2}
Q8IX07	3	{'PF00096': 1, 'PF21182': 1, 'PF25445': 1}
Q8IX12	4	{'PF02037': 1, 'PF14443': 1, 'PF14444': 1, 'PF19256': 1}
Q8IX15	1	{'PF11569': 1}
Q8IX18	5	{'PF00270': 1, 'PF00271': 1, 'PF04408': 1, 'PF07717': 1, 'PF21010': 1}
Q8IX21	1	{'PF14816': 1}
Q8IX29	1	{'PF12937': 1}
Q8IX30	6	{'PF00431': 1, 'PF07645': 2, 'PF07699': 3, 'PF12662': 2, 'PF12947': 1, 'PF14670': 2}
Q8IXA5	1	{'PF00062': 1}
Q8IXB1	2	{'PF00085': 4, 'PF00226': 1}
Q8IXB3	1	{'PF04505': 1}
Q8IXE1	1	{'PF13853': 1}
Q8IXF0	3	{'PF00989': 1, 'PF08447': 1, 'PF23171': 1}
Q8IXF9	1	{'PF00230': 1}
Q8IXH6	1	{'PF14839': 1}
Q8IXH7	1	{'PF04858': 1}
Q8IXH8	1	{'PF00028': 3}
Q8IXI1	3	{'PF00071': 1, 'PF08355': 1, 'PF08356': 1}
Q8IXI2	3	{'PF00071': 1, 'PF08355': 1, 'PF08356': 1}
Q8IXJ6	1	{'PF02146': 1}
Q8IXJ9	3	{'PF05066': 1, 'PF13919': 1, 'PF13922': 1}
Q8IXK0	2	{'PF00536': 1, 'PF21319': 1}
Q8IXK2	2	{'PF00535': 1, 'PF00652': 1}
Q8IXL6	1	{'PF06702': 1}
Q8IXL7	1	{'PF01641': 1}
Q8IXM3	1	{'PF09809': 1}
Q8IXN7	1	{'PF08443': 1}
Q8IXP5	1	{'PF17721': 1}
Q8IXQ4	1	{'PF12572': 1}
Q8IXQ5	2	{'PF00651': 1, 'PF07707': 1}
Q8IXQ6	2	{'PF01661': 2, 'PF23254': 1}
Q8IXQ8	1	{'PF00595': 1}
Q8IXQ9	1	{'PF06325': 1}
Q8IXR5	1	{'PF14816': 1}
Q8IXR9	1	{'PF15087': 1}
Q8IXS0	1	{'PF15344': 1}
Q8IXS2	1	{'PF14772': 1}
Q8IXT1	1	{'PF08646': 1}
Q8IXT2	2	{'PF00751': 1, 'PF15791': 1}
Q8IXT5	1	{'PF00076': 3}
Q8IXU6	1	{'PF06027': 1}
Q8IXW0	1	{'PF00932': 1}
Q8IXW5	1	{'PF04181': 1}
Q8IXY8	1	{'PF00160': 1}
Q8IXZ2	1	{'PF00642': 2}
Q8IXZ3	1	{'PF00096': 3}
Q8IY17	3	{'PF00027': 3, 'PF01734': 1, 'PF24179': 1}
Q8IY18	1	{'PF13476': 1}
Q8IY21	5	{'PF00270': 1, 'PF00271': 1, 'PF23002': 1, 'PF26076': 1, 'PF26167': 1}
Q8IY22	1	{'PF23066': 1}
Q8IY26	1	{'PF01569': 1}
Q8IY31	1	{'PF14931': 1}
Q8IY33	3	{'PF00307': 1, 'PF00412': 1, 'PF12130': 1}
Q8IY34	1	{'PF00854': 1}
Q8IY37	6	{'PF00270': 1, 'PF00271': 1, 'PF04408': 1, 'PF07717': 1, 'PF21010': 1, 'PF23362': 1}
Q8IY42	1	{'PF15770': 1}
Q8IY47	2	{'PF00651': 1, 'PF07707': 1}
Q8IY49	1	{'PF03006': 1}
Q8IY50	1	{'PF00892': 1}
Q8IY51	3	{'PF03184': 1, 'PF03221': 1, 'PF04218': 1}
Q8IY57	1	{'PF00641': 1}
Q8IY67	1	{'PF00076': 3}
Q8IY81	3	{'PF01728': 1, 'PF07780': 1, 'PF11861': 1}
Q8IY82	2	{'PF24656': 1, 'PF24671': 1}
Q8IY84	1	{'PF00069': 1}
Q8IY92	2	{'PF00651': 1, 'PF09494': 1}
Q8IY95	1	{'PF14802': 1}
Q8IYA2	1	{'PF12001': 1}
Q8IYA6	1	{'PF15297': 2}
Q8IYA7	1	{'PF05920': 1}
Q8IYA8	1	{'PF15771': 1}
Q8IYB1	2	{'PF03281': 1, 'PF20266': 1}
Q8IYB3	1	{'PF01480': 1}
Q8IYB5	1	{'PF01412': 1}
Q8IYB7	4	{'PF00773': 1, 'PF17216': 1, 'PF17849': 1, 'PF17877': 1}
Q8IYB8	5	{'PF00271': 1, 'PF12513': 1, 'PF18114': 1, 'PF18147': 1, 'PF22527': 1}
Q8IYB9	2	{'PF01352': 1, 'PF00096': 16}
Q8IYD1	3	{'PF00009': 1, 'PF03144': 1, 'PF22594': 1}
Q8IYD8	4	{'PF00270': 1, 'PF00271': 1, 'PF02732': 1, 'PF16783': 1}
Q8IYD9	1	{'PF15792': 1}
Q8IYF1	2	{'PF06881': 1, 'PF08711': 1}
Q8IYH5	2	{'PF00249': 1, 'PF00569': 1}
Q8IYI0	1	{'PF15021': 1}
Q8IYI8	3	{'PF01352': 1, 'PF00096': 6, 'PF13894': 1}
Q8IYJ0	1	{'PF15298': 1}
Q8IYJ1	2	{'PF00168': 2, 'PF07002': 1}
Q8IYJ2	2	{'PF15821': 1, 'PF15852': 1}
Q8IYJ3	1	{'PF00168': 2}
Q8IYK2	1	{'PF03148': 1}
Q8IYK4	2	{'PF01755': 1, 'PF13704': 1}
Q8IYK8	1	{'PF00071': 1}
Q8IYL2	1	{'PF07757': 1}
Q8IYL3	1	{'PF15772': 1}
Q8IYL9	1	{'PF00001': 1}
Q8IYM0	2	{'PF20865': 1, 'PF20870': 1}
Q8IYM1	1	{'PF00735': 1}
Q8IYM2	3	{'PF04326': 1, 'PF17057': 1, 'PF21026': 1}
Q8IYM9	3	{'PF00622': 1, 'PF00643': 1, 'PF13445': 1}
Q8IYN0	2	{'PF01352': 1, 'PF00096': 10}
Q8IYN2	1	{'PF04538': 1}
Q8IYN6	1	{'PF22566': 1}
Q8IYP2	1	{'PF00089': 1}
Q8IYP9	1	{'PF01529': 1}
Q8IYQ7	3	{'PF01202': 1, 'PF14821': 1, 'PF24857': 1}
Q8IYR0	1	{'PF12018': 1}
Q8IYR2	2	{'PF00856': 1, 'PF01753': 1}
Q8IYR6	1	{'PF07648': 2}
Q8IYS0	2	{'PF02893': 1, 'PF16016': 1}
Q8IYS1	2	{'PF01546': 1, 'PF07687': 1}
Q8IYS2	1	{'PF10222': 1}
Q8IYS4	1	{'PF15773': 1}
Q8IYS5	1	{'PF13895': 1}
Q8IYS8	1	{'PF05205': 1}
Q8IYT1	1	{'PF12480': 1}
Q8IYT2	1	{'PF01728': 1}
Q8IYT4	3	{'PF00004': 1, 'PF08513': 1, 'PF17862': 1}
Q8IYT8	3	{'PF12063': 1, 'PF21127': 1, 'PF00069': 1}
Q8IYU2	1	{'PF00632': 1}
Q8IYU4	2	{'PF00240': 1, 'PF23195': 1}
Q8IYV9	2	{'PF15005': 1, 'PF16706': 1}
Q8IYW5	1	{'PF14447': 1}
Q8IYX0	3	{'PF01352': 1, 'PF00096': 6, 'PF13894': 1}
Q8IYX1	1	{'PF00566': 1}
Q8IYX3	1	{'PF15774': 1}
Q8IYX4	2	{'PF00076': 1, 'PF14709': 1}
Q8IYX7	1	{'PF05217': 1}
Q8IYX8	1	{'PF06657': 1}
Q8IYY4	2	{'PF13815': 1, 'PF25977': 1}
Q8IZ07	1	{'PF11904': 1}
Q8IZ08	1	{'PF00001': 1}
Q8IZ16	1	{'PF15775': 1}
Q8IZ20	1	{'PF00096': 3}
Q8IZ26	2	{'PF01352': 1, 'PF00096': 12}
Q8IZ40	3	{'PF00249': 1, 'PF01448': 1, 'PF20878': 1}
Q8IZ41	2	{'PF00071': 1, 'PF13499': 1}
Q8IZ52	1	{'PF05679': 1}
Q8IZ57	1	{'PF14927': 1}
Q8IZ63	1	{'PF15776': 1}
Q8IZ69	1	{'PF05958': 1}
Q8IZ73	1	{'PF00849': 1}
Q8IZ81	1	{'PF04727': 1}
Q8IZ83	1	{'PF00171': 2}
Q8IZA0	3	{'PF22352': 5, 'PF23597': 1, 'PF23620': 1}
Q8IZA3	1	{'PF00538': 1}
Q8IZC4	2	{'PF00169': 1, 'PF08174': 1}
Q8IZC6	1	{'PF01410': 2}
Q8IZC7	2	{'PF01352': 1, 'PF00096': 6}
Q8IZD0	1	{'PF07647': 1}
Q8IZD2	2	{'PF00856': 1, 'PF20826': 1}
Q8IZD4	2	{'PF06058': 1, 'PF16741': 1}
Q8IZD6	1	{'PF00083': 1}
Q8IZD9	4	{'PF07653': 1, 'PF14429': 1, 'PF16172': 1, 'PF20422': 1}
Q8IZE3	1	{'PF07714': 1}
Q8IZF0	1	{'PF00520': 4}
Q8IZF2	4	{'PF00002': 1, 'PF01390': 1, 'PF13927': 1, 'PF25387': 1}
Q8IZF3	1	{'PF00002': 1}
Q8IZF4	1	{'PF00002': 1}
Q8IZF5	4	{'PF00002': 1, 'PF02793': 1, 'PF24528': 1, 'PF25387': 1}
Q8IZF6	2	{'PF00002': 1, 'PF00354': 1}
Q8IZF7	1	{'PF00002': 1}
Q8IZH2	5	{'PF03159': 1, 'PF17846': 1, 'PF18129': 1, 'PF18332': 1, 'PF18334': 1}
Q8IZI9	1	{'PF15177': 1}
Q8IZJ0	1	{'PF15177': 1}
Q8IZJ1	6	{'PF00090': 2, 'PF00531': 1, 'PF00791': 1, 'PF07679': 1, 'PF17217': 1, 'PF25609': 1}
Q8IZJ3	8	{'PF00207': 1, 'PF01835': 1, 'PF07648': 1, 'PF07677': 1, 'PF07703': 1, 'PF12248': 1, 'PF17789': 1, 'PF17791': 1}
Q8IZJ4	1	{'PF00617': 1}
Q8IZJ6	1	{'PF01370': 1}
Q8IZK6	2	{'PF08016': 1, 'PF21381': 1}
Q8IZL2	2	{'PF09596': 1, 'PF20804': 1}
Q8IZL9	1	{'PF00069': 1}
Q8IZM8	2	{'PF00096': 1, 'PF25420': 1}
Q8IZM9	1	{'PF01490': 1}
Q8IZN3	1	{'PF01529': 1}
Q8IZN7	1	{'PF13841': 1}
Q8IZP0	2	{'PF00018': 1, 'PF07815': 1}
Q8IZP1	1	{'PF00566': 1}
Q8IZP2	1	{'PF18253': 1}
Q8IZP6	2	{'PF00642': 1, 'PF13920': 1}
Q8IZP7	1	{'PF03567': 1}
Q8IZP9	3	{'PF00002': 1, 'PF26152': 1, 'PF26574': 1}
Q8IZQ1	3	{'PF01363': 1, 'PF02138': 1, 'PF14844': 1}
Q8IZQ5	1	{'PF10262': 1}
Q8IZQ8	1	{'PF02037': 1}
Q8IZR5	1	{'PF01284': 1}
Q8IZS5	1	{'PF15680': 1}
Q8IZS6	1	{'PF03645': 1}
Q8IZS8	3	{'PF08399': 1, 'PF08473': 1, 'PF13768': 1}
Q8IZT6	2	{'PF00307': 1, 'PF15780': 1}
Q8IZT8	1	{'PF00685': 1}
Q8IZU8	1	{'PF00685': 1}
Q8IZU9	3	{'PF08205': 1, 'PF13927': 1, 'PF07679': 2}
Q8IZV2	1	{'PF01284': 1}
Q8IZV5	1	{'PF00106': 1}
Q8IZW8	2	{'PF00017': 1, 'PF08416': 1}
Q8IZX4	4	{'PF00439': 2, 'PF09247': 1, 'PF12157': 1, 'PF15288': 1}
Q8IZY2	3	{'PF12698': 2, 'PF00005': 2, 'PF23321': 1}
Q8J025	1	{'PF14921': 2}
Q8MH63	1	{'PF13520': 1}
Q8N0S6	1	{'PF13092': 1}
Q8N0T1	1	{'PF15679': 1}
Q8N0U2	1	{'PF15105': 1}
Q8N0U7	3	{'PF17743': 1, 'PF20742': 1, 'PF20743': 1}
Q8N0U8	1	{'PF07884': 1}
Q8N0V3	1	{'PF02033': 1}
Q8N0V5	1	{'PF02485': 1}
Q8N0W3	3	{'PF00288': 1, 'PF07959': 1, 'PF08544': 1}
Q8N0W4	1	{'PF00135': 1}
Q8N0X4	1	{'PF03328': 1}
Q8N0X7	1	{'PF06911': 1}
Q8N0Y2	2	{'PF02023': 1, 'PF00096': 2}
Q8N0Y3	1	{'PF13853': 1}
Q8N0Y5	1	{'PF13853': 1}
Q8N0Y7	1	{'PF00300': 1}
Q8N0Z2	1	{'PF14705': 1}
Q8N0Z3	1	{'PF15678': 1}
Q8N0Z6	1	{'PF16669': 1}
Q8N0Z8	1	{'PF01416': 2}
Q8N0Z9	2	{'PF07686': 1, 'PF13927': 2}
Q8N100	1	{'PF00010': 1}
Q8N103	1	{'PF00620': 1}
Q8N104	1	{'PF13841': 1}
Q8N108	3	{'PF00249': 1, 'PF01448': 1, 'PF19426': 1}
Q8N109	1	{'PF00047': 2}
Q8N111	1	{'PF15677': 1}
Q8N112	1	{'PF15833': 1}
Q8N114	1	{'PF13908': 1}
Q8N118	1	{'PF00067': 1}
Q8N119	2	{'PF00413': 1, 'PF01471': 1}
Q8N122	1	{'PF14538': 1}
Q8N126	3	{'PF07686': 1, 'PF08205': 1, 'PF13927': 1}
Q8N127	1	{'PF13853': 1}
Q8N128	1	{'PF14774': 1}
Q8N129	1	{'PF11938': 1}
Q8N130	1	{'PF02690': 2}
Q8N131	1	{'PF05283': 1}
Q8N138	1	{'PF04061': 1}
Q8N139	3	{'PF12698': 2, 'PF00005': 2, 'PF23321': 1}
Q8N140	2	{'PF08743': 1, 'PF15412': 1}
Q8N141	2	{'PF01352': 1, 'PF00096': 11}
Q8N142	1	{'PF00709': 1}
Q8N143	2	{'PF00651': 1, 'PF00096': 4}
Q8N144	1	{'PF00029': 1}
Q8N146	1	{'PF13853': 1}
Q8N148	1	{'PF13853': 1}
Q8N149	2	{'PF00047': 2, 'PF13895': 1}
Q8N157	1	{'PF00018': 1}
Q8N158	1	{'PF01153': 1}
Q8N159	2	{'PF00696': 1, 'PF04768': 1}
Q8N162	1	{'PF13853': 1}
Q8N163	3	{'PF14443': 1, 'PF14444': 1, 'PF19256': 1}
Q8N165	1	{'PF00069': 1}
Q8N183	1	{'PF05071': 1}
Q8N184	2	{'PF01352': 1, 'PF00096': 14}
Q8N187	1	{'PF15299': 1}
Q8N196	2	{'PF00046': 1, 'PF16878': 1}
Q8N1B3	2	{'PF00134': 1, 'PF21797': 1}
Q8N1C3	2	{'PF02931': 1, 'PF02932': 2}
Q8N1D5	1	{'PF22595': 1}
Q8N1E6	1	{'PF12937': 1}
Q8N1F8	4	{'PF15904': 1, 'PF23142': 1, 'PF25357': 1, 'PF25624': 1}
Q8N1G0	3	{'PF00096': 2, 'PF16622': 1, 'PF25412': 1}
Q8N1G1	1	{'PF15870': 1}
Q8N1G2	2	{'PF01585': 1, 'PF01728': 1}
Q8N1H7	1	{'PF15676': 1}
Q8N1I0	4	{'PF07653': 1, 'PF14429': 1, 'PF16172': 1, 'PF20422': 1}
Q8N1K5	1	{'PF12736': 2}
Q8N1L4	1	{'PF00067': 1}
Q8N1M1	1	{'PF01062': 1}
Q8N1N0	1	{'PF00059': 1}
Q8N1N2	1	{'PF15675': 1}
Q8N1N4	1	{'PF16208': 1}
Q8N1P7	2	{'PF00030': 6, 'PF00652': 1}
Q8N1Q1	1	{'PF00194': 1}
Q8N1Q8	1	{'PF03061': 1}
Q8N1S5	1	{'PF02535': 1}
Q8N1T3	2	{'PF00063': 1, 'PF06017': 1}
Q8N1W1	3	{'PF00130': 1, 'PF00621': 1, 'PF17838': 1}
Q8N1W2	2	{'PF13912': 1, 'PF00096': 10}
Q8N205	1	{'PF10541': 1}
Q8N228	3	{'PF00536': 1, 'PF12140': 1, 'PF17208': 1}
Q8N239	2	{'PF00651': 1, 'PF07707': 1}
Q8N257	1	{'PF00125': 1}
Q8N264	2	{'PF00169': 1, 'PF00620': 1}
Q8N271	1	{'PF05478': 1}
Q8N292	1	{'PF11770': 1}
Q8N2A8	1	{'PF13091': 1}
Q8N2C3	1	{'PF00610': 1}
Q8N2C7	1	{'PF15778': 1}
Q8N2E2	4	{'PF00094': 1, 'PF23283': 1, 'PF25776': 1, 'PF26129': 1}
Q8N2E6	1	{'PF06309': 1}
Q8N2G4	1	{'PF00021': 1}
Q8N2G6	3	{'PF13696': 1, 'PF17180': 1, 'PF23490': 1}
Q8N2G8	3	{'PF23571': 1, 'PF23572': 1, 'PF25146': 1}
Q8N2H3	2	{'PF01593': 1, 'PF13450': 1}
Q8N2H4	1	{'PF09801': 1}
Q8N2H9	2	{'PF04710': 1, 'PF20723': 1}
Q8N2I2	1	{'PF00096': 7}
Q8N2I9	1	{'PF00069': 1}
Q8N2K0	1	{'PF00561': 1}
Q8N2K1	1	{'PF00179': 1}
Q8N2M4	1	{'PF07947': 1}
Q8N2M8	1	{'PF09750': 1}
Q8N2Q7	1	{'PF00135': 1}
Q8N2R0	1	{'PF00096': 5}
Q8N2R8	1	{'PF14719': 1}
Q8N2S1	4	{'PF00683': 3, 'PF07645': 15, 'PF12661': 2, 'PF12662': 1}
Q8N2U0	1	{'PF04241': 1}
Q8N2W9	3	{'PF02037': 1, 'PF02891': 1, 'PF14324': 1}
Q8N2Y8	2	{'PF02759': 1, 'PF07653': 1}
Q8N2Z9	1	{'PF15630': 1}
Q8N300	1	{'PF15674': 1}
Q8N302	3	{'PF00498': 1, 'PF01585': 1, 'PF17780': 1}
Q8N319	1	{'PF17704': 1}
Q8N323	2	{'PF06312': 1, 'PF24536': 1}
Q8N328	1	{'PF13843': 1}
Q8N335	2	{'PF01210': 1, 'PF07479': 1}
Q8N336	1	{'PF04727': 1}
Q8N339	1	{'PF00131': 1}
Q8N344	2	{'PF00249': 1, 'PF01448': 1}
Q8N349	1	{'PF13853': 1}
Q8N357	1	{'PF06027': 1}
Q8N365	1	{'PF15673': 1}
Q8N370	1	{'PF07690': 1}
Q8N371	1	{'PF13621': 1}
Q8N387	1	{'PF15672': 1}
Q8N392	2	{'PF00620': 1, 'PF25442': 1}
Q8N393	2	{'PF01352': 1, 'PF00096': 11}
Q8N394	1	{'PF08409': 1}
Q8N398	2	{'PF13757': 1, 'PF13768': 1}
Q8N3A8	1	{'PF00644': 1}
Q8N3C0	5	{'PF00270': 2, 'PF00271': 2, 'PF02889': 2, 'PF26582': 1, 'PF23445': 2}
Q8N3C7	1	{'PF01302': 3}
Q8N3D4	3	{'PF00307': 1, 'PF10358': 1, 'PF12130': 1}
Q8N3E9	4	{'PF00168': 1, 'PF00387': 1, 'PF00388': 1, 'PF14788': 1}
Q8N3F0	1	{'PF15167': 1}
Q8N3F8	3	{'PF00307': 1, 'PF00412': 1, 'PF12130': 1}
Q8N3G9	1	{'PF20433': 1}
Q8N3H0	1	{'PF12020': 1}
Q8N3I7	1	{'PF07289': 1}
Q8N3J2	1	{'PF05063': 1}
Q8N3J3	1	{'PF15072': 1}
Q8N3J5	1	{'PF00481': 1}
Q8N3J6	3	{'PF07686': 1, 'PF08205': 1, 'PF13927': 1}
Q8N3J9	1	{'PF00096': 8}
Q8N3K9	1	{'PF00622': 1}
Q8N3P4	1	{'PF23412': 1}
Q8N3R3	2	{'PF14687': 1, 'PF14688': 1}
Q8N3R9	5	{'PF00595': 1, 'PF00625': 1, 'PF02828': 1, 'PF07653': 1, 'PF09060': 1}
Q8N3S3	1	{'PF12129': 1}
Q8N3T1	2	{'PF00535': 1, 'PF00652': 1}
Q8N3T6	7	{'PF15705': 1, 'PF15706': 1, 'PF16070': 1, 'PF23039': 1, 'PF23481': 1, 'PF23486': 1, 'PF23487': 1}
Q8N3X1	1	{'PF00397': 2}
Q8N3X6	1	{'PF05225': 2}
Q8N3Y1	1	{'PF00646': 1}
Q8N3Y3	2	{'PF01501': 1, 'PF13896': 2}
Q8N3Y7	1	{'PF00106': 1}
Q8N3Z0	1	{'PF00089': 1}
Q8N3Z3	1	{'PF01926': 1}
Q8N3Z6	1	{'PF00098': 1}
Q8N414	1	{'PF13843': 1}
Q8N423	2	{'PF00047': 2, 'PF13895': 1}
Q8N427	2	{'PF00085': 1, 'PF00334': 3}
Q8N428	2	{'PF00535': 1, 'PF00652': 1}
Q8N431	2	{'PF00617': 1, 'PF00618': 1}
Q8N434	2	{'PF00083': 1, 'PF07690': 1}
Q8N436	3	{'PF00246': 1, 'PF00754': 1, 'PF13620': 1}
Q8N441	2	{'PF13927': 1, 'PF07679': 2}
Q8N442	4	{'PF00009': 1, 'PF00679': 1, 'PF03144': 1, 'PF06421': 1}
Q8N443	1	{'PF05914': 1}
Q8N448	2	{'PF00595': 4, 'PF13923': 1}
Q8N465	2	{'PF01565': 1, 'PF02913': 1}
Q8N468	1	{'PF07690': 1}
Q8N474	2	{'PF01392': 1, 'PF01759': 1}
Q8N475	2	{'PF07648': 1, 'PF13927': 2}
Q8N485	1	{'PF14954': 1}
Q8N488	1	{'PF00641': 1}
Q8N490	2	{'PF00753': 1, 'PF16123': 1}
Q8N4A0	2	{'PF00535': 1, 'PF00652': 1}
Q8N4B1	1	{'PF00169': 1}
Q8N4B4	1	{'PF12937': 1}
Q8N4B5	1	{'PF15671': 1}
Q8N4C7	1	{'PF00804': 1}
Q8N4C8	1	{'PF00069': 1}
Q8N4C9	1	{'PF15829': 1}
Q8N4E4	1	{'PF02114': 1}
Q8N4E7	1	{'PF00210': 1}
Q8N4F0	2	{'PF01273': 1, 'PF02886': 1}
Q8N4F4	1	{'PF00083': 1}
Q8N4F7	1	{'PF00097': 1}
Q8N4G2	1	{'PF00025': 1}
Q8N4H0	1	{'PF14909': 1}
Q8N4H5	1	{'PF10642': 1}
Q8N4J0	1	{'PF07942': 1}
Q8N4L1	1	{'PF14857': 1}
Q8N4L2	1	{'PF09788': 1}
Q8N4L4	1	{'PF15670': 1}
Q8N4L8	1	{'PF15669': 1}
Q8N4M1	1	{'PF04515': 1}
Q8N4N3	2	{'PF00651': 1, 'PF07707': 1}
Q8N4N8	2	{'PF00225': 1, 'PF22923': 1}
Q8N4P3	1	{'PF13328': 1}
Q8N4Q0	2	{'PF00107': 1, 'PF08240': 1}
Q8N4Q1	1	{'PF06747': 1}
Q8N4S0	2	{'PF13846': 2, 'PF13926': 1}
Q8N4S7	1	{'PF03006': 1}
Q8N4S9	2	{'PF01284': 1, 'PF07303': 1}
Q8N4T0	2	{'PF00246': 1, 'PF02244': 1}
Q8N4T4	2	{'PF00169': 1, 'PF00621': 1}
Q8N4T8	1	{'PF13561': 1}
Q8N4U5	1	{'PF05794': 1}
Q8N4V1	1	{'PF10270': 1}
Q8N4V2	2	{'PF00083': 1, 'PF07690': 1}
Q8N4W6	2	{'PF00226': 1, 'PF05154': 1}
Q8N4W9	2	{'PF01352': 1, 'PF00096': 18}
Q8N4X5	1	{'PF00169': 2}
Q8N4Z0	1	{'PF00071': 1}
Q8N511	1	{'PF11712': 1}
Q8N531	1	{'PF12937': 1}
Q8N539	1	{'PF00147': 1}
Q8N543	2	{'PF10637': 1, 'PF13661': 1}
Q8N554	2	{'PF07776': 1, 'PF00096': 2}
Q8N556	1	{'PF00169': 2}
Q8N565	1	{'PF15812': 1}
Q8N567	1	{'PF00098': 2}
Q8N568	2	{'PF03607': 2, 'PF00069': 1}
Q8N573	2	{'PF01476': 1, 'PF07534': 1}
Q8N587	2	{'PF01352': 1, 'PF00096': 8}
Q8N594	2	{'PF01398': 1, 'PF18755': 1}
Q8N5A5	2	{'PF01585': 1, 'PF18044': 1}
Q8N5B7	2	{'PF00046': 1, 'PF03798': 1}
Q8N5C1	1	{'PF14798': 1}
Q8N5C6	6	{'PF00575': 1, 'PF09371': 1, 'PF12836': 1, 'PF17674': 1, 'PF22706': 1, 'PF16921': 1}
Q8N5C7	1	{'PF03942': 1}
Q8N5C8	1	{'PF02845': 1}
Q8N5D6	1	{'PF03414': 1}
Q8N5F7	2	{'PF06047': 1, 'PF15692': 1}
Q8N5G0	1	{'PF15061': 1}
Q8N5G2	1	{'PF09726': 1}
Q8N5H3	1	{'PF14854': 1}
Q8N5H7	2	{'PF00017': 1, 'PF00617': 1}
Q8N5I2	2	{'PF00339': 1, 'PF02752': 1}
Q8N5I3	1	{'PF02214': 1}
Q8N5I4	1	{'PF00106': 1}
Q8N5I9	1	{'PF15370': 1}
Q8N5J2	1	{'PF04424': 1}
Q8N5J4	1	{'PF00178': 1}
Q8N5K1	2	{'PF09360': 1, 'PF10660': 1}
Q8N5L8	1	{'PF01918': 1}
Q8N5M1	1	{'PF07542': 1}
Q8N5M9	1	{'PF07086': 1}
Q8N5N7	1	{'PF10501': 1}
Q8N5P1	3	{'PF00642': 1, 'PF18345': 1, 'PF22623': 1}
Q8N5Q1	1	{'PF12480': 1}
Q8N5R6	1	{'PF00168': 1}
Q8N5S3	1	{'PF15667': 1}
Q8N5S9	1	{'PF00069': 1}
Q8N5T2	1	{'PF00566': 1}
Q8N5U0	1	{'PF15668': 1}
Q8N5U1	1	{'PF04103': 1}
Q8N5U6	1	{'PF00097': 1}
Q8N5V2	3	{'PF00018': 1, 'PF00621': 1, 'PF22697': 1}
Q8N5W8	1	{'PF15193': 1}
Q8N5W9	1	{'PF15068': 1}
Q8N5X7	1	{'PF01652': 1}
Q8N5Y2	2	{'PF05712': 1, 'PF22732': 1}
Q8N5Y8	2	{'PF00644': 1, 'PF18084': 1}
Q8N5Z0	1	{'PF00155': 1}
Q8N5Z5	1	{'PF02214': 1}
Q8N608	1	{'PF00326': 1}
Q8N609	1	{'PF03798': 1}
Q8N612	1	{'PF19314': 1}
Q8N614	1	{'PF15106': 1}
Q8N628	1	{'PF13853': 1}
Q8N635	1	{'PF24903': 1}
Q8N653	1	{'PF00651': 2}
Q8N660	1	{'PF06758': 6}
Q8N661	1	{'PF07947': 1}
Q8N668	2	{'PF07258': 1, 'PF17221': 1}
Q8N680	2	{'PF00651': 1, 'PF00096': 3}
Q8N682	1	{'PF10277': 1}
Q8N684	2	{'PF00076': 1, 'PF25524': 1}
Q8N687	1	{'PF13841': 1}
Q8N688	1	{'PF13841': 1}
Q8N690	1	{'PF13841': 1}
Q8N693	1	{'PF00046': 1}
Q8N695	1	{'PF00474': 1}
Q8N697	1	{'PF00854': 1}
Q8N699	1	{'PF15179': 1}
Q8N6C5	1	{'PF13895': 8}
Q8N6C8	2	{'PF13895': 1, 'PF13927': 1}
Q8N6F1	1	{'PF00822': 1}
Q8N6F7	1	{'PF15666': 1}
Q8N6F8	1	{'PF13649': 1}
Q8N6G5	1	{'PF05679': 1}
Q8N6G6	8	{'PF00090': 1, 'PF05986': 1, 'PF08686': 1, 'PF13927': 2, 'PF07679': 2, 'PF19030': 11, 'PF19236': 1, 'PF24484': 1}
Q8N6H7	1	{'PF01412': 1}
Q8N6I4	1	{'PF15190': 1}
Q8N6K0	1	{'PF15839': 1}
Q8N6K7	1	{'PF00536': 1}
Q8N6L0	1	{'PF14658': 1}
Q8N6L1	1	{'PF09775': 1}
Q8N6L7	1	{'PF15664': 1}
Q8N6M0	1	{'PF02338': 1}
Q8N6M3	1	{'PF10261': 1}
Q8N6M5	1	{'PF03561': 2}
Q8N6M6	1	{'PF01433': 1}
Q8N6M9	2	{'PF01428': 2, 'PF25403': 1}
Q8N6N3	1	{'PF15559': 1}
Q8N6N6	1	{'PF14542': 1}
Q8N6N7	1	{'PF00887': 1}
Q8N6P7	1	{'PF01108': 1}
Q8N6Q1	1	{'PF14992': 1}
Q8N6Q3	1	{'PF00021': 4}
Q8N6Q8	1	{'PF13679': 1}
Q8N6R0	2	{'PF01564': 1, 'PF13649': 1}
Q8N6R1	1	{'PF06624': 1}
Q8N6S4	1	{'PF11904': 1}
Q8N6S5	1	{'PF15062': 1}
Q8N6T0	1	{'PF15091': 1}
Q8N6T3	1	{'PF01412': 1}
Q8N6T7	1	{'PF02146': 1}
Q8N6U8	1	{'PF00001': 1}
Q8N6V4	1	{'PF15092': 1}
Q8N6W0	1	{'PF00076': 3}
Q8N6Y0	1	{'PF10506': 1}
Q8N6Y1	1	{'PF00028': 5}
Q8N715	1	{'PF15558': 1}
Q8N720	1	{'PF00096': 5}
Q8N726	1	{'PF07392': 1}
Q8N729	1	{'PF15180': 1}
Q8N743	1	{'PF00047': 3}
Q8N752	1	{'PF00069': 1}
Q8N766	1	{'PF07774': 1}
Q8N782	3	{'PF01352': 1, 'PF00096': 5, 'PF13465': 1}
Q8N7B1	1	{'PF02301': 1}
Q8N7B9	1	{'PF13833': 1}
Q8N7C3	3	{'PF00622': 1, 'PF00643': 1, 'PF13765': 1}
Q8N7C4	1	{'PF15049': 1}
Q8N7C7	2	{'PF02225': 1, 'PF13639': 1}
Q8N7E2	1	{'PF18408': 1}
Q8N7F7	2	{'PF00240': 1, 'PF17840': 1}
Q8N7G0	2	{'PF00046': 1, 'PF00157': 1}
Q8N7H5	1	{'PF03985': 1}
Q8N7K0	3	{'PF01352': 1, 'PF00096': 12, 'PF13465': 1}
Q8N7L0	1	{'PF15107': 1}
Q8N7M0	1	{'PF03645': 1}
Q8N7M2	3	{'PF01352': 1, 'PF13912': 2, 'PF00096': 11}
Q8N7N1	2	{'PF10294': 1, 'PF14904': 1}
Q8N7P1	1	{'PF13918': 1}
Q8N7P3	1	{'PF00822': 1}
Q8N7Q3	2	{'PF00096': 11, 'PF13465': 1}
Q8N7R0	1	{'PF00046': 1}
Q8N7R1	1	{'PF15229': 1}
Q8N7R7	1	{'PF00134': 1}
Q8N7S2	1	{'PF00226': 1}
Q8N7U6	2	{'PF13499': 1, 'PF25325': 1}
Q8N7W2	1	{'PF10523': 1}
Q8N7X0	4	{'PF00648': 1, 'PF22068': 1, 'PF22069': 1, 'PF22070': 1}
Q8N7X1	1	{'PF00076': 1}
Q8N7X4	1	{'PF01454': 1}
Q8N7Z5	1	{'PF18755': 1}
Q8N806	1	{'PF02207': 1}
Q8N807	2	{'PF00085': 2, 'PF13848': 1}
Q8N808	1	{'PF00892': 2}
Q8N812	1	{'PF17695': 1}
Q8N815	1	{'PF00134': 1}
Q8N819	2	{'PF00481': 1, 'PF07830': 1}
Q8N823	2	{'PF01352': 1, 'PF00096': 11}
Q8N831	1	{'PF00956': 1}
Q8N841	1	{'PF03133': 1}
Q8N859	3	{'PF01352': 1, 'PF00096': 3, 'PF13465': 1}
Q8N865	1	{'PF15093': 1}
Q8N878	2	{'PF00373': 1, 'PF09379': 1}
Q8N883	2	{'PF01352': 1, 'PF00096': 10}
Q8N884	2	{'PF03281': 1, 'PF20266': 1}
Q8N888	1	{'PF15808': 1}
Q8N895	2	{'PF13912': 1, 'PF00096': 10}
Q8N8A6	2	{'PF00270': 1, 'PF00271': 1}
Q8N8B7	2	{'PF07500': 1, 'PF08711': 1}
Q8N8C0	1	{'PF00096': 3}
Q8N8D1	1	{'PF16021': 1}
Q8N8D7	1	{'PF05640': 1}
Q8N8E2	1	{'PF00096': 5}
Q8N8E3	1	{'PF14846': 1}
Q8N8F6	1	{'PF04893': 1}
Q8N8F7	1	{'PF15145': 1}
Q8N8G2	1	{'PF07545': 1}
Q8N8I0	1	{'PF07647': 1}
Q8N8J0	1	{'PF19274': 1}
Q8N8J6	2	{'PF01352': 1, 'PF00096': 17}
Q8N8J7	1	{'PF15378': 1}
Q8N8K9	1	{'PF12012': 1}
Q8N8L2	1	{'PF00096': 6}
Q8N8L6	1	{'PF00025': 1}
Q8N8M0	2	{'PF00583': 1, 'PF24066': 1}
Q8N8N0	2	{'PF14634': 1, 'PF19325': 1}
Q8N8N7	2	{'PF00107': 1, 'PF16884': 1}
Q8N8Q1	1	{'PF03188': 1}
Q8N8Q3	1	{'PF04493': 1}
Q8N8Q8	1	{'PF02096': 1}
Q8N8Q9	1	{'PF05653': 1}
Q8N8R5	1	{'PF10561': 1}
Q8N8R7	1	{'PF14949': 1}
Q8N8S7	1	{'PF00568': 1}
Q8N8U2	2	{'PF00378': 1, 'PF00385': 1}
Q8N8U3	2	{'PF00098': 1, 'PF16297': 1}
Q8N8U9	4	{'PF00093': 2, 'PF00094': 1, 'PF01826': 1, 'PF08742': 1}
Q8N8V2	2	{'PF02263': 1, 'PF02841': 1}
Q8N8V4	1	{'PF00536': 1}
Q8N8W4	1	{'PF01734': 1}
Q8N8X9	2	{'PF03281': 1, 'PF20266': 1}
Q8N8Y2	1	{'PF01992': 1}
Q8N8Y5	2	{'PF00096': 3, 'PF13894': 1}
Q8N8Z6	3	{'PF00431': 1, 'PF00754': 1, 'PF03815': 1}
Q8N8Z8	3	{'PF01352': 1, 'PF13912': 1, 'PF00096': 10}
Q8N907	1	{'PF03045': 1}
Q8N912	1	{'PF15555': 1}
Q8N945	1	{'PF04707': 1}
Q8N954	2	{'PF01585': 1, 'PF13821': 1}
Q8N957	1	{'PF00041': 1}
Q8N960	2	{'PF00168': 2, 'PF12416': 1}
Q8N961	2	{'PF00651': 1, 'PF26281': 1}
Q8N966	1	{'PF01529': 1}
Q8N967	1	{'PF01462': 1}
Q8N972	2	{'PF01352': 1, 'PF00096': 14}
Q8N983	1	{'PF05047': 1}
Q8N987	1	{'PF03992': 1}
Q8N988	3	{'PF01352': 1, 'PF00096': 7, 'PF13465': 1}
Q8N999	1	{'PF17720': 1}
Q8N9A8	1	{'PF09771': 1}
Q8N9B5	2	{'PF15871': 1, 'PF15920': 2}
Q8N9B8	2	{'PF00617': 1, 'PF00618': 1}
Q8N9C0	3	{'PF00041': 2, 'PF07679': 5, 'PF18362': 1}
Q8N9F0	1	{'PF00583': 1}
Q8N9F7	1	{'PF03009': 1}
Q8N9F8	2	{'PF01352': 1, 'PF00096': 12}
Q8N9G6	1	{'PF15229': 1}
Q8N9H8	2	{'PF01612': 1, 'PF01927': 1}
Q8N9H9	1	{'PF15094': 1}
Q8N9I0	1	{'PF00168': 2}
Q8N9I5	1	{'PF00487': 1}
Q8N9I9	2	{'PF13923': 1, 'PF18102': 1}
Q8N9K5	2	{'PF01352': 1, 'PF00096': 12}
Q8N9L1	3	{'PF00096': 2, 'PF18366': 1, 'PF23561': 1}
Q8N9L9	2	{'PF04775': 1, 'PF08840': 1}
Q8N9M1	2	{'PF17740': 1, 'PF18017': 1}
Q8N9N2	2	{'PF00013': 1, 'PF10469': 1}
Q8N9N5	1	{'PF10523': 1}
Q8N9N8	1	{'PF01176': 1}
Q8N9Q2	1	{'PF13917': 1}
Q8N9R6	1	{'PF15213': 1}
Q8N9R8	1	{'PF12070': 1}
Q8N9S9	4	{'PF00787': 1, 'PF18116': 1, 'PF21271': 1, 'PF21273': 1}
Q8N9T8	2	{'PF05178': 1, 'PF12936': 1}
Q8N9U0	1	{'PF00168': 2}
Q8N9V2	3	{'PF00622': 1, 'PF13765': 1, 'PF15227': 1}
Q8N9V3	2	{'PF04564': 1, 'PF07647': 1}
Q8N9V7	1	{'PF14669': 1}
Q8N9W5	2	{'PF14737': 1, 'PF14740': 1}
Q8N9W6	1	{'PF00076': 1}
Q8N9W8	1	{'PF12480': 1}
Q8N9Y4	1	{'PF15238': 1}
Q8N9Z0	3	{'PF01352': 1, 'PF00096': 6, 'PF13465': 1}
Q8N9Z9	1	{'PF00932': 1}
Q8NA03	1	{'PF15554': 1}
Q8NA19	3	{'PF00536': 1, 'PF01530': 1, 'PF02820': 3}
Q8NA29	1	{'PF13347': 1}
Q8NA31	1	{'PF00249': 1}
Q8NA42	3	{'PF01352': 1, 'PF00096': 8, 'PF13465': 1}
Q8NA47	1	{'PF21773': 1}
Q8NA54	2	{'PF00240': 1, 'PF25805': 1}
Q8NA57	2	{'PF15663': 1, 'PF17732': 1}
Q8NA58	1	{'PF04857': 1}
Q8NA61	1	{'PF14645': 1}
Q8NA66	1	{'PF00027': 1}
Q8NA69	1	{'PF15373': 1}
Q8NA70	1	{'PF14642': 4}
Q8NA77	1	{'PF15553': 1}
Q8NA82	1	{'PF12906': 1}
Q8NA92	1	{'PF05485': 1}
Q8NAA6	1	{'PF17711': 1}
Q8NAB2	2	{'PF00651': 1, 'PF07707': 1}
Q8NAC3	2	{'PF08357': 1, 'PF15037': 1}
Q8NAF0	1	{'PF00096': 7}
Q8NAG6	1	{'PF22945': 1}
Q8NAM6	2	{'PF02023': 1, 'PF00096': 4}
Q8NAN2	1	{'PF10265': 1}
Q8NAP1	2	{'PF13840': 1, 'PF18700': 1}
Q8NAP3	2	{'PF00651': 1, 'PF00096': 3}
Q8NAP8	2	{'PF00651': 1, 'PF13465': 1}
Q8NAT1	1	{'PF04577': 1}
Q8NAT2	2	{'PF00567': 1, 'PF12872': 3}
Q8NAU1	1	{'PF00041': 1}
Q8NAV1	2	{'PF03371': 1, 'PF12871': 1}
Q8NAV2	1	{'PF15552': 1}
Q8NAX2	1	{'PF15551': 1}
Q8NB12	2	{'PF00856': 1, 'PF01753': 1}
Q8NB14	1	{'PF00443': 1}
Q8NB16	2	{'PF22215': 1, 'PF07714': 1}
Q8NB42	3	{'PF01352': 1, 'PF00096': 9, 'PF13465': 1}
Q8NB49	4	{'PF00122': 1, 'PF13246': 1, 'PF16209': 1, 'PF16212': 1}
Q8NB50	2	{'PF13912': 1, 'PF00096': 24}
Q8NB59	1	{'PF00168': 2}
Q8NB66	2	{'PF00130': 1, 'PF00168': 2}
Q8NB78	3	{'PF01593': 1, 'PF04433': 1, 'PF07496': 1}
Q8NB90	2	{'PF00004': 2, 'PF17862': 2}
Q8NBA8	1	{'PF03942': 1}
Q8NBB4	2	{'PF02023': 1, 'PF00096': 2}
Q8NBC4	1	{'PF17714': 1}
Q8NBD8	1	{'PF06541': 1}
Q8NBE8	2	{'PF00651': 1, 'PF07707': 1}
Q8NBF1	2	{'PF00096': 3, 'PF23561': 1}
Q8NBF2	1	{'PF13905': 1}
Q8NBF6	1	{'PF09794': 1}
Q8NBH2	2	{'PF01841': 1, 'PF23265': 2}
Q8NBI2	1	{'PF03188': 1}
Q8NBI3	1	{'PF15550': 1}
Q8NBI6	1	{'PF01501': 1}
Q8NBJ5	2	{'PF01755': 1, 'PF13704': 1}
Q8NBJ7	1	{'PF03781': 1}
Q8NBJ9	1	{'PF13965': 1}
Q8NBK3	1	{'PF03781': 1}
Q8NBL1	1	{'PF05686': 1}
Q8NBL3	1	{'PF13903': 1}
Q8NBM4	1	{'PF00627': 1}
Q8NBM8	2	{'PF07156': 1, 'PF13450': 1}
Q8NBN3	2	{'PF06814': 1, 'PF21901': 1}
Q8NBN7	1	{'PF00106': 1}
Q8NBP5	1	{'PF07690': 1}
Q8NBP7	5	{'PF05922': 1, 'PF18459': 1, 'PF18463': 1, 'PF18464': 1, 'PF00082': 1}
Q8NBQ5	1	{'PF00106': 1}
Q8NBQ7	1	{'PF00230': 1}
Q8NBR6	1	{'PF04424': 1}
Q8NBS3	1	{'PF00955': 1}
Q8NBS9	1	{'PF00085': 3}
Q8NBT2	1	{'PF08286': 1}
Q8NBT3	2	{'PF10192': 1, 'PF21892': 1}
Q8NBU5	2	{'PF00004': 1, 'PF17862': 1}
Q8NBV4	1	{'PF01569': 1}
Q8NBV8	1	{'PF00168': 2}
Q8NBW4	1	{'PF01490': 2}
Q8NBX0	1	{'PF03435': 1}
Q8NBZ0	1	{'PF24237': 1}
Q8NBZ7	2	{'PF11803': 1, 'PF16363': 1}
Q8NC01	1	{'PF00059': 1}
Q8NC06	1	{'PF00887': 1}
Q8NC24	1	{'PF12606': 1}
Q8NC26	3	{'PF01352': 1, 'PF00096': 1, 'PF13465': 1}
Q8NC42	2	{'PF02225': 1, 'PF13639': 1}
Q8NC44	1	{'PF24456': 1}
Q8NC51	2	{'PF04774': 1, 'PF16174': 1}
Q8NC54	1	{'PF17818': 1}
Q8NC56	2	{'PF03020': 1, 'PF09402': 1}
Q8NC60	2	{'PF01926': 1, 'PF21516': 1}
Q8NC67	1	{'PF00431': 2}
Q8NC69	1	{'PF02214': 1}
Q8NC96	1	{'PF07933': 1}
Q8NCA5	1	{'PF10239': 1}
Q8NCA9	1	{'PF00096': 3}
Q8NCB2	1	{'PF00069': 1}
Q8NCC3	1	{'PF02450': 1}
Q8NCC5	1	{'PF07690': 1}
Q8NCD3	3	{'PF10384': 1, 'PF12346': 1, 'PF12347': 2}
Q8NCE0	2	{'PF01974': 1, 'PF02778': 1}
Q8NCF0	2	{'PF00059': 1, 'PF00188': 1}
Q8NCF5	1	{'PF11976': 1}
Q8NCG5	1	{'PF00685': 1}
Q8NCG7	1	{'PF01764': 1}
Q8NCH0	1	{'PF03567': 1}
Q8NCI6	3	{'PF01301': 1, 'PF21317': 1, 'PF21467': 1}
Q8NCJ5	1	{'PF00622': 2}
Q8NCK3	2	{'PF01352': 1, 'PF00096': 9}
Q8NCK7	1	{'PF07690': 1}
Q8NCL4	2	{'PF00535': 1, 'PF00652': 1}
Q8NCL9	1	{'PF14921': 2}
Q8NCM2	3	{'PF00027': 1, 'PF00520': 1, 'PF13426': 1}
Q8NCM8	12	{'PF03028': 1, 'PF08385': 1, 'PF08393': 1, 'PF12774': 1, 'PF12775': 1, 'PF12777': 1, 'PF12780': 1, 'PF12781': 1, 'PF18198': 1, 'PF18199': 1, 'PF21264': 1, 'PF22597': 1}
Q8NCN2	3	{'PF00651': 1, 'PF00096': 2, 'PF13894': 1}
Q8NCN4	1	{'PF13920': 1}
Q8NCN5	4	{'PF01266': 1, 'PF01571': 1, 'PF08669': 1, 'PF16350': 1}
Q8NCP5	2	{'PF00651': 1, 'PF00096': 4}
Q8NCQ5	1	{'PF12937': 1}
Q8NCQ7	1	{'PF05826': 1}
Q8NCR0	1	{'PF01762': 1}
Q8NCR6	1	{'PF15181': 1}
Q8NCR9	1	{'PF25807': 1}
Q8NCS4	1	{'PF07681': 1}
Q8NCS7	1	{'PF04515': 1}
Q8NCT1	2	{'PF00339': 1, 'PF02752': 1}
Q8NCT3	1	{'PF08014': 1}
Q8NCU8	1	{'PF22002': 1}
Q8NCV1	2	{'PF00035': 1, 'PF02137': 1}
Q8NCW0	3	{'PF00051': 1, 'PF00431': 1, 'PF01822': 1}
Q8NCW5	1	{'PF03853': 1}
Q8NCW6	2	{'PF00535': 1, 'PF00652': 1}
Q8NCY6	1	{'PF13873': 1}
Q8ND04	1	{'PF10220': 1}
Q8ND07	1	{'PF14988': 1}
Q8ND23	2	{'PF16000': 1, 'PF17888': 1}
Q8ND24	2	{'PF24525': 1, 'PF24905': 1}
Q8ND25	1	{'PF13639': 1}
Q8ND30	2	{'PF00536': 2, 'PF07647': 1}
Q8ND56	2	{'PF09532': 1, 'PF12701': 1}
Q8ND61	1	{'PF14977': 1}
Q8ND71	1	{'PF04548': 3}
Q8ND76	1	{'PF00134': 1}
Q8ND82	3	{'PF13836': 1, 'PF25414': 1, 'PF25429': 1}
Q8ND90	2	{'PF14893': 1, 'PF20846': 1}
Q8ND94	1	{'PF00041': 1}
Q8NDA2	7	{'PF07474': 1, 'PF07645': 4, 'PF12662': 1, 'PF13927': 13, 'PF07679': 29, 'PF23560': 1, 'PF25106': 1}
Q8NDB2	2	{'PF14545': 1, 'PF18567': 1}
Q8NDB6	1	{'PF15549': 1}
Q8NDD1	1	{'PF15375': 1}
Q8NDF8	2	{'PF03828': 1, 'PF22600': 1}
Q8NDG6	4	{'PF00270': 1, 'PF00271': 1, 'PF00567': 1, 'PF21010': 1}
Q8NDH3	2	{'PF00883': 1, 'PF18295': 1}
Q8NDH6	2	{'PF04629': 1, 'PF06456': 1}
Q8NDI1	3	{'PF00307': 1, 'PF10358': 1, 'PF12130': 1}
Q8NDL9	2	{'PF00246': 1, 'PF18027': 1}
Q8NDN9	1	{'PF00651': 1}
Q8NDP4	2	{'PF01352': 1, 'PF00096': 6}
Q8NDQ6	3	{'PF01352': 1, 'PF13912': 1, 'PF00096': 16}
Q8NDT2	2	{'PF00076': 2, 'PF07744': 1}
Q8NDV1	1	{'PF00777': 1}
Q8NDV2	1	{'PF00001': 1}
Q8NDV3	2	{'PF02463': 1, 'PF06470': 1}
Q8NDV7	1	{'PF10427': 1}
Q8NDW4	2	{'PF01352': 1, 'PF00096': 7}
Q8NDX1	2	{'PF01369': 1, 'PF15410': 1}
Q8NDX2	1	{'PF07690': 1}
Q8NDX5	2	{'PF00536': 1, 'PF21319': 1}
Q8NDX6	2	{'PF00096': 1, 'PF13894': 1}
Q8NDX9	1	{'PF00021': 1}
Q8NDY3	1	{'PF03747': 1}
Q8NDY4	1	{'PF26139': 1}
Q8NDY6	1	{'PF00010': 1}
Q8NDY8	1	{'PF14979': 1}
Q8NDZ0	1	{'PF10523': 2}
Q8NDZ4	1	{'PF12260': 1}
Q8NDZ6	1	{'PF10268': 1}
Q8NE00	1	{'PF01490': 2}
Q8NE01	2	{'PF00571': 1, 'PF25562': 1}
Q8NE09	1	{'PF00615': 3}
Q8NE18	2	{'PF01189': 1, 'PF21148': 1}
Q8NE28	1	{'PF00069': 1}
Q8NE31	1	{'PF26116': 1}
Q8NE35	2	{'PF16366': 1, 'PF16367': 1}
Q8NE62	2	{'PF00732': 1, 'PF05199': 1}
Q8NE63	1	{'PF00069': 1}
Q8NE65	2	{'PF01352': 1, 'PF00096': 4}
Q8NE71	1	{'PF00005': 2}
Q8NE79	1	{'PF04831': 1}
Q8NE86	1	{'PF04678': 1}
Q8NEA4	1	{'PF12937': 1}
Q8NEA5	1	{'PF17686': 1}
Q8NEA6	2	{'PF00096': 3, 'PF23561': 1}
Q8NEA9	1	{'PF00651': 1}
Q8NEB5	1	{'PF01569': 1}
Q8NEB7	1	{'PF07222': 1}
Q8NEB9	2	{'PF00454': 1, 'PF00792': 1}
Q8NEC5	1	{'PF00520': 1}
Q8NEC7	1	{'PF13679': 1}
Q8NEE6	1	{'PF12937': 1}
Q8NEF9	1	{'PF09073': 1}
Q8NEG0	1	{'PF12480': 1}
Q8NEG2	1	{'PF17662': 1}
Q8NEG4	1	{'PF07894': 1}
Q8NEG5	3	{'PF00569': 1, 'PF04434': 1, 'PF13639': 1}
Q8NEG7	1	{'PF02141': 1}
Q8NEJ0	1	{'PF00782': 1}
Q8NEJ9	1	{'PF04000': 1}
Q8NEK5	2	{'PF01352': 1, 'PF00096': 11}
Q8NEK8	1	{'PF07984': 1}
Q8NEL9	1	{'PF02862': 1}
Q8NEM0	2	{'PF12258': 1, 'PF12738': 1}
Q8NEM1	4	{'PF01352': 1, 'PF13912': 2, 'PF00096': 6, 'PF13465': 1}
Q8NEM2	1	{'PF23762': 1}
Q8NEM7	1	{'PF12090': 1}
Q8NEM8	2	{'PF00246': 1, 'PF18027': 1}
Q8NEN9	3	{'PF00130': 1, 'PF17820': 1, 'PF26547': 1}
Q8NEP9	3	{'PF01352': 1, 'PF00096': 13, 'PF13894': 1}
Q8NEQ6	1	{'PF15547': 1}
Q8NER1	1	{'PF00520': 1}
Q8NER5	3	{'PF01064': 1, 'PF08515': 1, 'PF07714': 1}
Q8NES3	1	{'PF02434': 1}
Q8NES8	1	{'PF13841': 1}
Q8NET1	1	{'PF13841': 1}
Q8NET5	1	{'PF25830': 1}
Q8NET6	1	{'PF03567': 1}
Q8NET8	1	{'PF00520': 1}
Q8NEU8	3	{'PF00169': 1, 'PF00640': 1, 'PF16746': 1}
Q8NEV1	1	{'PF00069': 1}
Q8NEV4	2	{'PF00063': 1, 'PF00069': 1}
Q8NEW0	1	{'PF01545': 1}
Q8NEW7	1	{'PF16038': 1}
Q8NEX9	1	{'PF00106': 1}
Q8NEY1	2	{'PF23092': 1, 'PF25408': 1}
Q8NEY3	1	{'PF06294': 1}
Q8NEY4	1	{'PF03223': 1}
Q8NEY8	1	{'PF25234': 1}
Q8NEZ2	1	{'PF07200': 1}
Q8NEZ3	2	{'PF23145': 1, 'PF23146': 1}
Q8NEZ4	6	{'PF00628': 4, 'PF00856': 1, 'PF05964': 1, 'PF05965': 1, 'PF13771': 1, 'PF13832': 1}
Q8NEZ5	2	{'PF00646': 1, 'PF10442': 1}
Q8NF37	2	{'PF01553': 1, 'PF13833': 1}
Q8NF50	3	{'PF11878': 1, 'PF14429': 1, 'PF20422': 1}
Q8NF64	2	{'PF02891': 1, 'PF25527': 1}
Q8NF86	1	{'PF00089': 1}
Q8NF91	4	{'PF00307': 2, 'PF00435': 11, 'PF10541': 1, 'PF25035': 1}
Q8NF99	2	{'PF02023': 1, 'PF00096': 9}
Q8NFA0	5	{'PF00443': 1, 'PF06337': 1, 'PF13202': 2, 'PF14836': 1, 'PF25265': 1}
Q8NFA2	1	{'PF00018': 1}
Q8NFB2	1	{'PF10269': 1}
Q8NFC6	1	{'PF05205': 1}
Q8NFD2	1	{'PF07714': 1}
Q8NFD5	1	{'PF01388': 1}
Q8NFF2	1	{'PF01699': 2}
Q8NFF5	3	{'PF00994': 1, 'PF01507': 1, 'PF24102': 1}
Q8NFG4	2	{'PF11704': 1, 'PF16692': 1}
Q8NFH5	1	{'PF05172': 1}
Q8NFH8	1	{'PF12763': 2}
Q8NFI3	2	{'PF03644': 1, 'PF25529': 1}
Q8NFI4	2	{'PF17830': 1, 'PF18253': 1}
Q8NFJ5	1	{'PF00003': 1}
Q8NFJ6	1	{'PF00001': 1}
Q8NFJ8	1	{'PF00010': 1}
Q8NFJ9	1	{'PF23304': 1}
Q8NFK1	1	{'PF00029': 1}
Q8NFL0	1	{'PF01762': 1}
Q8NFM4	3	{'PF00211': 2, 'PF06327': 1, 'PF16214': 1}
Q8NFM7	2	{'PF08357': 1, 'PF16742': 1}
Q8NFN8	1	{'PF00003': 1}
Q8NFP0	1	{'PF15214': 1}
Q8NFP4	3	{'PF00629': 1, 'PF13927': 5, 'PF07679': 1}
Q8NFP7	1	{'PF00293': 1}
Q8NFP9	4	{'PF02138': 1, 'PF06469': 1, 'PF13385': 1, 'PF14844': 1}
Q8NFQ5	2	{'PF01273': 1, 'PF02886': 1}
Q8NFQ6	2	{'PF01273': 1, 'PF02886': 1}
Q8NFQ8	2	{'PF05609': 1, 'PF20443': 1}
Q8NFR3	1	{'PF11779': 1}
Q8NFR9	2	{'PF08357': 1, 'PF15037': 2}
Q8NFT2	2	{'PF01794': 1, 'PF03807': 1}
Q8NFT6	1	{'PF07535': 1}
Q8NFT8	3	{'PF00008': 7, 'PF12661': 1, 'PF19330': 1}
Q8NFU0	1	{'PF01062': 1}
Q8NFU1	1	{'PF01062': 1}
Q8NFU3	1	{'PF00581': 1}
Q8NFU4	1	{'PF15215': 1}
Q8NFU5	1	{'PF03770': 1}
Q8NFU7	2	{'PF02008': 1, 'PF12851': 1}
Q8NFV4	1	{'PF00561': 1}
Q8NFV5	1	{'PF11357': 2}
Q8NFW1	1	{'PF00092': 1}
Q8NFW5	1	{'PF00046': 1}
Q8NFW8	1	{'PF02348': 1}
Q8NFW9	2	{'PF02318': 1, 'PF04698': 1}
Q8NFX7	2	{'PF00957': 1, 'PF15277': 1}
Q8NFY4	1	{'PF01437': 1}
Q8NFY9	2	{'PF00651': 1, 'PF07707': 1}
Q8NFZ0	3	{'PF00580': 1, 'PF12937': 1, 'PF13361': 1}
Q8NFZ3	1	{'PF00135': 1}
Q8NFZ4	1	{'PF00135': 1}
Q8NFZ5	1	{'PF12180': 1}
Q8NFZ6	1	{'PF03402': 1}
Q8NFZ8	3	{'PF07686': 1, 'PF08205': 1, 'PF13927': 1}
Q8NG04	2	{'PF00916': 1, 'PF01740': 1}
Q8NG06	4	{'PF00622': 1, 'PF00643': 1, 'PF13765': 1, 'PF15227': 1}
Q8NG08	2	{'PF13604': 1, 'PF25894': 1}
Q8NG11	1	{'PF00335': 1}
Q8NG27	1	{'PF13639': 1}
Q8NG31	1	{'PF18210': 1}
Q8NG35	1	{'PF13841': 1}
Q8NG41	1	{'PF15180': 1}
Q8NG48	2	{'PF14694': 1, 'PF14695': 1}
Q8NG50	2	{'PF00076': 1, 'PF25517': 1}
Q8NG66	1	{'PF00069': 1}
Q8NG68	1	{'PF03133': 1}
Q8NG75	1	{'PF13853': 1}
Q8NG76	1	{'PF13853': 1}
Q8NG77	1	{'PF13853': 1}
Q8NG78	1	{'PF13853': 1}
Q8NG80	1	{'PF13853': 1}
Q8NG81	1	{'PF13853': 1}
Q8NG83	1	{'PF13853': 1}
Q8NG84	1	{'PF13853': 1}
Q8NG85	1	{'PF13853': 1}
Q8NG92	1	{'PF13853': 1}
Q8NG94	1	{'PF13853': 1}
Q8NG95	1	{'PF13853': 1}
Q8NG97	1	{'PF13853': 1}
Q8NG98	1	{'PF13853': 1}
Q8NG99	1	{'PF13853': 1}
Q8NGA0	1	{'PF13853': 1}
Q8NGA1	1	{'PF13853': 1}
Q8NGA2	1	{'PF13853': 1}
Q8NGA4	1	{'PF00001': 1}
Q8NGA5	1	{'PF13853': 1}
Q8NGA6	1	{'PF13853': 1}
Q8NGA8	1	{'PF13853': 1}
Q8NGB2	1	{'PF13853': 1}
Q8NGB4	1	{'PF13853': 1}
Q8NGB6	1	{'PF13853': 1}
Q8NGB8	1	{'PF13853': 1}
Q8NGB9	1	{'PF13853': 1}
Q8NGC0	1	{'PF13853': 1}
Q8NGC1	1	{'PF13853': 1}
Q8NGC2	1	{'PF13853': 1}
Q8NGC3	1	{'PF13853': 1}
Q8NGC4	1	{'PF13853': 1}
Q8NGC5	1	{'PF13853': 1}
Q8NGC6	1	{'PF13853': 1}
Q8NGC7	1	{'PF13853': 1}
Q8NGC8	1	{'PF13853': 1}
Q8NGC9	1	{'PF13853': 1}
Q8NGD0	1	{'PF13853': 1}
Q8NGD1	1	{'PF13853': 1}
Q8NGD2	1	{'PF13853': 1}
Q8NGD3	1	{'PF13853': 1}
Q8NGD4	1	{'PF13853': 1}
Q8NGD5	1	{'PF13853': 1}
Q8NGE0	1	{'PF13853': 1}
Q8NGE1	1	{'PF13853': 1}
Q8NGE2	1	{'PF13853': 1}
Q8NGE3	1	{'PF13853': 1}
Q8NGE5	1	{'PF13853': 1}
Q8NGE7	1	{'PF13853': 1}
Q8NGE8	1	{'PF13853': 1}
Q8NGE9	1	{'PF13853': 1}
Q8NGF0	1	{'PF13853': 1}
Q8NGF1	1	{'PF13853': 1}
Q8NGF3	1	{'PF13853': 1}
Q8NGF4	1	{'PF13853': 1}
Q8NGF6	1	{'PF13853': 1}
Q8NGF7	1	{'PF13853': 1}
Q8NGF8	1	{'PF13853': 1}
Q8NGF9	1	{'PF13853': 1}
Q8NGG0	1	{'PF13853': 1}
Q8NGG1	1	{'PF13853': 1}
Q8NGG2	1	{'PF13853': 1}
Q8NGG3	1	{'PF13853': 1}
Q8NGG4	1	{'PF13853': 1}
Q8NGG5	1	{'PF13853': 1}
Q8NGG6	1	{'PF13853': 1}
Q8NGG7	1	{'PF13853': 1}
Q8NGG8	1	{'PF13853': 1}
Q8NGH3	1	{'PF13853': 1}
Q8NGH5	1	{'PF13853': 1}
Q8NGH6	1	{'PF13853': 1}
Q8NGH7	1	{'PF13853': 1}
Q8NGH8	1	{'PF13853': 1}
Q8NGH9	1	{'PF13853': 1}
Q8NGI0	1	{'PF13853': 1}
Q8NGI1	1	{'PF13853': 1}
Q8NGI2	1	{'PF13853': 1}
Q8NGI3	1	{'PF13853': 1}
Q8NGI4	1	{'PF13853': 1}
Q8NGI6	1	{'PF13853': 1}
Q8NGI7	1	{'PF13853': 1}
Q8NGI8	1	{'PF13853': 1}
Q8NGI9	1	{'PF13853': 1}
Q8NGJ0	1	{'PF13853': 1}
Q8NGJ1	1	{'PF13853': 1}
Q8NGJ2	1	{'PF13853': 1}
Q8NGJ3	1	{'PF13853': 1}
Q8NGJ4	1	{'PF13853': 1}
Q8NGJ5	1	{'PF13853': 1}
Q8NGJ6	1	{'PF13853': 1}
Q8NGJ7	1	{'PF13853': 1}
Q8NGJ8	1	{'PF13853': 1}
Q8NGJ9	1	{'PF13853': 1}
Q8NGK0	1	{'PF13853': 1}
Q8NGK1	1	{'PF13853': 1}
Q8NGK2	1	{'PF13853': 1}
Q8NGK3	1	{'PF13853': 1}
Q8NGK4	1	{'PF13853': 1}
Q8NGK5	1	{'PF13853': 1}
Q8NGK6	1	{'PF13853': 1}
Q8NGK9	1	{'PF13853': 1}
Q8NGL0	1	{'PF13853': 1}
Q8NGL1	1	{'PF13853': 1}
Q8NGL2	1	{'PF13853': 1}
Q8NGL3	1	{'PF13853': 1}
Q8NGL4	1	{'PF13853': 1}
Q8NGL6	1	{'PF13853': 1}
Q8NGL7	1	{'PF13853': 1}
Q8NGL9	1	{'PF13853': 1}
Q8NGM1	1	{'PF13853': 1}
Q8NGM8	1	{'PF00001': 1}
Q8NGM9	1	{'PF13853': 1}
Q8NGN0	1	{'PF13853': 1}
Q8NGN1	1	{'PF13853': 1}
Q8NGN2	1	{'PF13853': 1}
Q8NGN3	1	{'PF13853': 1}
Q8NGN4	1	{'PF13853': 1}
Q8NGN5	1	{'PF13853': 1}
Q8NGN6	1	{'PF13853': 1}
Q8NGN7	1	{'PF13853': 1}
Q8NGN8	1	{'PF13853': 1}
Q8NGP0	1	{'PF13853': 1}
Q8NGP2	1	{'PF13853': 1}
Q8NGP3	1	{'PF13853': 1}
Q8NGP4	1	{'PF13853': 1}
Q8NGP6	1	{'PF13853': 1}
Q8NGP8	1	{'PF13853': 1}
Q8NGP9	1	{'PF13853': 1}
Q8NGQ1	1	{'PF13853': 1}
Q8NGQ2	1	{'PF13853': 1}
Q8NGQ3	1	{'PF13853': 1}
Q8NGQ4	1	{'PF13853': 1}
Q8NGQ5	1	{'PF13853': 1}
Q8NGQ6	1	{'PF13853': 1}
Q8NGR1	1	{'PF13853': 1}
Q8NGR2	1	{'PF13853': 1}
Q8NGR3	1	{'PF13853': 1}
Q8NGR4	1	{'PF13853': 1}
Q8NGR5	1	{'PF13853': 1}
Q8NGR6	1	{'PF13853': 1}
Q8NGR8	1	{'PF13853': 1}
Q8NGR9	1	{'PF13853': 1}
Q8NGS0	1	{'PF13853': 1}
Q8NGS1	1	{'PF13853': 1}
Q8NGS2	1	{'PF13853': 1}
Q8NGS3	1	{'PF13853': 1}
Q8NGS4	1	{'PF13853': 1}
Q8NGS5	1	{'PF13853': 1}
Q8NGS6	1	{'PF13853': 1}
Q8NGS7	1	{'PF13853': 1}
Q8NGS8	1	{'PF13853': 1}
Q8NGS9	1	{'PF13853': 1}
Q8NGT0	1	{'PF13853': 1}
Q8NGT1	1	{'PF13853': 1}
Q8NGT2	1	{'PF13853': 1}
Q8NGT5	1	{'PF13853': 1}
Q8NGT7	1	{'PF13853': 1}
Q8NGT9	1	{'PF13853': 1}
Q8NGU1	1	{'PF13853': 1}
Q8NGU2	1	{'PF13853': 1}
Q8NGU4	1	{'PF13853': 1}
Q8NGU9	1	{'PF00001': 1}
Q8NGV0	1	{'PF13853': 1}
Q8NGV5	1	{'PF13853': 1}
Q8NGV6	1	{'PF13853': 1}
Q8NGV7	1	{'PF13853': 1}
Q8NGW1	1	{'PF13853': 1}
Q8NGW6	1	{'PF13853': 1}
Q8NGX0	1	{'PF13853': 1}
Q8NGX1	1	{'PF13853': 1}
Q8NGX2	1	{'PF13853': 1}
Q8NGX3	1	{'PF13853': 1}
Q8NGX5	1	{'PF13853': 1}
Q8NGX6	1	{'PF13853': 1}
Q8NGX8	1	{'PF13853': 1}
Q8NGX9	1	{'PF13853': 1}
Q8NGY0	1	{'PF13853': 1}
Q8NGY1	1	{'PF13853': 1}
Q8NGY2	1	{'PF13853': 1}
Q8NGY3	1	{'PF13853': 1}
Q8NGY5	1	{'PF13853': 1}
Q8NGY6	1	{'PF13853': 1}
Q8NGY7	1	{'PF13853': 1}
Q8NGY9	1	{'PF13853': 1}
Q8NGZ0	1	{'PF13853': 1}
Q8NGZ2	1	{'PF13853': 1}
Q8NGZ3	1	{'PF13853': 1}
Q8NGZ4	1	{'PF13853': 1}
Q8NGZ5	1	{'PF13853': 1}
Q8NGZ6	1	{'PF13853': 1}
Q8NGZ9	1	{'PF13853': 1}
Q8NH00	1	{'PF13853': 1}
Q8NH01	1	{'PF13853': 1}
Q8NH02	1	{'PF13853': 1}
Q8NH03	1	{'PF13853': 1}
Q8NH04	1	{'PF13853': 1}
Q8NH05	1	{'PF13853': 1}
Q8NH06	1	{'PF13853': 1}
Q8NH07	1	{'PF13853': 1}
Q8NH08	1	{'PF13853': 1}
Q8NH09	1	{'PF13853': 1}
Q8NH10	1	{'PF13853': 1}
Q8NH16	1	{'PF13853': 1}
Q8NH18	1	{'PF13853': 1}
Q8NH19	1	{'PF13853': 1}
Q8NH21	1	{'PF13853': 1}
Q8NH37	1	{'PF13853': 1}
Q8NH40	1	{'PF13853': 1}
Q8NH41	1	{'PF13853': 1}
Q8NH42	1	{'PF13853': 1}
Q8NH43	1	{'PF13853': 1}
Q8NH48	1	{'PF13853': 1}
Q8NH49	1	{'PF13853': 1}
Q8NH50	1	{'PF13853': 1}
Q8NH51	1	{'PF13853': 1}
Q8NH53	1	{'PF13853': 1}
Q8NH54	1	{'PF13853': 1}
Q8NH55	1	{'PF13853': 1}
Q8NH56	1	{'PF13853': 1}
Q8NH57	1	{'PF13853': 1}
Q8NH59	1	{'PF13853': 1}
Q8NH60	1	{'PF13853': 1}
Q8NH61	1	{'PF13853': 1}
Q8NH63	1	{'PF13853': 1}
Q8NH64	1	{'PF13853': 1}
Q8NH67	1	{'PF13853': 1}
Q8NH69	1	{'PF13853': 1}
Q8NH70	1	{'PF13853': 1}
Q8NH72	1	{'PF13853': 1}
Q8NH73	1	{'PF13853': 1}
Q8NH74	1	{'PF13853': 1}
Q8NH76	1	{'PF13853': 1}
Q8NH79	1	{'PF13853': 1}
Q8NH80	1	{'PF13853': 1}
Q8NH81	1	{'PF13853': 1}
Q8NH83	1	{'PF13853': 1}
Q8NH85	1	{'PF13853': 1}
Q8NH87	1	{'PF13853': 1}
Q8NH89	1	{'PF13853': 1}
Q8NH90	1	{'PF13853': 1}
Q8NH92	1	{'PF13853': 1}
Q8NH93	1	{'PF13853': 1}
Q8NH94	1	{'PF13853': 1}
Q8NH95	1	{'PF13853': 1}
Q8NHA4	1	{'PF13853': 1}
Q8NHA6	1	{'PF13853': 1}
Q8NHA8	1	{'PF13853': 1}
Q8NHB1	1	{'PF13853': 1}
Q8NHB7	1	{'PF13853': 1}
Q8NHB8	1	{'PF13853': 1}
Q8NHC4	1	{'PF13853': 1}
Q8NHC5	1	{'PF13853': 1}
Q8NHC6	1	{'PF13853': 1}
Q8NHC7	1	{'PF13853': 1}
Q8NHC8	1	{'PF13853': 1}
Q8NHE4	1	{'PF05493': 1}
Q8NHG7	1	{'PF15811': 1}
Q8NHG8	1	{'PF13639': 1}
Q8NHH1	1	{'PF03133': 1}
Q8NHH9	2	{'PF02263': 1, 'PF02841': 1}
Q8NHJ6	2	{'PF00047': 1, 'PF13895': 1}
Q8NHK3	1	{'PF00047': 2}
Q8NHL6	2	{'PF00047': 1, 'PF13895': 1}
Q8NHM4	1	{'PF00089': 1}
Q8NHM5	5	{'PF02008': 1, 'PF12937': 1, 'PF13621': 1, 'PF16866': 1, 'PF17811': 1}
Q8NHP1	1	{'PF00248': 1}
Q8NHP6	2	{'PF00635': 1, 'PF00650': 1}
Q8NHP7	1	{'PF01612': 1}
Q8NHP8	1	{'PF04916': 1}
Q8NHQ8	1	{'PF21712': 1}
Q8NHQ9	3	{'PF00270': 1, 'PF00271': 1, 'PF13959': 1}
Q8NHR7	1	{'PF15101': 1}
Q8NHR9	1	{'PF00235': 1}
Q8NHS0	1	{'PF00226': 1}
Q8NHS1	1	{'PF00822': 1}
Q8NHS2	1	{'PF00155': 1}
Q8NHS3	1	{'PF07690': 1}
Q8NHS4	1	{'PF15739': 1}
Q8NHU0	1	{'PF15300': 1}
Q8NHU2	2	{'PF16092': 1, 'PF23150': 1}
Q8NHU3	1	{'PF14360': 1}
Q8NHU6	2	{'PF00567': 3, 'PF12872': 2}
Q8NHV1	1	{'PF04548': 1}
Q8NHV5	1	{'PF18800': 1}
Q8NHV9	1	{'PF00046': 1}
Q8NHW3	1	{'PF08383': 1}
Q8NHW4	1	{'PF00048': 1}
Q8NHW5	3	{'PF00428': 1, 'PF00466': 1, 'PF17777': 1}
Q8NHW6	1	{'PF15182': 1}
Q8NHX4	1	{'PF15662': 1}
Q8NHX9	1	{'PF00520': 2}
Q8NHY0	1	{'PF00535': 1}
Q8NHY2	1	{'PF13923': 1}
Q8NHY3	2	{'PF00307': 1, 'PF02187': 1}
Q8NHY5	1	{'PF04005': 1}
Q8NHY6	3	{'PF01352': 2, 'PF13912': 1, 'PF00096': 12}
Q8NHZ7	2	{'PF14048': 1, 'PF16564': 1}
Q8NHZ8	1	{'PF10471': 1}
Q8NI08	2	{'PF01476': 1, 'PF07534': 1}
Q8NI17	2	{'PF00041': 1, 'PF09240': 1}
Q8NI22	1	{'PF13499': 1}
Q8NI27	3	{'PF11262': 1, 'PF11732': 1, 'PF16134': 2}
Q8NI29	2	{'PF00646': 1, 'PF04300': 1}
Q8NI32	1	{'PF16975': 1}
Q8NI35	2	{'PF00595': 10, 'PF09045': 1}
Q8NI36	1	{'PF04192': 1}
Q8NI37	1	{'PF07228': 1}
Q8NI51	1	{'PF00096': 4}
Q8NI60	1	{'PF03109': 1}
Q8NI77	1	{'PF00225': 1}
Q8NI99	1	{'PF00147': 1}
Q8TA94	2	{'PF01352': 1, 'PF00096': 9}
Q8TAA1	1	{'PF00074': 1}
Q8TAA3	2	{'PF00227': 1, 'PF10584': 1}
Q8TAA5	1	{'PF01025': 1}
Q8TAA9	1	{'PF06638': 1}
Q8TAB3	2	{'PF00028': 5, 'PF08266': 1}
Q8TAB5	1	{'PF15546': 1}
Q8TAC1	1	{'PF22543': 1}
Q8TAC2	1	{'PF02099': 1}
Q8TAC9	1	{'PF04144': 1}
Q8TAD2	1	{'PF06083': 1}
Q8TAD4	1	{'PF01545': 1}
Q8TAD7	1	{'PF15506': 1}
Q8TAD8	1	{'PF00498': 1}
Q8TAE6	1	{'PF05361': 1}
Q8TAE7	2	{'PF00520': 1, 'PF02214': 1}
Q8TAE8	1	{'PF10147': 1}
Q8TAF3	1	{'PF11816': 1}
Q8TAF7	2	{'PF01352': 1, 'PF00096': 9}
Q8TAF8	1	{'PF10242': 1}
Q8TAG5	1	{'PF07686': 1}
Q8TAG6	1	{'PF15505': 1}
Q8TAI7	1	{'PF00071': 1}
Q8TAK6	1	{'PF00010': 1}
Q8TAL5	1	{'PF15504': 1}
Q8TAL6	1	{'PF15819': 1}
Q8TAM1	1	{'PF00118': 1}
Q8TAM6	1	{'PF20491': 1}
Q8TAP4	1	{'PF00412': 2}
Q8TAP6	4	{'PF15627': 1, 'PF24652': 1, 'PF24654': 1, 'PF24656': 1}
Q8TAP8	1	{'PF15503': 1}
Q8TAP9	1	{'PF15502': 1}
Q8TAQ2	5	{'PF00249': 1, 'PF04433': 1, 'PF16495': 1, 'PF16496': 1, 'PF16498': 1}
Q8TAQ5	3	{'PF01352': 1, 'PF00096': 17, 'PF13465': 1}
Q8TAQ9	1	{'PF07738': 1}
Q8TAS1	2	{'PF00076': 1, 'PF00069': 1}
Q8TAT2	1	{'PF06473': 1}
Q8TAT5	3	{'PF00641': 1, 'PF06831': 1, 'PF06839': 2}
Q8TAT6	3	{'PF05020': 1, 'PF05021': 1, 'PF11543': 1}
Q8TAU0	1	{'PF00046': 1}
Q8TAU3	2	{'PF01352': 1, 'PF00096': 11}
Q8TAV0	1	{'PF16046': 1}
Q8TAV3	1	{'PF00067': 1}
Q8TAV4	1	{'PF01145': 1}
Q8TAV5	1	{'PF17731': 1}
Q8TAW3	2	{'PF01352': 1, 'PF00096': 8}
Q8TAX0	1	{'PF00096': 3}
Q8TAX9	2	{'PF04598': 1, 'PF17708': 1}
Q8TAY7	2	{'PF14160': 1, 'PF14161': 1}
Q8TB03	1	{'PF15112': 1}
Q8TB05	1	{'PF22566': 1}
Q8TB22	1	{'PF03190': 1}
Q8TB24	2	{'PF02204': 1, 'PF23268': 1}
Q8TB36	2	{'PF13410': 1, 'PF13417': 1}
Q8TB37	1	{'PF10609': 1}
Q8TB40	1	{'PF00561': 1}
Q8TB45	1	{'PF00610': 2}
Q8TB52	2	{'PF15965': 1, 'PF15966': 1}
Q8TB61	1	{'PF08449': 1}
Q8TB69	2	{'PF01352': 1, 'PF00096': 9}
Q8TB73	3	{'PF10179': 1, 'PF19433': 1, 'PF24354': 1}
Q8TB92	1	{'PF00682': 1}
Q8TB96	1	{'PF23122': 1}
Q8TBB0	1	{'PF05485': 1}
Q8TBB1	2	{'PF00097': 1, 'PF00595': 4}
Q8TBB6	2	{'PF13520': 1, 'PF13906': 1}
Q8TBC3	1	{'PF02214': 1}
Q8TBC4	2	{'PF00899': 1, 'PF08825': 1}
Q8TBC5	1	{'PF02023': 1}
Q8TBE0	1	{'PF01426': 1}
Q8TBE1	1	{'PF03311': 1}
Q8TBE7	1	{'PF00892': 2}
Q8TBE9	1	{'PF00702': 1}
Q8TBF2	1	{'PF13911': 1}
Q8TBF4	2	{'PF00076': 1, 'PF00098': 1}
Q8TBF5	1	{'PF08320': 1}
Q8TBG4	1	{'PF00202': 1}
Q8TBG9	1	{'PF01284': 1}
Q8TBH0	2	{'PF00339': 1, 'PF02752': 1}
Q8TBJ4	1	{'PF01569': 1}
Q8TBJ5	2	{'PF13912': 1, 'PF00096': 5}
Q8TBK2	2	{'PF00856': 1, 'PF09273': 1}
Q8TBK6	1	{'PF13917': 1}
Q8TBM7	1	{'PF14934': 1}
Q8TBM8	2	{'PF00226': 1, 'PF09320': 1}
Q8TBN0	1	{'PF25555': 1}
Q8TBP0	1	{'PF00566': 1}
Q8TBP5	1	{'PF06679': 1}
Q8TBQ9	1	{'PF06842': 1}
Q8TBR7	1	{'PF03798': 1}
Q8TBX8	1	{'PF01504': 1}
Q8TBY0	2	{'PF00076': 3, 'PF14709': 1}
Q8TBZ2	1	{'PF14646': 1}
Q8TBZ5	2	{'PF00096': 11, 'PF13465': 1}
Q8TBZ8	4	{'PF01352': 1, 'PF13912': 1, 'PF00096': 12, 'PF13465': 1}
Q8TBZ9	1	{'PF24787': 1}
Q8TC05	1	{'PF15501': 1}
Q8TC07	2	{'PF00566': 1, 'PF12068': 1}
Q8TC12	1	{'PF00106': 1}
Q8TC17	2	{'PF00017': 1, 'PF00018': 1}
Q8TC21	3	{'PF01352': 1, 'PF00096': 7, 'PF13465': 2}
Q8TC27	5	{'PF00200': 1, 'PF01421': 1, 'PF01562': 1, 'PF08516': 1, 'PF23106': 1}
Q8TC29	1	{'PF13864': 1}
Q8TC36	1	{'PF07738': 1}
Q8TC41	2	{'PF01485': 1, 'PF22191': 1}
Q8TC56	1	{'PF12480': 1}
Q8TC59	4	{'PF02170': 1, 'PF02171': 1, 'PF08699': 1, 'PF23278': 1}
Q8TC71	1	{'PF16026': 1}
Q8TC76	2	{'PF14160': 1, 'PF14161': 1}
Q8TC92	2	{'PF00076': 1, 'PF23267': 1}
Q8TC94	1	{'PF00022': 1}
Q8TC99	1	{'PF00041': 1}
Q8TCB0	1	{'PF07534': 1}
Q8TCB6	1	{'PF13853': 1}
Q8TCB7	1	{'PF08242': 1}
Q8TCC3	1	{'PF00327': 1}
Q8TCC7	1	{'PF00083': 1}
Q8TCD1	1	{'PF14975': 1}
Q8TCD5	1	{'PF06941': 1}
Q8TCD6	1	{'PF06888': 1}
Q8TCE6	1	{'PF08616': 1}
Q8TCE9	1	{'PF00337': 1}
Q8TCF1	2	{'PF01428': 2, 'PF25327': 1}
Q8TCG2	1	{'PF00454': 1}
Q8TCG5	2	{'PF00755': 1, 'PF16484': 1}
Q8TCJ2	2	{'PF02516': 1, 'PF21436': 1}
Q8TCN5	1	{'PF00096': 1}
Q8TCQ1	1	{'PF12906': 1}
Q8TCS8	5	{'PF00013': 1, 'PF00575': 1, 'PF01138': 2, 'PF03725': 1, 'PF03726': 1}
Q8TCT0	3	{'PF00781': 1, 'PF19280': 1, 'PF25382': 1}
Q8TCT1	1	{'PF06888': 1}
Q8TCT6	1	{'PF04258': 1}
Q8TCT7	2	{'PF02225': 1, 'PF04258': 1}
Q8TCT8	2	{'PF02225': 1, 'PF04258': 1}
Q8TCT9	1	{'PF04258': 1}
Q8TCU3	1	{'PF13520': 1}
Q8TCU4	1	{'PF15309': 1}
Q8TCU5	3	{'PF00060': 1, 'PF01094': 1, 'PF10613': 1}
Q8TCU6	3	{'PF00610': 2, 'PF00621': 1, 'PF22697': 1}
Q8TCV5	1	{'PF00095': 2}
Q8TCW7	2	{'PF00100': 1, 'PF23344': 1}
Q8TCW9	1	{'PF00001': 1}
Q8TCX1	1	{'PF05783': 1}
Q8TCX5	2	{'PF00595': 1, 'PF02185': 1}
Q8TCY5	1	{'PF15183': 1}
Q8TCY9	2	{'PF25496': 1, 'PF25683': 1}
Q8TCZ2	1	{'PF12301': 2}
Q8TD06	1	{'PF13899': 1}
Q8TD07	1	{'PF00129': 1}
Q8TD08	1	{'PF00069': 1}
Q8TD17	3	{'PF01352': 1, 'PF13913': 1, 'PF00096': 6}
Q8TD19	1	{'PF00069': 1}
Q8TD20	1	{'PF00083': 2}
Q8TD22	1	{'PF03820': 1}
Q8TD23	2	{'PF01352': 1, 'PF00096': 12}
Q8TD26	4	{'PF00176': 1, 'PF00271': 1, 'PF00385': 2, 'PF23078': 1}
Q8TD30	1	{'PF00155': 1}
Q8TD33	1	{'PF01099': 1}
Q8TD35	1	{'PF15478': 1}
Q8TD43	3	{'PF00520': 1, 'PF18139': 1, 'PF25508': 1}
Q8TD46	1	{'PF08205': 1}
Q8TD47	4	{'PF00467': 1, 'PF00900': 1, 'PF08071': 1, 'PF16121': 1}
Q8TD55	1	{'PF00169': 1}
Q8TD57	11	{'PF03028': 1, 'PF08393': 1, 'PF12774': 1, 'PF12775': 1, 'PF12777': 1, 'PF12780': 1, 'PF12781': 1, 'PF17852': 1, 'PF17857': 1, 'PF18198': 1, 'PF18199': 1}
Q8TD84	4	{'PF00041': 5, 'PF13927': 4, 'PF07679': 4, 'PF25059': 1}
Q8TD86	1	{'PF13499': 1}
Q8TD90	1	{'PF01454': 1}
Q8TD94	1	{'PF00096': 3}
Q8TDB4	1	{'PF14962': 1}
Q8TDB6	5	{'PF13923': 1, 'PF18102': 1, 'PF21717': 1, 'PF21718': 2, 'PF23222': 1}
Q8TDB8	1	{'PF00083': 1}
Q8TDC0	1	{'PF05556': 1}
Q8TDC3	3	{'PF21115': 1, 'PF21122': 1, 'PF00069': 1}
Q8TDD1	3	{'PF00270': 1, 'PF00271': 1, 'PF08147': 1}
Q8TDD2	1	{'PF00096': 3}
Q8TDD5	2	{'PF08016': 1, 'PF21381': 1}
Q8TDE3	1	{'PF00074': 1}
Q8TDF5	1	{'PF00431': 2}
Q8TDF6	2	{'PF00130': 1, 'PF00617': 1}
Q8TDG2	1	{'PF00022': 1}
Q8TDG4	4	{'PF00270': 1, 'PF00271': 1, 'PF20470': 1, 'PF21099': 1}
Q8TDH9	1	{'PF14942': 1}
Q8TDI0	8	{'PF00176': 1, 'PF00271': 1, 'PF00385': 1, 'PF00628': 2, 'PF06461': 1, 'PF06465': 1, 'PF08073': 1, 'PF08074': 1}
Q8TDI7	1	{'PF07810': 1}
Q8TDI8	1	{'PF07810': 1}
Q8TDJ6	1	{'PF12234': 2}
Q8TDL5	2	{'PF01273': 1, 'PF02886': 1}
Q8TDM5	1	{'PF00021': 1}
Q8TDM6	3	{'PF00595': 3, 'PF00625': 1, 'PF04822': 1}
Q8TDN1	2	{'PF00520': 1, 'PF02214': 1}
Q8TDN2	2	{'PF00520': 1, 'PF02214': 1}
Q8TDN4	1	{'PF00134': 1}
Q8TDN6	1	{'PF04427': 1}
Q8TDN7	1	{'PF05875': 1}
Q8TDP1	1	{'PF08615': 1}
Q8TDQ0	1	{'PF07686': 1}
Q8TDQ1	2	{'PF07686': 1, 'PF15330': 1}
Q8TDQ7	1	{'PF01182': 1}
Q8TDR0	1	{'PF10243': 1}
Q8TDR2	1	{'PF00069': 1}
Q8TDS4	1	{'PF00001': 1}
Q8TDS5	1	{'PF00001': 1}
Q8TDS7	1	{'PF00001': 1}
Q8TDT2	1	{'PF00001': 1}
Q8TDU5	1	{'PF03402': 1}
Q8TDU6	1	{'PF00001': 1}
Q8TDU9	1	{'PF00001': 1}
Q8TDV0	1	{'PF00001': 1}
Q8TDV2	1	{'PF00001': 1}
Q8TDV5	1	{'PF00001': 1}
Q8TDW0	1	{'PF12534': 1}
Q8TDW5	2	{'PF00168': 2, 'PF02318': 1}
Q8TDW7	5	{'PF00008': 1, 'PF00028': 25, 'PF02210': 1, 'PF12661': 1, 'PF23592': 1}
Q8TDX5	1	{'PF04909': 1}
Q8TDX6	1	{'PF05679': 1}
Q8TDX7	1	{'PF00069': 1}
Q8TDX9	5	{'PF00801': 1, 'PF01477': 1, 'PF02010': 2, 'PF08016': 1, 'PF20519': 1}
Q8TDY2	1	{'PF10377': 1}
Q8TDY3	1	{'PF00022': 1}
Q8TDY4	3	{'PF00169': 1, 'PF01412': 1, 'PF16746': 1}
Q8TDY8	3	{'PF00041': 5, 'PF13927': 1, 'PF07679': 2}
Q8TDZ2	5	{'PF00307': 1, 'PF00412': 1, 'PF01494': 1, 'PF12130': 1, 'PF25413': 1}
Q8TE02	1	{'PF10483': 2}
Q8TE04	1	{'PF03630': 1}
Q8TE12	2	{'PF00046': 1, 'PF00412': 2}
Q8TE23	3	{'PF00003': 1, 'PF01094': 1, 'PF07562': 1}
Q8TE49	2	{'PF01754': 1, 'PF02338': 1}
Q8TE54	2	{'PF00916': 1, 'PF01740': 1}
Q8TE56	8	{'PF00090': 1, 'PF01421': 1, 'PF01562': 1, 'PF05986': 1, 'PF17771': 1, 'PF19030': 4, 'PF19236': 1, 'PF23178': 1}
Q8TE57	8	{'PF00090': 1, 'PF01421': 1, 'PF01562': 1, 'PF05986': 1, 'PF08686': 1, 'PF17771': 1, 'PF19030': 4, 'PF19236': 1}
Q8TE58	7	{'PF00090': 1, 'PF01421': 1, 'PF01562': 1, 'PF05986': 1, 'PF17771': 1, 'PF19030': 2, 'PF19236': 1}
Q8TE59	6	{'PF00090': 1, 'PF01421': 1, 'PF05986': 1, 'PF17771': 1, 'PF19030': 4, 'PF23178': 1}
Q8TE60	8	{'PF00090': 1, 'PF01421': 1, 'PF01562': 1, 'PF05986': 1, 'PF08686': 1, 'PF17771': 1, 'PF19030': 4, 'PF19236': 1}
Q8TE67	4	{'PF00018': 1, 'PF08416': 1, 'PF18016': 1, 'PF22975': 1}
Q8TE68	4	{'PF00018': 1, 'PF08416': 1, 'PF18016': 1, 'PF22975': 1}
Q8TE73	12	{'PF03028': 1, 'PF08385': 1, 'PF08393': 1, 'PF12774': 1, 'PF12775': 1, 'PF12777': 1, 'PF12780': 1, 'PF12781': 1, 'PF17852': 1, 'PF17857': 1, 'PF18198': 1, 'PF18199': 1}
Q8TE76	3	{'PF07496': 1, 'PF13589': 1, 'PF17942': 1}
Q8TE77	3	{'PF00782': 1, 'PF08766': 1, 'PF23040': 1}
Q8TE82	1	{'PF00018': 1}
Q8TE85	2	{'PF04516': 1, 'PF25416': 1}
Q8TE96	3	{'PF04408': 1, 'PF07717': 1, 'PF21010': 1}
Q8TE99	1	{'PF00328': 1}
Q8TEA1	1	{'PF01189': 1}
Q8TEA7	3	{'PF00566': 1, 'PF00581': 1, 'PF00069': 1}
Q8TEA8	1	{'PF02580': 1}
Q8TEB7	2	{'PF02225': 1, 'PF13639': 1}
Q8TEB9	1	{'PF01694': 1}
Q8TEC5	4	{'PF00018': 1, 'PF07653': 1, 'PF13639': 1, 'PF14604': 1}
Q8TED0	1	{'PF09384': 1}
Q8TED1	1	{'PF00255': 1}
Q8TED4	1	{'PF07690': 1}
Q8TED9	1	{'PF00169': 2}
Q8TEE9	1	{'PF15476': 1}
Q8TEF2	1	{'PF17665': 1}
Q8TEH3	3	{'PF02141': 1, 'PF03455': 1, 'PF03456': 1}
Q8TEJ3	3	{'PF00018': 3, 'PF13445': 1, 'PF14604': 1}
Q8TEK3	1	{'PF08123': 1}
Q8TEL6	1	{'PF12463': 1}
Q8TEM1	15	{'PF02368': 1, 'PF22957': 1, 'PF22959': 1, 'PF22962': 1, 'PF22963': 1, 'PF22967': 1, 'PF22969': 1, 'PF24902': 1, 'PF24935': 1, 'PF24991': 1, 'PF25354': 1, 'PF26181': 1, 'PF26182': 1, 'PF26183': 1, 'PF26184': 1}
Q8TEP8	8	{'PF22060': 1, 'PF22064': 1, 'PF22065': 1, 'PF22066': 1, 'PF22067': 1, 'PF22073': 1, 'PF22074': 1, 'PF22076': 1}
Q8TEQ0	2	{'PF00787': 1, 'PF02759': 1}
Q8TEQ6	1	{'PF23777': 1}
Q8TEQ8	1	{'PF01663': 1}
Q8TER0	4	{'PF00008': 11, 'PF00041': 3, 'PF06119': 1, 'PF12661': 3}
Q8TER5	2	{'PF00621': 1, 'PF22697': 1}
Q8TET4	3	{'PF01055': 1, 'PF13802': 1, 'PF21365': 1}
Q8TEU7	5	{'PF00027': 1, 'PF00595': 1, 'PF00617': 1, 'PF00618': 1, 'PF00788': 1}
Q8TEU8	4	{'PF00014': 2, 'PF00095': 1, 'PF01759': 1, 'PF07679': 1}
Q8TEV9	1	{'PF11704': 1}
Q8TEW0	2	{'PF00595': 2, 'PF12053': 1}
Q8TEW6	2	{'PF00169': 1, 'PF02174': 1}
Q8TEW8	2	{'PF00595': 2, 'PF12053': 1}
Q8TEY7	3	{'PF00443': 1, 'PF02148': 1, 'PF06337': 2}
Q8TEZ7	1	{'PF03006': 1}
Q8TF01	1	{'PF15996': 1}
Q8TF08	1	{'PF05392': 1}
Q8TF09	1	{'PF03259': 1}
Q8TF17	1	{'PF00018': 1}
Q8TF20	3	{'PF13912': 3, 'PF00096': 19, 'PF13465': 1}
Q8TF27	2	{'PF00169': 1, 'PF01412': 1}
Q8TF30	2	{'PF15871': 1, 'PF15920': 1}
Q8TF32	3	{'PF01352': 1, 'PF00096': 9, 'PF13465': 1}
Q8TF39	3	{'PF01352': 1, 'PF02023': 1, 'PF00096': 10}
Q8TF40	3	{'PF14636': 1, 'PF14637': 1, 'PF14638': 1}
Q8TF42	3	{'PF00300': 1, 'PF14604': 1, 'PF22562': 1}
Q8TF44	1	{'PF00168': 1}
Q8TF45	2	{'PF01352': 1, 'PF00096': 15}
Q8TF46	4	{'PF00773': 1, 'PF17215': 1, 'PF17216': 1, 'PF17849': 1}
Q8TF47	2	{'PF01352': 1, 'PF00096': 12}
Q8TF50	3	{'PF13912': 1, 'PF00096': 3, 'PF13894': 1}
Q8TF61	2	{'PF12937': 1, 'PF23165': 1}
Q8TF62	3	{'PF13246': 1, 'PF16209': 1, 'PF16212': 1}
Q8TF64	3	{'PF00595': 1, 'PF25082': 1, 'PF25083': 1}
Q8TF65	3	{'PF00595': 1, 'PF25082': 1, 'PF25083': 1}
Q8TF68	1	{'PF00096': 7}
Q8TF71	1	{'PF07690': 2}
Q8TF72	3	{'PF00595': 1, 'PF08687': 1, 'PF08688': 1}
Q8TF76	1	{'PF12330': 1}
Q8WTP8	1	{'PF00929': 1}
Q8WTP9	1	{'PF05831': 1}
Q8WTQ1	1	{'PF13841': 1}
Q8WTQ4	1	{'PF15472': 1}
Q8WTQ7	2	{'PF00615': 1, 'PF00069': 1}
Q8WTR2	1	{'PF00782': 1}
Q8WTR4	2	{'PF03009': 1, 'PF13653': 1}
Q8WTR7	2	{'PF01352': 1, 'PF00096': 15}
Q8WTR8	3	{'PF00053': 2, 'PF01759': 1, 'PF24973': 1}
Q8WTS1	1	{'PF00561': 1}
Q8WTS6	1	{'PF00856': 1}
Q8WTT0	1	{'PF00059': 1}
Q8WTT2	1	{'PF07540': 1}
Q8WTU0	3	{'PF00240': 1, 'PF09668': 1, 'PF24669': 1}
Q8WTU2	1	{'PF00530': 4}
Q8WTV0	1	{'PF01130': 1}
Q8WTV1	1	{'PF05485': 1}
Q8WTW4	1	{'PF06218': 2}
Q8WTX7	3	{'PF13840': 2, 'PF18700': 1, 'PF21389': 1}
Q8WTX9	1	{'PF01529': 1}
Q8WTZ4	1	{'PF00194': 1}
Q8WU03	2	{'PF06021': 1, 'PF08444': 1}
Q8WU08	1	{'PF00069': 1}
Q8WU10	2	{'PF07992': 2, 'PF18267': 1}
Q8WU17	2	{'PF13639': 1, 'PF13705': 1}
Q8WU20	1	{'PF02174': 1}
Q8WU39	1	{'PF11938': 1}
Q8WU43	1	{'PF17701': 1}
Q8WU49	1	{'PF17702': 1}
Q8WU58	1	{'PF15258': 1}
Q8WU67	1	{'PF00561': 1}
Q8WU68	2	{'PF00076': 1, 'PF00642': 2}
Q8WU76	1	{'PF00995': 1}
Q8WU79	1	{'PF01412': 1}
Q8WU90	2	{'PF00642': 1, 'PF16543': 1}
Q8WUA2	2	{'PF00076': 1, 'PF00160': 1}
Q8WUA7	1	{'PF00566': 1}
Q8WUB2	1	{'PF15107': 1}
Q8WUB8	1	{'PF00628': 2}
Q8WUD1	1	{'PF00071': 1}
Q8WUD4	1	{'PF08315': 1}
Q8WUD6	1	{'PF01066': 1}
Q8WUE5	1	{'PF14444': 1}
Q8WUF5	1	{'PF14604': 1}
Q8WUF8	1	{'PF22749': 1}
Q8WUG5	1	{'PF00083': 1}
Q8WUH1	1	{'PF06573': 1}
Q8WUH2	1	{'PF10367': 1}
Q8WUH6	1	{'PF15475': 1}
Q8WUI4	1	{'PF00850': 1}
Q8WUJ0	1	{'PF00782': 1}
Q8WUJ1	1	{'PF00173': 1}
Q8WUJ3	3	{'PF13330': 2, 'PF15711': 2, 'PF24605': 1}
Q8WUK0	1	{'PF00782': 1}
Q8WUM4	1	{'PF13949': 1}
Q8WUM9	1	{'PF01384': 1}
Q8WUN7	2	{'PF00240': 1, 'PF16455': 1}
Q8WUP2	1	{'PF00412': 3}
Q8WUQ7	2	{'PF09732': 1, 'PF10312': 1}
Q8WUR7	1	{'PF02594': 1}
Q8WUS8	1	{'PF01073': 1}
Q8WUT4	1	{'PF00041': 1}
Q8WUU4	2	{'PF00096': 4, 'PF25491': 1}
Q8WUU8	1	{'PF15029': 1}
Q8WUX1	1	{'PF01490': 1}
Q8WUX2	1	{'PF04752': 1}
Q8WUX9	3	{'PF03357': 1, 'PF25239': 1, 'PF25880': 1}
Q8WUY1	1	{'PF13279': 1}
Q8WUY3	3	{'PF02833': 1, 'PF12496': 1, 'PF13716': 1}
Q8WUY8	1	{'PF00583': 1}
Q8WUY9	2	{'PF00610': 1, 'PF00620': 1}
Q8WUZ0	1	{'PF04714': 1}
Q8WV07	1	{'PF09811': 1}
Q8WV15	1	{'PF14967': 1}
Q8WV19	1	{'PF04178': 1}
Q8WV22	2	{'PF07574': 1, 'PF08746': 1}
Q8WV28	1	{'PF00017': 1}
Q8WV37	3	{'PF01352': 1, 'PF00096': 9, 'PF13465': 1}
Q8WV41	3	{'PF00787': 1, 'PF10456': 1, 'PF14604': 1}
Q8WV44	4	{'PF00622': 1, 'PF00643': 1, 'PF13765': 1, 'PF15227': 1}
Q8WV74	1	{'PF00293': 1}
Q8WV92	2	{'PF04212': 1, 'PF16565': 1}
Q8WV93	1	{'PF03969': 1}
Q8WV99	2	{'PF01428': 2, 'PF25403': 1}
Q8WVB3	1	{'PF00728': 1}
Q8WVB6	1	{'PF00004': 1}
Q8WVC0	1	{'PF04004': 1}
Q8WVC6	1	{'PF01121': 1}
Q8WVD3	3	{'PF05605': 1, 'PF13923': 1, 'PF18574': 1}
Q8WVD5	1	{'PF13639': 1}
Q8WVE0	1	{'PF10237': 1}
Q8WVE6	1	{'PF15471': 1}
Q8WVE7	1	{'PF10190': 1}
Q8WVF1	1	{'PF10188': 1}
Q8WVF2	1	{'PF17085': 1}
Q8WVF5	2	{'PF02214': 1, 'PF19323': 1}
Q8WVH0	1	{'PF05835': 1}
Q8WVI0	1	{'PF15114': 1}
Q8WVI7	1	{'PF05395': 1}
Q8WVJ2	1	{'PF04969': 1}
Q8WVJ9	1	{'PF00010': 1}
Q8WVK2	1	{'PF08648': 1}
Q8WVK7	1	{'PF16740': 1}
Q8WVM0	1	{'PF00398': 1}
Q8WVM8	1	{'PF00995': 1}
Q8WVN8	2	{'PF00179': 1, 'PF05773': 1}
Q8WVP5	1	{'PF05527': 1}
Q8WVP7	1	{'PF04791': 2}
Q8WVR3	2	{'PF15806': 1, 'PF23652': 1}
Q8WVV4	1	{'PF24617': 1}
Q8WVV5	4	{'PF00622': 1, 'PF07686': 1, 'PF13765': 1, 'PF22705': 1}
Q8WVV9	4	{'PF00076': 1, 'PF11835': 1, 'PF13893': 1, 'PF22976': 1}
Q8WVX3	1	{'PF17696': 1}
Q8WVX9	2	{'PF03015': 1, 'PF07993': 1}
Q8WVY7	2	{'PF00240': 1, 'PF03031': 1}
Q8WVZ1	1	{'PF01529': 1}
Q8WVZ7	2	{'PF02225': 1, 'PF13639': 1}
Q8WVZ9	2	{'PF00651': 1, 'PF07707': 1}
Q8WW01	1	{'PF09631': 1}
Q8WW12	1	{'PF15473': 1}
Q8WW14	1	{'PF22573': 1}
Q8WW18	1	{'PF15470': 1}
Q8WW22	3	{'PF00226': 1, 'PF00684': 1, 'PF01556': 1}
Q8WW24	1	{'PF03148': 1}
Q8WW27	1	{'PF08210': 1}
Q8WW32	2	{'PF00505': 1, 'PF09011': 1}
Q8WW33	1	{'PF05253': 2}
Q8WW34	1	{'PF15841': 1}
Q8WW35	1	{'PF03645': 1}
Q8WW36	1	{'PF00098': 4}
Q8WW38	2	{'PF21182': 1, 'PF25445': 1}
Q8WW43	1	{'PF06105': 1}
Q8WW52	1	{'PF10223': 2}
Q8WW59	1	{'PF00622': 1}
Q8WW62	1	{'PF01105': 1}
Q8WWA1	1	{'PF15817': 1}
Q8WWB5	2	{'PF08190': 1, 'PF18201': 1}
Q8WWB7	1	{'PF15065': 1}
Q8WWF1	1	{'PF15465': 1}
Q8WWF3	1	{'PF15468': 1}
Q8WWF5	2	{'PF02225': 1, 'PF13639': 1}
Q8WWF6	1	{'PF00226': 1}
Q8WWF8	1	{'PF13499': 2}
Q8WWG1	1	{'PF00008': 1}
Q8WWG9	1	{'PF02060': 1}
Q8WWH4	1	{'PF07647': 1}
Q8WWH5	1	{'PF01509': 1}
Q8WWI1	4	{'PF00307': 1, 'PF00412': 1, 'PF00595': 1, 'PF15949': 2}
Q8WWI5	1	{'PF04515': 1}
Q8WWK9	1	{'PF15297': 1}
Q8WWL2	1	{'PF16474': 1}
Q8WWL7	2	{'PF00134': 1, 'PF02984': 1}
Q8WWM1	1	{'PF05831': 1}
Q8WWM7	2	{'PF06741': 1, 'PF14438': 1}
Q8WWM9	1	{'PF00042': 1}
Q8WWN8	5	{'PF00169': 2, 'PF00620': 1, 'PF00788': 1, 'PF01412': 1, 'PF07647': 1}
Q8WWN9	1	{'PF00169': 1}
Q8WWP7	1	{'PF04548': 1}
Q8WWQ0	3	{'PF00439': 2, 'PF25313': 1, 'PF25437': 1}
Q8WWQ2	1	{'PF03662': 1}
Q8WWQ8	4	{'PF00193': 1, 'PF02469': 7, 'PF12947': 11, 'PF24887': 2}
Q8WWR9	1	{'PF15060': 1}
Q8WWT9	1	{'PF00939': 1}
Q8WWU5	1	{'PF05794': 1}
Q8WWV3	2	{'PF08240': 1, 'PF13602': 1}
Q8WWV6	1	{'PF07686': 1}
Q8WWW0	3	{'PF00130': 1, 'PF00788': 1, 'PF16517': 1}
Q8WWW8	1	{'PF00169': 1}
Q8WWX0	1	{'PF07525': 1}
Q8WWX8	1	{'PF00474': 1}
Q8WWX9	1	{'PF08806': 1}
Q8WWY3	2	{'PF01798': 1, 'PF09785': 1}
Q8WWY6	2	{'PF14048': 1, 'PF16564': 1}
Q8WWY7	1	{'PF00095': 1}
Q8WWY8	1	{'PF00151': 1}
Q8WWZ1	1	{'PF00340': 1}
Q8WWZ3	1	{'PF00531': 1}
Q8WWZ4	3	{'PF12698': 1, 'PF00005': 2, 'PF23321': 1}
Q8WWZ7	3	{'PF12698': 1, 'PF00005': 2, 'PF23321': 1}
Q8WWZ8	3	{'PF00100': 1, 'PF14670': 2, 'PF23283': 1}
Q8WX39	1	{'PF00061': 1}
Q8WX77	3	{'PF00219': 1, 'PF07648': 1, 'PF07679': 1}
Q8WX92	1	{'PF06209': 1}
Q8WX93	1	{'PF07679': 5}
Q8WX94	4	{'PF02758': 1, 'PF05729': 1, 'PF17776': 1, 'PF17779': 1}
Q8WXA2	1	{'PF00021': 1}
Q8WXA3	2	{'PF01363': 1, 'PF02759': 1}
Q8WXA8	2	{'PF02931': 1, 'PF02932': 1}
Q8WXA9	1	{'PF00076': 1}
Q8WXB1	1	{'PF10294': 1}
Q8WXB4	2	{'PF01352': 1, 'PF00096': 13}
Q8WXC3	1	{'PF02758': 1}
Q8WXC6	1	{'PF15004': 1}
Q8WXD0	1	{'PF00001': 1}
Q8WXD2	1	{'PF15467': 1}
Q8WXD5	2	{'PF06372': 1, 'PF20417': 1}
Q8WXD9	4	{'PF00536': 2, 'PF07653': 1, 'PF16600': 1, 'PF16907': 1}
Q8WXE0	4	{'PF00536': 2, 'PF07653': 1, 'PF16600': 1, 'PF16907': 1}
Q8WXE9	2	{'PF00928': 1, 'PF12016': 1}
Q8WXF0	1	{'PF00076': 1}
Q8WXF1	2	{'PF00076': 2, 'PF08075': 1}
Q8WXF3	1	{'PF00049': 1}
Q8WXF5	1	{'PF00030': 1}
Q8WXF7	1	{'PF02263': 1}
Q8WXF8	2	{'PF01335': 1, 'PF20694': 1}
Q8WXG1	2	{'PF04055': 1, 'PF13353': 1}
Q8WXG6	4	{'PF02141': 1, 'PF03456': 1, 'PF23629': 1, 'PF25328': 1}
Q8WXG8	1	{'PF01023': 1}
Q8WXG9	3	{'PF00002': 1, 'PF03160': 33, 'PF13385': 1}
Q8WXH0	4	{'PF00307': 2, 'PF00435': 3, 'PF10541': 1, 'PF25035': 1}
Q8WXH4	1	{'PF07525': 1}
Q8WXH5	3	{'PF00017': 1, 'PF07525': 1, 'PF12610': 1}
Q8WXH6	2	{'PF00071': 1, 'PF07525': 1}
Q8WXI2	5	{'PF00169': 1, 'PF00536': 1, 'PF00595': 1, 'PF06663': 1, 'PF10534': 1}
Q8WXI3	1	{'PF07525': 1}
Q8WXI4	2	{'PF01852': 1, 'PF03061': 2}
Q8WXI7	1	{'PF01390': 16}
Q8WXI8	1	{'PF00059': 1}
Q8WXI9	1	{'PF00320': 1}
Q8WXJ9	1	{'PF07525': 1}
Q8WXK1	1	{'PF07525': 1}
Q8WXK3	1	{'PF07525': 1}
Q8WXK4	1	{'PF07525': 1}
Q8WXQ8	2	{'PF00246': 1, 'PF02244': 1}
Q8WXR4	2	{'PF00063': 1, 'PF00069': 1}
Q8WXS3	1	{'PF06989': 1}
Q8WXS4	1	{'PF15108': 1}
Q8WXS5	1	{'PF00822': 1}
Q8WXS8	7	{'PF00090': 1, 'PF01421': 1, 'PF01562': 1, 'PF05986': 1, 'PF17771': 1, 'PF19030': 3, 'PF19236': 1}
Q8WXT5	1	{'PF00250': 1}
Q8WXU2	1	{'PF04969': 1}
Q8WXX0	11	{'PF03028': 1, 'PF08393': 1, 'PF12774': 1, 'PF12775': 1, 'PF12777': 1, 'PF12780': 1, 'PF12781': 1, 'PF17852': 1, 'PF17857': 1, 'PF18198': 1, 'PF18199': 1}
Q8WXX5	2	{'PF00226': 1, 'PF23302': 1}
Q8WXX7	1	{'PF15336': 1}
Q8WY07	2	{'PF13520': 1, 'PF13906': 1}
Q8WY21	2	{'PF00801': 1, 'PF15901': 1}
Q8WY22	1	{'PF14965': 1}
Q8WY36	2	{'PF00505': 1, 'PF09667': 2}
Q8WY41	1	{'PF05741': 1}
Q8WY54	1	{'PF00481': 1}
Q8WY64	4	{'PF00373': 1, 'PF09379': 1, 'PF09380': 1, 'PF13920': 1}
Q8WY91	2	{'PF05485': 1, 'PF08768': 1}
Q8WY98	1	{'PF10639': 1}
Q8WYA0	1	{'PF18383': 1}
Q8WYA1	3	{'PF00010': 1, 'PF00989': 1, 'PF14598': 1}
Q8WYB5	4	{'PF00628': 1, 'PF01853': 1, 'PF17772': 1, 'PF21524': 1}
Q8WYJ6	1	{'PF00735': 1}
Q8WYK0	2	{'PF01852': 1, 'PF03061': 2}
Q8WYK1	2	{'PF00754': 1, 'PF02210': 4}
Q8WYL5	3	{'PF00782': 1, 'PF08766': 1, 'PF23040': 1}
Q8WYN0	1	{'PF03416': 1}
Q8WYN3	1	{'PF16019': 1}
Q8WYP3	3	{'PF00788': 1, 'PF02204': 1, 'PF23268': 1}
Q8WYQ3	1	{'PF06747': 1}
Q8WYQ4	1	{'PF15874': 1}
Q8WYQ5	1	{'PF00035': 2}
Q8WYQ9	2	{'PF00098': 1, 'PF00536': 1}
Q8WYR1	1	{'PF10486': 1}
Q8WZ04	1	{'PF01596': 1}
Q8WZ19	1	{'PF02214': 1}
Q8WZ33	1	{'PF03148': 1}
Q8WZ42	5	{'PF00041': 132, 'PF09042': 2, 'PF07679': 162, 'PF18362': 1, 'PF00069': 1}
Q8WZ55	1	{'PF15462': 1}
Q8WZ59	1	{'PF15431': 1}
Q8WZ60	2	{'PF00651': 1, 'PF07707': 1}
Q8WZ64	5	{'PF00169': 4, 'PF00536': 1, 'PF00620': 1, 'PF00788': 1, 'PF01412': 1}
Q8WZ69	1	{'PF17706': 1}
Q8WZ73	4	{'PF13920': 1, 'PF21272': 1, 'PF22968': 1, 'PF23632': 1}
Q8WZ74	2	{'PF09727': 1, 'PF25408': 1}
Q8WZ75	3	{'PF00041': 1, 'PF13927': 1, 'PF07679': 1}
Q8WZ79	1	{'PF03265': 1}
Q8WZ82	1	{'PF03959': 1}
Q8WZ84	1	{'PF13853': 1}
Q8WZ92	1	{'PF13853': 1}
Q8WZ94	1	{'PF13853': 1}
Q8WZA0	1	{'PF06384': 1}
Q8WZA1	2	{'PF03071': 1, 'PF15711': 1}
Q8WZA2	4	{'PF00027': 2, 'PF00610': 1, 'PF00617': 1, 'PF00618': 1}
Q8WZA6	1	{'PF13853': 1}
Q902F8	3	{'PF00517': 1, 'PF13804': 1, 'PF15695': 1}
Q902F9	3	{'PF00517': 1, 'PF13804': 1, 'PF15695': 1}
Q92185	1	{'PF00777': 1}
Q92186	1	{'PF00777': 1}
Q92187	1	{'PF00777': 1}
Q92478	1	{'PF00059': 1}
Q92481	1	{'PF03299': 1}
Q92482	1	{'PF00230': 1}
Q92484	2	{'PF00149': 1, 'PF19272': 1}
Q92485	2	{'PF00149': 1, 'PF19272': 1}
Q92496	1	{'PF00084': 8}
Q92499	3	{'PF00270': 2, 'PF00271': 1, 'PF00622': 1}
Q92502	2	{'PF00620': 1, 'PF01852': 1}
Q92503	3	{'PF00650': 1, 'PF03765': 1, 'PF04707': 1}
Q92504	1	{'PF02535': 1}
Q92506	1	{'PF13561': 1}
Q92508	5	{'PF12166': 1, 'PF15917': 1, 'PF23188': 1, 'PF24871': 1, 'PF24874': 1}
Q92519	1	{'PF00069': 1}
Q92520	1	{'PF15711': 1}
Q92521	1	{'PF03901': 1}
Q92522	1	{'PF00538': 1}
Q92523	2	{'PF00755': 1, 'PF16484': 1}
Q92526	1	{'PF00118': 1}
Q92529	2	{'PF00017': 1, 'PF00640': 1}
Q92530	2	{'PF08577': 1, 'PF11566': 1}
Q92535	1	{'PF06432': 1}
Q92536	1	{'PF13520': 1}
Q92537	1	{'PF00084': 1}
Q92538	1	{'PF01369': 1}
Q92539	3	{'PF04571': 1, 'PF08235': 1, 'PF16876': 1}
Q92541	1	{'PF03126': 1}
Q92542	2	{'PF05450': 1, 'PF18266': 1}
Q92543	3	{'PF00787': 1, 'PF02194': 1, 'PF08628': 1}
Q92544	1	{'PF02990': 1}
Q92545	6	{'PF12371': 1, 'PF19532': 1, 'PF24495': 1, 'PF24498': 1, 'PF24499': 1, 'PF24501': 1}
Q92546	1	{'PF08737': 2}
Q92547	2	{'PF00533': 7, 'PF23294': 1}
Q92551	1	{'PF03770': 1}
Q92556	2	{'PF04727': 1, 'PF16457': 1}
Q92560	2	{'PF01088': 1, 'PF18031': 1}
Q92561	1	{'PF19281': 1}
Q92562	1	{'PF02383': 1}
Q92563	3	{'PF00086': 1, 'PF07648': 1, 'PF10591': 1}
Q92564	1	{'PF03556': 1}
Q92565	2	{'PF00617': 1, 'PF00618': 1}
Q92567	1	{'PF14944': 1}
Q92569	2	{'PF00017': 2, 'PF16454': 1}
Q92570	2	{'PF00104': 1, 'PF00105': 1}
Q92572	1	{'PF01217': 1}
Q92574	1	{'PF04388': 1}
Q92575	2	{'PF00789': 1, 'PF23187': 1}
Q92576	3	{'PF00628': 1, 'PF07500': 1, 'PF07744': 1}
Q92581	1	{'PF00999': 1}
Q92583	1	{'PF00048': 1}
Q92585	2	{'PF09596': 1, 'PF20801': 1}
Q92597	1	{'PF03096': 1}
Q92598	1	{'PF00012': 1}
Q92599	1	{'PF00735': 1}
Q92604	2	{'PF01553': 1, 'PF16076': 1}
Q92608	4	{'PF07653': 1, 'PF14429': 1, 'PF16172': 1, 'PF20422': 1}
Q92609	1	{'PF00566': 2}
Q92610	2	{'PF16622': 1, 'PF25412': 1}
Q92613	3	{'PF00628': 1, 'PF10513': 1, 'PF13832': 1}
Q92614	3	{'PF00063': 2, 'PF00595': 1, 'PF24556': 1}
Q92615	2	{'PF05383': 1, 'PF26088': 1}
Q92617	1	{'PF06409': 1}
Q92618	1	{'PF00096': 5}
Q92619	3	{'PF00620': 1, 'PF22699': 1, 'PF24235': 1}
Q92620	5	{'PF00270': 1, 'PF00271': 1, 'PF04408': 1, 'PF07717': 1, 'PF21010': 1}
Q92622	3	{'PF02759': 1, 'PF13901': 1, 'PF21054': 1}
Q92625	2	{'PF00536': 2, 'PF00640': 1}
Q92626	3	{'PF03098': 1, 'PF07679': 4, 'PF23334': 1}
Q92628	1	{'PF15376': 1}
Q92629	1	{'PF04790': 1}
Q92630	1	{'PF00069': 1}
Q92633	1	{'PF00001': 1}
Q92636	3	{'PF02138': 1, 'PF02893': 1, 'PF25400': 1}
Q92637	2	{'PF13895': 1, 'PF13927': 1}
Q92643	1	{'PF01650': 1}
Q92664	2	{'PF00096': 5, 'PF22110': 1}
Q92665	1	{'PF15433': 1}
Q92667	2	{'PF00013': 1, 'PF00567': 1}
Q92670	3	{'PF01352': 1, 'PF02023': 1, 'PF00096': 3}
Q92673	3	{'PF00041': 3, 'PF15901': 1, 'PF25814': 1}
Q92674	1	{'PF07778': 1}
Q92685	1	{'PF05208': 1}
Q92692	2	{'PF07686': 1, 'PF08205': 1}
Q92696	1	{'PF07711': 1}
Q92698	2	{'PF00176': 1, 'PF00271': 1}
Q92729	4	{'PF00041': 1, 'PF00102': 2, 'PF00629': 1, 'PF23144': 1}
Q92730	1	{'PF00071': 1}
Q92731	3	{'PF00104': 1, 'PF00105': 1, 'PF12497': 1}
Q92733	1	{'PF10253': 1}
Q92734	1	{'PF00564': 1}
Q92736	6	{'PF00520': 1, 'PF00622': 3, 'PF02026': 4, 'PF02815': 1, 'PF06459': 1, 'PF08709': 1}
Q92737	1	{'PF00071': 1}
Q92738	1	{'PF00566': 1}
Q92743	4	{'PF00219': 1, 'PF07648': 1, 'PF13365': 1, 'PF17820': 1}
Q92748	1	{'PF07084': 1}
Q92750	2	{'PF05236': 1, 'PF07531': 1}
Q92752	4	{'PF00041': 9, 'PF00147': 1, 'PF23106': 1, 'PF25024': 1}
Q92753	2	{'PF00104': 1, 'PF00105': 1}
Q92754	1	{'PF03299': 1}
Q92759	2	{'PF03849': 1, 'PF18307': 1}
Q92765	2	{'PF01392': 1, 'PF01759': 1}
Q92766	2	{'PF13912': 2, 'PF00096': 7}
Q92769	1	{'PF00850': 1}
Q92771	2	{'PF06733': 1, 'PF13307': 1}
Q92772	1	{'PF00069': 1}
Q92777	2	{'PF02078': 1, 'PF02750': 1}
Q92781	1	{'PF00106': 1}
Q92782	2	{'PF00628': 2, 'PF14051': 1}
Q92783	1	{'PF00018': 1}
Q92784	2	{'PF00628': 2, 'PF14051': 1}
Q92785	2	{'PF00628': 2, 'PF14051': 1}
Q92786	1	{'PF05044': 1}
Q92793	8	{'PF00439': 1, 'PF00569': 1, 'PF02135': 2, 'PF02172': 1, 'PF06001': 1, 'PF08214': 1, 'PF09030': 1, 'PF23570': 1}
Q92794	4	{'PF00628': 2, 'PF01853': 1, 'PF17772': 1, 'PF21524': 1}
Q92796	4	{'PF00018': 1, 'PF00595': 3, 'PF00625': 1, 'PF10600': 1}
Q92797	1	{'PF12295': 1}
Q92800	5	{'PF00856': 1, 'PF11616': 1, 'PF18118': 1, 'PF18264': 1, 'PF21358': 1}
Q92802	1	{'PF13671': 1}
Q92804	1	{'PF00076': 1}
Q92805	1	{'PF01465': 1}
Q92806	2	{'PF01007': 1, 'PF17655': 1}
Q92813	1	{'PF00837': 1}
Q92817	2	{'PF17902': 1, 'PF23160': 1}
Q92819	1	{'PF03142': 1}
Q92820	1	{'PF07722': 1}
Q92823	4	{'PF00041': 4, 'PF13882': 1, 'PF13927': 2, 'PF07679': 3}
Q92824	4	{'PF01483': 1, 'PF14843': 1, 'PF16470': 1, 'PF00082': 1}
Q92826	2	{'PF00046': 1, 'PF12284': 1}
Q92830	3	{'PF00439': 1, 'PF00583': 1, 'PF06466': 1}
Q92831	3	{'PF00439': 1, 'PF00583': 1, 'PF06466': 1}
Q92832	4	{'PF00093': 2, 'PF02210': 1, 'PF07645': 1, 'PF12947': 1}
Q92833	4	{'PF01388': 1, 'PF02373': 1, 'PF02375': 1, 'PF02928': 1}
Q92835	4	{'PF00017': 1, 'PF22669': 1, 'PF24147': 1, 'PF24150': 1}
Q92837	1	{'PF05350': 1}
Q92838	1	{'PF00229': 1}
Q92839	1	{'PF13641': 1}
Q92841	2	{'PF00270': 1, 'PF00271': 1}
Q92843	2	{'PF00452': 1, 'PF02180': 1}
Q92844	1	{'PF12845': 1}
Q92847	1	{'PF00001': 1}
Q92851	2	{'PF00656': 1, 'PF01335': 2}
Q92854	2	{'PF00047': 1, 'PF01437': 1}
Q92858	1	{'PF00010': 1}
Q92859	5	{'PF00041': 6, 'PF06583': 1, 'PF13895': 1, 'PF13927': 1, 'PF07679': 2}
Q92870	2	{'PF00397': 1, 'PF00640': 2}
Q92871	1	{'PF03332': 1}
Q92874	1	{'PF03372': 1}
Q92876	1	{'PF00089': 1}
Q92878	2	{'PF13476': 1, 'PF13558': 1}
Q92879	1	{'PF00076': 3}
Q92882	1	{'PF00018': 1}
Q92886	1	{'PF00010': 1}
Q92887	3	{'PF00664': 2, 'PF00005': 2, 'PF24357': 1}
Q92888	3	{'PF00621': 1, 'PF09128': 1, 'PF17838': 1}
Q92889	1	{'PF02732': 1}
Q92890	2	{'PF03152': 1, 'PF24842': 1}
Q92896	1	{'PF00839': 15}
Q92900	4	{'PF09416': 1, 'PF13086': 2, 'PF13087': 1, 'PF18141': 1}
Q92901	1	{'PF00297': 1}
Q92902	3	{'PF19036': 1, 'PF19037': 1, 'PF19038': 1}
Q92903	1	{'PF01148': 1}
Q92904	1	{'PF00076': 1}
Q92905	2	{'PF01398': 1, 'PF18323': 1}
Q92908	2	{'PF00320': 2, 'PF05349': 1}
Q92911	1	{'PF00474': 1}
Q92913	1	{'PF00167': 1}
Q92914	1	{'PF00167': 1}
Q92915	1	{'PF00167': 1}
Q92917	2	{'PF00467': 1, 'PF12656': 1}
Q92918	1	{'PF00069': 1}
Q92922	5	{'PF00249': 1, 'PF04433': 1, 'PF16495': 1, 'PF16496': 1, 'PF16498': 1}
Q92925	1	{'PF02201': 1}
Q92928	1	{'PF00071': 1}
Q92930	1	{'PF00071': 1}
Q92932	3	{'PF00102': 1, 'PF11548': 1, 'PF14948': 1}
Q92934	1	{'PF10514': 1}
Q92935	2	{'PF03016': 1, 'PF09258': 1}
Q92945	2	{'PF00013': 4, 'PF09005': 2}
Q92947	3	{'PF00441': 1, 'PF02770': 1, 'PF02771': 1}
Q92949	1	{'PF00250': 1}
Q92952	3	{'PF02888': 1, 'PF03530': 1, 'PF07885': 1}
Q92953	3	{'PF00520': 1, 'PF02214': 1, 'PF03521': 1}
Q92954	1	{'PF01033': 2}
Q92956	1	{'PF00020': 1}
Q92959	2	{'PF03137': 1, 'PF07648': 1}
Q92963	1	{'PF00071': 1}
Q92966	1	{'PF12251': 1}
Q92968	2	{'PF04088': 1, 'PF14604': 1}
Q92974	2	{'PF00621': 1, 'PF17838': 1}
Q92979	1	{'PF03587': 1}
Q92982	1	{'PF04923': 1}
Q92985	2	{'PF00605': 1, 'PF10401': 1}
Q92988	1	{'PF00046': 1}
Q92989	3	{'PF06807': 1, 'PF16573': 1, 'PF16575': 1}
Q92993	3	{'PF01853': 1, 'PF11717': 1, 'PF17772': 1}
Q92994	3	{'PF00382': 2, 'PF07741': 1, 'PF08271': 1}
Q92995	4	{'PF00443': 1, 'PF00627': 2, 'PF02148': 1, 'PF17807': 1}
Q92997	5	{'PF00595': 1, 'PF00610': 1, 'PF00778': 1, 'PF02377': 1, 'PF12316': 1}
Q93008	3	{'PF00443': 1, 'PF12030': 1, 'PF22900': 1}
Q93009	4	{'PF00443': 1, 'PF12436': 1, 'PF14533': 1, 'PF22486': 1}
Q93015	1	{'PF00583': 1}
Q93033	1	{'PF07686': 3}
Q93034	2	{'PF10557': 1, 'PF26557': 1}
Q93038	2	{'PF00020': 1, 'PF00531': 1}
Q93045	1	{'PF00836': 1}
Q93050	1	{'PF01496': 1}
Q93052	1	{'PF00412': 3}
Q93062	1	{'PF00076': 1}
Q93063	2	{'PF03016': 1, 'PF09258': 1}
Q93070	1	{'PF01129': 1}
Q93073	1	{'PF01248': 1}
Q93074	3	{'PF09497': 1, 'PF12144': 1, 'PF12145': 1}
Q93075	1	{'PF01026': 1}
Q93077	2	{'PF00125': 1, 'PF16211': 1}
Q93079	1	{'PF00125': 1}
Q93083	1	{'PF00131': 1}
Q93084	5	{'PF00122': 1, 'PF00689': 1, 'PF00690': 1, 'PF08282': 1, 'PF13246': 1}
Q93086	1	{'PF00864': 1}
Q93088	1	{'PF02574': 1}
Q93091	1	{'PF00074': 1}
Q93096	1	{'PF22785': 1}
Q93097	1	{'PF00110': 1}
Q93098	1	{'PF00110': 1}
Q93099	2	{'PF04209': 1, 'PF20510': 1}
Q93100	1	{'PF19292': 1}
Q95460	2	{'PF00129': 1, 'PF07654': 1}
Q969D9	1	{'PF15216': 1}
Q969E1	1	{'PF07359': 1}
Q969E2	1	{'PF04144': 1}
Q969E3	1	{'PF00473': 1}
Q969E4	1	{'PF04538': 1}
Q969E8	1	{'PF10273': 1}
Q969F0	1	{'PF05644': 1}
Q969F1	1	{'PF10419': 1}
Q969F8	1	{'PF00001': 1}
Q969G2	2	{'PF00046': 1, 'PF00412': 2}
Q969G3	1	{'PF00505': 1}
Q969G5	1	{'PF15237': 1}
Q969G6	1	{'PF01687': 1}
Q969H0	1	{'PF12937': 1}
Q969H4	2	{'PF00169': 1, 'PF10534': 1}
Q969H6	1	{'PF01900': 1}
Q969H8	1	{'PF10572': 1}
Q969H9	1	{'PF26134': 1}
Q969I3	2	{'PF06021': 1, 'PF08444': 1}
Q969I6	1	{'PF01490': 2}
Q969J2	3	{'PF01352': 1, 'PF02023': 1, 'PF00096': 7}
Q969J3	1	{'PF10158': 1}
Q969J5	2	{'PF01108': 2, 'PF09294': 1}
Q969K3	4	{'PF13920': 1, 'PF21272': 1, 'PF22968': 1, 'PF23632': 1}
Q969K4	1	{'PF00651': 2}
Q969K7	1	{'PF12304': 1}
Q969L2	1	{'PF01284': 1}
Q969L4	1	{'PF01423': 1}
Q969M1	1	{'PF01459': 1}
Q969M2	1	{'PF00029': 1}
Q969M3	1	{'PF04893': 1}
Q969M7	1	{'PF00179': 1}
Q969N2	1	{'PF04113': 2}
Q969N4	1	{'PF00001': 1}
Q969P0	1	{'PF07686': 1}
Q969P6	3	{'PF01028': 1, 'PF02919': 1, 'PF14370': 1}
Q969Q0	1	{'PF00935': 1}
Q969Q1	2	{'PF00643': 1, 'PF13445': 1}
Q969Q4	1	{'PF00025': 1}
Q969Q5	1	{'PF00071': 1}
Q969Q6	1	{'PF17958': 1}
Q969R2	2	{'PF00169': 1, 'PF01237': 1}
Q969R5	2	{'PF02820': 4, 'PF21319': 1}
Q969S0	1	{'PF08449': 1}
Q969S2	1	{'PF06831': 1}
Q969S3	2	{'PF12171': 1, 'PF12756': 1}
Q969S8	1	{'PF00850': 1}
Q969S9	5	{'PF00009': 1, 'PF00679': 1, 'PF03764': 1, 'PF14492': 1, 'PF22042': 1}
Q969T3	1	{'PF00787': 1}
Q969T4	1	{'PF00179': 1}
Q969T7	1	{'PF05822': 1}
Q969T9	1	{'PF02893': 1}
Q969U6	1	{'PF12937': 1}
Q969U7	1	{'PF09754': 1}
Q969V1	1	{'PF00001': 1}
Q969V3	1	{'PF04389': 1}
Q969V4	1	{'PF03148': 1}
Q969V5	2	{'PF12483': 1, 'PF13920': 1}
Q969V6	1	{'PF02037': 1}
Q969W0	1	{'PF11779': 1}
Q969W1	1	{'PF01529': 1}
Q969W3	1	{'PF15434': 1}
Q969W8	3	{'PF01352': 1, 'PF00096': 5, 'PF13465': 1}
Q969X0	2	{'PF09744': 1, 'PF11461': 1}
Q969X1	1	{'PF01027': 1}
Q969X2	1	{'PF00777': 1}
Q969X5	2	{'PF07970': 1, 'PF13850': 1}
Q969Y0	2	{'PF06312': 1, 'PF24536': 1}
Q969Y2	3	{'PF01926': 1, 'PF10396': 1, 'PF12631': 1}
Q969Z0	2	{'PF08368': 1, 'PF08373': 1}
Q969Z3	2	{'PF03473': 1, 'PF03476': 1}
Q969Z4	1	{'PF12606': 1}
Q96A00	1	{'PF05361': 1}
Q96A04	1	{'PF15836': 1}
Q96A05	1	{'PF01991': 1}
Q96A08	1	{'PF00125': 1}
Q96A09	1	{'PF07984': 1}
Q96A11	1	{'PF06990': 1}
Q96A22	1	{'PF15147': 1}
Q96A23	2	{'PF00168': 2, 'PF07002': 1}
Q96A25	2	{'PF07092': 1, 'PF21002': 1}
Q96A26	1	{'PF06388': 1}
Q96A29	1	{'PF03151': 1}
Q96A32	1	{'PF13405': 1}
Q96A33	1	{'PF07946': 1}
Q96A35	2	{'PF00467': 1, 'PF17136': 1}
Q96A37	3	{'PF05605': 1, 'PF13445': 1, 'PF18574': 1}
Q96A44	2	{'PF00622': 1, 'PF07525': 1}
Q96A47	2	{'PF00046': 1, 'PF00412': 2}
Q96A49	1	{'PF03909': 1}
Q96A54	1	{'PF03006': 1}
Q96A56	1	{'PF14839': 1}
Q96A57	1	{'PF05915': 1}
Q96A58	1	{'PF00071': 1}
Q96A61	2	{'PF00643': 1, 'PF15227': 1}
Q96A70	2	{'PF00278': 1, 'PF02784': 1}
Q96A72	1	{'PF02792': 1}
Q96A73	1	{'PF15302': 1}
Q96A83	1	{'PF07546': 1}
Q96A84	1	{'PF07546': 1}
Q96A98	1	{'PF14980': 1}
Q96A99	1	{'PF00354': 1}
Q96AA3	1	{'PF04506': 1}
Q96AB3	1	{'PF00857': 1}
Q96AB6	1	{'PF14736': 1}
Q96AC1	3	{'PF00169': 1, 'PF00373': 2, 'PF18124': 1}
Q96AC6	1	{'PF00225': 1}
Q96AD5	1	{'PF01734': 1}
Q96AE4	2	{'PF00013': 4, 'PF09005': 2}
Q96AH0	1	{'PF21473': 1}
Q96AH8	1	{'PF00071': 1}
Q96AJ1	1	{'PF10234': 1}
Q96AJ9	2	{'PF05008': 1, 'PF12352': 1}
Q96AK3	1	{'PF18782': 2}
Q96AM1	1	{'PF00001': 1}
Q96AN5	1	{'PF12576': 1}
Q96AP0	1	{'PF10341': 1}
Q96AP4	1	{'PF07910': 1}
Q96AP7	2	{'PF07686': 1, 'PF13927': 1}
Q96AQ2	1	{'PF15109': 1}
Q96AQ7	1	{'PF02017': 1}
Q96AQ8	1	{'PF07798': 1}
Q96AQ9	1	{'PF15010': 1}
Q96AT1	1	{'PF15377': 1}
Q96AT9	1	{'PF00834': 1}
Q96AV8	1	{'PF02319': 2}
Q96AX1	1	{'PF00995': 1}
Q96AX2	1	{'PF00071': 1}
Q96AX9	4	{'PF00569': 1, 'PF06701': 2, 'PF13920': 2, 'PF18346': 2}
Q96AY2	2	{'PF02732': 1, 'PF21292': 1}
Q96AY3	2	{'PF00254': 4, 'PF13202': 2}
Q96AY4	2	{'PF12770': 1, 'PF26117': 1}
Q96AZ1	1	{'PF10294': 1}
Q96AZ6	1	{'PF00929': 1}
Q96B01	1	{'PF15696': 1}
Q96B02	1	{'PF00179': 1}
Q96B21	1	{'PF04819': 1}
Q96B23	1	{'PF15303': 1}
Q96B26	2	{'PF01138': 1, 'PF03725': 1}
Q96B33	1	{'PF00822': 1}
Q96B36	2	{'PF15798': 1, 'PF22911': 1}
Q96B42	1	{'PF14770': 1}
Q96B45	1	{'PF16088': 1}
Q96B49	1	{'PF15184': 1}
Q96B67	2	{'PF00339': 1, 'PF02752': 1}
Q96B70	3	{'PF00642': 1, 'PF04457': 1, 'PF10469': 1}
Q96B77	1	{'PF06979': 1}
Q96B86	2	{'PF06534': 1, 'PF06535': 1}
Q96B96	1	{'PF16015': 1}
Q96B97	1	{'PF14604': 3}
Q96BD0	2	{'PF03137': 1, 'PF07648': 1}
Q96BD5	1	{'PF00628': 1}
Q96BD6	2	{'PF00622': 1, 'PF07525': 1}
Q96BD8	1	{'PF07160': 1}
Q96BF3	1	{'PF07686': 1}
Q96BF6	2	{'PF00651': 1, 'PF10523': 1}
Q96BH1	2	{'PF05773': 1, 'PF13639': 1}
Q96BH3	1	{'PF00040': 4}
Q96BI1	1	{'PF07690': 1}
Q96BI3	1	{'PF06105': 1}
Q96BJ3	2	{'PF08910': 1, 'PF14186': 1}
Q96BJ8	2	{'PF04727': 1, 'PF16457': 1}
Q96BK5	1	{'PF01585': 1}
Q96BM0	1	{'PF06140': 1}
Q96BM9	1	{'PF00025': 1}
Q96BN2	1	{'PF12767': 2}
Q96BN6	1	{'PF12516': 1}
Q96BN8	1	{'PF16218': 1}
Q96BP2	1	{'PF06747': 1}
Q96BP3	1	{'PF00160': 1}
Q96BQ1	1	{'PF15711': 1}
Q96BQ3	2	{'PF00622': 1, 'PF15227': 1}
Q96BR1	3	{'PF00433': 1, 'PF00787': 1, 'PF00069': 1}
Q96BR6	2	{'PF01352': 1, 'PF00096': 8}
Q96BR9	2	{'PF00651': 1, 'PF00096': 1}
Q96BT3	2	{'PF15511': 1, 'PF16171': 1}
Q96BT7	4	{'PF00076': 1, 'PF08241': 1, 'PF09004': 1, 'PF13532': 1}
Q96BU1	1	{'PF15427': 1}
Q96BV0	1	{'PF00096': 11}
Q96BW1	1	{'PF14681': 1}
Q96BW5	1	{'PF02126': 1}
Q96BW9	1	{'PF09139': 1}
Q96BX8	1	{'PF03637': 1}
Q96BY2	2	{'PF14893': 1, 'PF20846': 1}
Q96BY6	4	{'PF00169': 1, 'PF11878': 1, 'PF14429': 1, 'PF20422': 1}
Q96BY9	1	{'PF06682': 1}
Q96BZ4	1	{'PF13918': 1}
Q96BZ8	1	{'PF10197': 1}
Q96BZ9	1	{'PF00566': 1}
Q96C00	1	{'PF00651': 1}
Q96C01	1	{'PF05811': 1}
Q96C03	2	{'PF20266': 1, 'PF21297': 1}
Q96C10	4	{'PF00271': 1, 'PF04851': 1, 'PF11648': 1, 'PF18119': 1}
Q96C11	2	{'PF00370': 1, 'PF02782': 1}
Q96C19	1	{'PF21008': 1}
Q96C23	1	{'PF01263': 1}
Q96C24	2	{'PF00168': 2, 'PF02318': 1}
Q96C28	2	{'PF01352': 1, 'PF00096': 5}
Q96C34	2	{'PF02759': 1, 'PF26030': 1}
Q96C36	2	{'PF03807': 1, 'PF14748': 1}
Q96C45	1	{'PF00069': 1}
Q96C55	3	{'PF13912': 1, 'PF00096': 2, 'PF13894': 1}
Q96C57	1	{'PF23999': 1}
Q96C86	2	{'PF05652': 1, 'PF11969': 1}
Q96C90	1	{'PF05361': 1}
Q96CA5	2	{'PF00653': 1, 'PF13920': 1}
Q96CB8	1	{'PF00628': 1}
Q96CB9	1	{'PF01189': 1}
Q96CC6	2	{'PF01694': 1, 'PF12595': 1}
Q96CD0	1	{'PF12937': 1}
Q96CD2	1	{'PF02441': 1}
Q96CE8	1	{'PF05805': 1}
Q96CF2	1	{'PF03357': 1}
Q96CG3	1	{'PF00498': 1}
Q96CG8	1	{'PF25815': 1}
Q96CH1	1	{'PF00001': 1}
Q96CJ1	1	{'PF09816': 1}
Q96CK0	1	{'PF00096': 3}
Q96CM3	1	{'PF00849': 1}
Q96CM4	1	{'PF13905': 1}
Q96CM8	2	{'PF00501': 1, 'PF13193': 1}
Q96CN4	1	{'PF00566': 1}
Q96CN7	1	{'PF00857': 1}
Q96CN9	1	{'PF01465': 1}
Q96CP2	1	{'PF15423': 1}
Q96CP6	2	{'PF02893': 1, 'PF16016': 1}
Q96CP7	1	{'PF03798': 1}
Q96CS3	3	{'PF00789': 1, 'PF21021': 1, 'PF22566': 1}
Q96CS4	2	{'PF01352': 1, 'PF00096': 10}
Q96CS7	1	{'PF00169': 1}
Q96CT2	2	{'PF00651': 1, 'PF07707': 1}
Q96CT7	1	{'PF06244': 1}
Q96CU9	1	{'PF01266': 1}
Q96CV9	2	{'PF11577': 1, 'PF18414': 1}
Q96CW1	2	{'PF00928': 1, 'PF01217': 1}
Q96CW5	2	{'PF04130': 1, 'PF17681': 1}
Q96CW6	1	{'PF08574': 1}
Q96CW9	3	{'PF00053': 2, 'PF00055': 1, 'PF24973': 1}
Q96CX2	2	{'PF02214': 1, 'PF23110': 1}
Q96CX3	1	{'PF00096': 9}
Q96D03	1	{'PF07809': 1}
Q96D05	1	{'PF15378': 1}
Q96D15	2	{'PF13202': 1, 'PF13499': 1}
Q96D21	1	{'PF00071': 1}
Q96D31	1	{'PF07856': 1}
Q96D42	1	{'PF07686': 1}
Q96D46	3	{'PF04981': 1, 'PF21192': 1, 'PF21193': 1}
Q96D53	1	{'PF03109': 1}
Q96D70	2	{'PF01424': 1, 'PF13902': 1}
Q96D71	1	{'PF12763': 2}
Q96D96	1	{'PF00520': 1}
Q96DA2	1	{'PF00071': 1}
Q96DA6	1	{'PF00226': 1}
Q96DB2	1	{'PF00850': 1}
Q96DB9	1	{'PF02038': 1}
Q96DC8	1	{'PF00378': 1}
Q96DC9	1	{'PF10275': 1}
Q96DD7	1	{'PF13908': 1}
Q96DE0	1	{'PF22327': 1}
Q96DE5	1	{'PF17256': 1}
Q96DF8	1	{'PF09751': 1}
Q96DG6	1	{'PF01738': 1}
Q96DH6	1	{'PF00076': 2}
Q96DL1	2	{'PF06312': 1, 'PF24536': 1}
Q96DM1	2	{'PF13842': 1, 'PF13843': 1}
Q96DM3	1	{'PF07035': 1}
Q96DN0	1	{'PF13848': 1}
Q96DN2	3	{'PF00093': 3, 'PF12662': 2, 'PF23334': 2}
Q96DN5	1	{'PF00566': 1}
Q96DP5	2	{'PF00551': 1, 'PF02911': 1}
Q96DR4	1	{'PF01852': 1}
Q96DR5	1	{'PF01273': 1}
Q96DR7	3	{'PF00018': 1, 'PF00621': 1, 'PF22697': 1}
Q96DR8	1	{'PF21823': 1}
Q96DS6	1	{'PF04103': 1}
Q96DT0	1	{'PF00337': 2}
Q96DT5	12	{'PF03028': 1, 'PF08385': 1, 'PF08393': 1, 'PF12774': 1, 'PF12775': 1, 'PF12777': 1, 'PF12780': 1, 'PF12781': 1, 'PF17852': 1, 'PF17857': 1, 'PF18198': 1, 'PF18199': 1}
Q96DT6	1	{'PF03416': 1}
Q96DT7	1	{'PF00651': 1}
Q96DU3	1	{'PF07686': 1}
Q96DU7	1	{'PF03770': 1}
Q96DU9	1	{'PF00076': 4}
Q96DV4	1	{'PF01161': 1}
Q96DX4	2	{'PF00622': 1, 'PF13920': 1}
Q96DX5	1	{'PF07525': 1}
Q96DX7	1	{'PF00643': 1}
Q96DX8	1	{'PF13695': 1}
Q96DY7	3	{'PF14918': 1, 'PF14919': 1, 'PF14920': 1}
Q96DZ1	1	{'PF07915': 2}
Q96DZ5	1	{'PF01302': 2}
Q96DZ7	1	{'PF05805': 1}
Q96DZ9	1	{'PF01284': 1}
Q96E11	1	{'PF01765': 1}
Q96E14	1	{'PF16100': 1}
Q96E16	1	{'PF15117': 1}
Q96E17	1	{'PF00071': 1}
Q96E22	1	{'PF01255': 1}
Q96E29	1	{'PF02536': 1}
Q96E35	2	{'PF01753': 1, 'PF13392': 1}
Q96E39	2	{'PF00076': 1, 'PF08081': 1}
Q96E40	1	{'PF15120': 1}
Q96E52	1	{'PF01435': 1}
Q96E93	1	{'PF00059': 1}
Q96EB1	1	{'PF05625': 1}
Q96EB6	1	{'PF02146': 1}
Q96EC8	1	{'PF04893': 1}
Q96ED9	1	{'PF19047': 1}
Q96EE4	1	{'PF15027': 1}
Q96EF0	2	{'PF06602': 1, 'PF21098': 1}
Q96EF6	2	{'PF04300': 1, 'PF12937': 1}
Q96EG1	2	{'PF00884': 1, 'PF14707': 1}
Q96EG3	1	{'PF00096': 7}
Q96EH3	1	{'PF02410': 1}
Q96EH5	1	{'PF00832': 1}
Q96EH8	2	{'PF07177': 1, 'PF13920': 1}
Q96EI5	1	{'PF04538': 1}
Q96EK2	1	{'PF00628': 1}
Q96EK4	1	{'PF05485': 1}
Q96EK5	1	{'PF12309': 1}
Q96EK6	1	{'PF00583': 1}
Q96EK9	1	{'PF08433': 1}
Q96EL1	1	{'PF15342': 1}
Q96EL2	1	{'PF14955': 1}
Q96EL3	1	{'PF10780': 1}
Q96EM0	1	{'PF05544': 1}
Q96EN8	3	{'PF00266': 1, 'PF03473': 1, 'PF03476': 1}
Q96EN9	1	{'PF14966': 1}
Q96EP0	6	{'PF09409': 1, 'PF16678': 1, 'PF18091': 1, 'PF18486': 1, 'PF22191': 2, 'PF25163': 1}
Q96EP1	3	{'PF00498': 1, 'PF13923': 1, 'PF17979': 1}
Q96EP5	1	{'PF00076': 2}
Q96EP9	1	{'PF01758': 1}
Q96EQ0	1	{'PF16546': 1}
Q96EQ8	3	{'PF05605': 1, 'PF13923': 1, 'PF18574': 1}
Q96ES6	1	{'PF07690': 1}
Q96ES7	1	{'PF07039': 1}
Q96ET8	1	{'PF05832': 1}
Q96EU6	1	{'PF06102': 1}
Q96EV8	1	{'PF04440': 1}
Q96EW2	1	{'PF13621': 1}
Q96EX1	1	{'PF15990': 1}
Q96EX2	1	{'PF13639': 1}
Q96EY1	3	{'PF00226': 1, 'PF00684': 1, 'PF01556': 1}
Q96EY4	1	{'PF11176': 1}
Q96EY5	1	{'PF10240': 1}
Q96EY8	1	{'PF01923': 1}
Q96EY9	1	{'PF00383': 1}
Q96EZ8	2	{'PF00498': 1, 'PF13325': 1}
Q96F05	1	{'PF17823': 1}
Q96F07	2	{'PF05994': 2, 'PF07159': 1}
Q96F10	1	{'PF00583': 1}
Q96F15	1	{'PF04548': 1}
Q96F24	2	{'PF08961': 1, 'PF17169': 1}
Q96F25	1	{'PF08660': 1}
Q96F44	4	{'PF00622': 1, 'PF00643': 1, 'PF13765': 1, 'PF15227': 1}
Q96F45	1	{'PF12402': 1}
Q96F46	3	{'PF08357': 1, 'PF16556': 1, 'PF16578': 1}
Q96F81	2	{'PF03176': 1, 'PF12349': 1}
Q96F83	1	{'PF15045': 1}
Q96F85	1	{'PF15043': 1}
Q96F86	4	{'PF03853': 1, 'PF09532': 1, 'PF12701': 1, 'PF16598': 1}
Q96FA3	2	{'PF04710': 1, 'PF20723': 1}
Q96FB5	1	{'PF13679': 1}
Q96FC7	2	{'PF00041': 1, 'PF19281': 1}
Q96FC9	2	{'PF06733': 1, 'PF13307': 1}
Q96FE5	1	{'PF07679': 1}
Q96FE7	1	{'PF00051': 1}
Q96FF7	1	{'PF15304': 2}
Q96FF9	1	{'PF25220': 1}
Q96FG2	1	{'PF04727': 1}
Q96FH0	1	{'PF10167': 1}
Q96FI4	2	{'PF01149': 1, 'PF09292': 1}
Q96FJ0	2	{'PF01398': 1, 'PF08969': 1}
Q96FJ2	1	{'PF01221': 1}
Q96FL8	1	{'PF01554': 2}
Q96FL9	2	{'PF00535': 1, 'PF00652': 1}
Q96FM1	1	{'PF04080': 1}
Q96FN4	2	{'PF00168': 2, 'PF07002': 1}
Q96FN5	1	{'PF00225': 1}
Q96FN9	1	{'PF02580': 1}
Q96FQ6	1	{'PF01023': 1}
Q96FS4	3	{'PF00595': 1, 'PF02145': 1, 'PF21022': 1}
Q96FT7	1	{'PF00858': 1}
Q96FT9	1	{'PF15305': 1}
Q96FV2	1	{'PF03577': 1}
Q96FV3	1	{'PF00335': 1}
Q96FV9	2	{'PF00531': 1, 'PF11957': 1}
Q96FW1	1	{'PF10275': 1}
Q96FX2	1	{'PF05207': 1}
Q96FX7	1	{'PF08704': 1}
Q96FX8	1	{'PF00822': 1}
Q96FZ2	1	{'PF02586': 1}
Q96FZ5	1	{'PF01284': 1}
Q96FZ7	1	{'PF03357': 1}
Q96G03	3	{'PF02878': 1, 'PF02879': 1, 'PF02880': 1}
Q96G04	2	{'PF10294': 1, 'PF14904': 1}
Q96G21	1	{'PF04427': 1}
Q96G23	2	{'PF00046': 1, 'PF03798': 1}
Q96G25	1	{'PF10232': 1}
Q96G27	1	{'PF11669': 1}
Q96G28	1	{'PF11527': 1}
Q96G30	1	{'PF15183': 1}
Q96G46	2	{'PF01207': 1, 'PF25585': 2}
Q96G61	1	{'PF00293': 1}
Q96G74	1	{'PF02338': 1}
Q96G75	2	{'PF10607': 1, 'PF13445': 1}
Q96G79	1	{'PF04142': 1}
Q96G91	1	{'PF00001': 1}
Q96G97	1	{'PF06775': 1}
Q96GA3	1	{'PF04180': 1}
Q96GA7	1	{'PF00291': 1}
Q96GC5	1	{'PF00338': 1}
Q96GC6	3	{'PF01352': 2, 'PF02023': 1, 'PF00096': 5}
Q96GD0	2	{'PF13242': 1, 'PF13344': 1}
Q96GD3	4	{'PF00536': 1, 'PF02820': 2, 'PF12140': 1, 'PF17208': 1}
Q96GD4	1	{'PF00069': 1}
Q96GE4	1	{'PF19016': 1}
Q96GE5	3	{'PF01352': 1, 'PF13912': 2, 'PF00096': 11}
Q96GE6	1	{'PF13499': 1}
Q96GE9	1	{'PF15055': 1}
Q96GF1	1	{'PF00097': 1}
Q96GG9	2	{'PF03556': 1, 'PF14555': 1}
Q96GJ1	1	{'PF13847': 1}
Q96GK7	1	{'PF01557': 1}
Q96GL9	1	{'PF15069': 1}
Q96GM1	1	{'PF01569': 1}
Q96GM5	1	{'PF02201': 1}
Q96GM8	2	{'PF00642': 1, 'PF04857': 2}
Q96GN5	1	{'PF10497': 1}
Q96GQ5	2	{'PF04884': 1, 'PF24160': 1}
Q96GQ7	2	{'PF00270': 1, 'PF00271': 1}
Q96GR2	2	{'PF00501': 1, 'PF23562': 1}
Q96GR4	1	{'PF01529': 1}
Q96GS4	1	{'PF10157': 1}
Q96GS6	1	{'PF12146': 1}
Q96GT9	1	{'PF05831': 1}
Q96GU1	1	{'PF05831': 1}
Q96GV9	1	{'PF15435': 1}
Q96GW7	5	{'PF00008': 1, 'PF00059': 1, 'PF00084': 1, 'PF00193': 2, 'PF07686': 1}
Q96GW9	2	{'PF09334': 1, 'PF19303': 1}
Q96GX1	2	{'PF07773': 2, 'PF25752': 1}
Q96GX5	1	{'PF00069': 2}
Q96GX8	1	{'PF15366': 1}
Q96GX9	1	{'PF00596': 1}
Q96GY0	1	{'PF13913': 2}
Q96GY3	1	{'PF15306': 1}
Q96GZ6	1	{'PF01769': 2}
Q96H12	1	{'PF13873': 1}
Q96H15	1	{'PF07686': 1}
Q96H20	1	{'PF04157': 1}
Q96H22	1	{'PF05238': 1}
Q96H35	1	{'PF00076': 1}
Q96H40	2	{'PF01352': 1, 'PF00096': 9}
Q96H55	1	{'PF00063': 1}
Q96H72	1	{'PF02535': 1}
Q96H79	2	{'PF18606': 1, 'PF25261': 1}
Q96H86	2	{'PF01352': 1, 'PF00096': 6}
Q96H96	1	{'PF01040': 1}
Q96HA1	1	{'PF15229': 1}
Q96HA4	1	{'PF14946': 1}
Q96HA8	1	{'PF09764': 1}
Q96HA9	1	{'PF05648': 1}
Q96HB5	1	{'PF11819': 1}
Q96HC4	2	{'PF00412': 3, 'PF00595': 1}
Q96HD1	2	{'PF07645': 2, 'PF11938': 2}
Q96HD9	2	{'PF04952': 1, 'PF24827': 1}
Q96HE7	1	{'PF04137': 1}
Q96HE8	1	{'PF09799': 1}
Q96HF1	2	{'PF01392': 1, 'PF01759': 1}
Q96HG1	1	{'PF15118': 1}
Q96HH4	1	{'PF15052': 1}
Q96HH6	1	{'PF01940': 1}
Q96HH9	1	{'PF02893': 1}
Q96HI0	2	{'PF02902': 1, 'PF19722': 1}
Q96HJ5	1	{'PF04103': 1}
Q96HJ9	1	{'PF13233': 1}
Q96HL8	2	{'PF04366': 1, 'PF14604': 1}
Q96HN2	2	{'PF00670': 1, 'PF05221': 2}
Q96HP0	3	{'PF11878': 1, 'PF14429': 1, 'PF20422': 1}
Q96HP4	1	{'PF00175': 1}
Q96HP8	1	{'PF04103': 1}
Q96HQ0	2	{'PF01352': 1, 'PF00096': 11}
Q96HQ2	1	{'PF11952': 1}
Q96HR3	1	{'PF11315': 1}
Q96HR8	1	{'PF04410': 1}
Q96HR9	1	{'PF03134': 1}
Q96HS1	1	{'PF00300': 1}
Q96HT8	1	{'PF15155': 1}
Q96HU1	3	{'PF00018': 1, 'PF00566': 1, 'PF02759': 1}
Q96HU8	1	{'PF00071': 1}
Q96HV5	1	{'PF09335': 1}
Q96HW7	2	{'PF24493': 1, 'PF25458': 1}
Q96HY6	1	{'PF09756': 1}
Q96HY7	3	{'PF00676': 1, 'PF02779': 1, 'PF16870': 1}
Q96HZ4	2	{'PF00010': 1, 'PF07527': 1}
Q96I13	1	{'PF00561': 1}
Q96I15	1	{'PF00266': 1}
Q96I23	1	{'PF03966': 1}
Q96I24	1	{'PF00013': 4}
Q96I25	2	{'PF00076': 1, 'PF01585': 1}
Q96I27	2	{'PF13912': 1, 'PF00096': 4}
Q96I36	1	{'PF14880': 1}
Q96I45	1	{'PF15110': 1}
Q96I59	2	{'PF00152': 1, 'PF01336': 1}
Q96I76	1	{'PF01585': 1}
Q96I82	3	{'PF00219': 1, 'PF07648': 1, 'PF07679': 1}
Q96I99	2	{'PF00549': 1, 'PF08442': 1}
Q96IC2	2	{'PF00076': 1, 'PF00929': 1}
Q96ID5	1	{'PF07686': 1}
Q96IF1	1	{'PF00412': 3}
Q96IG2	1	{'PF12937': 1}
Q96II8	1	{'PF00307': 1}
Q96IJ6	1	{'PF00483': 1}
Q96IK0	1	{'PF15111': 1}
Q96IK1	1	{'PF05205': 1}
Q96IK5	2	{'PF00651': 1, 'PF07707': 1}
Q96IL0	1	{'PF10231': 1}
Q96IP4	1	{'PF07984': 1}
Q96IQ7	2	{'PF07686': 1, 'PF13927': 1}
Q96IQ9	1	{'PF15909': 1}
Q96IR2	3	{'PF01352': 1, 'PF00096': 22, 'PF13465': 1}
Q96IS3	1	{'PF00046': 1}
Q96IT1	3	{'PF01352': 1, 'PF02023': 1, 'PF00096': 3}
Q96IU2	1	{'PF02892': 1}
Q96IU4	1	{'PF12697': 1}
Q96IV0	3	{'PF01841': 1, 'PF04721': 1, 'PF09409': 1}
Q96IV6	1	{'PF04116': 1}
Q96IW2	1	{'PF00017': 1}
Q96IW7	2	{'PF13774': 1, 'PF25970': 1}
Q96IX5	1	{'PF14960': 1}
Q96IY1	1	{'PF08641': 1}
Q96IY4	2	{'PF00246': 1, 'PF02244': 1}
Q96IZ2	1	{'PF04750': 1}
Q96IZ5	1	{'PF00076': 1}
Q96IZ6	1	{'PF08242': 1}
Q96J02	3	{'PF00168': 1, 'PF00397': 4, 'PF00632': 1}
Q96J42	1	{'PF00085': 1}
Q96J65	2	{'PF00664': 2, 'PF00005': 2}
Q96J66	2	{'PF00664': 2, 'PF00005': 2}
Q96J77	1	{'PF04201': 1}
Q96J84	3	{'PF08205': 1, 'PF13927': 1, 'PF07679': 1}
Q96J86	1	{'PF10873': 1}
Q96J87	1	{'PF00076': 3}
Q96J92	3	{'PF12202': 1, 'PF24889': 1, 'PF00069': 1}
Q96J94	5	{'PF02170': 1, 'PF02171': 1, 'PF05831': 1, 'PF08699': 1, 'PF23278': 1}
Q96JA1	3	{'PF01463': 1, 'PF13927': 1, 'PF07679': 2}
Q96JA3	2	{'PF00169': 1, 'PF08718': 1}
Q96JA4	1	{'PF04103': 1}
Q96JB1	12	{'PF03028': 1, 'PF08385': 1, 'PF08393': 1, 'PF12774': 1, 'PF12775': 1, 'PF12777': 1, 'PF12780': 1, 'PF12781': 1, 'PF17852': 1, 'PF17857': 1, 'PF18198': 1, 'PF18199': 1}
Q96JB3	2	{'PF00651': 1, 'PF00096': 4}
Q96JB5	1	{'PF05600': 1}
Q96JB6	2	{'PF00530': 4, 'PF01186': 1}
Q96JB8	3	{'PF00595': 1, 'PF00625': 1, 'PF02828': 1}
Q96JC1	1	{'PF10367': 1}
Q96JC4	2	{'PF01352': 1, 'PF00096': 9}
Q96JC9	1	{'PF09816': 1}
Q96JD6	1	{'PF00248': 1}
Q96JE7	1	{'PF12932': 1}
Q96JF0	1	{'PF00777': 1}
Q96JF6	1	{'PF00096': 18}
Q96JG8	1	{'PF01454': 1}
Q96JG9	1	{'PF00096': 1}
Q96JH7	3	{'PF02338': 1, 'PF19437': 1, 'PF21403': 1}
Q96JH8	3	{'PF00498': 1, 'PF00595': 1, 'PF00788': 1}
Q96JI7	1	{'PF14649': 1}
Q96JJ3	2	{'PF04727': 1, 'PF16457': 1}
Q96JJ7	2	{'PF00085': 1, 'PF13848': 1}
Q96JK4	2	{'PF00530': 1, 'PF03024': 1}
Q96JK9	2	{'PF09596': 1, 'PF20801': 1}
Q96JL9	3	{'PF01352': 2, 'PF00096': 8, 'PF13465': 1}
Q96JM2	5	{'PF23075': 2, 'PF23077': 1, 'PF23223': 1, 'PF23224': 1, 'PF23225': 7}
Q96JM7	2	{'PF00536': 1, 'PF02820': 3}
Q96JN0	1	{'PF05225': 1}
Q96JN8	1	{'PF07177': 6}
Q96JP2	5	{'PF00063': 1, 'PF00373': 1, 'PF00784': 2, 'PF07653': 1, 'PF26570': 1}
Q96JP5	1	{'PF00096': 3}
Q96JP9	1	{'PF00028': 5}
Q96JQ0	1	{'PF00028': 24}
Q96JQ2	1	{'PF00307': 2}
Q96JQ5	1	{'PF04103': 1}
Q96JS3	2	{'PF02023': 1, 'PF13843': 1}
Q96JT2	1	{'PF07690': 1}
Q96JW4	1	{'PF01769': 2}
Q96JY0	2	{'PF09011': 1, 'PF13017': 1}
Q96JY6	3	{'PF00412': 1, 'PF00595': 1, 'PF15936': 1}
Q96JZ2	1	{'PF00017': 1}
Q96K12	2	{'PF03015': 1, 'PF07993': 1}
Q96K17	1	{'PF01849': 1}
Q96K19	2	{'PF06803': 1, 'PF13445': 1}
Q96K21	2	{'PF01363': 1, 'PF22586': 1}
Q96K30	1	{'PF17066': 1}
Q96K37	1	{'PF03151': 1}
Q96K49	2	{'PF06814': 1, 'PF21901': 1}
Q96K58	1	{'PF00096': 14}
Q96K62	2	{'PF00651': 1, 'PF00096': 4}
Q96K75	2	{'PF01352': 1, 'PF00096': 7}
Q96K76	3	{'PF00443': 1, 'PF19718': 1, 'PF25985': 1}
Q96K78	4	{'PF00002': 1, 'PF22257': 1, 'PF22259': 1, 'PF22261': 1}
Q96K80	2	{'PF00642': 2, 'PF14608': 1}
Q96K83	3	{'PF12874': 1, 'PF13912': 6, 'PF00096': 5}
Q96KA5	1	{'PF05602': 1}
Q96KB5	1	{'PF00069': 1}
Q96KC2	1	{'PF00025': 1}
Q96KC8	2	{'PF00226': 1, 'PF23082': 2}
Q96KC9	1	{'PF15367': 1}
Q96KD3	1	{'PF12480': 1}
Q96KE9	3	{'PF00651': 1, 'PF07707': 1, 'PF08005': 1}
Q96KF7	1	{'PF14937': 1}
Q96KG7	4	{'PF00053': 5, 'PF07974': 1, 'PF12661': 6, 'PF23301': 1}
Q96KG9	1	{'PF00069': 1}
Q96KJ9	1	{'PF02936': 1}
Q96KK3	2	{'PF00520': 1, 'PF02214': 1}
Q96KK4	1	{'PF13853': 1}
Q96KK5	2	{'PF00125': 1, 'PF16211': 1}
Q96KM6	2	{'PF00096': 1, 'PF21276': 2}
Q96KN1	1	{'PF04970': 1}
Q96KN2	2	{'PF01546': 1, 'PF07687': 1}
Q96KN3	2	{'PF05920': 1, 'PF16493': 1}
Q96KN4	1	{'PF04970': 1}
Q96KN7	3	{'PF00168': 1, 'PF11618': 1, 'PF18111': 1}
Q96KN8	1	{'PF04970': 1}
Q96KN9	1	{'PF00029': 1}
Q96KP1	1	{'PF01833': 1}
Q96KP4	2	{'PF01546': 1, 'PF07687': 1}
Q96KQ4	2	{'PF00018': 1, 'PF21801': 1}
Q96KQ7	3	{'PF00856': 1, 'PF05033': 1, 'PF21533': 1}
Q96KR1	3	{'PF07528': 1, 'PF12874': 3, 'PF20965': 1}
Q96KR4	1	{'PF01457': 3}
Q96KR6	1	{'PF06916': 1}
Q96KS0	1	{'PF13640': 1}
Q96KS9	1	{'PF11652': 1}
Q96KT7	1	{'PF00892': 2}
Q96KV6	4	{'PF00622': 1, 'PF07686': 1, 'PF13765': 1, 'PF22705': 1}
Q96KV7	1	{'PF05018': 1}
Q96KW2	1	{'PF15229': 2}
Q96KW9	1	{'PF15307': 1}
Q96KX0	1	{'PF00062': 1}
Q96KX1	1	{'PF15022': 1}
Q96KX2	1	{'PF01267': 1}
Q96L08	1	{'PF00084': 1}
Q96L11	1	{'PF15838': 1}
Q96L12	1	{'PF00262': 2}
Q96L14	1	{'PF15308': 1}
Q96L15	1	{'PF01129': 1}
Q96L21	1	{'PF00252': 1}
Q96L33	1	{'PF00071': 1}
Q96L34	3	{'PF00627': 1, 'PF02149': 1, 'PF00069': 1}
Q96L42	3	{'PF00027': 1, 'PF00520': 1, 'PF13426': 1}
Q96L46	1	{'PF13833': 1}
Q96L50	1	{'PF25344': 1}
Q96L58	1	{'PF01762': 1}
Q96L73	8	{'PF00628': 1, 'PF00855': 2, 'PF00856': 1, 'PF17907': 1, 'PF17982': 1, 'PF22908': 1, 'PF23004': 1, 'PF23011': 1}
Q96L91	4	{'PF00176': 1, 'PF00271': 1, 'PF07529': 1, 'PF15790': 1}
Q96L92	3	{'PF00595': 1, 'PF00787': 1, 'PF00788': 1}
Q96L93	3	{'PF00225': 1, 'PF00498': 1, 'PF00787': 1}
Q96L94	1	{'PF00787': 1}
Q96L96	2	{'PF02816': 1, 'PF07679': 1}
Q96LA5	2	{'PF13895': 1, 'PF13927': 2}
Q96LA6	1	{'PF13927': 2}
Q96LA8	2	{'PF13649': 1, 'PF22528': 1}
Q96LA9	1	{'PF00001': 1}
Q96LB0	1	{'PF00001': 1}
Q96LB1	1	{'PF00001': 1}
Q96LB2	1	{'PF00001': 1}
Q96LB8	1	{'PF01510': 2}
Q96LB9	1	{'PF01510': 2}
Q96LC7	3	{'PF07686': 1, 'PF13927': 1, 'PF07679': 1}
Q96LC9	1	{'PF15185': 1}
Q96LD1	1	{'PF04790': 1}
Q96LD4	2	{'PF00643': 1, 'PF13445': 1}
Q96LD8	1	{'PF02902': 1}
Q96LI5	1	{'PF03372': 1}
Q96LI6	1	{'PF00447': 1}
Q96LJ7	1	{'PF00106': 1}
Q96LJ8	1	{'PF00789': 1}
Q96LK0	1	{'PF14933': 1}
Q96LK8	1	{'PF15310': 1}
Q96LL3	1	{'PF17672': 1}
Q96LL4	1	{'PF15379': 1}
Q96LL9	1	{'PF00226': 1}
Q96LM5	1	{'PF15123': 1}
Q96LM6	1	{'PF15217': 1}
Q96LP6	1	{'PF15380': 1}
Q96LQ0	1	{'PF14895': 1}
Q96LR2	1	{'PF14854': 1}
Q96LR4	1	{'PF12020': 1}
Q96LR5	1	{'PF00179': 1}
Q96LR7	1	{'PF14945': 1}
Q96LR9	1	{'PF05461': 1}
Q96LT4	2	{'PF00536': 1, 'PF14360': 1}
Q96LT6	1	{'PF14953': 1}
Q96LT7	1	{'PF15019': 1}
Q96LT9	1	{'PF00076': 2}
Q96LU5	1	{'PF10502': 2}
Q96LU7	4	{'PF05224': 1, 'PF13884': 1, 'PF13887': 1, 'PF13888': 1}
Q96LW1	2	{'PF01352': 1, 'PF00096': 13}
Q96LW2	1	{'PF00069': 1}
Q96LW4	2	{'PF01896': 1, 'PF03121': 1}
Q96LW9	2	{'PF02023': 1, 'PF00096': 6}
Q96LX8	2	{'PF01352': 1, 'PF00096': 4}
Q96LZ2	1	{'PF01454': 1}
Q96LZ3	1	{'PF13499': 2}
Q96M02	2	{'PF15309': 1, 'PF17730': 1}
Q96M11	1	{'PF15311': 1}
Q96M20	1	{'PF00027': 1}
Q96M27	1	{'PF01931': 1}
Q96M29	1	{'PF03148': 1}
Q96M32	1	{'PF00406': 1}
Q96M34	1	{'PF17819': 1}
Q96M43	1	{'PF06758': 3}
Q96M53	1	{'PF15256': 1}
Q96M60	1	{'PF14922': 1}
Q96M61	1	{'PF01454': 1}
Q96M63	1	{'PF21773': 1}
Q96M69	1	{'PF00625': 1}
Q96M83	1	{'PF15368': 1}
Q96M86	8	{'PF03028': 1, 'PF08393': 1, 'PF12774': 1, 'PF12775': 1, 'PF12777': 1, 'PF12780': 1, 'PF17852': 1, 'PF18199': 1}
Q96M93	2	{'PF00035': 1, 'PF02137': 1}
Q96M94	2	{'PF00651': 1, 'PF07707': 1}
Q96M95	1	{'PF13863': 1}
Q96M96	3	{'PF00169': 2, 'PF00621': 1, 'PF01363': 1}
Q96MA1	1	{'PF00751': 1}
Q96MA6	1	{'PF00406': 2}
Q96MB7	1	{'PF13359': 1}
Q96MC2	2	{'PF14772': 1, 'PF14775': 1}
Q96MC5	1	{'PF12130': 1}
Q96MC6	1	{'PF07690': 1}
Q96MD2	1	{'PF09404': 1}
Q96MD7	1	{'PF10217': 1}
Q96ME1	1	{'PF12937': 1}
Q96ME7	3	{'PF00096': 1, 'PF21276': 2, 'PF21367': 1}
Q96MF2	3	{'PF00018': 1, 'PF00130': 1, 'PF07653': 1}
Q96MF6	1	{'PF03364': 1}
Q96MF7	1	{'PF11789': 1}
Q96MG2	1	{'PF15312': 1}
Q96MG7	1	{'PF01454': 1}
Q96MG8	1	{'PF01135': 1}
Q96MH2	1	{'PF15313': 1}
Q96MH6	1	{'PF01553': 1}
Q96MH7	4	{'PF15016': 1, 'PF15025': 1, 'PF22833': 1, 'PF22834': 1}
Q96MI6	1	{'PF00481': 2}
Q96MI9	2	{'PF00246': 1, 'PF18027': 1}
Q96MK2	1	{'PF15903': 1}
Q96MK3	1	{'PF06702': 1}
Q96MM3	1	{'PF00096': 3}
Q96MM7	1	{'PF03567': 1}
Q96MN2	4	{'PF02758': 1, 'PF05729': 1, 'PF17776': 1, 'PF17779': 1}
Q96MN5	1	{'PF08711': 1}
Q96MP5	5	{'PF04434': 1, 'PF19286': 1, 'PF21056': 1, 'PF21599': 1, 'PF21600': 1}
Q96MP8	2	{'PF02214': 1, 'PF25611': 1}
Q96MR9	3	{'PF01352': 2, 'PF13912': 4, 'PF00096': 9}
Q96MS0	3	{'PF00041': 3, 'PF13927': 2, 'PF07679': 3}
Q96MS3	1	{'PF00534': 1}
Q96MT1	2	{'PF13639': 1, 'PF13705': 1}
Q96MT3	2	{'PF00412': 3, 'PF06297': 1}
Q96MU6	2	{'PF01352': 1, 'PF00096': 14}
Q96MU7	1	{'PF04146': 1}
Q96MU8	3	{'PF00051': 1, 'PF00431': 1, 'PF01822': 1}
Q96MV1	1	{'PF03798': 1}
Q96MV8	1	{'PF01529': 1}
Q96MW1	1	{'PF26091': 1}
Q96MW7	3	{'PF03184': 1, 'PF03221': 1, 'PF04218': 1}
Q96MX0	1	{'PF01284': 1}
Q96MX3	1	{'PF00096': 12}
Q96MY1	1	{'PF23079': 1}
Q96MY7	1	{'PF10595': 1}
Q96MZ0	2	{'PF13409': 1, 'PF13410': 1}
Q96N03	1	{'PF07686': 1}
Q96N06	1	{'PF15382': 1}
Q96N11	1	{'PF14964': 1}
Q96N20	2	{'PF01352': 1, 'PF00096': 5}
Q96N22	3	{'PF01352': 1, 'PF00096': 8, 'PF13465': 2}
Q96N23	1	{'PF14858': 1}
Q96N28	1	{'PF04707': 1}
Q96N38	2	{'PF00096': 10, 'PF13465': 1}
Q96N58	3	{'PF01352': 1, 'PF13912': 1, 'PF00096': 6}
Q96N64	1	{'PF00855': 1}
Q96N66	1	{'PF03062': 1}
Q96N67	3	{'PF11878': 1, 'PF14429': 1, 'PF20422': 1}
Q96N76	3	{'PF01175': 1, 'PF17391': 1, 'PF17392': 1}
Q96N77	2	{'PF01352': 1, 'PF00096': 5}
Q96N87	1	{'PF00209': 1}
Q96N95	2	{'PF02023': 1, 'PF00096': 3}
Q96N96	3	{'PF00018': 1, 'PF00621': 1, 'PF22697': 1}
Q96NA2	2	{'PF09744': 1, 'PF11461': 1}
Q96NA8	3	{'PF05739': 1, 'PF13873': 1, 'PF14523': 1}
Q96NB1	1	{'PF09398': 1}
Q96NB2	1	{'PF03820': 1}
Q96NB3	1	{'PF12874': 1}
Q96NC0	1	{'PF12171': 1}
Q96ND0	1	{'PF06916': 1}
Q96ND8	2	{'PF01352': 1, 'PF00096': 12}
Q96NE9	3	{'PF00373': 1, 'PF09379': 1, 'PF09380': 1}
Q96NG5	4	{'PF01352': 1, 'PF13912': 1, 'PF00096': 6, 'PF13465': 1}
Q96NG8	2	{'PF01352': 1, 'PF00096': 9}
Q96NH3	2	{'PF23431': 1, 'PF23440': 1}
Q96NI6	1	{'PF13927': 1}
Q96NI8	2	{'PF01352': 1, 'PF00096': 11}
Q96NJ3	2	{'PF01352': 1, 'PF00096': 9}
Q96NJ5	2	{'PF00651': 1, 'PF07707': 1}
Q96NJ6	1	{'PF00096': 12}
Q96NK8	2	{'PF00010': 1, 'PF12533': 1}
Q96NL0	1	{'PF02759': 1}
Q96NL1	1	{'PF14927': 1}
Q96NL3	3	{'PF01352': 1, 'PF00096': 12, 'PF13465': 1}
Q96NL8	1	{'PF14996': 1}
Q96NM4	1	{'PF00505': 1}
Q96NN9	3	{'PF00355': 1, 'PF07992': 1, 'PF14759': 1}
Q96NR3	1	{'PF02460': 1}
Q96NR8	1	{'PF00106': 1}
Q96NS1	1	{'PF03226': 1}
Q96NS5	1	{'PF07525': 1}
Q96NT0	1	{'PF21730': 1}
Q96NT1	1	{'PF00956': 1}
Q96NT3	1	{'PF09778': 1}
Q96NT5	1	{'PF07690': 1}
Q96NU0	3	{'PF00008': 1, 'PF00754': 1, 'PF02210': 4}
Q96NU1	1	{'PF07647': 1}
Q96NU7	1	{'PF01979': 1}
Q96NW4	1	{'PF02204': 1}
Q96NW7	1	{'PF00595': 1}
Q96NX5	1	{'PF00069': 1}
Q96NX9	1	{'PF02437': 1}
Q96NY7	1	{'PF22441': 1}
Q96NY8	3	{'PF07686': 1, 'PF08205': 1, 'PF13927': 1}
Q96NY9	4	{'PF02732': 1, 'PF14716': 1, 'PF21136': 1, 'PF21292': 1}
Q96NZ1	1	{'PF00250': 1}
Q96NZ8	3	{'PF00014': 2, 'PF00095': 1, 'PF13927': 1}
Q96NZ9	1	{'PF15314': 1}
Q96P09	3	{'PF00653': 1, 'PF13920': 1, 'PF21290': 1}
Q96P11	3	{'PF01189': 1, 'PF21148': 1, 'PF21153': 1}
Q96P15	1	{'PF00079': 1}
Q96P16	1	{'PF16566': 1}
Q96P20	5	{'PF02758': 1, 'PF05729': 1, 'PF14484': 1, 'PF17776': 1, 'PF17779': 1}
Q96P26	1	{'PF06189': 1}
Q96P31	3	{'PF00047': 2, 'PF13895': 2, 'PF13927': 1}
Q96P44	1	{'PF00092': 1}
Q96P47	2	{'PF00071': 1, 'PF01412': 1}
Q96P48	5	{'PF00169': 3, 'PF00536': 1, 'PF00620': 1, 'PF00788': 1, 'PF01412': 1}
Q96P50	3	{'PF00169': 1, 'PF01412': 1, 'PF16746': 1}
Q96P53	1	{'PF01363': 1}
Q96P56	1	{'PF00520': 1}
Q96P63	1	{'PF00079': 1}
Q96P64	1	{'PF01412': 1}
Q96P65	1	{'PF00001': 1}
Q96P66	1	{'PF00001': 1}
Q96P67	1	{'PF00001': 1}
Q96P68	1	{'PF00001': 1}
Q96P69	1	{'PF00001': 1}
Q96P71	2	{'PF03992': 1, 'PF13202': 1}
Q96P88	1	{'PF00001': 1}
Q96PB1	2	{'PF07779': 1, 'PF24536': 1}
Q96PB7	1	{'PF12308': 1}
Q96PB8	1	{'PF01462': 1}
Q96PC2	1	{'PF03770': 1}
Q96PC3	1	{'PF01217': 1}
Q96PC5	1	{'PF07653': 1}
Q96PD2	3	{'PF00431': 1, 'PF00754': 1, 'PF03815': 1}
Q96PD4	1	{'PF06083': 1}
Q96PD5	1	{'PF01510': 1}
Q96PD6	1	{'PF03982': 1}
Q96PD7	1	{'PF03982': 1}
Q96PE1	2	{'PF00002': 1, 'PF26588': 1}
Q96PE2	2	{'PF00621': 1, 'PF19057': 1}
Q96PE6	2	{'PF01352': 1, 'PF00096': 9}
Q96PE7	1	{'PF13669': 1}
Q96PF1	3	{'PF00868': 1, 'PF00927': 1, 'PF01841': 1}
Q96PF2	1	{'PF00069': 1}
Q96PG1	1	{'PF04103': 1}
Q96PG2	1	{'PF04103': 1}
Q96PH1	5	{'PF01794': 1, 'PF08022': 1, 'PF08030': 1, 'PF13202': 1, 'PF13405': 1}
Q96PH6	1	{'PF13841': 1}
Q96PJ5	2	{'PF00047': 1, 'PF13895': 1}
Q96PK6	1	{'PF00076': 2}
Q96PL1	1	{'PF20490': 1}
Q96PL2	1	{'PF00100': 1}
Q96PL5	3	{'PF00622': 1, 'PF07686': 1, 'PF13765': 1}
Q96PM5	3	{'PF05495': 1, 'PF13639': 1, 'PF14599': 1}
Q96PM9	1	{'PF12874': 3}
Q96PN6	1	{'PF00211': 2}
Q96PN7	2	{'PF01448': 1, 'PF13912': 2}
Q96PN8	1	{'PF00069': 1}
Q96PP4	1	{'PF14994': 1}
Q96PP8	2	{'PF02263': 1, 'PF02841': 1}
Q96PP9	2	{'PF02263': 1, 'PF02841': 1}
Q96PQ0	2	{'PF00801': 1, 'PF15901': 1}
Q96PQ1	2	{'PF07686': 2, 'PF13927': 1}
Q96PQ5	1	{'PF04979': 1}
Q96PQ6	2	{'PF01352': 1, 'PF00096': 12}
Q96PQ7	2	{'PF00651': 1, 'PF07707': 1}
Q96PR1	2	{'PF00520': 1, 'PF02214': 1}
Q96PS1	1	{'PF15124': 1}
Q96PS8	1	{'PF00230': 1}
Q96PT3	1	{'PF00046': 2}
Q96PT4	1	{'PF00046': 2}
Q96PU4	4	{'PF00240': 1, 'PF00628': 1, 'PF02182': 1, 'PF12148': 1}
Q96PU5	3	{'PF00168': 1, 'PF00397': 4, 'PF00632': 1}
Q96PU8	3	{'PF16544': 1, 'PF16551': 1, 'PF22675': 1}
Q96PV0	4	{'PF00168': 1, 'PF00616': 2, 'PF12004': 1, 'PF25321': 1}
Q96PV4	2	{'PF14893': 1, 'PF20846': 1}
Q96PV6	1	{'PF03399': 1}
Q96PV7	1	{'PF15914': 1}
Q96PX1	2	{'PF13920': 1, 'PF26192': 1}
Q96PX6	1	{'PF10226': 1}
Q96PX9	2	{'PF00621': 1, 'PF22697': 1}
Q96PY5	1	{'PF02181': 1}
Q96PY6	1	{'PF00069': 1}
Q96PZ0	1	{'PF01142': 1}
Q96PZ2	1	{'PF13365': 1}
Q96PZ7	2	{'PF00084': 28, 'PF00431': 14}
Q96Q04	1	{'PF07714': 1}
Q96Q05	5	{'PF08626': 1, 'PF26254': 1, 'PF26280': 1, 'PF26282': 1, 'PF26283': 1}
Q96Q06	1	{'PF03036': 1}
Q96Q07	3	{'PF00651': 1, 'PF00754': 2, 'PF07707': 1}
Q96Q11	2	{'PF01743': 1, 'PF12627': 1}
Q96Q15	3	{'PF00454': 1, 'PF02260': 1, 'PF15785': 1}
Q96Q27	1	{'PF07525': 1}
Q96Q40	1	{'PF00069': 1}
Q96Q42	4	{'PF02204': 1, 'PF25383': 1, 'PF25582': 1, 'PF26202': 1}
Q96Q45	1	{'PF15383': 1}
Q96Q77	1	{'PF13499': 1}
Q96Q80	1	{'PF04511': 1}
Q96Q83	1	{'PF13532': 1}
Q96Q89	1	{'PF00225': 1}
Q96Q91	2	{'PF00955': 1, 'PF07565': 2}
Q96QA5	2	{'PF04598': 1, 'PF17708': 1}
Q96QA6	1	{'PF03226': 1}
Q96QB1	3	{'PF00620': 1, 'PF01852': 1, 'PF07647': 1}
Q96QC0	2	{'PF00642': 1, 'PF08711': 1}
Q96QD5	1	{'PF00610': 1}
Q96QD8	1	{'PF01490': 1}
Q96QD9	1	{'PF07078': 1}
Q96QE2	1	{'PF00083': 2}
Q96QE3	1	{'PF00004': 1}
Q96QE4	2	{'PF14914': 1, 'PF15779': 3}
Q96QE5	1	{'PF12836': 1}
Q96QF0	1	{'PF25555': 1}
Q96QF7	1	{'PF10263': 1}
Q96QG7	2	{'PF06602': 1, 'PF21098': 1}
Q96QH2	1	{'PF14603': 1}
Q96QH8	1	{'PF00062': 1}
Q96QI5	1	{'PF00685': 1}
Q96QK8	1	{'PF11027': 1}
Q96QP1	1	{'PF02816': 1}
Q96QR1	1	{'PF20490': 1}
Q96QR8	1	{'PF04845': 1}
Q96QS1	1	{'PF00335': 1}
Q96QS3	1	{'PF00046': 1}
Q96QS6	1	{'PF00069': 1}
Q96QT4	4	{'PF02816': 1, 'PF16519': 1, 'PF18139': 1, 'PF25508': 2}
Q96QT6	2	{'PF00628': 2, 'PF16737': 1}
Q96QU1	3	{'PF00028': 8, 'PF18432': 1, 'PF23206': 1}
Q96QU4	1	{'PF15315': 1}
Q96QU6	1	{'PF00155': 1}
Q96QV1	2	{'PF03024': 1, 'PF07974': 1}
Q96QV6	2	{'PF00125': 1, 'PF16211': 1}
Q96QZ0	1	{'PF00876': 1}
Q96QZ7	3	{'PF00397': 2, 'PF00595': 5, 'PF00625': 1}
Q96R05	1	{'PF00061': 1}
Q96R08	1	{'PF13853': 1}
Q96R09	1	{'PF13853': 1}
Q96R27	1	{'PF13853': 1}
Q96R28	1	{'PF13853': 1}
Q96R30	1	{'PF13853': 1}
Q96R45	1	{'PF13853': 1}
Q96R47	1	{'PF13853': 1}
Q96R48	1	{'PF13853': 1}
Q96R54	1	{'PF13853': 1}
Q96R67	1	{'PF13853': 1}
Q96R69	1	{'PF13853': 1}
Q96R72	1	{'PF13853': 1}
Q96R84	1	{'PF13853': 1}
Q96RA2	1	{'PF13853': 1}
Q96RB7	1	{'PF13853': 1}
Q96RC9	1	{'PF13853': 1}
Q96RD0	1	{'PF13853': 1}
Q96RD1	1	{'PF13853': 1}
Q96RD2	1	{'PF13853': 1}
Q96RD3	1	{'PF13853': 1}
Q96RD6	1	{'PF00876': 1}
Q96RD7	1	{'PF00876': 1}
Q96RD9	1	{'PF13895': 6}
Q96RE7	2	{'PF00651': 1, 'PF10523': 1}
Q96RE9	2	{'PF01352': 1, 'PF00096': 12}
Q96RF0	3	{'PF00787': 1, 'PF10456': 1, 'PF14604': 1}
Q96RG2	2	{'PF13426': 2, 'PF00069': 1}
Q96RI0	1	{'PF00001': 1}
Q96RI1	2	{'PF00104': 1, 'PF00105': 1}
Q96RI8	1	{'PF00001': 1}
Q96RI9	1	{'PF00001': 1}
Q96RJ0	1	{'PF00001': 1}
Q96RJ3	1	{'PF09256': 1}
Q96RJ6	1	{'PF00010': 1}
Q96RK0	3	{'PF00505': 1, 'PF16090': 1, 'PF25981': 1}
Q96RK1	1	{'PF04487': 1}
Q96RL1	1	{'PF18282': 1}
Q96RL6	3	{'PF07686': 1, 'PF13927': 1, 'PF07679': 1}
Q96RL7	2	{'PF25036': 1, 'PF25037': 1}
Q96RM1	1	{'PF14820': 1}
Q96RN1	2	{'PF00916': 1, 'PF01740': 1}
Q96RN5	3	{'PF09606': 1, 'PF21538': 1, 'PF21539': 1}
Q96RP3	1	{'PF00473': 1}
Q96RP7	1	{'PF06990': 2}
Q96RP8	2	{'PF00520': 1, 'PF02214': 1}
Q96RP9	5	{'PF00009': 1, 'PF00679': 1, 'PF03144': 1, 'PF03764': 1, 'PF14492': 1}
Q96RQ1	2	{'PF07970': 1, 'PF13850': 1}
Q96RQ3	4	{'PF00289': 1, 'PF00364': 1, 'PF02785': 1, 'PF02786': 1}
Q96RQ9	1	{'PF01593': 1}
Q96RR1	1	{'PF13481': 1}
Q96RR4	1	{'PF00069': 1}
Q96RS0	1	{'PF09445': 1}
Q96RS6	1	{'PF04969': 1}
Q96RT1	1	{'PF00595': 1}
Q96RT7	3	{'PF04130': 1, 'PF17681': 1, 'PF19340': 1}
Q96RT8	2	{'PF04130': 1, 'PF17681': 1}
Q96RU2	3	{'PF00443': 1, 'PF21909': 1, 'PF22566': 1}
Q96RU3	3	{'PF00018': 1, 'PF00611': 1, 'PF25610': 1}
Q96RU7	1	{'PF00069': 1}
Q96RU8	1	{'PF00069': 1}
Q96RV3	1	{'PF05041': 1}
Q96RW7	8	{'PF00090': 6, 'PF07474': 1, 'PF07645': 6, 'PF12662': 1, 'PF13927': 9, 'PF07679': 34, 'PF23560': 1, 'PF25106': 1}
Q96S06	2	{'PF06762': 1, 'PF25179': 1}
Q96S16	1	{'PF13621': 1}
Q96S19	1	{'PF06080': 1}
Q96S21	2	{'PF00071': 1, 'PF07525': 1}
Q96S37	1	{'PF07690': 1}
Q96S38	3	{'PF00787': 1, 'PF04212': 1, 'PF00069': 1}
Q96S42	1	{'PF00019': 1}
Q96S44	1	{'PF06293': 1}
Q96S52	1	{'PF10510': 1}
Q96S53	1	{'PF07714': 1}
Q96S55	4	{'PF00004': 1, 'PF12002': 1, 'PF16193': 1, 'PF18279': 1}
Q96S59	3	{'PF00622': 1, 'PF08513': 1, 'PF10607': 2}
Q96S65	1	{'PF16019': 1}
Q96S66	1	{'PF05934': 1}
Q96S79	1	{'PF00071': 1}
Q96S82	1	{'PF00240': 1}
Q96S86	2	{'PF00193': 2, 'PF07686': 1}
Q96S90	1	{'PF01476': 1}
Q96S94	2	{'PF00134': 1, 'PF21797': 1}
Q96S95	1	{'PF15170': 1}
Q96S96	1	{'PF01161': 1}
Q96S97	1	{'PF01284': 2}
Q96S99	2	{'PF00169': 1, 'PF01363': 1}
Q96SA4	1	{'PF03348': 1}
Q96SB3	2	{'PF00595': 1, 'PF17817': 1}
Q96SB4	1	{'PF00069': 2}
Q96SB8	1	{'PF02463': 1}
Q96SC8	3	{'PF00751': 1, 'PF03474': 1, 'PF20624': 1}
Q96SD1	1	{'PF07522': 1}
Q96SE0	1	{'PF00561': 1}
Q96SE7	2	{'PF01352': 1, 'PF00096': 18}
Q96SF2	1	{'PF00118': 1}
Q96SF7	1	{'PF00907': 1}
Q96SI1	2	{'PF02214': 1, 'PF20871': 1}
Q96SI9	3	{'PF00035': 2, 'PF07528': 1, 'PF20965': 1}
Q96SJ8	1	{'PF00335': 1}
Q96SK2	1	{'PF09786': 1}
Q96SK3	2	{'PF01352': 1, 'PF00096': 18}
Q96SL1	1	{'PF07690': 1}
Q96SL4	1	{'PF00255': 1}
Q96SL8	2	{'PF00096': 6, 'PF23561': 1}
Q96SM3	3	{'PF00246': 1, 'PF00754': 1, 'PF13620': 1}
Q96SN7	1	{'PF07856': 1}
Q96SQ5	2	{'PF01352': 1, 'PF00096': 12}
Q96SQ7	1	{'PF00010': 1}
Q96SQ9	1	{'PF00067': 1}
Q96SR6	2	{'PF01352': 1, 'PF00096': 9}
Q96ST2	1	{'PF08711': 1}
Q96ST3	2	{'PF08295': 1, 'PF16879': 1}
Q96SU4	2	{'PF00169': 1, 'PF01237': 2}
Q96SW2	2	{'PF02190': 1, 'PF03226': 1}
Q96SY0	3	{'PF13519': 1, 'PF19435': 1, 'PF20504': 1}
Q96SZ4	2	{'PF02023': 1, 'PF00096': 12}
Q96SZ5	1	{'PF07847': 1}
Q96SZ6	3	{'PF00919': 1, 'PF01938': 1, 'PF04055': 1}
Q96T21	1	{'PF01248': 1}
Q96T23	1	{'PF00628': 1}
Q96T25	3	{'PF00096': 2, 'PF18366': 1, 'PF23561': 1}
Q96T37	2	{'PF00076': 2, 'PF07744': 1}
Q96T51	2	{'PF01363': 1, 'PF02759': 1}
Q96T52	1	{'PF10502': 2}
Q96T53	1	{'PF03062': 1}
Q96T54	1	{'PF07885': 2}
Q96T55	1	{'PF07885': 2}
Q96T58	4	{'PF00076': 4, 'PF07744': 1, 'PF20809': 1, 'PF20810': 1}
Q96T60	3	{'PF08645': 1, 'PF13671': 1, 'PF17913': 1}
Q96T66	1	{'PF01467': 1}
Q96T68	3	{'PF00856': 2, 'PF01429': 1, 'PF05033': 1}
Q96T76	1	{'PF14500': 1}
Q96T83	1	{'PF00999': 1}
Q96T88	4	{'PF00240': 1, 'PF00628': 1, 'PF02182': 1, 'PF12148': 1}
Q96T92	1	{'PF00096': 2}
Q96TA0	3	{'PF00028': 5, 'PF08266': 1, 'PF16492': 1}
Q96TA1	2	{'PF26086': 1, 'PF26089': 1}
Q96TA2	3	{'PF00004': 1, 'PF01434': 1, 'PF17862': 1}
Q99062	2	{'PF00041': 1, 'PF06328': 1}
Q99081	1	{'PF00010': 1}
Q99102	3	{'PF00094': 1, 'PF06119': 1, 'PF23263': 1}
Q99217	1	{'PF02948': 1}
Q99218	1	{'PF02948': 1}
Q99250	4	{'PF00520': 4, 'PF06512': 1, 'PF11933': 1, 'PF24609': 1}
Q99259	1	{'PF00282': 1}
Q99418	2	{'PF00169': 1, 'PF01369': 1}
Q99424	3	{'PF01756': 1, 'PF14749': 1, 'PF22924': 1}
Q99426	2	{'PF01302': 1, 'PF14560': 1}
Q99435	4	{'PF00093': 2, 'PF02210': 1, 'PF07645': 3, 'PF12947': 1}
Q99436	2	{'PF00227': 1, 'PF12465': 1}
Q99437	1	{'PF00137': 2}
Q99439	1	{'PF00307': 1}
Q99442	1	{'PF03839': 1}
Q99447	1	{'PF01467': 2}
Q99453	1	{'PF00046': 1}
Q99457	1	{'PF00956': 1}
Q99459	2	{'PF11831': 1, 'PF13921': 2}
Q99460	1	{'PF18004': 1}
Q99463	1	{'PF00001': 1}
Q99466	6	{'PF00008': 15, 'PF00066': 3, 'PF06816': 1, 'PF07645': 2, 'PF07684': 1, 'PF12661': 4}
Q99469	3	{'PF00018': 1, 'PF00130': 1, 'PF07653': 1}
Q99470	1	{'PF02815': 1}
Q99487	1	{'PF03403': 1}
Q99489	1	{'PF01266': 1}
Q99490	2	{'PF00071': 1, 'PF01412': 1}
Q99496	2	{'PF13923': 1, 'PF16207': 1}
Q99497	1	{'PF01965': 1}
Q99500	1	{'PF00001': 1}
Q99501	2	{'PF00307': 1, 'PF02187': 1}
Q99502	1	{'PF00702': 1}
Q99504	1	{'PF00702': 1}
Q99518	1	{'PF00743': 1}
Q99523	1	{'PF15901': 1}
Q99527	1	{'PF00001': 1}
Q99536	2	{'PF08240': 1, 'PF13602': 1}
Q99538	2	{'PF01650': 1, 'PF20985': 1}
Q99541	1	{'PF03036': 1}
Q99542	2	{'PF00413': 1, 'PF01471': 1}
Q99543	4	{'PF00226': 1, 'PF16717': 1, 'PF21884': 1, 'PF23082': 2}
Q99547	1	{'PF10175': 1}
Q99549	1	{'PF00385': 1}
Q99551	1	{'PF02536': 1}
Q99558	1	{'PF00069': 1}
Q99570	1	{'PF00069': 1}
Q99571	1	{'PF00864': 1}
Q99572	2	{'PF00864': 1, 'PF20478': 1}
Q99574	1	{'PF00079': 1}
Q99575	3	{'PF06978': 2, 'PF08170': 1, 'PF22770': 1}
Q99578	1	{'PF00071': 1}
Q99581	1	{'PF00178': 1}
Q99583	1	{'PF00010': 1}
Q99584	1	{'PF01023': 1}
Q99590	2	{'PF13639': 1, 'PF23030': 1}
Q99592	3	{'PF00651': 1, 'PF00096': 3, 'PF13894': 1}
Q99593	1	{'PF00907': 1}
Q99594	2	{'PF01285': 1, 'PF17725': 1}
Q99595	1	{'PF02466': 1}
Q99598	1	{'PF01997': 1}
Q99603	1	{'PF07686': 1}
Q99607	2	{'PF00178': 1, 'PF12310': 1}
Q99608	1	{'PF01454': 1}
Q99611	2	{'PF00586': 1, 'PF02769': 1}
Q99612	1	{'PF00096': 3}
Q99613	2	{'PF01399': 1, 'PF26569': 1}
Q99615	1	{'PF00226': 1}
Q99616	1	{'PF00048': 1}
Q99619	2	{'PF00622': 1, 'PF07525': 1}
Q99622	1	{'PF14974': 1}
Q99623	1	{'PF01145': 1}
Q99624	1	{'PF01490': 1}
Q99626	2	{'PF00046': 1, 'PF04731': 1}
Q99627	1	{'PF10075': 1}
Q99633	2	{'PF02840': 1, 'PF08799': 1}
Q99638	1	{'PF04139': 1}
Q99640	1	{'PF00069': 1}
Q99643	1	{'PF01127': 1}
Q99645	1	{'PF01462': 1}
Q99650	4	{'PF00041': 2, 'PF17971': 1, 'PF21177': 1, 'PF25552': 1}
Q99653	1	{'PF00036': 1}
Q99661	2	{'PF00225': 1, 'PF22923': 1}
Q99665	2	{'PF00041': 2, 'PF06328': 1}
Q99666	3	{'PF00638': 2, 'PF01465': 1, 'PF16704': 1}
Q99675	1	{'PF13920': 1}
Q99676	3	{'PF01352': 1, 'PF00096': 17, 'PF13465': 1}
Q99677	1	{'PF00001': 1}
Q99678	1	{'PF00001': 1}
Q99679	1	{'PF00001': 1}
Q99680	1	{'PF00001': 1}
Q99683	4	{'PF19039': 1, 'PF20302': 1, 'PF20309': 1, 'PF00069': 1}
Q99684	1	{'PF00096': 6}
Q99685	1	{'PF12146': 1}
Q99687	2	{'PF05920': 1, 'PF16493': 1}
Q99689	1	{'PF07763': 1}
Q99697	1	{'PF00046': 1}
Q99698	2	{'PF02138': 1, 'PF14844': 1}
Q99700	2	{'PF06741': 1, 'PF14438': 1}
Q99704	2	{'PF00169': 1, 'PF02174': 1}
Q99705	1	{'PF00001': 1}
Q99706	1	{'PF00047': 2}
Q99707	5	{'PF00809': 1, 'PF02310': 1, 'PF02574': 1, 'PF02607': 1, 'PF02965': 1}
Q99708	1	{'PF08573': 1}
Q99712	2	{'PF01007': 1, 'PF17655': 1}
Q99714	1	{'PF00106': 1}
Q99715	2	{'PF00041': 18, 'PF00092': 4}
Q99717	2	{'PF03165': 1, 'PF03166': 1}
Q99719	1	{'PF00735': 1}
Q99720	1	{'PF04622': 1}
Q99726	2	{'PF01545': 1, 'PF16916': 1}
Q99727	1	{'PF00965': 1}
Q99728	2	{'PF00533': 1, 'PF14835': 1}
Q99729	2	{'PF00076': 2, 'PF08143': 1}
Q99731	1	{'PF00048': 1}
Q99732	1	{'PF10601': 1}
Q99733	1	{'PF00956': 1}
Q99735	1	{'PF01124': 1}
Q99741	3	{'PF09079': 1, 'PF13191': 1, 'PF22606': 1}
Q99742	3	{'PF00989': 1, 'PF08447': 1, 'PF23171': 1}
Q99743	3	{'PF00010': 1, 'PF00989': 1, 'PF14598': 1}
Q99748	1	{'PF00019': 1}
Q99750	1	{'PF15316': 1}
Q99755	1	{'PF01504': 1}
Q99757	1	{'PF00085': 1}
Q99758	3	{'PF12698': 2, 'PF00005': 2, 'PF23321': 1}
Q99759	2	{'PF00564': 1, 'PF00069': 1}
Q99767	2	{'PF00595': 2, 'PF00640': 1}
Q99784	1	{'PF12308': 1}
Q99788	1	{'PF00001': 1}
Q99795	2	{'PF07686': 1, 'PF13927': 1}
Q99797	1	{'PF01432': 1}
Q99798	2	{'PF00330': 1, 'PF00694': 1}
Q99801	1	{'PF00046': 1}
Q99805	1	{'PF02990': 1}
Q99807	1	{'PF03232': 1}
Q99808	1	{'PF01733': 1}
Q99811	1	{'PF00046': 1}
Q99814	5	{'PF00989': 1, 'PF08778': 1, 'PF11413': 1, 'PF14598': 1, 'PF23171': 1}
Q99816	2	{'PF05743': 1, 'PF09454': 1}
Q99819	1	{'PF02115': 1}
Q99829	2	{'PF00168': 2, 'PF07002': 1}
Q99832	1	{'PF00118': 1}
Q99835	2	{'PF01392': 1, 'PF01534': 1}
Q99836	2	{'PF00531': 1, 'PF13676': 1}
Q99848	1	{'PF05890': 1}
Q99853	1	{'PF00250': 1}
Q99856	1	{'PF01388': 1}
Q99865	1	{'PF02513': 3}
Q99873	2	{'PF13649': 1, 'PF22528': 1}
Q99877	1	{'PF00125': 1}
Q99878	2	{'PF00125': 1, 'PF16211': 1}
Q99879	1	{'PF00125': 1}
Q99880	1	{'PF00125': 1}
Q99884	1	{'PF00209': 1}
Q99895	1	{'PF00089': 1}
Q99928	2	{'PF02931': 1, 'PF02932': 1}
Q99929	1	{'PF00010': 1}
Q99932	1	{'PF22584': 1}
Q99933	2	{'PF00240': 1, 'PF02179': 1}
Q99935	1	{'PF15621': 1}
Q99942	1	{'PF13920': 1}
Q99943	1	{'PF01553': 1}
Q99944	3	{'PF00008': 1, 'PF07546': 1, 'PF07645': 1}
Q99946	1	{'PF04505': 1}
Q99952	1	{'PF00102': 1}
Q99954	1	{'PF15621': 1}
Q99956	2	{'PF00581': 1, 'PF00782': 1}
Q99958	1	{'PF00250': 1}
Q99961	2	{'PF00018': 1, 'PF03114': 1}
Q99962	2	{'PF03114': 1, 'PF07653': 1}
Q99963	2	{'PF00018': 1, 'PF03114': 1}
Q99965	4	{'PF00200': 1, 'PF01421': 1, 'PF01562': 1, 'PF08516': 1}
Q99966	1	{'PF04487': 1}
Q99967	1	{'PF04487': 1}
Q99973	4	{'PF05386': 4, 'PF05729': 1, 'PF13271': 1, 'PF19334': 1}
Q99985	1	{'PF07679': 1}
Q99986	1	{'PF00069': 1}
Q99988	1	{'PF00019': 1}
Q99990	1	{'PF07545': 1}
Q99996	1	{'PF10495': 1}
Q99999	1	{'PF06990': 1}
Q9BPU6	1	{'PF01979': 1}
Q9BPU9	1	{'PF07162': 1}
Q9BPV8	1	{'PF00001': 1}
Q9BPW4	1	{'PF05461': 1}
Q9BPW5	1	{'PF00071': 1}
Q9BPW8	1	{'PF07978': 1}
Q9BPW9	1	{'PF00106': 1}
Q9BPX1	1	{'PF13561': 1}
Q9BPX5	1	{'PF04699': 1}
Q9BPX6	1	{'PF13202': 1}
Q9BPX7	2	{'PF07000': 1, 'PF18474': 1}
Q9BPY3	1	{'PF13289': 1}
Q9BPY8	1	{'PF00046': 1}
Q9BPZ2	1	{'PF02513': 3}
Q9BPZ7	4	{'PF05422': 1, 'PF16978': 1, 'PF16979': 1, 'PF25322': 1}
Q9BQ04	2	{'PF00076': 2, 'PF00098': 1}
Q9BQ08	1	{'PF06954': 1}
Q9BQ13	2	{'PF02214': 1, 'PF25611': 1}
Q9BQ15	1	{'PF21473': 1}
Q9BQ16	3	{'PF00086': 1, 'PF07648': 1, 'PF10591': 1}
Q9BQ24	2	{'PF01363': 1, 'PF16696': 1}
Q9BQ31	2	{'PF00520': 1, 'PF02214': 1}
Q9BQ39	4	{'PF00270': 1, 'PF00271': 1, 'PF08152': 1, 'PF26142': 1}
Q9BQ48	1	{'PF00468': 1}
Q9BQ51	1	{'PF22705': 1}
Q9BQ52	2	{'PF13691': 1, 'PF23023': 1}
Q9BQ65	1	{'PF09749': 1}
Q9BQ69	1	{'PF01661': 1}
Q9BQ75	1	{'PF14617': 1}
Q9BQ83	2	{'PF01541': 1, 'PF21202': 1}
Q9BQ87	1	{'PF08513': 1}
Q9BQ89	2	{'PF14160': 1, 'PF14161': 1}
Q9BQ95	1	{'PF14784': 1}
Q9BQA5	2	{'PF00096': 2, 'PF13894': 1}
Q9BQA9	1	{'PF15169': 1}
Q9BQB4	1	{'PF05463': 1}
Q9BQB6	1	{'PF07884': 1}
Q9BQC3	1	{'PF01866': 1}
Q9BQC6	1	{'PF14978': 1}
Q9BQD1	1	{'PF05824': 1}
Q9BQD3	1	{'PF10241': 1}
Q9BQE3	2	{'PF00091': 1, 'PF03953': 1}
Q9BQE4	1	{'PF06936': 1}
Q9BQE5	1	{'PF05461': 1}
Q9BQE6	1	{'PF15317': 1}
Q9BQE9	1	{'PF04714': 1}
Q9BQF6	1	{'PF02902': 1}
Q9BQG0	1	{'PF04931': 1}
Q9BQG1	1	{'PF00168': 2}
Q9BQG2	3	{'PF00293': 1, 'PF09296': 1, 'PF09297': 1}
Q9BQI0	1	{'PF21008': 1}
Q9BQI3	2	{'PF22949': 1, 'PF00069': 2}
Q9BQI5	1	{'PF10291': 1}
Q9BQI6	2	{'PF16770': 1, 'PF23294': 1}
Q9BQI7	2	{'PF01369': 1, 'PF15410': 1}
Q9BQI9	1	{'PF09668': 1}
Q9BQJ4	1	{'PF00822': 1}
Q9BQK8	3	{'PF04571': 1, 'PF08235': 1, 'PF16876': 1}
Q9BQL6	3	{'PF00169': 1, 'PF00373': 2, 'PF18124': 1}
Q9BQM9	1	{'PF15318': 2}
Q9BQN1	1	{'PF07894': 1}
Q9BQP7	1	{'PF12705': 1}
Q9BQP9	1	{'PF01273': 1}
Q9BQQ3	1	{'PF04495': 2}
Q9BQQ7	1	{'PF13695': 1}
Q9BQR3	1	{'PF00089': 1}
Q9BQS2	1	{'PF00168': 2}
Q9BQS6	1	{'PF00011': 1}
Q9BQS7	2	{'PF07731': 1, 'PF07732': 2}
Q9BQS8	2	{'PF01363': 1, 'PF02759': 1}
Q9BQT9	1	{'PF19699': 1}
Q9BQW3	3	{'PF01833': 1, 'PF16422': 1, 'PF16423': 1}
Q9BQY4	1	{'PF00046': 1}
Q9BQY6	2	{'PF00014': 1, 'PF00095': 1}
Q9BQY9	1	{'PF04440': 1}
Q9BR01	1	{'PF00685': 1}
Q9BR09	2	{'PF07177': 1, 'PF07525': 1}
Q9BR10	1	{'PF15218': 1}
Q9BR11	4	{'PF04434': 1, 'PF19286': 1, 'PF21056': 1, 'PF21600': 1}
Q9BR26	1	{'PF07782': 1}
Q9BR61	1	{'PF00887': 1}
Q9BR84	2	{'PF01352': 1, 'PF00096': 9}
Q9BRA0	1	{'PF01423': 1}
Q9BRA2	1	{'PF06110': 1}
Q9BRB3	1	{'PF05024': 1}
Q9BRC7	6	{'PF00168': 1, 'PF00169': 1, 'PF00387': 1, 'PF00388': 1, 'PF09279': 1, 'PF13202': 1}
Q9BRD0	1	{'PF09736': 1}
Q9BRF8	1	{'PF00149': 1}
Q9BRG1	1	{'PF05871': 1}
Q9BRG2	1	{'PF00017': 1}
Q9BRH9	2	{'PF01352': 1, 'PF00096': 12}
Q9BRI3	2	{'PF01545': 1, 'PF16916': 1}
Q9BRJ2	1	{'PF04280': 1}
Q9BRJ6	1	{'PF10180': 1}
Q9BRJ7	1	{'PF22327': 1}
Q9BRJ9	1	{'PF00010': 1}
Q9BRK0	1	{'PF03134': 1}
Q9BRK3	1	{'PF07686': 2}
Q9BRK5	2	{'PF13202': 1, 'PF13499': 1}
Q9BRL6	1	{'PF00076': 1}
Q9BRL7	2	{'PF13774': 1, 'PF25970': 1}
Q9BRN9	1	{'PF05154': 1}
Q9BRP0	3	{'PF13912': 1, 'PF00096': 1, 'PF13894': 1}
Q9BRP1	1	{'PF04194': 1}
Q9BRP7	2	{'PF03147': 1, 'PF10354': 1}
Q9BRP8	1	{'PF09282': 1}
Q9BRQ0	1	{'PF00628': 1}
Q9BRQ4	1	{'PF14926': 1}
Q9BRQ5	1	{'PF07856': 1}
Q9BRQ6	1	{'PF05300': 1}
Q9BRQ8	1	{'PF07992': 1}
Q9BRR0	3	{'PF01352': 1, 'PF02023': 1, 'PF00096': 7}
Q9BRR6	1	{'PF04587': 1}
Q9BRR8	3	{'PF01585': 1, 'PF07713': 1, 'PF26093': 1}
Q9BRR9	3	{'PF00018': 1, 'PF00169': 1, 'PF00620': 1}
Q9BRS2	1	{'PF01163': 1}
Q9BRS8	2	{'PF05383': 1, 'PF12901': 1}
Q9BRT2	1	{'PF20180': 1}
Q9BRT3	1	{'PF10262': 1}
Q9BRT6	1	{'PF10169': 1}
Q9BRT8	2	{'PF02492': 1, 'PF07683': 1}
Q9BRT9	2	{'PF05916': 1, 'PF16922': 1}
Q9BRU2	1	{'PF04538': 1}
Q9BRU9	1	{'PF04900': 1}
Q9BRV8	1	{'PF05769': 1}
Q9BRX2	3	{'PF03464': 1, 'PF03465': 1, 'PF26356': 1}
Q9BRX5	2	{'PF05916': 1, 'PF22466': 1}
Q9BRX8	1	{'PF13911': 1}
Q9BRY0	1	{'PF02535': 1}
Q9BRZ2	2	{'PF00643': 1, 'PF13445': 1}
Q9BS16	1	{'PF11802': 1}
Q9BS18	1	{'PF05839': 1}
Q9BS26	2	{'PF00085': 1, 'PF13848': 1}
Q9BS31	2	{'PF01352': 1, 'PF00096': 8}
Q9BS34	3	{'PF01352': 1, 'PF00096': 5, 'PF13465': 1}
Q9BS40	1	{'PF06907': 1}
Q9BS86	2	{'PF07354': 1, 'PF20626': 1}
Q9BS91	1	{'PF04142': 1}
Q9BS92	1	{'PF07978': 2}
Q9BSA4	1	{'PF04906': 1}
Q9BSA9	1	{'PF06736': 2}
Q9BSB4	1	{'PF07855': 1}
Q9BSC4	2	{'PF08159': 1, 'PF23097': 1}
Q9BSD3	1	{'PF15319': 1}
Q9BSD7	1	{'PF03266': 1}
Q9BSE4	1	{'PF00240': 1}
Q9BSE5	1	{'PF00491': 1}
Q9BSF0	1	{'PF15127': 1}
Q9BSF4	1	{'PF10171': 1}
Q9BSF8	1	{'PF16017': 1}
Q9BSG0	1	{'PF02225': 1}
Q9BSG1	2	{'PF01352': 1, 'PF00096': 9}
Q9BSG5	1	{'PF03024': 1}
Q9BSH4	2	{'PF01709': 1, 'PF20772': 1}
Q9BSH5	1	{'PF00702': 1}
Q9BSI4	1	{'PF14973': 1}
Q9BSJ1	2	{'PF00622': 1, 'PF15227': 1}
Q9BSJ2	2	{'PF04130': 1, 'PF17681': 1}
Q9BSJ6	1	{'PF07326': 1}
Q9BSJ8	2	{'PF00168': 5, 'PF17047': 1}
Q9BSK0	1	{'PF01284': 1}
Q9BSK1	2	{'PF01352': 1, 'PF00096': 8}
Q9BSL1	2	{'PF22562': 2, 'PF23326': 1}
Q9BSM1	2	{'PF13923': 1, 'PF16207': 1}
Q9BSQ5	1	{'PF16545': 1}
Q9BSR8	1	{'PF04893': 1}
Q9BST9	2	{'PF00169': 1, 'PF08174': 1}
Q9BSU1	1	{'PF03676': 1}
Q9BSU3	1	{'PF00583': 1}
Q9BSV6	2	{'PF01974': 1, 'PF26577': 1}
Q9BSW2	2	{'PF00071': 1, 'PF13499': 1}
Q9BSW7	1	{'PF00168': 2}
Q9BSY4	2	{'PF06747': 1, 'PF16860': 1}
Q9BSY9	1	{'PF05903': 1}
Q9BT04	3	{'PF19036': 1, 'PF19037': 1, 'PF19038': 1}
Q9BT09	1	{'PF11938': 1}
Q9BT17	1	{'PF01926': 1}
Q9BT22	1	{'PF00534': 1}
Q9BT23	1	{'PF00412': 1}
Q9BT30	1	{'PF13532': 1}
Q9BT40	2	{'PF17751': 1, 'PF22669': 1}
Q9BT43	1	{'PF11705': 1}
Q9BT49	1	{'PF05485': 1}
Q9BT56	1	{'PF15171': 1}
Q9BT67	1	{'PF10176': 2}
Q9BT73	1	{'PF10178': 1}
Q9BT78	2	{'PF01399': 1, 'PF18420': 1}
Q9BT81	2	{'PF00505': 1, 'PF12067': 1}
Q9BT88	1	{'PF00168': 2}
Q9BTA0	1	{'PF11652': 1}
Q9BTA9	1	{'PF00397': 1}
Q9BTC0	3	{'PF00628': 1, 'PF07500': 1, 'PF07744': 1}
Q9BTC8	5	{'PF00249': 1, 'PF00320': 1, 'PF01426': 1, 'PF01448': 1, 'PF17226': 1}
Q9BTD3	1	{'PF14997': 1}
Q9BTD8	1	{'PF00076': 1}
Q9BTE0	1	{'PF13302': 1}
Q9BTE3	1	{'PF09739': 1}
Q9BTE6	1	{'PF07973': 1}
Q9BTE7	1	{'PF03556': 1}
Q9BTF0	2	{'PF01170': 1, 'PF02926': 1}
Q9BTK6	1	{'PF15364': 1}
Q9BTL3	1	{'PF15320': 1}
Q9BTL4	1	{'PF05760': 1}
Q9BTM1	2	{'PF00125': 1, 'PF16211': 1}
Q9BTM9	1	{'PF09138': 1}
Q9BTN0	2	{'PF00041': 1, 'PF07679': 1}
Q9BTP6	1	{'PF02892': 1}
Q9BTP7	1	{'PF17949': 1}
Q9BTT4	1	{'PF09748': 1}
Q9BTU6	1	{'PF00454': 1}
Q9BTV4	1	{'PF07787': 1}
Q9BTV5	2	{'PF00041': 1, 'PF00622': 1}
Q9BTV7	1	{'PF00134': 1}
Q9BTW9	1	{'PF12612': 1}
Q9BTX1	1	{'PF09531': 1}
Q9BTX3	1	{'PF05620': 1}
Q9BTX7	2	{'PF00650': 1, 'PF03765': 1}
Q9BTY2	2	{'PF01120': 1, 'PF16757': 1}
Q9BTY7	1	{'PF04064': 1}
Q9BTZ2	1	{'PF13561': 1}
Q9BU02	1	{'PF01928': 1}
Q9BU19	1	{'PF00096': 4}
Q9BU20	1	{'PF00071': 1}
Q9BU23	2	{'PF06762': 1, 'PF25179': 1}
Q9BU40	3	{'PF00093': 1, 'PF19548': 1, 'PF23334': 2}
Q9BU61	1	{'PF04430': 1}
Q9BU64	1	{'PF09496': 1}
Q9BU68	1	{'PF15321': 1}
Q9BU70	1	{'PF01980': 1}
Q9BU76	1	{'PF10159': 1}
Q9BU79	1	{'PF10856': 1}
Q9BUA3	1	{'PF18658': 1}
Q9BUA6	1	{'PF13405': 1}
Q9BUB4	1	{'PF02137': 1}
Q9BUB5	1	{'PF00069': 2}
Q9BUB7	1	{'PF06979': 1}
Q9BUD6	2	{'PF06468': 1, 'PF19028': 1}
Q9BUE0	1	{'PF09637': 1}
Q9BUE6	1	{'PF01521': 1}
Q9BUF5	2	{'PF00091': 1, 'PF03953': 1}
Q9BUG6	3	{'PF02023': 1, 'PF12874': 1, 'PF00096': 3}
Q9BUH6	1	{'PF15384': 1}
Q9BUI4	4	{'PF05645': 1, 'PF08221': 1, 'PF20912': 1, 'PF22536': 1}
Q9BUJ0	1	{'PF12697': 1}
Q9BUJ2	3	{'PF00622': 1, 'PF02037': 1, 'PF13671': 1}
Q9BUK0	1	{'PF02297': 1}
Q9BUK6	2	{'PF10644': 1, 'PF14881': 1}
Q9BUL5	1	{'PF13831': 1}
Q9BUL8	2	{'PF06840': 1, 'PF20929': 1}
Q9BUL9	1	{'PF01918': 1}
Q9BUM1	1	{'PF01569': 1}
Q9BUN1	1	{'PF15322': 1}
Q9BUN5	1	{'PF13270': 1}
Q9BUN8	1	{'PF04511': 1}
Q9BUP0	1	{'PF13499': 1}
Q9BUP3	1	{'PF13460': 1}
Q9BUQ8	3	{'PF00270': 1, 'PF00271': 1, 'PF25430': 1}
Q9BUR5	1	{'PF09769': 1}
Q9BUT1	1	{'PF13561': 1}
Q9BUT9	1	{'PF14799': 1}
Q9BUU2	1	{'PF10294': 1}
Q9BUV0	1	{'PF17069': 1}
Q9BUV8	1	{'PF07019': 1}
Q9BUX1	1	{'PF04752': 1}
Q9BUY5	3	{'PF01352': 1, 'PF00096': 9, 'PF13465': 1}
Q9BUY7	2	{'PF13499': 1, 'PF13833': 1}
Q9BUZ4	3	{'PF00097': 1, 'PF02176': 3, 'PF21355': 1}
Q9BV10	1	{'PF03901': 1}
Q9BV19	1	{'PF10504': 1}
Q9BV20	1	{'PF01008': 1}
Q9BV23	1	{'PF00561': 1}
Q9BV35	1	{'PF13499': 2}
Q9BV36	2	{'PF02318': 1, 'PF04698': 1}
Q9BV38	1	{'PF14077': 1}
Q9BV40	1	{'PF00957': 1}
Q9BV44	2	{'PF01170': 1, 'PF02926': 1}
Q9BV47	1	{'PF00782': 1}
Q9BV57	1	{'PF03079': 1}
Q9BV68	2	{'PF13639': 1, 'PF14369': 1}
Q9BV73	1	{'PF15035': 1}
Q9BV79	2	{'PF00107': 1, 'PF08240': 1}
Q9BV81	1	{'PF07019': 1}
Q9BV86	1	{'PF05891': 1}
Q9BV87	1	{'PF08613': 1}
Q9BV90	1	{'PF18036': 1}
Q9BV97	2	{'PF01352': 1, 'PF00096': 2}
Q9BVA0	1	{'PF13925': 1}
Q9BVA1	2	{'PF00091': 1, 'PF03953': 1}
Q9BVA6	1	{'PF02661': 1}
Q9BVC3	1	{'PF09724': 1}
Q9BVC5	1	{'PF15323': 1}
Q9BVC6	1	{'PF14965': 1}
Q9BVG3	4	{'PF00622': 1, 'PF00643': 1, 'PF13765': 1, 'PF15227': 1}
Q9BVG4	1	{'PF04669': 1}
Q9BVG8	1	{'PF00225': 1}
Q9BVG9	1	{'PF03034': 1}
Q9BVH7	1	{'PF00777': 1}
Q9BVI0	3	{'PF12618': 1, 'PF18115': 1, 'PF20826': 1}
Q9BVJ6	1	{'PF04615': 1}
Q9BVJ7	1	{'PF22784': 1}
Q9BVK2	1	{'PF03155': 1}
Q9BVK6	1	{'PF01105': 1}
Q9BVK8	1	{'PF09767': 1}
Q9BVL2	1	{'PF15967': 1}
Q9BVL4	1	{'PF02696': 1}
Q9BVM2	1	{'PF14913': 1}
Q9BVM4	1	{'PF06094': 1}
Q9BVN2	2	{'PF02759': 1, 'PF14604': 1}
Q9BVP2	2	{'PF01926': 1, 'PF08701': 1}
Q9BVQ7	2	{'PF00004': 2, 'PF17862': 2}
Q9BVR0	1	{'PF06701': 1}
Q9BVS4	2	{'PF01163': 1, 'PF09202': 1}
Q9BVS5	2	{'PF08704': 1, 'PF21985': 1}
Q9BVT8	1	{'PF00240': 1}
Q9BVV2	2	{'PF17744': 1, 'PF20996': 1}
Q9BVV6	1	{'PF15324': 1}
Q9BVV7	1	{'PF08294': 1}
Q9BVV8	1	{'PF06679': 1}
Q9BVW5	1	{'PF07962': 1}
Q9BVX2	2	{'PF07092': 1, 'PF21002': 1}
Q9BW04	1	{'PF15385': 1}
Q9BW11	1	{'PF00010': 1}
Q9BW19	1	{'PF00225': 1}
Q9BW30	1	{'PF05517': 1}
Q9BW60	1	{'PF01151': 1}
Q9BW61	1	{'PF10172': 1}
Q9BW62	4	{'PF00004': 1, 'PF09336': 1, 'PF17862': 1, 'PF21126': 1}
Q9BW71	1	{'PF09649': 1}
Q9BW72	1	{'PF04588': 1}
Q9BW83	1	{'PF00071': 1}
Q9BW85	1	{'PF04502': 1}
Q9BW91	2	{'PF00293': 1, 'PF25969': 1}
Q9BW92	4	{'PF00587': 1, 'PF02824': 1, 'PF03129': 1, 'PF07973': 1}
Q9BWC9	1	{'PF15794': 1}
Q9BWD1	2	{'PF00108': 1, 'PF02803': 1}
Q9BWD3	1	{'PF16297': 1}
Q9BWE0	1	{'PF00096': 12}
Q9BWF2	1	{'PF13639': 1}
Q9BWF3	2	{'PF00076': 2, 'PF00098': 1}
Q9BWG4	1	{'PF04503': 1}
Q9BWG6	2	{'PF15803': 1, 'PF15805': 1}
Q9BWH2	1	{'PF04930': 1}
Q9BWH6	2	{'PF08620': 1, 'PF08621': 1}
Q9BWJ5	1	{'PF07189': 1}
Q9BWK5	1	{'PF15325': 1}
Q9BWL3	1	{'PF07406': 1}
Q9BWM5	2	{'PF01352': 1, 'PF00096': 11}
Q9BWM7	1	{'PF03820': 1}
Q9BWN1	1	{'PF15386': 1}
Q9BWP8	1	{'PF00059': 1}
Q9BWQ6	1	{'PF04893': 1}
Q9BWQ8	1	{'PF01027': 1}
Q9BWS9	1	{'PF00704': 1}
Q9BWT1	1	{'PF10497': 1}
Q9BWT3	3	{'PF04926': 2, 'PF04928': 1, 'PF20750': 1}
Q9BWT6	2	{'PF03962': 1, 'PF18517': 1}
Q9BWT7	1	{'PF00619': 1}
Q9BWU0	2	{'PF00035': 1, 'PF00498': 1}
Q9BWU1	1	{'PF00069': 1}
Q9BWV1	3	{'PF00041': 3, 'PF13927': 2, 'PF07679': 2}
Q9BWV2	1	{'PF15824': 1}
Q9BWV3	1	{'PF00383': 2}
Q9BWV7	1	{'PF03133': 1}
Q9BWW4	1	{'PF04503': 1}
Q9BWW7	2	{'PF13912': 1, 'PF00096': 4}
Q9BWW8	1	{'PF05461': 1}
Q9BWW9	1	{'PF05461': 1}
Q9BWX1	2	{'PF13771': 1, 'PF26054': 1}
Q9BWX5	2	{'PF00320': 2, 'PF05349': 1}
Q9BX10	1	{'PF00009': 1}
Q9BX26	1	{'PF18584': 1}
Q9BX40	2	{'PF09532': 1, 'PF12701': 1}
Q9BX46	1	{'PF00076': 1}
Q9BX51	1	{'PF01019': 1}
Q9BX59	2	{'PF07654': 1, 'PF07686': 1}
Q9BX63	2	{'PF06733': 1, 'PF13307': 1}
Q9BX66	4	{'PF00018': 1, 'PF02208': 1, 'PF07653': 1, 'PF14604': 1}
Q9BX67	2	{'PF07686': 1, 'PF13927': 1}
Q9BX68	1	{'PF01230': 1}
Q9BX69	2	{'PF00619': 1, 'PF25496': 1}
Q9BX70	3	{'PF00651': 1, 'PF07707': 1, 'PF08005': 1}
Q9BX73	1	{'PF05154': 1}
Q9BX74	1	{'PF05154': 1}
Q9BX79	1	{'PF14752': 1}
Q9BX82	2	{'PF01352': 1, 'PF00096': 14}
Q9BX84	5	{'PF00520': 1, 'PF02816': 1, 'PF16519': 1, 'PF18139': 1, 'PF25508': 2}
Q9BX93	1	{'PF06951': 1}
Q9BX95	1	{'PF01569': 1}
Q9BX97	1	{'PF06637': 1}
Q9BXA5	1	{'PF00001': 1}
Q9BXA6	1	{'PF00069': 1}
Q9BXA7	1	{'PF00069': 1}
Q9BXA9	2	{'PF12874': 1, 'PF00096': 5}
Q9BXB1	2	{'PF00001': 1, 'PF01462': 1}
Q9BXB4	2	{'PF00169': 1, 'PF01237': 2}
Q9BXB5	2	{'PF01237': 2, 'PF15409': 1}
Q9BXB7	1	{'PF15015': 1}
Q9BXC0	1	{'PF00001': 1}
Q9BXC1	1	{'PF00001': 1}
Q9BXC9	4	{'PF14782': 1, 'PF23350': 1, 'PF23351': 1, 'PF23353': 1}
Q9BXD5	1	{'PF00701': 1}
Q9BXE9	1	{'PF03402': 1}
Q9BXF3	1	{'PF00439': 1}
Q9BXF6	1	{'PF00168': 2}
Q9BXF9	1	{'PF03148': 1}
Q9BXH1	1	{'PF15826': 1}
Q9BXI3	1	{'PF06189': 1}
Q9BXI6	1	{'PF00566': 1}
Q9BXI9	1	{'PF00386': 1}
Q9BXJ0	1	{'PF00386': 1}
Q9BXJ1	1	{'PF00386': 1}
Q9BXJ2	1	{'PF00386': 1}
Q9BXJ3	1	{'PF00386': 2}
Q9BXJ4	1	{'PF00386': 1}
Q9BXJ5	1	{'PF00386': 1}
Q9BXJ7	1	{'PF14828': 1}
Q9BXJ8	1	{'PF07851': 1}
Q9BXK1	1	{'PF00096': 3}
Q9BXK5	1	{'PF00452': 1}
Q9BXL6	1	{'PF00619': 1}
Q9BXL7	1	{'PF00619': 1}
Q9BXM7	1	{'PF00069': 1}
Q9BXM9	2	{'PF00041': 1, 'PF00622': 1}
Q9BXN1	1	{'PF01462': 1}
Q9BXN2	1	{'PF00059': 1}
Q9BXN6	1	{'PF07458': 1}
Q9BXP2	2	{'PF00324': 1, 'PF03522': 1}
Q9BXP5	2	{'PF04959': 1, 'PF12066': 1}
Q9BXP8	5	{'PF00066': 1, 'PF00084': 2, 'PF05572': 1, 'PF13385': 1, 'PF25900': 1}
Q9BXQ6	1	{'PF14997': 1}
Q9BXR0	1	{'PF01702': 1}
Q9BXR3	6	{'PF00075': 1, 'PF00078': 1, 'PF00552': 1, 'PF00665': 1, 'PF02022': 1, 'PF06817': 1}
Q9BXR5	1	{'PF01582': 1}
Q9BXR6	1	{'PF00084': 7}
Q9BXS1	1	{'PF00293': 1}
Q9BXS4	1	{'PF12280': 1}
Q9BXS5	2	{'PF00928': 1, 'PF01217': 1}
Q9BXS6	1	{'PF16006': 1}
Q9BXS9	2	{'PF00916': 1, 'PF01740': 1}
Q9BXT2	1	{'PF13903': 1}
Q9BXT4	2	{'PF00567': 4, 'PF01753': 1}
Q9BXT5	1	{'PF15326': 2}
Q9BXT6	3	{'PF13086': 2, 'PF13087': 1, 'PF21634': 1}
Q9BXT8	1	{'PF00567': 5}
Q9BXU0	1	{'PF15219': 1}
Q9BXU1	2	{'PF00567': 1, 'PF00069': 1}
Q9BXU2	3	{'PF15186': 1, 'PF22835': 1, 'PF22836': 1}
Q9BXU3	3	{'PF15186': 1, 'PF20864': 1, 'PF22835': 1}
Q9BXU7	2	{'PF00443': 1, 'PF16674': 1}
Q9BXU8	1	{'PF00210': 1}
Q9BXU9	1	{'PF13499': 1}
Q9BXV9	1	{'PF15387': 1}
Q9BXW4	1	{'PF02991': 1}
Q9BXW6	1	{'PF01237': 1}
Q9BXW7	1	{'PF13344': 1}
Q9BXW9	1	{'PF14631': 1}
Q9BXX0	2	{'PF00386': 1, 'PF07546': 1}
Q9BXY0	2	{'PF01778': 1, 'PF04874': 1}
Q9BXY4	2	{'PF15913': 1, 'PF19028': 1}
Q9BXY5	2	{'PF13499': 1, 'PF25348': 1}
Q9BXY8	1	{'PF04538': 1}
Q9BY07	2	{'PF00955': 1, 'PF07565': 1}
Q9BY08	1	{'PF05241': 1}
Q9BY10	1	{'PF07690': 1}
Q9BY11	2	{'PF00611': 1, 'PF14604': 1}
Q9BY12	2	{'PF12874': 1, 'PF16501': 1}
Q9BY14	1	{'PF00021': 2}
Q9BY15	2	{'PF00002': 1, 'PF07645': 1}
Q9BY19	1	{'PF04103': 1}
Q9BY21	1	{'PF00001': 1}
Q9BY27	1	{'PF07324': 1}
Q9BY31	2	{'PF01352': 1, 'PF00096': 17}
Q9BY32	1	{'PF01725': 1}
Q9BY41	1	{'PF00850': 1}
Q9BY42	1	{'PF04641': 1}
Q9BY43	1	{'PF03357': 1}
Q9BY49	1	{'PF13561': 1}
Q9BY50	1	{'PF00717': 1}
Q9BY60	1	{'PF02991': 1}
Q9BY64	1	{'PF00201': 1}
Q9BY66	7	{'PF00628': 1, 'PF01388': 1, 'PF02373': 1, 'PF02375': 1, 'PF02928': 1, 'PF08429': 1, 'PF21323': 1}
Q9BY67	3	{'PF07686': 1, 'PF08205': 1, 'PF13927': 1}
Q9BY71	1	{'PF01462': 1}
Q9BY76	1	{'PF00147': 1}
Q9BY77	1	{'PF00076': 1}
Q9BY78	1	{'PF13920': 1}
Q9BY79	2	{'PF00431': 2, 'PF01392': 1}
Q9BY84	2	{'PF00581': 1, 'PF00782': 1}
Q9BY89	1	{'PF15327': 1}
Q9BYB0	3	{'PF00536': 1, 'PF07653': 1, 'PF17820': 1}
Q9BYC2	1	{'PF01144': 2}
Q9BYC5	2	{'PF14604': 1, 'PF19745': 1}
Q9BYC8	1	{'PF01783': 1}
Q9BYC9	1	{'PF00453': 1}
Q9BYD1	1	{'PF00572': 1}
Q9BYD2	3	{'PF01281': 1, 'PF22078': 1, 'PF25131': 1}
Q9BYD3	1	{'PF00573': 1}
Q9BYD5	1	{'PF04749': 1}
Q9BYD6	1	{'PF00687': 1}
Q9BYD9	1	{'PF00022': 1}
Q9BYE0	1	{'PF00010': 1}
Q9BYE2	2	{'PF00089': 1, 'PF15494': 1}
Q9BYE3	1	{'PF14672': 1}
Q9BYE4	1	{'PF14820': 1}
Q9BYE7	2	{'PF13923': 1, 'PF16207': 1}
Q9BYE9	1	{'PF00028': 7}
Q9BYF1	2	{'PF01401': 1, 'PF16959': 1}
Q9BYG0	1	{'PF01762': 1}
Q9BYG3	2	{'PF00076': 1, 'PF12196': 1}
Q9BYG4	2	{'PF00564': 1, 'PF00595': 1}
Q9BYG5	2	{'PF00564': 1, 'PF00595': 1}
Q9BYG8	2	{'PF04598': 1, 'PF17708': 1}
Q9BYH1	2	{'PF00084': 5, 'PF00431': 2}
Q9BYJ0	1	{'PF06473': 1}
Q9BYJ1	2	{'PF00305': 1, 'PF01477': 1}
Q9BYJ4	3	{'PF00622': 1, 'PF00643': 1, 'PF15227': 1}
Q9BYJ9	1	{'PF04146': 1}
Q9BYK8	4	{'PF00773': 1, 'PF13086': 3, 'PF13087': 2, 'PF25049': 1}
Q9BYL1	1	{'PF07647': 1}
Q9BYM8	2	{'PF13445': 1, 'PF25393': 1}
Q9BYN0	1	{'PF02195': 1}
Q9BYN7	2	{'PF13912': 2, 'PF00096': 5}
Q9BYN8	1	{'PF14943': 1}
Q9BYP7	3	{'PF12202': 1, 'PF24889': 1, 'PF00069': 1}
Q9BYQ8	1	{'PF01500': 1}
Q9BYR6	1	{'PF04579': 1}
Q9BYR7	1	{'PF04579': 1}
Q9BYR8	1	{'PF04579': 1}
Q9BYR9	1	{'PF01500': 1}
Q9BYS1	1	{'PF01500': 2}
Q9BYT1	1	{'PF07690': 1}
Q9BYT3	1	{'PF00069': 1}
Q9BYT5	1	{'PF01500': 1}
Q9BYT8	1	{'PF01432': 1}
Q9BYT9	2	{'PF04547': 1, 'PF16178': 1}
Q9BYU1	2	{'PF03792': 1, 'PF05920': 1}
Q9BYU5	1	{'PF01500': 1}
Q9BYV1	1	{'PF00202': 1}
Q9BYV2	2	{'PF00643': 1, 'PF13445': 1}
Q9BYV6	2	{'PF00643': 1, 'PF13445': 1}
Q9BYV8	1	{'PF00581': 1}
Q9BYV9	1	{'PF00651': 1}
Q9BYW1	1	{'PF00083': 1}
Q9BYW2	4	{'PF00397': 1, 'PF00856': 1, 'PF17907': 1, 'PF08236': 1}
Q9BYX2	2	{'PF00169': 1, 'PF00566': 1}
Q9BYX4	6	{'PF00271': 1, 'PF00619': 1, 'PF04851': 1, 'PF11648': 1, 'PF16739': 1, 'PF18119': 1}
Q9BYX7	1	{'PF00022': 1}
Q9BYZ2	2	{'PF00056': 1, 'PF02866': 1}
Q9BYZ6	2	{'PF00071': 1, 'PF00651': 3}
Q9BYZ8	1	{'PF00059': 1}
Q9BZ11	4	{'PF00200': 1, 'PF01421': 1, 'PF01562': 1, 'PF08516': 1}
Q9BZ23	1	{'PF03630': 1}
Q9BZ29	4	{'PF00169': 1, 'PF11878': 1, 'PF14429': 1, 'PF20422': 1}
Q9BZ67	2	{'PF00373': 1, 'PF24522': 1}
Q9BZ68	2	{'PF00373': 1, 'PF24522': 1}
Q9BZ71	3	{'PF02862': 1, 'PF24694': 1, 'PF24695': 1}
Q9BZ72	4	{'PF02121': 1, 'PF02862': 1, 'PF24694': 1, 'PF24695': 1}
Q9BZ76	3	{'PF00008': 1, 'PF00754': 1, 'PF02210': 4}
Q9BZ81	1	{'PF01454': 1}
Q9BZ95	7	{'PF00855': 2, 'PF00856': 1, 'PF17907': 1, 'PF17982': 1, 'PF22908': 1, 'PF23004': 1, 'PF23011': 1}
Q9BZA7	3	{'PF00028': 6, 'PF08266': 1, 'PF08374': 1}
Q9BZA8	3	{'PF00028': 6, 'PF08266': 1, 'PF08374': 1}
Q9BZB8	3	{'PF16366': 1, 'PF16367': 1, 'PF16368': 1}
Q9BZC1	1	{'PF00076': 3}
Q9BZC7	3	{'PF12698': 2, 'PF00005': 2, 'PF23321': 1}
Q9BZD2	1	{'PF01733': 1}
Q9BZD4	1	{'PF03800': 1}
Q9BZD6	1	{'PF00594': 1}
Q9BZD7	1	{'PF00594': 1}
Q9BZE0	2	{'PF00096': 3, 'PF23561': 1}
Q9BZE1	1	{'PF07147': 1}
Q9BZE2	1	{'PF01416': 1}
Q9BZE3	1	{'PF00046': 1}
Q9BZE4	3	{'PF06858': 1, 'PF08155': 1, 'PF17835': 1}
Q9BZE7	1	{'PF05250': 1}
Q9BZE9	2	{'PF00789': 1, 'PF11470': 1}
Q9BZF1	2	{'PF00169': 1, 'PF01237': 1}
Q9BZF2	2	{'PF01237': 1, 'PF15409': 1}
Q9BZF3	2	{'PF01237': 1, 'PF15409': 1}
Q9BZG1	1	{'PF00071': 1}
Q9BZG2	1	{'PF00328': 1}
Q9BZG8	1	{'PF01866': 1}
Q9BZI1	1	{'PF05920': 1}
Q9BZI7	1	{'PF03467': 1}
Q9BZJ3	1	{'PF00089': 1}
Q9BZJ6	1	{'PF00001': 1}
Q9BZJ7	1	{'PF00001': 1}
Q9BZJ8	1	{'PF00001': 1}
Q9BZK3	1	{'PF01849': 1}
Q9BZK7	1	{'PF08513': 1}
Q9BZL1	1	{'PF00240': 1}
Q9BZL3	1	{'PF17307': 1}
Q9BZL6	4	{'PF00130': 2, 'PF00169': 1, 'PF25525': 1, 'PF00069': 1}
Q9BZM1	1	{'PF06951': 1}
Q9BZM2	1	{'PF00068': 1}
Q9BZM3	1	{'PF00046': 1}
Q9BZM4	1	{'PF00129': 1}
Q9BZM5	1	{'PF00129': 1}
Q9BZM6	1	{'PF00129': 1}
Q9BZP6	2	{'PF00704': 1, 'PF01607': 1}
Q9BZQ2	1	{'PF23762': 1}
Q9BZQ4	1	{'PF01467': 1}
Q9BZQ6	1	{'PF02225': 1}
Q9BZQ8	2	{'PF26086': 1, 'PF26089': 1}
Q9BZR9	1	{'PF13445': 1}
Q9BZS1	2	{'PF00250': 1, 'PF16159': 1}
Q9BZV1	2	{'PF00789': 1, 'PF09409': 1}
Q9BZV2	1	{'PF01770': 1}
Q9BZV3	1	{'PF01390': 2}
Q9BZW2	1	{'PF00939': 1}
Q9BZW4	2	{'PF05241': 1, 'PF26083': 1}
Q9BZW5	1	{'PF26083': 1}
Q9BZW8	1	{'PF11465': 1}
Q9BZX2	1	{'PF00485': 1}
Q9BZY9	2	{'PF00643': 1, 'PF15227': 1}
Q9BZZ2	4	{'PF07686': 1, 'PF08205': 1, 'PF13895': 6, 'PF07679': 3}
Q9C000	7	{'PF00619': 1, 'PF02758': 1, 'PF05729': 1, 'PF13553': 1, 'PF17776': 1, 'PF17779': 1, 'PF23679': 1}
Q9C002	1	{'PF06522': 1}
Q9C004	1	{'PF05210': 1}
Q9C009	1	{'PF00250': 1}
Q9C010	1	{'PF02827': 1}
Q9C019	4	{'PF00097': 1, 'PF00622': 1, 'PF00643': 1, 'PF13765': 1}
Q9C026	5	{'PF00041': 1, 'PF00097': 1, 'PF00622': 1, 'PF00643': 1, 'PF22586': 1}
Q9C029	4	{'PF00622': 1, 'PF00643': 1, 'PF13765': 1, 'PF15227': 1}
Q9C030	3	{'PF00622': 1, 'PF00643': 1, 'PF13445': 1}
Q9C035	3	{'PF00622': 1, 'PF00643': 1, 'PF13445': 1}
Q9C037	3	{'PF00622': 1, 'PF00643': 1, 'PF15227': 1}
Q9C040	3	{'PF00630': 1, 'PF00643': 1, 'PF13445': 1}
Q9C056	1	{'PF00046': 1}
Q9C086	2	{'PF04438': 1, 'PF04795': 1}
Q9C091	5	{'PF15782': 1, 'PF20267': 1, 'PF20688': 1, 'PF20691': 1, 'PF20692': 1}
Q9C093	4	{'PF00406': 1, 'PF06294': 1, 'PF22946': 1, 'PF24082': 1}
Q9C098	1	{'PF00069': 1}
Q9C0A0	2	{'PF00754': 1, 'PF02210': 4}
Q9C0A1	2	{'PF00046': 3, 'PF24056': 1}
Q9C0A6	1	{'PF00856': 1}
Q9C0B0	5	{'PF00642': 1, 'PF18384': 1, 'PF23035': 1, 'PF25427': 1, 'PF23261': 1}
Q9C0B1	2	{'PF12933': 1, 'PF12934': 1}
Q9C0B2	4	{'PF24770': 1, 'PF24771': 1, 'PF24778': 1, 'PF24798': 1}
Q9C0B5	1	{'PF01529': 1}
Q9C0B6	3	{'PF01823': 1, 'PF19052': 1, 'PF25415': 1}
Q9C0B7	1	{'PF25267': 1}
Q9C0B9	2	{'PF00098': 1, 'PF25479': 1}
Q9C0C2	1	{'PF15327': 1}
Q9C0C4	1	{'PF01437': 1}
Q9C0C6	1	{'PF15800': 1}
Q9C0C9	5	{'PF00179': 1, 'PF23043': 1, 'PF23044': 1, 'PF23046': 1, 'PF23048': 1}
Q9C0D2	1	{'PF15309': 1}
Q9C0D5	2	{'PF25520': 1, 'PF25521': 1}
Q9C0D6	1	{'PF02181': 1}
Q9C0D7	3	{'PF11977': 1, 'PF18039': 1, 'PF18561': 1}
Q9C0D9	1	{'PF01066': 1}
Q9C0E4	2	{'PF00595': 6, 'PF17820': 1}
Q9C0E8	1	{'PF10058': 1}
Q9C0F0	3	{'PF05066': 1, 'PF13919': 1, 'PF13922': 1}
Q9C0F1	1	{'PF15007': 1}
Q9C0F3	2	{'PF01352': 1, 'PF00096': 12}
Q9C0G0	1	{'PF00096': 2}
Q9C0G6	11	{'PF03028': 1, 'PF08393': 1, 'PF12774': 1, 'PF12775': 1, 'PF12777': 1, 'PF12780': 1, 'PF12781': 1, 'PF17852': 1, 'PF17857': 1, 'PF18198': 1, 'PF18199': 1}
Q9C0H2	1	{'PF04906': 1}
Q9C0H5	2	{'PF00620': 1, 'PF00784': 1}
Q9C0H6	2	{'PF00651': 1, 'PF07707': 1}
Q9C0H9	1	{'PF03915': 1}
Q9C0I1	2	{'PF06602': 1, 'PF12578': 1}
Q9C0I4	4	{'PF00090': 1, 'PF19028': 7, 'PF19030': 3, 'PF23308': 1}
Q9C0J1	1	{'PF01762': 1}
Q9C0J9	2	{'PF00010': 1, 'PF07527': 1}
Q9C0K0	3	{'PF00096': 4, 'PF23611': 1, 'PF25491': 1}
Q9C0K1	1	{'PF02535': 1}
Q9C0K3	1	{'PF00022': 1}
Q9C0K7	1	{'PF00069': 1}
Q9GIP4	1	{'PF13520': 1}
Q9GZK3	1	{'PF13853': 1}
Q9GZK4	1	{'PF13853': 1}
Q9GZK6	1	{'PF13853': 1}
Q9GZK7	1	{'PF13853': 1}
Q9GZL7	1	{'PF08154': 1}
Q9GZM3	1	{'PF13656': 1}
Q9GZM6	1	{'PF13853': 1}
Q9GZM7	1	{'PF00112': 1}
Q9GZM8	1	{'PF04880': 1}
Q9GZN0	1	{'PF00001': 1}
Q9GZN1	1	{'PF00022': 1}
Q9GZN2	1	{'PF05920': 1}
Q9GZN4	1	{'PF00089': 1}
Q9GZN6	1	{'PF00209': 1}
Q9GZN7	1	{'PF10259': 1}
Q9GZN8	1	{'PF15006': 1}
Q9GZP0	2	{'PF00341': 1, 'PF00431': 1}
Q9GZP1	1	{'PF14927': 1}
Q9GZP4	1	{'PF06201': 1}
Q9GZP7	1	{'PF03402': 1}
Q9GZP9	1	{'PF04511': 1}
Q9GZQ3	2	{'PF07258': 1, 'PF21672': 1}
Q9GZQ4	2	{'PF00001': 1, 'PF19285': 1}
Q9GZQ6	1	{'PF00001': 1}
Q9GZQ8	1	{'PF02991': 1}
Q9GZR1	1	{'PF02902': 2}
Q9GZR2	1	{'PF00929': 1}
Q9GZR5	1	{'PF01151': 1}
Q9GZR7	2	{'PF00270': 1, 'PF00271': 1}
Q9GZS1	1	{'PF06870': 1}
Q9GZS9	1	{'PF00685': 1}
Q9GZT3	1	{'PF00076': 1}
Q9GZT4	1	{'PF00291': 1}
Q9GZT5	1	{'PF00110': 1}
Q9GZT6	1	{'PF07798': 1}
Q9GZT8	1	{'PF01784': 1}
Q9GZT9	2	{'PF01753': 1, 'PF13640': 1}
Q9GZU0	1	{'PF15130': 1}
Q9GZU1	2	{'PF08016': 1, 'PF21381': 1}
Q9GZU2	2	{'PF02023': 1, 'PF00096': 11}
Q9GZU3	1	{'PF10271': 1}
Q9GZU5	1	{'PF01462': 1}
Q9GZU7	1	{'PF03031': 1}
Q9GZU8	1	{'PF10187': 1}
Q9GZV3	1	{'PF00474': 1}
Q9GZV4	2	{'PF01287': 1, 'PF21485': 1}
Q9GZV5	1	{'PF00397': 1}
Q9GZV7	2	{'PF00193': 2, 'PF07686': 1}
Q9GZV8	2	{'PF00096': 3, 'PF21549': 1}
Q9GZV9	1	{'PF00167': 1}
Q9GZW5	1	{'PF02023': 1}
Q9GZW8	1	{'PF04103': 1}
Q9GZX3	1	{'PF00685': 1}
Q9GZX5	3	{'PF01352': 1, 'PF00096': 6, 'PF13465': 1}
Q9GZX6	1	{'PF14565': 1}
Q9GZX7	1	{'PF08210': 1}
Q9GZX9	2	{'PF04668': 1, 'PF23782': 1}
Q9GZY0	3	{'PF03943': 1, 'PF09162': 1, 'PF22602': 1}
Q9GZY4	1	{'PF08695': 1}
Q9GZY6	1	{'PF15703': 2}
Q9GZY8	1	{'PF05644': 1}
Q9GZZ0	1	{'PF00046': 1}
Q9GZZ1	1	{'PF00583': 1}
Q9GZZ6	2	{'PF02931': 1, 'PF02932': 1}
Q9GZZ7	1	{'PF02351': 2}
Q9GZZ9	1	{'PF00899': 1}
Q9H000	2	{'PF00642': 2, 'PF14608': 2}
Q9H008	2	{'PF13242': 1, 'PF13344': 1}
Q9H009	2	{'PF01849': 1, 'PF19026': 1}
Q9H013	4	{'PF00200': 1, 'PF01421': 1, 'PF01562': 1, 'PF08516': 1}
Q9H015	1	{'PF00083': 1}
Q9H019	1	{'PF05308': 1}
Q9H040	2	{'PF10263': 1, 'PF22934': 1}
Q9H061	1	{'PF07114': 1}
Q9H063	1	{'PF09174': 1}
Q9H078	2	{'PF07724': 1, 'PF10431': 1}
Q9H079	1	{'PF13925': 1}
Q9H081	1	{'PF05859': 1}
Q9H082	1	{'PF00071': 1}
Q9H089	1	{'PF01926': 1}
Q9H091	2	{'PF01753': 1, 'PF20179': 1}
Q9H093	1	{'PF00069': 1}
Q9H094	1	{'PF06758': 5}
Q9H098	1	{'PF06625': 1}
Q9H0A0	4	{'PF05127': 1, 'PF08351': 1, 'PF13718': 1, 'PF13725': 1}
Q9H0A6	2	{'PF13445': 1, 'PF13639': 1}
Q9H0A8	2	{'PF07258': 1, 'PF21672': 1}
Q9H0A9	2	{'PF15058': 1, 'PF15059': 1}
Q9H0B8	2	{'PF00188': 1, 'PF03815': 2}
Q9H0C1	1	{'PF01753': 1}
Q9H0C3	1	{'PF15113': 1}
Q9H0C5	3	{'PF00651': 1, 'PF07707': 1, 'PF08005': 1}
Q9H0C8	1	{'PF00481': 1}
Q9H0D2	3	{'PF01448': 1, 'PF13912': 2, 'PF00096': 1}
Q9H0D6	2	{'PF03159': 1, 'PF17846': 1}
Q9H0E2	2	{'PF00168': 1, 'PF02845': 1}
Q9H0E3	1	{'PF16014': 1}
Q9H0E7	2	{'PF00443': 1, 'PF02148': 1}
Q9H0E9	1	{'PF00439': 2}
Q9H0F5	1	{'PF13639': 1}
Q9H0F6	2	{'PF16764': 1, 'PF25393': 1}
Q9H0F7	1	{'PF00025': 1}
Q9H0G5	1	{'PF20427': 1}
Q9H0H0	1	{'PF14750': 1}
Q9H0H3	2	{'PF00651': 1, 'PF07707': 1}
Q9H0H5	2	{'PF00130': 1, 'PF00620': 1}
Q9H0I2	1	{'PF13864': 1}
Q9H0I9	3	{'PF00456': 1, 'PF02779': 1, 'PF02780': 1}
Q9H0J4	1	{'PF16043': 1}
Q9H0J9	5	{'PF00644': 1, 'PF02825': 1, 'PF23466': 1, 'PF24356': 1, 'PF25261': 2}
Q9H0K1	2	{'PF23312': 1, 'PF00069': 1}
Q9H0K4	1	{'PF04712': 1}
Q9H0K6	3	{'PF01142': 1, 'PF23943': 1, 'PF25094': 1}
Q9H0L4	3	{'PF00076': 1, 'PF14304': 1, 'PF14327': 1}
Q9H0M0	3	{'PF00168': 1, 'PF00397': 4, 'PF00632': 1}
Q9H0M4	2	{'PF00855': 1, 'PF07496': 1}
Q9H0M5	2	{'PF01352': 1, 'PF00096': 16}
Q9H0N0	1	{'PF00071': 1}
Q9H0N5	1	{'PF01329': 1}
Q9H0P0	1	{'PF05822': 1}
Q9H0Q0	1	{'PF07159': 1}
Q9H0Q3	1	{'PF02038': 1}
Q9H0R1	1	{'PF00928': 1}
Q9H0R3	1	{'PF05608': 1}
Q9H0R4	2	{'PF13242': 1, 'PF13344': 1}
Q9H0R5	2	{'PF02263': 1, 'PF02841': 1}
Q9H0R6	1	{'PF01425': 1}
Q9H0R8	1	{'PF02991': 1}
Q9H0S4	2	{'PF00270': 1, 'PF00271': 1}
Q9H0T7	1	{'PF00071': 1}
Q9H0U3	1	{'PF04756': 1}
Q9H0U4	1	{'PF00071': 1}
Q9H0U6	1	{'PF00861': 1}
Q9H0U9	1	{'PF00956': 1}
Q9H0V9	1	{'PF03388': 1}
Q9H0W7	1	{'PF05485': 1}
Q9H0W9	1	{'PF08925': 1}
Q9H0X9	2	{'PF00169': 1, 'PF01237': 1}
Q9H0Y0	1	{'PF03987': 1}
Q9H0Z9	1	{'PF00076': 1}
Q9H106	1	{'PF07686': 1}
Q9H112	1	{'PF00031': 1}
Q9H114	1	{'PF00031': 1}
Q9H116	4	{'PF00651': 1, 'PF13912': 1, 'PF00096': 7, 'PF13894': 1}
Q9H147	2	{'PF18192': 1, 'PF21229': 1}
Q9H158	4	{'PF00028': 5, 'PF08266': 1, 'PF15974': 1, 'PF16492': 1}
Q9H159	2	{'PF00028': 5, 'PF01049': 1}
Q9H161	1	{'PF00046': 1}
Q9H165	3	{'PF00096': 4, 'PF23611': 1, 'PF25491': 1}
Q9H169	1	{'PF00836': 1}
Q9H171	1	{'PF02295': 1}
Q9H172	3	{'PF01061': 1, 'PF00005': 1, 'PF19055': 1}
Q9H175	1	{'PF16019': 1}
Q9H190	1	{'PF00595': 2}
Q9H1A3	1	{'PF05219': 1}
Q9H1A4	2	{'PF18122': 1, 'PF21282': 1}
Q9H1A7	1	{'PF13656': 1}
Q9H1B4	2	{'PF09162': 1, 'PF22602': 1}
Q9H1B5	2	{'PF02485': 1, 'PF12529': 1}
Q9H1B7	3	{'PF11261': 1, 'PF25454': 1, 'PF25457': 1}
Q9H1C0	1	{'PF00001': 1}
Q9H1C3	1	{'PF01501': 1}
Q9H1C7	1	{'PF12734': 1}
Q9H1D0	1	{'PF00520': 1}
Q9H1D9	1	{'PF05158': 1}
Q9H1E1	1	{'PF00074': 1}
Q9H1E5	1	{'PF00085': 1}
Q9H1F0	1	{'PF00095': 1}
Q9H1H1	1	{'PF05253': 2}
Q9H1H9	5	{'PF00225': 1, 'PF00498': 1, 'PF12423': 1, 'PF12473': 1, 'PF16183': 1}
Q9H1I8	1	{'PF02845': 1}
Q9H1J1	1	{'PF03467': 1}
Q9H1J5	1	{'PF00110': 1}
Q9H1J7	1	{'PF00110': 1}
Q9H1K0	2	{'PF01363': 1, 'PF11464': 2}
Q9H1K1	1	{'PF01592': 1}
Q9H1K6	1	{'PF21896': 1}
Q9H1M0	1	{'PF05064': 1}
Q9H1M4	1	{'PF13841': 1}
Q9H1N7	1	{'PF08449': 1}
Q9H1P3	1	{'PF01237': 1}
Q9H1P6	1	{'PF14945': 1}
Q9H1R2	1	{'PF00782': 1}
Q9H1R3	1	{'PF00069': 1}
Q9H1U4	2	{'PF00053': 4, 'PF24973': 1}
Q9H1V8	1	{'PF00209': 1}
Q9H1X3	1	{'PF00226': 1}
Q9H1Y0	3	{'PF04106': 1, 'PF20637': 1, 'PF20638': 1}
Q9H1Y3	1	{'PF00001': 1}
Q9H1Z8	1	{'PF15187': 1}
Q9H1Z9	1	{'PF00335': 1}
Q9H204	1	{'PF11594': 1}
Q9H205	1	{'PF13853': 1}
Q9H207	1	{'PF13853': 1}
Q9H208	1	{'PF13853': 1}
Q9H209	1	{'PF13853': 1}
Q9H210	1	{'PF13853': 1}
Q9H211	2	{'PF08839': 1, 'PF16679': 1}
Q9H213	1	{'PF01454': 1}
Q9H221	3	{'PF01061': 1, 'PF00005': 1, 'PF19055': 1}
Q9H222	3	{'PF01061': 1, 'PF00005': 1, 'PF19055': 1}
Q9H223	4	{'PF00350': 1, 'PF12763': 1, 'PF16880': 1, 'PF18150': 1}
Q9H227	1	{'PF00232': 1}
Q9H228	1	{'PF00001': 1}
Q9H237	1	{'PF03062': 1}
Q9H239	2	{'PF00413': 1, 'PF01471': 1}
Q9H244	1	{'PF00001': 1}
Q9H246	1	{'PF15389': 1}
Q9H251	1	{'PF00028': 24}
Q9H252	3	{'PF00027': 1, 'PF00520': 1, 'PF13426': 1}
Q9H254	3	{'PF00307': 2, 'PF00435': 14, 'PF15410': 1}
Q9H255	1	{'PF13853': 1}
Q9H257	1	{'PF00619': 1}
Q9H267	1	{'PF00995': 1}
Q9H270	2	{'PF12451': 1, 'PF13923': 1}
Q9H293	1	{'PF06083': 1}
Q9H295	1	{'PF07782': 1}
Q9H299	1	{'PF04908': 1}
Q9H2A2	1	{'PF00171': 1}
Q9H2A3	1	{'PF00010': 1}
Q9H2A7	1	{'PF20902': 1}
Q9H2A9	1	{'PF03567': 1}
Q9H2B2	1	{'PF00168': 2}
Q9H2B4	2	{'PF00916': 1, 'PF01740': 1}
Q9H2C0	2	{'PF00651': 1, 'PF07707': 1}
Q9H2C1	2	{'PF00046': 1, 'PF00412': 2}
Q9H2C2	1	{'PF04161': 1}
Q9H2C5	1	{'PF13853': 1}
Q9H2C8	1	{'PF13853': 1}
Q9H2D6	1	{'PF00169': 1}
Q9H2E6	1	{'PF01437': 1}
Q9H2F3	1	{'PF01073': 1}
Q9H2F5	2	{'PF06752': 1, 'PF10513': 1}
Q9H2G2	2	{'PF12474': 2, 'PF00069': 1}
Q9H2G4	1	{'PF00956': 1}
Q9H2G9	1	{'PF08227': 1}
Q9H2H0	1	{'PF02008': 1}
Q9H2H8	1	{'PF00160': 1}
Q9H2H9	1	{'PF01490': 1}
Q9H2J4	1	{'PF02114': 1}
Q9H2J7	1	{'PF00209': 1}
Q9H2K0	1	{'PF05198': 1}
Q9H2K2	2	{'PF00644': 1, 'PF07647': 1}
Q9H2K8	1	{'PF00069': 1}
Q9H2L4	1	{'PF10269': 1}
Q9H2L5	2	{'PF00788': 1, 'PF16517': 1}
Q9H2M3	1	{'PF02574': 1}
Q9H2M9	1	{'PF14656': 1}
Q9H2P0	2	{'PF00046': 1, 'PF19627': 1}
Q9H2P9	1	{'PF00590': 1}
Q9H2R5	1	{'PF00089': 1}
Q9H2S1	3	{'PF02888': 1, 'PF03530': 1, 'PF07885': 1}
Q9H2S5	3	{'PF00622': 1, 'PF13445': 1, 'PF13765': 1}
Q9H2S6	1	{'PF04089': 1}
Q9H2S9	1	{'PF00096': 3}
Q9H2U1	6	{'PF00270': 1, 'PF00271': 1, 'PF04408': 1, 'PF07717': 1, 'PF21010': 1, 'PF26026': 1}
Q9H2U2	1	{'PF00719': 1}
Q9H2U9	4	{'PF00200': 1, 'PF01421': 1, 'PF01562': 1, 'PF08516': 1}
Q9H2V7	1	{'PF07690': 1}
Q9H2W1	1	{'PF04103': 1}
Q9H2W2	1	{'PF00046': 1}
Q9H2W6	1	{'PF11788': 1}
Q9H2X0	2	{'PF00093': 3, 'PF07452': 3}
Q9H2X3	1	{'PF00059': 1}
Q9H2X6	1	{'PF00069': 1}
Q9H2X8	1	{'PF06140': 1}
Q9H2X9	2	{'PF00324': 2, 'PF03522': 3}
Q9H2Y9	2	{'PF03137': 1, 'PF07648': 1}
Q9H2Z4	1	{'PF00046': 1}
Q9H300	1	{'PF01694': 1}
Q9H305	1	{'PF10601': 1}
Q9H306	2	{'PF00413': 1, 'PF01471': 1}
Q9H307	2	{'PF04696': 1, 'PF04697': 1}
Q9H310	1	{'PF00909': 1}
Q9H313	1	{'PF04906': 1}
Q9H324	8	{'PF00090': 1, 'PF01421': 1, 'PF01562': 1, 'PF05986': 1, 'PF08686': 1, 'PF17771': 1, 'PF19030': 4, 'PF19236': 1}
Q9H329	4	{'PF00373': 1, 'PF08736': 1, 'PF09379': 1, 'PF09380': 1}
Q9H330	1	{'PF01594': 1}
Q9H334	2	{'PF00250': 1, 'PF16159': 1}
Q9H336	2	{'PF00188': 1, 'PF03815': 2}
Q9H339	1	{'PF13853': 1}
Q9H340	1	{'PF13853': 1}
Q9H341	1	{'PF13853': 1}
Q9H342	1	{'PF13853': 1}
Q9H343	1	{'PF13853': 1}
Q9H344	1	{'PF13853': 1}
Q9H346	1	{'PF13853': 1}
Q9H347	3	{'PF00240': 1, 'PF00627': 1, 'PF23195': 1}
Q9H361	2	{'PF00076': 4, 'PF00658': 1}
Q9H3D4	2	{'PF00870': 1, 'PF07647': 1}
Q9H3E2	4	{'PF00615': 1, 'PF00787': 1, 'PF02194': 1, 'PF08628': 1}
Q9H3F6	1	{'PF02214': 1}
Q9H3G5	1	{'PF00450': 1}
Q9H3H1	1	{'PF01715': 1}
Q9H3H3	1	{'PF08939': 1}
Q9H3H5	2	{'PF00953': 1, 'PF21383': 1}
Q9H3H9	1	{'PF04538': 1}
Q9H3J6	1	{'PF00472': 1}
Q9H3K2	1	{'PF01027': 1}
Q9H3K6	1	{'PF01722': 1}
Q9H3L0	1	{'PF10229': 1}
Q9H3M0	2	{'PF00520': 1, 'PF02214': 1}
Q9H3M7	2	{'PF00339': 1, 'PF02752': 1}
Q9H3M9	1	{'PF02099': 1}
Q9H3N1	1	{'PF00085': 1}
Q9H3N8	1	{'PF00001': 1}
Q9H3P7	2	{'PF00887': 1, 'PF13897': 1}
Q9H3Q1	2	{'PF00786': 1, 'PF14957': 1}
Q9H3Q3	1	{'PF06990': 1}
Q9H3R0	5	{'PF02373': 1, 'PF02375': 1, 'PF13831': 1, 'PF13832': 1, 'PF18104': 2}
Q9H3R1	3	{'PF00685': 1, 'PF12062': 1, 'PF25119': 1}
Q9H3R2	1	{'PF01390': 1}
Q9H3R5	1	{'PF05837': 1}
Q9H3S1	1	{'PF01437': 1}
Q9H3S3	2	{'PF00089': 1, 'PF15494': 1}
Q9H3S4	2	{'PF04263': 1, 'PF04265': 1}
Q9H3S5	1	{'PF05007': 1}
Q9H3S7	2	{'PF00102': 1, 'PF13949': 1}
Q9H3T3	1	{'PF01437': 1}
Q9H3U5	1	{'PF07690': 1}
Q9H3U7	3	{'PF00086': 2, 'PF07648': 1, 'PF10591': 1}
Q9H3V2	1	{'PF04103': 1}
Q9H3W5	2	{'PF00041': 1, 'PF07679': 1}
Q9H3Y0	1	{'PF00188': 1}
Q9H3Y6	2	{'PF00017': 1, 'PF07714': 1}
Q9H3Y8	1	{'PF15060': 1}
Q9H3Z4	1	{'PF00226': 1}
Q9H3Z7	1	{'PF00561': 1}
Q9H400	1	{'PF15332': 1}
Q9H410	1	{'PF08202': 1}
Q9H422	1	{'PF00069': 1}
Q9H425	1	{'PF15797': 1}
Q9H426	1	{'PF00168': 1}
Q9H427	1	{'PF07885': 2}
Q9H444	1	{'PF03357': 1}
Q9H446	2	{'PF05773': 1, 'PF16543': 1}
Q9H461	2	{'PF01392': 1, 'PF01534': 1}
Q9H467	1	{'PF02845': 1}
Q9H469	1	{'PF00646': 1}
Q9H477	1	{'PF00294': 1}
Q9H479	1	{'PF03881': 1}
Q9H488	1	{'PF10250': 1}
Q9H489	1	{'PF00956': 1}
Q9H490	1	{'PF06728': 1}
Q9H492	1	{'PF02991': 1}
Q9H497	2	{'PF06309': 1, 'PF21376': 1}
Q9H4A3	3	{'PF12202': 1, 'PF24889': 1, 'PF00069': 1}
Q9H4A4	2	{'PF01433': 1, 'PF17900': 1}
Q9H4A5	1	{'PF05719': 1}
Q9H4A6	1	{'PF05719': 1}
Q9H4A9	1	{'PF01244': 1}
Q9H4B0	1	{'PF00814': 1}
Q9H4B4	2	{'PF00659': 2, 'PF00069': 1}
Q9H4B6	1	{'PF00397': 1}
Q9H4B7	2	{'PF00091': 1, 'PF03953': 1}
Q9H4B8	1	{'PF01244': 1}
Q9H4D0	2	{'PF00028': 1, 'PF19699': 1}
Q9H4D5	2	{'PF09162': 1, 'PF22602': 1}
Q9H4E5	1	{'PF00071': 1}
Q9H4E7	2	{'PF00169': 1, 'PF25530': 1}
Q9H4F1	1	{'PF00777': 1}
Q9H4F8	3	{'PF00086': 2, 'PF07648': 1, 'PF10591': 1}
Q9H4G0	6	{'PF00373': 1, 'PF04382': 1, 'PF05902': 1, 'PF08736': 1, 'PF09379': 1, 'PF09380': 1}
Q9H4G1	1	{'PF00031': 1}
Q9H4G4	1	{'PF00188': 1}
Q9H4G8	1	{'PF05207': 1}
Q9H4H8	1	{'PF07894': 1}
Q9H4I0	2	{'PF04824': 1, 'PF04825': 1}
Q9H4I2	3	{'PF00046': 3, 'PF11569': 1, 'PF18387': 1}
Q9H4I3	1	{'PF01963': 1}
Q9H4I8	1	{'PF00561': 1}
Q9H4I9	1	{'PF10161': 1}
Q9H4K1	1	{'PF05914': 1}
Q9H4K7	2	{'PF01018': 1, 'PF01926': 1}
Q9H4L4	2	{'PF02902': 1, 'PF19722': 1}
Q9H4L5	2	{'PF01237': 1, 'PF15409': 1}
Q9H4L7	2	{'PF00176': 1, 'PF00271': 1}
Q9H4M3	2	{'PF04300': 1, 'PF12937': 1}
Q9H4M7	2	{'PF00169': 1, 'PF25541': 1}
Q9H4M9	4	{'PF00350': 1, 'PF12763': 1, 'PF16880': 1, 'PF18150': 1}
Q9H4P4	2	{'PF08941': 1, 'PF13923': 1}
Q9H4Q3	2	{'PF00096': 4, 'PF21549': 1}
Q9H4Q4	2	{'PF00856': 1, 'PF00096': 2}
Q9H4R4	1	{'PF15784': 1}
Q9H4S2	1	{'PF00046': 1}
Q9H4T2	2	{'PF02023': 1, 'PF00096': 4}
Q9H4W6	3	{'PF01833': 1, 'PF16422': 1, 'PF16423': 1}
Q9H4X1	1	{'PF15151': 1}
Q9H4Y5	1	{'PF13417': 1}
Q9H4Z2	3	{'PF13909': 1, 'PF13912': 1, 'PF00096': 2}
Q9H4Z3	2	{'PF00397': 1, 'PF12237': 1}
Q9H501	2	{'PF08159': 1, 'PF25121': 1}
Q9H503	1	{'PF02961': 1}
Q9H511	2	{'PF00651': 1, 'PF07707': 1}
Q9H553	2	{'PF00534': 1, 'PF13439': 1}
Q9H568	1	{'PF00022': 1}
Q9H582	2	{'PF00096': 1, 'PF23015': 1}
Q9H583	2	{'PF08146': 1, 'PF12397': 1}
Q9H596	1	{'PF00782': 1}
Q9H598	1	{'PF01490': 1}
Q9H5F2	1	{'PF06608': 1}
Q9H5H4	1	{'PF00096': 10}
Q9H5I1	3	{'PF00385': 1, 'PF00856': 1, 'PF05033': 1}
Q9H5I5	5	{'PF12166': 1, 'PF15917': 1, 'PF23188': 1, 'PF24871': 3, 'PF24874': 1}
Q9H5J0	2	{'PF00651': 1, 'PF00096': 1}
Q9H5J4	1	{'PF01151': 1}
Q9H5J8	1	{'PF15333': 1}
Q9H5K3	1	{'PF07714': 1}
Q9H5L6	6	{'PF05485': 1, 'PF12017': 1, 'PF21787': 1, 'PF21788': 1, 'PF21789': 1, 'PF22824': 1}
Q9H5P4	1	{'PF00595': 3}
Q9H5Q4	1	{'PF00398': 1}
Q9H5U6	2	{'PF06839': 1, 'PF10237': 1}
Q9H5V8	4	{'PF23665': 2, 'PF23667': 1, 'PF23668': 2, 'PF25142': 1}
Q9H5V9	1	{'PF25809': 1}
Q9H5X1	1	{'PF01883': 1}
Q9H5Z1	4	{'PF00271': 1, 'PF04408': 1, 'PF07717': 1, 'PF21010': 1}
Q9H5Z6	1	{'PF15067': 1}
Q9H607	1	{'PF07303': 1}
Q9H609	2	{'PF13912': 1, 'PF00096': 2}
Q9H611	3	{'PF05970': 1, 'PF21530': 1, 'PF25344': 1}
Q9H628	1	{'PF00071': 1}
Q9H633	1	{'PF04032': 1}
Q9H649	1	{'PF01189': 1}
Q9H668	2	{'PF01336': 1, 'PF09170': 1}
Q9H672	1	{'PF07525': 1}
Q9H693	1	{'PF15132': 1}
Q9H694	4	{'PF00013': 2, 'PF00536': 1, 'PF22985': 2, 'PF24234': 1}
Q9H6A0	3	{'PF02141': 1, 'PF03455': 1, 'PF03456': 1}
Q9H6A9	1	{'PF05041': 1}
Q9H6B1	1	{'PF12874': 3}
Q9H6B4	2	{'PF07686': 1, 'PF13895': 1}
Q9H6B9	1	{'PF00561': 1}
Q9H6D3	1	{'PF09815': 1}
Q9H6D7	1	{'PF14735': 1}
Q9H6D8	1	{'PF00041': 1}
Q9H6E4	1	{'PF15002': 1}
Q9H6E5	4	{'PF00076': 1, 'PF03828': 1, 'PF12874': 1, 'PF22600': 2}
Q9H6F2	1	{'PF05197': 1}
Q9H6H4	1	{'PF03134': 1}
Q9H6I2	2	{'PF00505': 1, 'PF12067': 1}
Q9H6K1	2	{'PF14555': 1, 'PF16158': 1}
Q9H6K4	1	{'PF07047': 1}
Q9H6K5	1	{'PF15363': 1}
Q9H6L2	1	{'PF10149': 1}
Q9H6L5	1	{'PF24456': 1}
Q9H6P5	1	{'PF01112': 1}
Q9H6Q3	2	{'PF00017': 1, 'PF00018': 1}
Q9H6Q4	2	{'PF02256': 1, 'PF02906': 1}
Q9H6R0	5	{'PF00270': 1, 'PF00271': 1, 'PF04408': 1, 'PF07717': 1, 'PF21010': 1}
Q9H6R3	3	{'PF00501': 1, 'PF13193': 1, 'PF16177': 1}
Q9H6R4	6	{'PF03813': 1, 'PF17403': 1, 'PF17404': 1, 'PF17405': 1, 'PF17406': 1, 'PF17407': 1}
Q9H6R6	2	{'PF01529': 1, 'PF07653': 1}
Q9H6S0	8	{'PF00270': 1, 'PF00271': 1, 'PF01424': 1, 'PF04146': 1, 'PF04408': 1, 'PF07717': 1, 'PF21010': 1, 'PF26026': 1}
Q9H6S1	1	{'PF12845': 1}
Q9H6S3	4	{'PF00018': 1, 'PF08416': 1, 'PF18016': 1, 'PF22975': 1}
Q9H6T3	1	{'PF13877': 1}
Q9H6U6	1	{'PF12490': 1}
Q9H6U8	1	{'PF03901': 1}
Q9H6V9	1	{'PF10230': 1}
Q9H6W3	2	{'PF08007': 1, 'PF21233': 1}
Q9H6X2	3	{'PF00092': 1, 'PF05586': 1, 'PF05587': 1}
Q9H6X4	1	{'PF05915': 1}
Q9H6X5	1	{'PF15391': 1}
Q9H6Y5	1	{'PF00595': 1}
Q9H6Y7	2	{'PF02225': 1, 'PF13639': 1}
Q9H6Z4	1	{'PF00638': 1}
Q9H6Z9	1	{'PF13640': 1}
Q9H706	1	{'PF12736': 1}
Q9H707	2	{'PF01352': 1, 'PF00096': 5}
Q9H714	2	{'PF13901': 1, 'PF21054': 1}
Q9H720	3	{'PF23021': 1, 'PF23022': 1, 'PF23226': 1}
Q9H741	1	{'PF10218': 1}
Q9H756	1	{'PF15176': 1}
Q9H765	1	{'PF07525': 1}
Q9H772	1	{'PF03045': 1}
Q9H773	1	{'PF12643': 1}
Q9H777	1	{'PF23023': 1}
Q9H788	1	{'PF00017': 1}
Q9H790	1	{'PF09810': 2}
Q9H792	1	{'PF00069': 1}
Q9H799	1	{'PF15392': 1}
Q9H7B2	1	{'PF04427': 1}
Q9H7B4	2	{'PF00856': 1, 'PF01753': 1}
Q9H7C9	1	{'PF04430': 1}
Q9H7D0	4	{'PF00018': 1, 'PF14429': 1, 'PF16172': 1, 'PF20422': 1}
Q9H7D7	1	{'PF17814': 1}
Q9H7E2	3	{'PF00567': 1, 'PF08585': 1, 'PF22562': 1}
Q9H7E9	1	{'PF15393': 1}
Q9H7F0	4	{'PF00122': 1, 'PF00690': 1, 'PF12409': 1, 'PF13246': 1}
Q9H7F4	1	{'PF10269': 1}
Q9H7H0	1	{'PF09243': 1}
Q9H7J1	1	{'PF03370': 1}
Q9H7L2	1	{'PF00047': 2}
Q9H7L9	1	{'PF08598': 1}
Q9H7M9	1	{'PF07686': 1}
Q9H7N4	1	{'PF23030': 1}
Q9H7P6	1	{'PF10240': 1}
Q9H7P9	2	{'PF00621': 1, 'PF22697': 1}
Q9H7R0	4	{'PF01352': 1, 'PF13912': 2, 'PF00096': 9, 'PF13894': 1}
Q9H7R5	2	{'PF01352': 1, 'PF00096': 18}
Q9H7S9	1	{'PF12402': 1}
Q9H7T0	4	{'PF15149': 1, 'PF21541': 1, 'PF22830': 1, 'PF22831': 1}
Q9H7T9	1	{'PF15334': 1}
Q9H7V2	1	{'PF04505': 1}
Q9H7X0	1	{'PF00583': 1}
Q9H7X2	1	{'PF15828': 1}
Q9H7X3	1	{'PF00096': 8}
Q9H7X7	1	{'PF08477': 1}
Q9H7Y0	1	{'PF12260': 1}
Q9H7Z3	1	{'PF08424': 1}
Q9H7Z6	3	{'PF01853': 1, 'PF11717': 1, 'PF17772': 1}
Q9H7Z7	1	{'PF13417': 1}
Q9H813	1	{'PF15122': 1}
Q9H814	1	{'PF10258': 1}
Q9H816	1	{'PF07522': 1}
Q9H819	2	{'PF00226': 1, 'PF09320': 1}
Q9H825	1	{'PF13649': 1}
Q9H832	1	{'PF00179': 1}
Q9H840	1	{'PF11095': 1}
Q9H841	1	{'PF05653': 1}
Q9H845	4	{'PF00441': 1, 'PF02770': 1, 'PF02771': 1, 'PF21343': 1}
Q9H853	1	{'PF00091': 1}
Q9H857	1	{'PF05761': 1}
Q9H867	1	{'PF10294': 1}
Q9H871	2	{'PF10607': 1, 'PF13445': 1}
Q9H875	1	{'PF06658': 1}
Q9H898	2	{'PF12171': 1, 'PF12874': 3}
Q9H8E8	1	{'PF00583': 1}
Q9H8G1	2	{'PF01352': 1, 'PF00096': 11}
Q9H8G2	1	{'PF15335': 1}
Q9H8H2	3	{'PF00270': 1, 'PF00271': 1, 'PF13959': 1}
Q9H8H3	1	{'PF08241': 1}
Q9H8J5	1	{'PF07502': 1}
Q9H8K7	1	{'PF14958': 1}
Q9H8L6	2	{'PF00386': 1, 'PF07546': 1}
Q9H8M1	1	{'PF03364': 1}
Q9H8M2	2	{'PF00439': 1, 'PF12024': 1}
Q9H8M5	4	{'PF00571': 1, 'PF01595': 1, 'PF25511': 1, 'PF25562': 1}
Q9H8M7	1	{'PF13898': 1}
Q9H8M9	1	{'PF14851': 1}
Q9H8N7	1	{'PF15997': 1}
Q9H8P0	1	{'PF02544': 1}
Q9H8S5	1	{'PF00134': 1}
Q9H8S9	1	{'PF03637': 1}
Q9H8T0	1	{'PF00179': 1}
Q9H8U3	2	{'PF01428': 1, 'PF01754': 1}
Q9H8V3	5	{'PF00533': 1, 'PF00621': 1, 'PF12738': 1, 'PF21242': 1, 'PF21243': 1}
Q9H8W4	2	{'PF00169': 1, 'PF01363': 1}
Q9H8W5	3	{'PF00630': 1, 'PF00643': 1, 'PF13445': 1}
Q9H8X2	1	{'PF06090': 1}
Q9H8X9	1	{'PF01529': 1}
Q9H8Y5	2	{'PF18716': 1, 'PF18826': 1}
Q9H8Y8	1	{'PF04495': 2}
Q9H900	1	{'PF09817': 1}
Q9H902	1	{'PF03134': 1}
Q9H903	2	{'PF00763': 1, 'PF02882': 1}
Q9H910	1	{'PF17054': 1}
Q9H930	4	{'PF00439': 1, 'PF00628': 1, 'PF01342': 1, 'PF03172': 1}
Q9H939	1	{'PF00611': 1}
Q9H944	1	{'PF08612': 1}
Q9H963	1	{'PF00096': 3}
Q9H972	1	{'PF15394': 1}
Q9H974	1	{'PF01702': 1}
Q9H981	1	{'PF00022': 2}
Q9H987	1	{'PF00595': 1}
Q9H992	1	{'PF12906': 1}
Q9H993	1	{'PF01937': 1}
Q9H999	1	{'PF03630': 1}
Q9H9A7	3	{'PF08585': 1, 'PF16099': 1, 'PF21000': 1}
Q9H9B1	3	{'PF00856': 1, 'PF05033': 1, 'PF21533': 1}
Q9H9B4	1	{'PF03820': 1}
Q9H9D4	2	{'PF00096': 8, 'PF21549': 1}
Q9H9F9	1	{'PF00022': 2}
Q9H9G7	6	{'PF02170': 1, 'PF02171': 1, 'PF08699': 1, 'PF16486': 1, 'PF16487': 1, 'PF16488': 1}
Q9H9H4	1	{'PF07200': 1}
Q9H9J2	2	{'PF22935': 1, 'PF22892': 1}
Q9H9J4	1	{'PF00443': 1}
Q9H9L3	1	{'PF00929': 1}
Q9H9L4	1	{'PF13891': 2}
Q9H9P2	1	{'PF00059': 1}
Q9H9P5	6	{'PF00642': 1, 'PF13920': 1, 'PF18384': 1, 'PF23035': 1, 'PF25427': 1, 'PF23261': 1}
Q9H9P8	1	{'PF01266': 1}
Q9H9Q2	2	{'PF01399': 1, 'PF18392': 1}
Q9H9Q4	1	{'PF09302': 1}
Q9H9R9	1	{'PF04440': 1}
Q9H9S0	1	{'PF00046': 1}
Q9H9S3	2	{'PF00344': 1, 'PF10559': 1}
Q9H9S5	2	{'PF04991': 1, 'PF22921': 1}
Q9H9T3	3	{'PF04055': 1, 'PF16199': 1, 'PF23613': 1}
Q9H9V4	1	{'PF13639': 1}
Q9H9V9	1	{'PF02373': 1}
Q9H9Y2	1	{'PF04427': 1}
Q9H9Y4	1	{'PF03029': 1}
Q9H9Y6	6	{'PF00562': 1, 'PF04560': 1, 'PF04561': 1, 'PF04563': 1, 'PF04565': 1, 'PF06883': 1}
Q9H9Z2	3	{'PF00098': 1, 'PF00313': 1, 'PF21890': 1}
Q9HA38	2	{'PF12171': 1, 'PF12874': 2}
Q9HA47	1	{'PF00485': 1}
Q9HA64	1	{'PF03881': 1}
Q9HA65	2	{'PF00566': 1, 'PF12068': 1}
Q9HA72	1	{'PF14798': 1}
Q9HA77	1	{'PF01406': 1}
Q9HA82	2	{'PF00046': 1, 'PF03798': 1}
Q9HA90	1	{'PF15799': 1}
Q9HA92	2	{'PF04055': 1, 'PF06969': 1}
Q9HAB3	1	{'PF06237': 1}
Q9HAB8	1	{'PF04127': 2}
Q9HAC7	1	{'PF02515': 1}
Q9HAC8	2	{'PF00240': 1, 'PF16455': 1}
Q9HAE3	1	{'PF13499': 1}
Q9HAF1	1	{'PF09340': 1}
Q9HAH1	3	{'PF01352': 1, 'PF00096': 6, 'PF13894': 1}
Q9HAH7	1	{'PF15336': 1}
Q9HAI6	1	{'PF15133': 1}
Q9HAJ7	2	{'PF13866': 1, 'PF13867': 1}
Q9HAK2	3	{'PF01833': 1, 'PF16422': 1, 'PF16423': 1}
Q9HAN9	1	{'PF01467': 1}
Q9HAP2	1	{'PF00010': 1}
Q9HAP6	2	{'PF00595': 1, 'PF02828': 1}
Q9HAQ2	2	{'PF00225': 1, 'PF23735': 1}
Q9HAR2	5	{'PF00002': 1, 'PF02140': 1, 'PF02354': 2, 'PF02793': 1, 'PF16489': 1}
Q9HAS0	1	{'PF15053': 1}
Q9HAS3	3	{'PF01773': 1, 'PF07662': 1, 'PF07670': 1}
Q9HAT1	1	{'PF03388': 1}
Q9HAT2	1	{'PF03629': 1}
Q9HAT8	2	{'PF04710': 1, 'PF20723': 1}
Q9HAU0	3	{'PF00169': 1, 'PF00397': 1, 'PF25541': 1}
Q9HAU4	3	{'PF00168': 1, 'PF00397': 3, 'PF00632': 1}
Q9HAU6	1	{'PF00838': 1}
Q9HAU8	2	{'PF01433': 1, 'PF17900': 1}
Q9HAV5	1	{'PF00020': 2}
Q9HAV7	1	{'PF01025': 1}
Q9HAW0	2	{'PF08271': 1, 'PF21886': 1}
Q9HAW7	1	{'PF00201': 1}
Q9HAW8	1	{'PF00201': 1}
Q9HAW9	1	{'PF00201': 1}
Q9HAY2	1	{'PF01454': 1}
Q9HAZ1	1	{'PF00069': 1}
Q9HAZ2	3	{'PF13912': 1, 'PF00096': 9, 'PF21549': 1}
Q9HB03	1	{'PF01151': 1}
Q9HB07	1	{'PF03690': 1}
Q9HB14	1	{'PF07885': 2}
Q9HB15	1	{'PF07885': 2}
Q9HB19	1	{'PF00169': 2}
Q9HB20	1	{'PF00169': 1}
Q9HB21	1	{'PF00169': 2}
Q9HB29	2	{'PF01582': 1, 'PF13895': 1}
Q9HB31	1	{'PF00046': 1}
Q9HB40	1	{'PF00450': 1}
Q9HB55	1	{'PF00067': 1}
Q9HB58	2	{'PF01342': 1, 'PF03172': 1}
Q9HB63	4	{'PF00053': 2, 'PF00055': 1, 'PF01759': 1, 'PF24973': 1}
Q9HB65	2	{'PF07303': 1, 'PF10390': 1}
Q9HB71	3	{'PF04969': 1, 'PF05002': 1, 'PF09032': 1}
Q9HB75	3	{'PF00531': 1, 'PF00791': 2, 'PF10461': 1}
Q9HB89	1	{'PF00001': 1}
Q9HB90	1	{'PF04670': 1}
Q9HBA0	1	{'PF00520': 1}
Q9HBA9	2	{'PF04253': 1, 'PF04389': 1}
Q9HBD1	4	{'PF00642': 1, 'PF14634': 1, 'PF18386': 1, 'PF21206': 1}
Q9HBE1	3	{'PF00651': 1, 'PF13912': 1, 'PF00096': 5}
Q9HBE4	1	{'PF02372': 1}
Q9HBF4	2	{'PF01363': 2, 'PF22586': 1}
Q9HBG4	1	{'PF01496': 1}
Q9HBG6	2	{'PF25143': 1, 'PF25144': 1}
Q9HBH0	1	{'PF00071': 1}
Q9HBH1	1	{'PF01327': 1}
Q9HBH5	1	{'PF00106': 1}
Q9HBH7	1	{'PF04538': 1}
Q9HBH9	1	{'PF00069': 1}
Q9HBI0	1	{'PF00307': 2}
Q9HBI1	1	{'PF00307': 2}
Q9HBI5	1	{'PF15134': 1}
Q9HBI6	1	{'PF00067': 1}
Q9HBJ0	1	{'PF23344': 1}
Q9HBJ7	2	{'PF00443': 1, 'PF16674': 1}
Q9HBJ8	1	{'PF16959': 1}
Q9HBK9	1	{'PF13847': 1}
Q9HBL0	4	{'PF00017': 1, 'PF00130': 1, 'PF08416': 1, 'PF10409': 1}
Q9HBL7	1	{'PF10166': 1}
Q9HBL8	1	{'PF05368': 1}
Q9HBM0	1	{'PF12632': 1}
Q9HBM1	1	{'PF08234': 1}
Q9HBM6	1	{'PF02291': 1}
Q9HBR0	1	{'PF01490': 1}
Q9HBT6	2	{'PF00028': 5, 'PF01049': 1}
Q9HBT7	3	{'PF01352': 1, 'PF02023': 1, 'PF00096': 14}
Q9HBT8	2	{'PF01352': 1, 'PF00096': 10}
Q9HBU1	1	{'PF00046': 1}
Q9HBU6	1	{'PF01633': 1}
Q9HBU9	1	{'PF04831': 1}
Q9HBV1	1	{'PF04831': 1}
Q9HBW0	1	{'PF00001': 1}
Q9HBW1	1	{'PF07679': 1}
Q9HBW9	3	{'PF00002': 1, 'PF07645': 1, 'PF16489': 1}
Q9HBX9	1	{'PF00001': 1}
Q9HBY0	3	{'PF01794': 1, 'PF08022': 1, 'PF08030': 1}
Q9HBY8	2	{'PF00433': 1, 'PF00069': 1}
Q9HBZ2	3	{'PF00010': 1, 'PF00989': 1, 'PF14598': 1}
Q9HC07	1	{'PF01169': 2}
Q9HC10	5	{'PF00168': 6, 'PF08150': 1, 'PF08151': 1, 'PF16165': 1, 'PF22901': 1}
Q9HC16	2	{'PF05240': 1, 'PF18782': 1}
Q9HC23	1	{'PF06607': 1}
Q9HC24	1	{'PF01027': 1}
Q9HC29	4	{'PF00619': 1, 'PF05729': 1, 'PF17776': 1, 'PF17779': 1}
Q9HC36	2	{'PF00588': 1, 'PF22435': 1}
Q9HC38	2	{'PF21207': 1, 'PF21701': 1}
Q9HC44	1	{'PF15337': 1}
Q9HC52	1	{'PF00385': 1}
Q9HC56	3	{'PF00028': 6, 'PF08266': 1, 'PF08374': 1}
Q9HC57	1	{'PF00095': 1}
Q9HC58	1	{'PF01699': 2}
Q9HC62	1	{'PF02902': 1}
Q9HC73	2	{'PF21605': 1, 'PF22012': 1}
Q9HC78	2	{'PF00651': 1, 'PF00096': 5}
Q9HC84	5	{'PF00094': 4, 'PF01826': 2, 'PF08742': 4, 'PF13330': 7, 'PF25962': 1}
Q9HC96	2	{'PF00648': 1, 'PF01067': 2}
Q9HC97	1	{'PF00001': 1}
Q9HC98	1	{'PF00069': 1}
Q9HCB6	4	{'PF00090': 5, 'PF02014': 1, 'PF06468': 1, 'PF19028': 1}
Q9HCC0	1	{'PF01039': 1}
Q9HCC6	2	{'PF00010': 1, 'PF07527': 1}
Q9HCC8	2	{'PF03009': 1, 'PF13653': 1}
Q9HCC9	1	{'PF01363': 1}
Q9HCD6	2	{'PF25520': 1, 'PF25521': 1}
Q9HCE1	6	{'PF13086': 2, 'PF13087': 1, 'PF21632': 1, 'PF21633': 1, 'PF21634': 1, 'PF21635': 1}
Q9HCE3	3	{'PF13912': 1, 'PF16622': 1, 'PF25412': 1}
Q9HCE5	1	{'PF05063': 1}
Q9HCE6	2	{'PF00621': 1, 'PF19057': 1}
Q9HCE7	3	{'PF00168': 1, 'PF00397': 2, 'PF00632': 1}
Q9HCE9	1	{'PF04547': 2}
Q9HCF6	4	{'PF00520': 1, 'PF16519': 1, 'PF18139': 1, 'PF25508': 1}
Q9HCG1	2	{'PF01352': 1, 'PF00096': 20}
Q9HCG7	1	{'PF12215': 1}
Q9HCH3	2	{'PF00168': 2, 'PF07002': 1}
Q9HCH5	2	{'PF00168': 2, 'PF02318': 1}
Q9HCI5	1	{'PF01454': 2}
Q9HCI7	2	{'PF16682': 1, 'PF16685': 1}
Q9HCJ0	4	{'PF00076': 1, 'PF00627': 1, 'PF10427': 1, 'PF12938': 1}
Q9HCJ1	1	{'PF07260': 1}
Q9HCJ2	1	{'PF07679': 1}
Q9HCJ3	1	{'PF00076': 3}
Q9HCJ6	2	{'PF08240': 1, 'PF13602': 1}
Q9HCK0	2	{'PF00651': 1, 'PF00096': 4}
Q9HCK1	1	{'PF07535': 1}
Q9HCK4	3	{'PF00041': 3, 'PF13927': 3, 'PF07679': 2}
Q9HCK5	6	{'PF02170': 1, 'PF02171': 1, 'PF08699': 1, 'PF16486': 1, 'PF16487': 1, 'PF16488': 1}
Q9HCK8	5	{'PF00176': 1, 'PF00271': 1, 'PF00385': 2, 'PF07533': 1, 'PF23078': 1}
Q9HCL0	2	{'PF00028': 5, 'PF08266': 1}
Q9HCL2	2	{'PF01553': 1, 'PF19277': 1}
Q9HCL3	3	{'PF01352': 1, 'PF13912': 1, 'PF00096': 12}
Q9HCM1	1	{'PF15395': 1}
Q9HCM2	7	{'PF01437': 2, 'PF01833': 4, 'PF08337': 1, 'PF17960': 1, 'PF18020': 1, 'PF20170': 1, 'PF24479': 1}
Q9HCM3	1	{'PF12877': 1}
Q9HCM4	4	{'PF00373': 1, 'PF08736': 1, 'PF09379': 1, 'PF09380': 1}
Q9HCM7	1	{'PF15336': 1}
Q9HCM9	4	{'PF00622': 1, 'PF00643': 1, 'PF13765': 1, 'PF15227': 1}
Q9HCN2	1	{'PF15338': 1}
Q9HCN3	1	{'PF12036': 1}
Q9HCN4	1	{'PF03029': 1}
Q9HCN6	2	{'PF13895': 1, 'PF13927': 1}
Q9HCN8	1	{'PF02815': 1}
Q9HCP0	2	{'PF12605': 2, 'PF00069': 1}
Q9HCP6	1	{'PF03062': 1}
Q9HCQ5	2	{'PF00535': 1, 'PF00652': 1}
Q9HCR9	2	{'PF00233': 1, 'PF01590': 2}
Q9HCS2	1	{'PF00067': 1}
Q9HCS4	2	{'PF00505': 1, 'PF08347': 1}
Q9HCS5	4	{'PF00373': 1, 'PF08736': 1, 'PF09379': 1, 'PF09380': 1}
Q9HCT0	1	{'PF00167': 1}
Q9HCU0	3	{'PF00059': 1, 'PF14670': 1, 'PF25444': 1}
Q9HCU4	7	{'PF00002': 1, 'PF00008': 1, 'PF00028': 8, 'PF00053': 1, 'PF02210': 2, 'PF16489': 1, 'PF23592': 1}
Q9HCU8	1	{'PF04081': 1}
Q9HCU9	1	{'PF08598': 1}
Q9HCX3	2	{'PF01352': 1, 'PF00096': 12}
Q9HCX4	2	{'PF00520': 1, 'PF08344': 1}
Q9HCY8	1	{'PF01023': 1}
Q9HCZ1	3	{'PF01352': 1, 'PF13912': 1, 'PF00096': 13}
Q9HD15	1	{'PF07304': 1}
Q9HD20	3	{'PF00122': 1, 'PF13246': 1, 'PF23143': 1}
Q9HD23	1	{'PF22099': 1}
Q9HD26	1	{'PF00595': 1}
Q9HD33	1	{'PF06984': 1}
Q9HD34	1	{'PF05347': 1}
Q9HD36	1	{'PF00452': 1}
Q9HD40	1	{'PF05889': 1}
Q9HD42	1	{'PF03357': 1}
Q9HD43	2	{'PF00041': 6, 'PF00102': 1}
Q9HD45	1	{'PF02990': 1}
Q9HD47	1	{'PF04603': 1}
Q9HD67	6	{'PF00063': 1, 'PF00169': 2, 'PF00373': 1, 'PF00784': 1, 'PF18597': 1, 'PF21989': 1}
Q9HD89	1	{'PF06954': 1}
Q9HD90	2	{'PF00010': 1, 'PF12533': 1}
Q9HDB5	2	{'PF01034': 1, 'PF02210': 1}
Q9HDB8	1	{'PF13804': 1}
Q9HDB9	5	{'PF00098': 1, 'PF00607': 1, 'PF02337': 1, 'PF14787': 1, 'PF19317': 1}
Q9HDD0	1	{'PF04970': 1}
Q9N2J8	1	{'PF00429': 1}
Q9N2K0	1	{'PF00429': 2}
Q9NNW7	2	{'PF02852': 1, 'PF07992': 1}
Q9NNX6	1	{'PF00059': 1}
Q9NNZ3	1	{'PF00226': 1}
Q9NP08	1	{'PF00046': 1}
Q9NP31	1	{'PF00017': 1}
Q9NP50	1	{'PF15396': 1}
Q9NP55	1	{'PF01273': 1}
Q9NP56	1	{'PF00233': 1}
Q9NP58	3	{'PF00664': 1, 'PF00005': 1, 'PF16185': 1}
Q9NP59	1	{'PF06963': 1}
Q9NP60	3	{'PF01582': 1, 'PF13895': 1, 'PF07679': 1}
Q9NP61	1	{'PF01412': 1}
Q9NP62	1	{'PF03615': 1}
Q9NP64	1	{'PF00575': 1}
Q9NP66	1	{'PF00505': 1}
Q9NP70	1	{'PF05111': 2}
Q9NP71	1	{'PF00010': 1}
Q9NP72	1	{'PF00071': 1}
Q9NP73	2	{'PF02338': 1, 'PF04101': 1}
Q9NP74	1	{'PF03285': 2}
Q9NP77	1	{'PF04722': 1}
Q9NP78	2	{'PF00664': 1, 'PF00005': 1}
Q9NP79	2	{'PF04652': 1, 'PF18097': 1}
Q9NP80	1	{'PF01734': 1}
Q9NP81	1	{'PF00587': 1}
Q9NP84	1	{'PF12191': 1}
Q9NP85	1	{'PF01145': 1}
Q9NP86	1	{'PF13499': 2}
Q9NP87	4	{'PF10391': 1, 'PF14716': 1, 'PF14791': 1, 'PF14792': 1}
Q9NP90	1	{'PF00071': 1}
Q9NP91	1	{'PF00209': 1}
Q9NP92	1	{'PF07147': 1}
Q9NP94	1	{'PF02535': 1}
Q9NP95	1	{'PF00167': 1}
Q9NP97	1	{'PF03259': 1}
Q9NP98	1	{'PF05556': 1}
Q9NP99	1	{'PF07686': 1}
Q9NPA0	1	{'PF09430': 1}
Q9NPA1	1	{'PF03185': 1}
Q9NPA2	2	{'PF00413': 1, 'PF01471': 1}
Q9NPA3	1	{'PF07084': 1}
Q9NPA8	1	{'PF10163': 1}
Q9NPB0	1	{'PF10260': 1}
Q9NPB1	1	{'PF06941': 1}
Q9NPB3	1	{'PF13499': 2}
Q9NPB6	2	{'PF00564': 1, 'PF00595': 1}
Q9NPB8	3	{'PF00686': 1, 'PF03009': 1, 'PF25329': 1}
Q9NPB9	1	{'PF00001': 1}
Q9NPC1	1	{'PF00001': 1}
Q9NPC2	1	{'PF07885': 2}
Q9NPC3	1	{'PF14634': 1}
Q9NPC4	2	{'PF04488': 1, 'PF04572': 1}
Q9NPC6	1	{'PF05556': 1}
Q9NPC7	3	{'PF00651': 1, 'PF13912': 1, 'PF00096': 6}
Q9NPC8	2	{'PF00046': 1, 'PF16878': 1}
Q9NPD3	2	{'PF01138': 1, 'PF03725': 1}
Q9NPD5	2	{'PF03137': 1, 'PF07648': 1}
Q9NPD7	1	{'PF15056': 1}
Q9NPD8	1	{'PF00179': 1}
Q9NPE2	1	{'PF06413': 1}
Q9NPE3	1	{'PF04135': 1}
Q9NPE6	1	{'PF07738': 1}
Q9NPF2	1	{'PF03567': 1}
Q9NPF4	1	{'PF00814': 1}
Q9NPF5	2	{'PF05499': 1, 'PF16282': 1}
Q9NPF7	1	{'PF16649': 1}
Q9NPF8	2	{'PF00169': 2, 'PF01412': 1}
Q9NPG1	2	{'PF01392': 1, 'PF01534': 1}
Q9NPG2	1	{'PF00042': 1}
Q9NPG3	2	{'PF08729': 1, 'PF14075': 1}
Q9NPG4	2	{'PF00028': 5, 'PF08266': 1}
Q9NPG8	1	{'PF01529': 1}
Q9NPH0	1	{'PF00328': 1}
Q9NPH2	2	{'PF01658': 1, 'PF07994': 1}
Q9NPH3	2	{'PF01582': 1, 'PF18452': 1}
Q9NPH5	3	{'PF01794': 1, 'PF08022': 1, 'PF08030': 1}
Q9NPH6	1	{'PF00061': 1}
Q9NPH9	1	{'PF00726': 1}
Q9NPI0	1	{'PF14935': 1}
Q9NPI1	2	{'PF00439': 1, 'PF12024': 1}
Q9NPI5	1	{'PF13238': 1}
Q9NPI6	2	{'PF06058': 1, 'PF16741': 1}
Q9NPI9	2	{'PF01007': 1, 'PF17655': 1}
Q9NPJ1	1	{'PF00118': 1}
Q9NPJ3	1	{'PF03061': 1}
Q9NPJ6	1	{'PF10018': 1}
Q9NPJ8	1	{'PF02136': 1}
Q9NPL8	1	{'PF02466': 1}
Q9NPP4	4	{'PF00619': 1, 'PF05729': 1, 'PF17889': 1, 'PF22524': 1}
Q9NPQ8	1	{'PF10165': 1}
Q9NPR2	1	{'PF01437': 1}
Q9NPR9	1	{'PF06814': 1}
Q9NPY3	2	{'PF00059': 1, 'PF12662': 2}
Q9NPZ5	1	{'PF03360': 1}
Q9NQ03	1	{'PF00096': 4}
Q9NQ11	3	{'PF00122': 1, 'PF12409': 1, 'PF13246': 1}
Q9NQ25	1	{'PF07686': 1}
Q9NQ29	1	{'PF03194': 1}
Q9NQ30	1	{'PF00219': 1}
Q9NQ32	1	{'PF15057': 1}
Q9NQ33	1	{'PF00010': 1}
Q9NQ34	1	{'PF05434': 1}
Q9NQ35	1	{'PF09668': 1}
Q9NQ36	6	{'PF00431': 1, 'PF07645': 1, 'PF07699': 3, 'PF12662': 1, 'PF12947': 1, 'PF14670': 4}
Q9NQ38	2	{'PF00050': 10, 'PF07648': 1}
Q9NQ39	1	{'PF03501': 1}
Q9NQ40	1	{'PF06237': 1}
Q9NQ48	1	{'PF15294': 1}
Q9NQ50	1	{'PF09812': 1}
Q9NQ55	1	{'PF04427': 1}
Q9NQ60	1	{'PF15339': 1}
Q9NQ66	5	{'PF00387': 1, 'PF00388': 1, 'PF08703': 1, 'PF17787': 1, 'PF22631': 1}
Q9NQ69	2	{'PF00046': 1, 'PF00412': 2}
Q9NQ75	3	{'PF08824': 1, 'PF12026': 1, 'PF14604': 1}
Q9NQ79	2	{'PF07593': 1, 'PF07645': 1}
Q9NQ84	1	{'PF00003': 1}
Q9NQ86	5	{'PF00041': 1, 'PF00643': 1, 'PF13445': 1, 'PF18568': 1, 'PF22586': 1}
Q9NQ87	2	{'PF00010': 1, 'PF07527': 1}
Q9NQ88	1	{'PF00300': 1}
Q9NQ89	1	{'PF10154': 1}
Q9NQ90	2	{'PF04547': 1, 'PF16178': 1}
Q9NQ92	1	{'PF15340': 1}
Q9NQ94	2	{'PF00076': 3, 'PF14709': 1}
Q9NQA3	1	{'PF11945': 1}
Q9NQA5	1	{'PF00520': 1}
Q9NQB0	2	{'PF00505': 1, 'PF08347': 1}
Q9NQC1	3	{'PF10513': 1, 'PF13831': 1, 'PF13832': 1}
Q9NQC3	1	{'PF02453': 1}
Q9NQC7	2	{'PF00443': 1, 'PF01302': 2}
Q9NQC8	1	{'PF12317': 1}
Q9NQE7	1	{'PF05577': 1}
Q9NQE9	1	{'PF11969': 1}
Q9NQF3	1	{'PF00561': 1}
Q9NQG1	1	{'PF06783': 1}
Q9NQG5	1	{'PF16566': 1}
Q9NQG6	2	{'PF20266': 1, 'PF21297': 1}
Q9NQG7	2	{'PF19031': 1, 'PF19033': 1}
Q9NQH7	2	{'PF00557': 1, 'PF05195': 1}
Q9NQI0	2	{'PF00270': 1, 'PF00271': 1}
Q9NQL2	1	{'PF04670': 1}
Q9NQL9	2	{'PF00751': 1, 'PF03474': 1}
Q9NQM4	1	{'PF18201': 1}
Q9NQN1	1	{'PF13853': 1}
Q9NQQ7	1	{'PF03151': 1}
Q9NQR1	1	{'PF00856': 1}
Q9NQR4	1	{'PF00795': 1}
Q9NQR7	1	{'PF15558': 1}
Q9NQR9	1	{'PF01569': 1}
Q9NQS3	2	{'PF07686': 1, 'PF08205': 1}
Q9NQS5	1	{'PF00001': 1}
Q9NQS7	2	{'PF03941': 1, 'PF12178': 1}
Q9NQT4	2	{'PF01138': 1, 'PF03725': 1}
Q9NQT5	3	{'PF15985': 1, 'PF21261': 1, 'PF21262': 1}
Q9NQT6	1	{'PF06268': 2}
Q9NQT8	6	{'PF00225': 1, 'PF00498': 1, 'PF01302': 1, 'PF12423': 1, 'PF12473': 2, 'PF16183': 1}
Q9NQU5	2	{'PF00786': 1, 'PF00069': 1}
Q9NQV5	1	{'PF21549': 1}
Q9NQV6	3	{'PF12874': 1, 'PF00096': 5, 'PF21549': 1}
Q9NQV7	4	{'PF01352': 1, 'PF00096': 12, 'PF21225': 1, 'PF21549': 1}
Q9NQV8	2	{'PF13894': 1, 'PF21549': 1}
Q9NQW5	2	{'PF01352': 1, 'PF21549': 1}
Q9NQW6	3	{'PF00169': 1, 'PF08174': 1, 'PF16018': 2}
Q9NQW7	4	{'PF00557': 1, 'PF01321': 1, 'PF16188': 1, 'PF16189': 1}
Q9NQW8	2	{'PF00027': 1, 'PF00520': 1}
Q9NQX0	2	{'PF00096': 3, 'PF21549': 1}
Q9NQX1	4	{'PF12874': 2, 'PF13912': 2, 'PF00096': 11, 'PF21549': 1}
Q9NQX3	3	{'PF00994': 2, 'PF03453': 1, 'PF03454': 1}
Q9NQX4	1	{'PF00063': 1}
Q9NQX5	1	{'PF06809': 1}
Q9NQX6	3	{'PF01352': 1, 'PF13912': 2, 'PF00096': 10}
Q9NQX7	1	{'PF04089': 1}
Q9NQY0	1	{'PF03114': 1}
Q9NQZ2	2	{'PF04000': 1, 'PF09368': 1}
Q9NQZ3	1	{'PF00076': 3}
Q9NQZ5	1	{'PF01852': 1}
Q9NQZ6	1	{'PF10146': 1}
Q9NQZ7	1	{'PF01150': 1}
Q9NQZ8	1	{'PF00096': 13}
Q9NR00	1	{'PF15063': 1}
Q9NR09	3	{'PF00179': 1, 'PF00653': 1, 'PF12356': 1}
Q9NR11	2	{'PF01352': 1, 'PF00096': 7}
Q9NR12	2	{'PF00412': 3, 'PF00595': 1}
Q9NR16	1	{'PF00530': 12}
Q9NR19	3	{'PF00501': 1, 'PF13193': 1, 'PF16177': 1}
Q9NR20	1	{'PF00069': 1}
Q9NR21	2	{'PF00644': 1, 'PF02825': 1}
Q9NR22	2	{'PF06325': 1, 'PF22528': 1}
Q9NR23	1	{'PF00019': 1}
Q9NR28	1	{'PF09057': 1}
Q9NR30	4	{'PF00270': 1, 'PF00271': 1, 'PF08152': 1, 'PF26142': 1}
Q9NR31	1	{'PF00025': 1}
Q9NR33	1	{'PF00808': 1}
Q9NR45	2	{'PF03102': 1, 'PF08666': 1}
Q9NR46	2	{'PF03114': 1, 'PF14604': 1}
Q9NR48	5	{'PF00439': 1, 'PF00856': 1, 'PF01426': 1, 'PF17907': 1, 'PF20826': 1}
Q9NR50	1	{'PF00483': 1}
Q9NR56	3	{'PF00642': 1, 'PF14608': 1, 'PF22628': 2}
Q9NR61	5	{'PF00008': 4, 'PF01414': 1, 'PF07657': 1, 'PF12661': 1, 'PF21700': 1}
Q9NR63	1	{'PF00067': 1}
Q9NR64	2	{'PF00651': 1, 'PF07707': 1}
Q9NR71	2	{'PF04734': 1, 'PF17048': 1}
Q9NR77	1	{'PF04117': 1}
Q9NR80	3	{'PF00018': 1, 'PF00621': 1, 'PF22697': 1}
Q9NR81	2	{'PF00621': 1, 'PF22697': 1}
Q9NR82	2	{'PF00520': 1, 'PF03520': 1}
Q9NR90	1	{'PF00076': 1}
Q9NR96	1	{'PF01582': 1}
Q9NR97	1	{'PF01582': 1}
Q9NR99	2	{'PF13927': 5, 'PF07679': 6}
Q9NRA0	2	{'PF00781': 1, 'PF19279': 1}
Q9NRA1	2	{'PF00341': 1, 'PF00431': 1}
Q9NRA2	1	{'PF07690': 1}
Q9NRA8	1	{'PF10477': 1}
Q9NRB3	1	{'PF03567': 1}
Q9NRC6	3	{'PF00169': 1, 'PF00307': 2, 'PF00435': 27}
Q9NRC8	1	{'PF02146': 1}
Q9NRC9	1	{'PF07653': 1}
Q9NRD0	2	{'PF00646': 1, 'PF01369': 1}
Q9NRD1	2	{'PF04300': 1, 'PF12937': 1}
Q9NRD5	2	{'PF00595': 1, 'PF06456': 1}
Q9NRD8	6	{'PF00036': 1, 'PF01794': 1, 'PF03098': 1, 'PF08022': 1, 'PF08030': 1, 'PF13833': 1}
Q9NRD9	6	{'PF00036': 1, 'PF01794': 1, 'PF03098': 1, 'PF08022': 1, 'PF08030': 1, 'PF13499': 1}
Q9NRE1	1	{'PF00413': 1}
Q9NRE2	1	{'PF26094': 1}
Q9NRF2	3	{'PF00017': 1, 'PF00169': 1, 'PF08916': 1}
Q9NRF8	2	{'PF00117': 1, 'PF06418': 1}
Q9NRF9	1	{'PF00808': 1}
Q9NRG0	1	{'PF00808': 1}
Q9NRG1	1	{'PF00156': 1}
Q9NRG4	2	{'PF00856': 1, 'PF01753': 1}
Q9NRG7	2	{'PF01370': 1, 'PF08338': 1}
Q9NRH1	1	{'PF09811': 1}
Q9NRH2	1	{'PF00069': 1}
Q9NRH3	2	{'PF00091': 1, 'PF03953': 1}
Q9NRJ3	1	{'PF00048': 1}
Q9NRJ4	2	{'PF01167': 1, 'PF07525': 1}
Q9NRJ5	3	{'PF04926': 1, 'PF04928': 1, 'PF20750': 1}
Q9NRJ7	3	{'PF00028': 5, 'PF08266': 1, 'PF16492': 1}
Q9NRK6	2	{'PF00664': 1, 'PF00005': 1}
Q9NRL2	5	{'PF00439': 1, 'PF00628': 1, 'PF02791': 1, 'PF10537': 1, 'PF15613': 1}
Q9NRL3	1	{'PF08232': 1}
Q9NRM0	1	{'PF00083': 1}
Q9NRM2	1	{'PF12756': 3}
Q9NRM6	3	{'PF08357': 1, 'PF16556': 1, 'PF16578': 1}
Q9NRM7	2	{'PF00433': 1, 'PF00069': 2}
Q9NRN7	2	{'PF01648': 1, 'PF22624': 1}
Q9NRN9	1	{'PF05175': 1}
Q9NRP0	1	{'PF04756': 1}
Q9NRP2	1	{'PF08583': 1}
Q9NRP4	1	{'PF13233': 1}
Q9NRP7	1	{'PF00069': 1}
Q9NRQ2	1	{'PF03803': 1}
Q9NRQ5	1	{'PF15012': 1}
Q9NRR1	1	{'PF15153': 1}
Q9NRR2	1	{'PF00089': 1}
Q9NRR3	1	{'PF00786': 1}
Q9NRR4	4	{'PF00035': 1, 'PF00636': 1, 'PF14622': 1, 'PF26050': 1}
Q9NRR5	3	{'PF00240': 1, 'PF00627': 1, 'PF23195': 1}
Q9NRR6	1	{'PF22669': 1}
Q9NRS4	2	{'PF00089': 1, 'PF15494': 1}
Q9NRS6	2	{'PF00787': 1, 'PF04212': 1}
Q9NRU3	4	{'PF00571': 1, 'PF01595': 1, 'PF25511': 1, 'PF25562': 1}
Q9NRV9	1	{'PF04832': 1}
Q9NRW1	1	{'PF00071': 1}
Q9NRW3	1	{'PF18782': 1}
Q9NRW4	1	{'PF00782': 1}
Q9NRW7	1	{'PF00995': 1}
Q9NRX1	1	{'PF22891': 1}
Q9NRX2	1	{'PF01196': 1}
Q9NRX3	1	{'PF06522': 1}
Q9NRX4	1	{'PF05005': 1}
Q9NRX5	1	{'PF03348': 1}
Q9NRX6	1	{'PF06842': 1}
Q9NRY2	1	{'PF15925': 1}
Q9NRY4	5	{'PF00071': 1, 'PF00620': 1, 'PF16512': 1, 'PF19518': 1, 'PF23083': 1}
Q9NRY5	1	{'PF05334': 1}
Q9NRY6	1	{'PF03803': 1}
Q9NRY7	1	{'PF03803': 1}
Q9NRZ5	2	{'PF01553': 1, 'PF16076': 1}
Q9NRZ7	2	{'PF01553': 1, 'PF16076': 1}
Q9NRZ9	2	{'PF00176': 1, 'PF00271': 1}
Q9NS00	1	{'PF02434': 1}
Q9NS15	4	{'PF00683': 4, 'PF07645': 7, 'PF12661': 2, 'PF12662': 4}
Q9NS18	1	{'PF00462': 1}
Q9NS23	3	{'PF00130': 1, 'PF00788': 1, 'PF16517': 1}
Q9NS25	1	{'PF07458': 1}
Q9NS26	1	{'PF07458': 1}
Q9NS28	1	{'PF00615': 1}
Q9NS39	2	{'PF00035': 2, 'PF02137': 1}
Q9NS40	3	{'PF00027': 1, 'PF00520': 1, 'PF13426': 1}
Q9NS56	2	{'PF00097': 1, 'PF26084': 1}
Q9NS61	2	{'PF13499': 1, 'PF13833': 1}
Q9NS62	4	{'PF00090': 1, 'PF24306': 1, 'PF24310': 1, 'PF24311': 1}
Q9NS66	1	{'PF00001': 1}
Q9NS67	1	{'PF00001': 1}
Q9NS69	1	{'PF04281': 1}
Q9NS71	1	{'PF04089': 1}
Q9NS75	1	{'PF00001': 1}
Q9NS82	1	{'PF13520': 1}
Q9NS84	1	{'PF00685': 1}
Q9NS85	1	{'PF00194': 1}
Q9NS87	1	{'PF00225': 1}
Q9NS91	2	{'PF02037': 1, 'PF13923': 1}
Q9NS93	2	{'PF13886': 1, 'PF25992': 1}
Q9NS98	1	{'PF00047': 1}
Q9NSA0	1	{'PF00083': 1}
Q9NSA1	1	{'PF00167': 1}
Q9NSA2	4	{'PF00520': 1, 'PF02214': 1, 'PF11601': 1, 'PF11879': 1}
Q9NSA3	1	{'PF06384': 1}
Q9NSB2	1	{'PF16208': 1}
Q9NSB4	1	{'PF16208': 1}
Q9NSB8	1	{'PF00568': 1}
Q9NSC2	2	{'PF12874': 1, 'PF00096': 6}
Q9NSC5	1	{'PF00568': 1}
Q9NSC7	1	{'PF00777': 1}
Q9NSD4	1	{'PF00096': 10}
Q9NSD5	1	{'PF00209': 1}
Q9NSD7	1	{'PF00001': 2}
Q9NSD9	4	{'PF03483': 1, 'PF03484': 1, 'PF17759': 1, 'PF18262': 1}
Q9NSE2	2	{'PF00017': 1, 'PF07525': 1}
Q9NSE4	3	{'PF00133': 1, 'PF06827': 1, 'PF08264': 1}
Q9NSG2	1	{'PF14868': 1}
Q9NSI2	1	{'PF15341': 1}
Q9NSI5	1	{'PF07679': 1}
Q9NSI6	3	{'PF00439': 2, 'PF25313': 1, 'PF25437': 1}
Q9NSI8	3	{'PF07647': 1, 'PF07653': 1, 'PF12485': 1}
Q9NSJ1	1	{'PF00096': 7}
Q9NSK7	1	{'PF20721': 1}
Q9NSN8	2	{'PF00595': 1, 'PF23012': 1}
Q9NSP4	1	{'PF11111': 1}
Q9NSQ0	1	{'PF12923': 1}
Q9NST1	1	{'PF01734': 1}
Q9NSV4	1	{'PF02181': 1}
Q9NSY0	1	{'PF00069': 1}
Q9NSY1	2	{'PF15282': 1, 'PF00069': 1}
Q9NSY2	1	{'PF01852': 1}
Q9NT22	1	{'PF07546': 1}
Q9NT62	1	{'PF03987': 1}
Q9NT68	7	{'PF06484': 1, 'PF15636': 1, 'PF23093': 1, 'PF23538': 1, 'PF24329': 1, 'PF25020': 1, 'PF25024': 1}
Q9NT99	1	{'PF07679': 1}
Q9NTG1	4	{'PF01477': 1, 'PF02010': 1, 'PF08016': 1, 'PF20519': 1}
Q9NTG7	1	{'PF02146': 1}
Q9NTI2	4	{'PF00122': 1, 'PF13246': 1, 'PF16209': 1, 'PF16212': 1}
Q9NTI7	1	{'PF15342': 1}
Q9NTJ3	2	{'PF02463': 1, 'PF06470': 1}
Q9NTJ4	5	{'PF01074': 1, 'PF07748': 1, 'PF09261': 1, 'PF17677': 1, 'PF22907': 1}
Q9NTJ5	1	{'PF02383': 1}
Q9NTK1	1	{'PF15343': 1}
Q9NTK5	2	{'PF01926': 1, 'PF06071': 1}
Q9NTM9	1	{'PF03932': 1}
Q9NTN3	1	{'PF03151': 1}
Q9NTN9	1	{'PF01437': 1}
Q9NTQ9	1	{'PF00029': 1}
Q9NTU7	1	{'PF00386': 1}
Q9NTW7	1	{'PF00096': 9}
Q9NTX5	1	{'PF00378': 1}
Q9NTX7	2	{'PF02825': 1, 'PF13920': 1}
Q9NTX9	1	{'PF15344': 1}
Q9NTZ6	1	{'PF00076': 3}
Q9NU19	1	{'PF00566': 1}
Q9NU22	4	{'PF07728': 8, 'PF17865': 1, 'PF17867': 3, 'PF21108': 1}
Q9NU23	1	{'PF05347': 1}
Q9NU39	1	{'PF00250': 1}
Q9NU63	2	{'PF01352': 1, 'PF00096': 5}
Q9NUA8	3	{'PF00651': 1, 'PF12874': 1, 'PF00096': 4}
Q9NUB1	3	{'PF00501': 1, 'PF13193': 1, 'PF16177': 1}
Q9NUB4	1	{'PF17717': 1}
Q9NUD5	3	{'PF00098': 1, 'PF23057': 1, 'PF23058': 1}
Q9NUD7	1	{'PF15397': 1}
Q9NUD9	1	{'PF04188': 1}
Q9NUE0	1	{'PF01529': 1}
Q9NUG4	1	{'PF16545': 1}
Q9NUH8	1	{'PF03647': 1}
Q9NUI1	1	{'PF13561': 1}
Q9NUJ1	1	{'PF00561': 1}
Q9NUJ3	1	{'PF05794': 1}
Q9NUJ7	1	{'PF26146': 1}
Q9NUK0	3	{'PF00642': 1, 'PF14608': 1, 'PF22628': 2}
Q9NUL3	2	{'PF00035': 4, 'PF16482': 1}
Q9NUL5	1	{'PF15135': 1}
Q9NUL7	2	{'PF00270': 1, 'PF00271': 1}
Q9NUM3	1	{'PF02535': 2}
Q9NUM4	2	{'PF07092': 1, 'PF21002': 1}
Q9NUN5	1	{'PF04791': 1}
Q9NUN7	1	{'PF05875': 1}
Q9NUP7	3	{'PF05206': 1, 'PF05253': 1, 'PF11722': 1}
Q9NUP9	2	{'PF00595': 1, 'PF02828': 1}
Q9NUQ2	2	{'PF01553': 1, 'PF16076': 1}
Q9NUQ6	1	{'PF07139': 1}
Q9NUQ7	2	{'PF07910': 1, 'PF20908': 1}
Q9NUQ8	3	{'PF12848': 1, 'PF00005': 2, 'PF26051': 1}
Q9NUQ9	1	{'PF07159': 1}
Q9NUR3	1	{'PF14927': 1}
Q9NUS5	1	{'PF15001': 1}
Q9NUT2	2	{'PF00664': 1, 'PF00005': 1}
Q9NUU6	1	{'PF16218': 1}
Q9NUU7	2	{'PF00270': 1, 'PF00271': 1}
Q9NUV7	1	{'PF00155': 1}
Q9NUV9	1	{'PF04548': 1}
Q9NUW8	1	{'PF06087': 1}
Q9NUX5	3	{'PF02765': 1, 'PF16686': 1, 'PF21375': 1}
Q9NUY8	3	{'PF00566': 1, 'PF00581': 1, 'PF19430': 1}
Q9NUZ1	3	{'PF01756': 1, 'PF02770': 1, 'PF22924': 1}
Q9NV06	1	{'PF04158': 1}
Q9NV12	1	{'PF14985': 1}
Q9NV23	1	{'PF00975': 1}
Q9NV29	1	{'PF16311': 1}
Q9NV31	2	{'PF00163': 1, 'PF01479': 1}
Q9NV35	1	{'PF00293': 1}
Q9NV56	1	{'PF07904': 1}
Q9NV58	2	{'PF01485': 1, 'PF22191': 1}
Q9NV64	1	{'PF10271': 1}
Q9NV66	3	{'PF00258': 1, 'PF04055': 1, 'PF08608': 1}
Q9NV70	1	{'PF15277': 1}
Q9NV72	2	{'PF01352': 1, 'PF00096': 7}
Q9NV79	1	{'PF01135': 1}
Q9NV88	3	{'PF10996': 1, 'PF16661': 1, 'PF21382': 1}
Q9NV92	1	{'PF10176': 2}
Q9NV96	1	{'PF03381': 1}
Q9NVA1	1	{'PF03981': 1}
Q9NVA2	1	{'PF00735': 1}
Q9NVA4	1	{'PF03619': 1}
Q9NVC3	1	{'PF01490': 1}
Q9NVC6	1	{'PF10156': 1}
Q9NVD3	2	{'PF00856': 1, 'PF09273': 1}
Q9NVD7	1	{'PF00307': 2}
Q9NVE4	1	{'PF03999': 1}
Q9NVE5	2	{'PF00443': 1, 'PF25822': 1}
Q9NVE7	2	{'PF01937': 1, 'PF03630': 1}
Q9NVF7	1	{'PF00646': 1}
Q9NVF9	1	{'PF01633': 1}
Q9NVG8	1	{'PF00566': 1}
Q9NVH0	1	{'PF01612': 1}
Q9NVH1	3	{'PF00226': 1, 'PF11875': 1, 'PF22774': 1}
Q9NVH2	2	{'PF22965': 1, 'PF24437': 1}
Q9NVH6	2	{'PF02668': 1, 'PF06155': 1}
Q9NVI7	2	{'PF00004': 1, 'PF12037': 1}
Q9NVJ2	1	{'PF00025': 1}
Q9NVK5	1	{'PF05769': 2}
Q9NVL1	1	{'PF14904': 1}
Q9NVL8	1	{'PF15398': 1}
Q9NVM1	1	{'PF14851': 1}
Q9NVM4	2	{'PF06325': 1, 'PF22528': 2}
Q9NVM6	2	{'PF00076': 1, 'PF00226': 1}
Q9NVM9	1	{'PF10221': 1}
Q9NVN3	1	{'PF10165': 1}
Q9NVN8	1	{'PF01926': 1}
Q9NVP1	3	{'PF00270': 1, 'PF00271': 1, 'PF13959': 1}
Q9NVP2	1	{'PF04729': 1}
Q9NVP4	2	{'PF12773': 1, 'PF13287': 1}
Q9NVQ4	1	{'PF06905': 1}
Q9NVR0	2	{'PF00651': 1, 'PF07707': 1}
Q9NVR5	2	{'PF08190': 1, 'PF18201': 1}
Q9NVR7	1	{'PF07986': 1}
Q9NVS2	1	{'PF01084': 1}
Q9NVS9	2	{'PF01243': 1, 'PF10590': 1}
Q9NVU0	2	{'PF04801': 1, 'PF19725': 1}
Q9NVU7	2	{'PF05285': 1, 'PF21638': 1}
Q9NVV0	1	{'PF05197': 1}
Q9NVV2	1	{'PF17692': 1}
Q9NVV4	3	{'PF03828': 1, 'PF17797': 1, 'PF22600': 1}
Q9NVV5	1	{'PF04750': 1}
Q9NVV9	1	{'PF05485': 1}
Q9NVW2	2	{'PF13639': 1, 'PF25914': 1}
Q9NVX0	1	{'PF15003': 1}
Q9NVX2	1	{'PF08154': 1}
Q9NVX7	2	{'PF00651': 1, 'PF07707': 1}
Q9NVZ3	1	{'PF07933': 1}
Q9NW07	2	{'PF13912': 1, 'PF00096': 7}
Q9NW08	7	{'PF00562': 1, 'PF04560': 1, 'PF04561': 1, 'PF04563': 1, 'PF04565': 1, 'PF04566': 1, 'PF04567': 1}
Q9NW13	1	{'PF00076': 3}
Q9NW15	1	{'PF04547': 1}
Q9NW38	4	{'PF09765': 1, 'PF11793': 1, 'PF18890': 1, 'PF18891': 1}
Q9NW61	1	{'PF00169': 1}
Q9NW64	3	{'PF00076': 1, 'PF21369': 1, 'PF25584': 1}
Q9NW68	1	{'PF03909': 1}
Q9NW75	1	{'PF01585': 1}
Q9NW97	1	{'PF15345': 1}
Q9NWA0	1	{'PF07544': 1}
Q9NWB1	2	{'PF00076': 1, 'PF12414': 1}
Q9NWB7	1	{'PF10498': 1}
Q9NWC5	1	{'PF04819': 1}
Q9NWD8	1	{'PF14940': 1}
Q9NWD9	1	{'PF04538': 1}
Q9NWF4	1	{'PF06237': 1}
Q9NWF9	3	{'PF26112': 1, 'PF26191': 1, 'PF26200': 1}
Q9NWH2	1	{'PF07096': 1}
Q9NWH7	1	{'PF14909': 1}
Q9NWH9	2	{'PF00076': 1, 'PF02037': 1}
Q9NWK9	2	{'PF04438': 1, 'PF25790': 1}
Q9NWL6	1	{'PF00733': 1}
Q9NWM0	1	{'PF01593': 2}
Q9NWM3	1	{'PF02845': 1}
Q9NWM8	1	{'PF00254': 1}
Q9NWN3	1	{'PF12937': 1}
Q9NWQ8	1	{'PF15347': 1}
Q9NWQ9	1	{'PF14969': 1}
Q9NWR8	1	{'PF04678': 1}
Q9NWS0	2	{'PF08190': 1, 'PF18201': 1}
Q9NWS6	1	{'PF13289': 1}
Q9NWS8	1	{'PF02582': 1}
Q9NWS9	3	{'PF01352': 1, 'PF02023': 1, 'PF00096': 1}
Q9NWT6	1	{'PF13621': 1}
Q9NWT8	1	{'PF08213': 1}
Q9NWU1	2	{'PF00109': 1, 'PF02801': 1}
Q9NWU2	2	{'PF08513': 1, 'PF10607': 1}
Q9NWU5	1	{'PF00237': 1}
Q9NWV4	1	{'PF05907': 1}
Q9NWW0	1	{'PF15226': 1}
Q9NWW5	1	{'PF15156': 1}
Q9NWW6	1	{'PF13238': 1}
Q9NWW7	1	{'PF14952': 1}
Q9NWW9	1	{'PF04970': 1}
Q9NWX5	1	{'PF07525': 1}
Q9NWX6	2	{'PF04446': 1, 'PF14413': 1}
Q9NWY4	1	{'PF10228': 1}
Q9NWZ3	1	{'PF07714': 1}
Q9NWZ5	2	{'PF00485': 1, 'PF14681': 1}
Q9NWZ8	1	{'PF15348': 1}
Q9NX01	1	{'PF02966': 1}
Q9NX02	4	{'PF02758': 1, 'PF05729': 1, 'PF17776': 1, 'PF17779': 1}
Q9NX04	1	{'PF15011': 1}
Q9NX07	2	{'PF00076': 2, 'PF17654': 1}
Q9NX08	2	{'PF07258': 1, 'PF22838': 1}
Q9NX09	1	{'PF07809': 1}
Q9NX14	1	{'PF10183': 1}
Q9NX18	1	{'PF03937': 1}
Q9NX20	1	{'PF00252': 1}
Q9NX24	1	{'PF01248': 1}
Q9NX31	1	{'PF05604': 1}
Q9NX36	2	{'PF00226': 1, 'PF09350': 1}
Q9NX38	1	{'PF01597': 1}
Q9NX40	1	{'PF07051': 1}
Q9NX45	1	{'PF00010': 1}
Q9NX46	1	{'PF03747': 1}
Q9NX47	1	{'PF12906': 1}
Q9NX52	1	{'PF01694': 1}
Q9NX55	1	{'PF19026': 1}
Q9NX57	1	{'PF00071': 1}
Q9NX58	3	{'PF08790': 1, 'PF17848': 1, 'PF25879': 1}
Q9NX61	1	{'PF10268': 1}
Q9NX62	1	{'PF00459': 1}
Q9NX63	1	{'PF05300': 1}
Q9NX65	3	{'PF02023': 1, 'PF13837': 1, 'PF00096': 6}
Q9NX70	1	{'PF11568': 1}
Q9NX74	2	{'PF00035': 1, 'PF01207': 1}
Q9NX76	1	{'PF01284': 1}
Q9NX77	2	{'PF00517': 1, 'PF13804': 1}
Q9NX78	1	{'PF11028': 1}
Q9NX94	1	{'PF11669': 1}
Q9NX95	1	{'PF15290': 1}
Q9NXA8	1	{'PF02146': 1}
Q9NXB0	1	{'PF07162': 1}
Q9NXB9	1	{'PF01151': 1}
Q9NXC2	2	{'PF01408': 1, 'PF22725': 1}
Q9NXC5	1	{'PF17034': 1}
Q9NXD2	2	{'PF06602': 2, 'PF12578': 1}
Q9NXE4	1	{'PF14724': 1}
Q9NXE8	2	{'PF10197': 1, 'PF12542': 1}
Q9NXF7	1	{'PF15349': 1}
Q9NXF8	1	{'PF01529': 1}
Q9NXG2	1	{'PF02926': 1}
Q9NXG6	2	{'PF13499': 1, 'PF13640': 1}
Q9NXH3	1	{'PF05361': 1}
Q9NXH8	1	{'PF06309': 1}
Q9NXH9	2	{'PF00642': 1, 'PF02005': 1}
Q9NXJ0	1	{'PF04103': 1}
Q9NXJ5	1	{'PF01470': 1}
Q9NXK6	1	{'PF03006': 1}
Q9NXK8	1	{'PF12937': 1}
Q9NXL2	4	{'PF00621': 1, 'PF03114': 1, 'PF07653': 1, 'PF14604': 1}
Q9NXL6	1	{'PF13965': 1}
Q9NXL9	4	{'PF00493': 1, 'PF17207': 1, 'PF17855': 1, 'PF26066': 1}
Q9NXN4	2	{'PF01661': 1, 'PF13716': 1}
Q9NXP7	2	{'PF00665': 1, 'PF17921': 1}
Q9NXR1	1	{'PF04880': 1}
Q9NXR7	1	{'PF06113': 1}
Q9NXS2	1	{'PF04389': 1}
Q9NXS3	2	{'PF00651': 1, 'PF07707': 1}
Q9NXT0	2	{'PF01352': 1, 'PF00096': 9}
Q9NXU5	1	{'PF00025': 1}
Q9NXV2	1	{'PF02214': 1}
Q9NXV6	2	{'PF11952': 1, 'PF26535': 1}
Q9NXW2	2	{'PF00226': 1, 'PF09320': 1}
Q9NXX6	2	{'PF08743': 1, 'PF15412': 1}
Q9NXZ1	1	{'PF15300': 1}
Q9NXZ2	3	{'PF00013': 1, 'PF00270': 1, 'PF00271': 1}
Q9NY12	1	{'PF04410': 1}
Q9NY15	4	{'PF00193': 1, 'PF02469': 6, 'PF12947': 7, 'PF24887': 2}
Q9NY25	1	{'PF00059': 1}
Q9NY26	1	{'PF02535': 1}
Q9NY27	1	{'PF09184': 1}
Q9NY28	2	{'PF00535': 1, 'PF00652': 1}
Q9NY30	1	{'PF07742': 1}
Q9NY33	1	{'PF03571': 1}
Q9NY35	1	{'PF13903': 1}
Q9NY37	1	{'PF00858': 1}
Q9NY43	1	{'PF00046': 1}
Q9NY46	4	{'PF00520': 4, 'PF06512': 1, 'PF11933': 1, 'PF24609': 1}
Q9NY47	3	{'PF00092': 1, 'PF08399': 1, 'PF08473': 1}
Q9NY56	1	{'PF00061': 1}
Q9NY57	1	{'PF00069': 1}
Q9NY59	1	{'PF03372': 1}
Q9NY61	2	{'PF08164': 1, 'PF13339': 1}
Q9NY64	1	{'PF00083': 1}
Q9NY65	2	{'PF00091': 1, 'PF03953': 1}
Q9NY72	1	{'PF07686': 1}
Q9NY74	1	{'PF15350': 2}
Q9NY87	1	{'PF07458': 1}
Q9NY91	1	{'PF00474': 1}
Q9NY93	2	{'PF00270': 1, 'PF00271': 1}
Q9NY97	1	{'PF01762': 1}
Q9NY99	2	{'PF00595': 1, 'PF23012': 1}
Q9NYA1	1	{'PF00781': 1}
Q9NYA4	2	{'PF01363': 1, 'PF06602': 1}
Q9NYB0	3	{'PF08914': 1, 'PF11626': 1, 'PF16589': 1}
Q9NYB5	2	{'PF03137': 1, 'PF07648': 1}
Q9NYB9	2	{'PF00018': 1, 'PF07815': 1}
Q9NYC9	12	{'PF03028': 1, 'PF08385': 1, 'PF08393': 1, 'PF12774': 1, 'PF12775': 1, 'PF12777': 1, 'PF12780': 1, 'PF12781': 1, 'PF17852': 1, 'PF17857': 1, 'PF18198': 1, 'PF18199': 1}
Q9NYD6	1	{'PF00046': 1}
Q9NYF3	1	{'PF15242': 1}
Q9NYF5	2	{'PF00620': 1, 'PF26116': 1}
Q9NYF8	1	{'PF15440': 1}
Q9NYG2	1	{'PF01529': 1}
Q9NYG5	1	{'PF12861': 1}
Q9NYG8	1	{'PF07885': 2}
Q9NYI0	2	{'PF01369': 1, 'PF15410': 1}
Q9NYJ1	1	{'PF06747': 1}
Q9NYJ7	3	{'PF00008': 4, 'PF07657': 1, 'PF12661': 1}
Q9NYJ8	1	{'PF02845': 1}
Q9NYK1	1	{'PF01582': 1}
Q9NYK6	1	{'PF06937': 1}
Q9NYL2	2	{'PF07647': 1, 'PF07714': 1}
Q9NYL4	1	{'PF00254': 1}
Q9NYL5	1	{'PF00067': 1}
Q9NYL9	1	{'PF03250': 1}
Q9NYM4	1	{'PF00001': 1}
Q9NYN1	1	{'PF00071': 1}
Q9NYP7	1	{'PF01151': 1}
Q9NYP8	1	{'PF15137': 1}
Q9NYP9	1	{'PF03226': 1}
Q9NYQ3	1	{'PF01070': 1}
Q9NYQ6	8	{'PF00002': 1, 'PF00008': 1, 'PF00028': 8, 'PF00053': 1, 'PF02210': 2, 'PF02793': 1, 'PF16489': 1, 'PF23592': 1}
Q9NYQ7	8	{'PF00002': 1, 'PF00008': 3, 'PF00028': 8, 'PF00053': 1, 'PF02210': 2, 'PF02793': 1, 'PF16489': 1, 'PF23592': 1}
Q9NYQ8	3	{'PF00008': 2, 'PF00028': 29, 'PF02210': 1}
Q9NYR8	1	{'PF00106': 1}
Q9NYR9	1	{'PF00071': 1}
Q9NYS0	1	{'PF00071': 1}
Q9NYS7	1	{'PF07525': 1}
Q9NYT0	2	{'PF00169': 2, 'PF00610': 1}
Q9NYT6	2	{'PF01352': 1, 'PF00096': 18}
Q9NYU1	6	{'PF06427': 1, 'PF18400': 1, 'PF18401': 1, 'PF18402': 1, 'PF18403': 1, 'PF18404': 1}
Q9NYU2	6	{'PF06427': 1, 'PF18400': 1, 'PF18401': 1, 'PF18402': 1, 'PF18403': 1, 'PF18404': 1}
Q9NYV4	1	{'PF00069': 1}
Q9NYV7	1	{'PF05296': 1}
Q9NYV8	1	{'PF05296': 1}
Q9NYV9	1	{'PF05296': 1}
Q9NYW0	1	{'PF05296': 1}
Q9NYW1	1	{'PF05296': 1}
Q9NYW2	1	{'PF05296': 1}
Q9NYW3	1	{'PF05296': 1}
Q9NYW4	1	{'PF05296': 1}
Q9NYW5	1	{'PF05296': 1}
Q9NYW6	1	{'PF05296': 1}
Q9NYW7	1	{'PF05296': 1}
Q9NYW8	2	{'PF01352': 1, 'PF00096': 14}
Q9NYX4	1	{'PF06387': 1}
Q9NYY1	1	{'PF00726': 1}
Q9NYY3	2	{'PF00659': 2, 'PF00069': 1}
Q9NYY8	2	{'PF08368': 1, 'PF08373': 1}
Q9NYZ1	1	{'PF05832': 1}
Q9NYZ3	1	{'PF15259': 1}
Q9NYZ4	3	{'PF00047': 1, 'PF07686': 1, 'PF13927': 1}
Q9NZ01	2	{'PF02544': 1, 'PF21696': 1}
Q9NZ08	3	{'PF01433': 1, 'PF11838': 1, 'PF17900': 1}
Q9NZ09	2	{'PF21267': 1, 'PF22567': 1}
Q9NZ20	1	{'PF05826': 2}
Q9NZ32	1	{'PF00022': 1}
Q9NZ42	1	{'PF10251': 1}
Q9NZ43	1	{'PF09753': 1}
Q9NZ45	2	{'PF09360': 1, 'PF10660': 1}
Q9NZ52	3	{'PF02883': 1, 'PF03127': 1, 'PF18308': 1}
Q9NZ53	1	{'PF06365': 1}
Q9NZ56	1	{'PF02181': 1}
Q9NZ63	1	{'PF07052': 1}
Q9NZ71	4	{'PF06733': 1, 'PF13307': 1, 'PF23109': 1, 'PF23116': 2}
Q9NZ72	1	{'PF00836': 1}
Q9NZ94	1	{'PF00135': 1}
Q9NZA1	2	{'PF13410': 1, 'PF22441': 1}
Q9NZB8	4	{'PF01967': 1, 'PF04055': 1, 'PF06463': 1, 'PF13353': 1}
Q9NZC2	1	{'PF07686': 1}
Q9NZC3	1	{'PF03009': 1}
Q9NZC4	2	{'PF00178': 1, 'PF02198': 1}
Q9NZC7	2	{'PF00106': 1, 'PF00397': 2}
Q9NZC9	3	{'PF00176': 1, 'PF00271': 1, 'PF07443': 2}
Q9NZD1	1	{'PF00003': 1}
Q9NZD2	1	{'PF08718': 1}
Q9NZD4	1	{'PF09236': 1}
Q9NZD8	1	{'PF00561': 1}
Q9NZE8	1	{'PF01632': 1}
Q9NZF1	1	{'PF04749': 1}
Q9NZG7	1	{'PF04923': 1}
Q9NZH0	1	{'PF00003': 1}
Q9NZH4	1	{'PF04856': 1}
Q9NZH5	1	{'PF04856': 1}
Q9NZH6	1	{'PF00340': 1}
Q9NZH8	1	{'PF00340': 1}
Q9NZI2	2	{'PF13499': 1, 'PF13833': 1}
Q9NZI5	2	{'PF04516': 1, 'PF25416': 1}
Q9NZI6	3	{'PF04516': 1, 'PF18016': 1, 'PF25416': 1}
Q9NZI7	3	{'PF04516': 1, 'PF18016': 1, 'PF25416': 1}
Q9NZI8	2	{'PF00013': 4, 'PF00076': 2}
Q9NZJ4	3	{'PF00240': 1, 'PF05168': 1, 'PF25794': 3}
Q9NZJ5	1	{'PF00069': 2}
Q9NZJ6	1	{'PF08241': 1}
Q9NZJ9	1	{'PF00293': 1}
Q9NZK5	2	{'PF00962': 1, 'PF08451': 1}
Q9NZK7	1	{'PF00068': 1}
Q9NZL3	2	{'PF01352': 1, 'PF00096': 16}
Q9NZL6	3	{'PF00617': 1, 'PF00618': 1, 'PF00788': 1}
Q9NZL9	1	{'PF04321': 1}
Q9NZM1	6	{'PF00168': 7, 'PF08150': 1, 'PF08151': 1, 'PF08165': 1, 'PF16165': 1, 'PF22901': 1}
Q9NZM3	7	{'PF00018': 2, 'PF00168': 1, 'PF00621': 1, 'PF07653': 1, 'PF12763': 2, 'PF14604': 2, 'PF16652': 1}
Q9NZM4	1	{'PF15249': 1}
Q9NZM5	1	{'PF07767': 1}
Q9NZM6	2	{'PF08016': 1, 'PF20519': 1}
Q9NZN1	3	{'PF00047': 1, 'PF01582': 1, 'PF18452': 1}
Q9NZN3	4	{'PF00350': 1, 'PF12763': 1, 'PF16880': 1, 'PF18150': 1}
Q9NZN4	4	{'PF00350': 1, 'PF12763': 1, 'PF16880': 1, 'PF18150': 1}
Q9NZN5	4	{'PF00595': 1, 'PF00621': 1, 'PF09128': 1, 'PF17838': 1}
Q9NZN8	1	{'PF04153': 1}
Q9NZN9	1	{'PF23322': 1}
Q9NZP0	1	{'PF13853': 1}
Q9NZP2	1	{'PF13853': 1}
Q9NZP5	1	{'PF13853': 1}
Q9NZP6	1	{'PF15229': 1}
Q9NZP8	2	{'PF00089': 1, 'PF00431': 1}
Q9NZQ0	2	{'PF00071': 1, 'PF00226': 1}
Q9NZQ3	2	{'PF00018': 1, 'PF09431': 1}
Q9NZQ7	2	{'PF07686': 1, 'PF08205': 1}
Q9NZQ8	3	{'PF00520': 1, 'PF18139': 1, 'PF25508': 1}
Q9NZQ9	1	{'PF03250': 1}
Q9NZR1	1	{'PF03250': 1}
Q9NZR2	4	{'PF00008': 1, 'PF07645': 2, 'PF12662': 1, 'PF14670': 4}
Q9NZR4	1	{'PF00046': 1}
Q9NZS2	1	{'PF00059': 1}
Q9NZS9	2	{'PF00536': 1, 'PF15227': 1}
Q9NZT1	1	{'PF13499': 2}
Q9NZT2	1	{'PF04664': 1}
Q9NZU1	1	{'PF01462': 1}
Q9NZU5	2	{'PF00412': 2, 'PF06297': 1}
Q9NZU7	2	{'PF00036': 2, 'PF13499': 1}
Q9NZV1	5	{'PF00093': 3, 'PF00219': 1, 'PF02822': 4, 'PF19442': 1, 'PF23334': 3}
Q9NZV6	1	{'PF01641': 1}
Q9NZV7	3	{'PF01352': 1, 'PF00096': 2, 'PF13894': 1}
Q9NZV8	4	{'PF00520': 1, 'PF02214': 1, 'PF11601': 1, 'PF11879': 1}
Q9NZW5	4	{'PF00595': 1, 'PF00625': 1, 'PF02828': 2, 'PF07653': 1}
Q9NZZ3	1	{'PF03357': 1}
Q9P000	2	{'PF07258': 1, 'PF20923': 1}
Q9P003	1	{'PF03311': 1}
Q9P013	1	{'PF04889': 1}
Q9P015	1	{'PF00828': 1}
Q9P016	1	{'PF01878': 1}
Q9P021	1	{'PF10235': 1}
Q9P031	1	{'PF08524': 1}
Q9P032	1	{'PF06784': 1}
Q9P035	1	{'PF04387': 1}
Q9P055	1	{'PF05571': 1}
Q9P086	1	{'PF10280': 1}
Q9P0G3	1	{'PF00089': 1}
Q9P0I2	1	{'PF01956': 1}
Q9P0J0	1	{'PF06212': 1}
Q9P0J1	1	{'PF00481': 1}
Q9P0J6	1	{'PF00444': 1}
Q9P0J7	2	{'PF00569': 1, 'PF05605': 1}
Q9P0K1	5	{'PF00200': 1, 'PF01421': 1, 'PF01562': 1, 'PF07974': 1, 'PF08516': 1}
Q9P0K8	1	{'PF00250': 1}
Q9P0K9	1	{'PF03351': 1}
Q9P0L0	1	{'PF00635': 1}
Q9P0L1	3	{'PF01352': 1, 'PF02023': 1, 'PF00096': 13}
Q9P0L2	3	{'PF00627': 1, 'PF02149': 1, 'PF00069': 1}
Q9P0L9	3	{'PF08016': 1, 'PF18109': 1, 'PF20519': 1}
Q9P0M2	2	{'PF10469': 1, 'PF10470': 1}
Q9P0M4	1	{'PF06083': 1}
Q9P0M6	3	{'PF00125': 1, 'PF01661': 1, 'PF16211': 1}
Q9P0M9	1	{'PF01016': 1}
Q9P0N5	1	{'PF09799': 1}
Q9P0N8	1	{'PF12906': 1}
Q9P0N9	1	{'PF00566': 1}
Q9P0P0	1	{'PF13639': 1}
Q9P0P8	1	{'PF25818': 1}
Q9P0R6	1	{'PF05303': 1}
Q9P0S2	1	{'PF14138': 1}
Q9P0S3	1	{'PF04061': 1}
Q9P0S9	1	{'PF03647': 1}
Q9P0T4	2	{'PF00096': 3, 'PF13894': 1}
Q9P0T7	1	{'PF05434': 1}
Q9P0U1	1	{'PF08038': 1}
Q9P0U3	1	{'PF02902': 1}
Q9P0U4	3	{'PF00628': 1, 'PF02008': 1, 'PF12269': 1}
Q9P0V3	6	{'PF00018': 1, 'PF00791': 1, 'PF07653': 1, 'PF23637': 1, 'PF23640': 1, 'PF24094': 1}
Q9P0V9	1	{'PF00735': 1}
Q9P0W0	1	{'PF00143': 1}
Q9P0W2	1	{'PF00505': 1}
Q9P0W8	1	{'PF15244': 1}
Q9P0X4	1	{'PF00520': 4}
Q9P0Z9	1	{'PF01266': 1}
Q9P104	1	{'PF02174': 1}
Q9P107	2	{'PF00620': 1, 'PF22699': 1}
Q9P109	1	{'PF02485': 1}
Q9P121	3	{'PF00047': 1, 'PF13927': 1, 'PF07679': 1}
Q9P126	1	{'PF00059': 1}
Q9P1A6	1	{'PF03359': 1}
Q9P1F3	1	{'PF14705': 1}
Q9P1P4	1	{'PF00001': 1}
Q9P1P5	1	{'PF00001': 1}
Q9P1Q0	1	{'PF07928': 1}
Q9P1Q5	1	{'PF13853': 1}
Q9P1T7	1	{'PF15316': 1}
Q9P1U0	1	{'PF01096': 1}
Q9P1U1	1	{'PF00022': 1}
Q9P1V8	1	{'PF07647': 1}
Q9P1W3	3	{'PF02714': 1, 'PF13967': 1, 'PF14703': 1}
Q9P1W8	2	{'PF07654': 2, 'PF07686': 1}
Q9P1W9	1	{'PF00069': 1}
Q9P1Y5	4	{'PF08683': 1, 'PF11971': 1, 'PF17095': 1, 'PF25532': 1}
Q9P1Y6	3	{'PF00628': 1, 'PF13639': 1, 'PF23030': 1}
Q9P1Z0	2	{'PF00651': 1, 'PF00096': 2}
Q9P1Z2	2	{'PF17751': 1, 'PF18112': 1}
Q9P1Z3	3	{'PF00027': 1, 'PF00520': 1, 'PF08412': 1}
Q9P1Z9	2	{'PF14643': 1, 'PF14644': 1}
Q9P202	1	{'PF00595': 3}
Q9P203	2	{'PF00651': 2, 'PF07707': 1}
Q9P212	6	{'PF00168': 1, 'PF00387': 1, 'PF00388': 1, 'PF00617': 1, 'PF00788': 1, 'PF09279': 1}
Q9P215	4	{'PF01352': 1, 'PF03184': 1, 'PF03221': 1, 'PF09607': 1}
Q9P218	2	{'PF00041': 5, 'PF00092': 1}
Q9P219	1	{'PF19047': 1}
Q9P225	12	{'PF03028': 1, 'PF08385': 2, 'PF08393': 1, 'PF12774': 1, 'PF12775': 1, 'PF12777': 1, 'PF12780': 1, 'PF12781': 1, 'PF17852': 1, 'PF17857': 1, 'PF18198': 1, 'PF18199': 1}
Q9P227	3	{'PF00620': 1, 'PF15410': 1, 'PF17820': 1}
Q9P232	3	{'PF00041': 4, 'PF13927': 4, 'PF07679': 2}
Q9P241	3	{'PF13246': 1, 'PF16209': 1, 'PF16212': 1}
Q9P242	2	{'PF15439': 1, 'PF15452': 1}
Q9P243	2	{'PF13909': 1, 'PF00096': 3}
Q9P244	2	{'PF00041': 1, 'PF07679': 1}
Q9P246	3	{'PF07647': 1, 'PF16533': 1, 'PF25578': 1}
Q9P253	1	{'PF26148': 1}
Q9P255	1	{'PF00096': 13}
Q9P265	3	{'PF00501': 2, 'PF06464': 1, 'PF23024': 1}
Q9P272	1	{'PF08241': 1}
Q9P273	7	{'PF06484': 2, 'PF15636': 1, 'PF23093': 1, 'PF23106': 8, 'PF23538': 1, 'PF24329': 1, 'PF25020': 1}
Q9P275	1	{'PF00443': 1}
Q9P278	3	{'PF14636': 1, 'PF14637': 1, 'PF14638': 1}
Q9P281	3	{'PF01426': 1, 'PF21744': 1, 'PF24912': 1}
Q9P283	3	{'PF00090': 5, 'PF01437': 1, 'PF23260': 1}
Q9P286	2	{'PF00786': 1, 'PF00069': 1}
Q9P287	1	{'PF13862': 1}
Q9P289	2	{'PF20929': 1, 'PF00069': 1}
Q9P296	1	{'PF00001': 1}
Q9P298	1	{'PF04588': 1}
Q9P299	1	{'PF01217': 1}
Q9P2A4	2	{'PF07815': 1, 'PF14604': 1}
Q9P2B2	1	{'PF07686': 2}
Q9P2B4	1	{'PF09727': 1}
Q9P2B7	1	{'PF13879': 1}
Q9P2C4	2	{'PF06664': 1, 'PF21885': 1}
Q9P2D0	1	{'PF00651': 2}
Q9P2D1	5	{'PF00176': 1, 'PF00271': 1, 'PF00385': 2, 'PF07533': 2, 'PF23078': 1}
Q9P2D6	2	{'PF05057': 1, 'PF12394': 1}
Q9P2D7	11	{'PF03028': 1, 'PF08393': 1, 'PF12774': 1, 'PF12775': 1, 'PF12777': 1, 'PF12780': 1, 'PF12781': 1, 'PF17852': 1, 'PF17857': 1, 'PF18198': 1, 'PF18199': 1}
Q9P2D8	1	{'PF14776': 1}
Q9P2E2	1	{'PF00225': 1}
Q9P2E3	4	{'PF13086': 2, 'PF13087': 1, 'PF20173': 1, 'PF25396': 1}
Q9P2E5	1	{'PF05679': 1}
Q9P2E7	3	{'PF00028': 4, 'PF08266': 1, 'PF16492': 1}
Q9P2E8	1	{'PF12906': 1}
Q9P2E9	1	{'PF05104': 2}
Q9P2F5	1	{'PF10264': 1}
Q9P2F6	3	{'PF00620': 1, 'PF00788': 1, 'PF22286': 1}
Q9P2F8	4	{'PF00595': 1, 'PF02145': 1, 'PF11881': 1, 'PF21022': 1}
Q9P2F9	2	{'PF00096': 6, 'PF13465': 2}
Q9P2G1	3	{'PF01485': 1, 'PF19422': 1, 'PF22191': 1}
Q9P2G3	2	{'PF00651': 2, 'PF07707': 1}
Q9P2G4	2	{'PF14924': 1, 'PF14925': 1}
Q9P2G9	2	{'PF00651': 1, 'PF07707': 1}
Q9P2H0	1	{'PF15352': 1}
Q9P2H5	1	{'PF00443': 1}
Q9P2I0	3	{'PF10996': 1, 'PF13299': 1, 'PF16661': 1}
Q9P2J2	2	{'PF00041': 2, 'PF13927': 3}
Q9P2J3	2	{'PF00651': 1, 'PF07707': 1}
Q9P2J5	4	{'PF00133': 2, 'PF08264': 1, 'PF22947': 1, 'PF24810': 1}
Q9P2J8	2	{'PF01352': 1, 'PF00096': 21}
Q9P2J9	1	{'PF00481': 1}
Q9P2K1	4	{'PF15625': 1, 'PF17661': 1, 'PF24652': 1, 'PF24656': 1}
Q9P2K2	5	{'PF00085': 1, 'PF13848': 1, 'PF24508': 1, 'PF24509': 1, 'PF24510': 1}
Q9P2K3	3	{'PF00249': 2, 'PF01448': 1, 'PF20878': 1}
Q9P2K5	1	{'PF00076': 3}
Q9P2K6	1	{'PF07707': 1}
Q9P2K8	4	{'PF05773': 1, 'PF12745': 1, 'PF13393': 1, 'PF00069': 3}
Q9P2K9	3	{'PF03176': 1, 'PF12349': 1, 'PF22894': 1}
Q9P2L0	1	{'PF23145': 1}
Q9P2M4	1	{'PF00566': 1}
Q9P2N2	2	{'PF00620': 1, 'PF25442': 1}
Q9P2N4	8	{'PF00090': 1, 'PF01421': 1, 'PF01562': 1, 'PF05986': 1, 'PF08685': 1, 'PF17771': 1, 'PF19030': 13, 'PF19236': 1}
Q9P2N5	3	{'PF00076': 1, 'PF00642': 1, 'PF01480': 1}
Q9P2N6	2	{'PF20408': 1, 'PF23154': 1}
Q9P2N7	2	{'PF00651': 1, 'PF07707': 1}
Q9P2P1	5	{'PF11977': 1, 'PF17919': 1, 'PF17921': 1, 'PF23050': 1, 'PF23052': 1}
Q9P2P5	5	{'PF00168': 1, 'PF00397': 1, 'PF00632': 1, 'PF16562': 1, 'PF18436': 1}
Q9P2P6	3	{'PF00225': 1, 'PF00498': 1, 'PF01852': 1}
Q9P2Q2	4	{'PF00373': 1, 'PF09379': 1, 'PF09380': 1, 'PF11819': 1}
Q9P2R3	2	{'PF00651': 1, 'PF01363': 1}
Q9P2R6	3	{'PF00320': 1, 'PF01426': 1, 'PF01448': 1}
Q9P2R7	2	{'PF00549': 1, 'PF08442': 1}
Q9P2S2	1	{'PF02210': 6}
Q9P2S6	1	{'PF01753': 1}
Q9P2T1	1	{'PF00478': 1}
Q9P2U7	1	{'PF07690': 1}
Q9P2U8	1	{'PF07690': 1}
Q9P2V4	1	{'PF07679': 1}
Q9P2W1	2	{'PF07106': 1, 'PF18517': 1}
Q9P2W3	1	{'PF00631': 1}
Q9P2W6	1	{'PF15399': 1}
Q9P2W7	1	{'PF03360': 1}
Q9P2W9	1	{'PF10496': 1}
Q9P2X0	1	{'PF08285': 1}
Q9P2X3	2	{'PF01205': 1, 'PF05773': 1}
Q9P2X7	1	{'PF15859': 1}
Q9P2Y4	1	{'PF00096': 6}
Q9P2Y5	2	{'PF00168': 1, 'PF10186': 1}
Q9P2Z0	1	{'PF05485': 1}
Q9QC07	5	{'PF00075': 1, 'PF00078': 1, 'PF00665': 1, 'PF02022': 1, 'PF06817': 1}
Q9UBB5	3	{'PF01429': 1, 'PF14048': 1, 'PF16564': 1}
Q9UBB9	3	{'PF01585': 1, 'PF07842': 1, 'PF12457': 1}
Q9UBC0	2	{'PF00046': 1, 'PF02376': 1}
Q9UBC2	1	{'PF12763': 3}
Q9UBC3	4	{'PF00145': 1, 'PF00855': 1, 'PF17980': 1, 'PF21255': 1}
Q9UBC5	2	{'PF00063': 1, 'PF06017': 1}
Q9UBC7	1	{'PF01296': 1}
Q9UBD0	1	{'PF00447': 1}
Q9UBD3	1	{'PF00048': 1}
Q9UBD5	3	{'PF07034': 1, 'PF18137': 1, 'PF19675': 1}
Q9UBD6	1	{'PF00909': 1}
Q9UBD9	1	{'PF06875': 1}
Q9UBE0	1	{'PF00899': 1}
Q9UBE8	1	{'PF00069': 1}
Q9UBF1	1	{'PF01454': 1}
Q9UBF2	2	{'PF08752': 1, 'PF16381': 1}
Q9UBF6	1	{'PF12678': 1}
Q9UBF8	1	{'PF00454': 1}
Q9UBF9	1	{'PF07679': 2}
Q9UBG0	3	{'PF00040': 1, 'PF00059': 8, 'PF24562': 1}
Q9UBG3	1	{'PF01023': 1}
Q9UBG7	3	{'PF09270': 1, 'PF09271': 1, 'PF20144': 1}
Q9UBH0	1	{'PF00340': 1}
Q9UBH6	2	{'PF03105': 3, 'PF03124': 1}
Q9UBI1	2	{'PF07258': 1, 'PF21672': 1}
Q9UBI4	2	{'PF01145': 1, 'PF02036': 1}
Q9UBI6	1	{'PF00631': 1}
Q9UBI9	2	{'PF15353': 1, 'PF16002': 1}
Q9UBJ2	2	{'PF06472': 1, 'PF00005': 1}
Q9UBK2	1	{'PF00076': 1}
Q9UBK5	1	{'PF07213': 2}
Q9UBK7	1	{'PF00071': 1}
Q9UBK8	3	{'PF00175': 1, 'PF00258': 1, 'PF00667': 1}
Q9UBL0	2	{'PF01424': 1, 'PF12752': 1}
Q9UBL3	3	{'PF00622': 1, 'PF21198': 1, 'PF21257': 1}
Q9UBL6	2	{'PF00168': 2, 'PF07002': 1}
Q9UBL9	1	{'PF00864': 1}
Q9UBM1	1	{'PF04191': 1}
Q9UBM7	1	{'PF01222': 1}
Q9UBM8	2	{'PF04666': 1, 'PF23524': 1}
Q9UBN1	1	{'PF00822': 1}
Q9UBN4	2	{'PF00520': 1, 'PF08344': 1}
Q9UBN6	1	{'PF00020': 2}
Q9UBN7	2	{'PF00850': 2, 'PF02148': 1}
Q9UBP0	3	{'PF00004': 1, 'PF09336': 1, 'PF17862': 1}
Q9UBP4	1	{'PF04706': 1}
Q9UBP5	2	{'PF00010': 1, 'PF07527': 1}
Q9UBP6	1	{'PF02390': 1}
Q9UBP8	1	{'PF15354': 1}
Q9UBP9	1	{'PF00640': 1}
Q9UBQ0	1	{'PF12850': 1}
Q9UBQ5	1	{'PF10075': 1}
Q9UBQ6	1	{'PF09258': 1}
Q9UBQ7	2	{'PF00389': 1, 'PF02826': 1}
Q9UBR1	1	{'PF00795': 1}
Q9UBR2	1	{'PF00112': 1}
Q9UBR4	2	{'PF00046': 1, 'PF00412': 2}
Q9UBS0	2	{'PF00433': 1, 'PF00069': 1}
Q9UBS3	1	{'PF00226': 1}
Q9UBS4	2	{'PF00226': 1, 'PF01556': 1}
Q9UBS5	3	{'PF00003': 1, 'PF00084': 1, 'PF01094': 1}
Q9UBS8	3	{'PF01485': 1, 'PF05773': 1, 'PF22191': 1}
Q9UBS9	1	{'PF07738': 1}
Q9UBT2	2	{'PF00899': 1, 'PF14732': 1}
Q9UBT3	3	{'PF04706': 1, 'PF21479': 1, 'PF21481': 1}
Q9UBT6	2	{'PF00817': 1, 'PF11799': 1}
Q9UBT7	1	{'PF01044': 2}
Q9UBU2	3	{'PF04706': 1, 'PF21479': 1, 'PF21481': 1}
Q9UBU3	2	{'PF04643': 1, 'PF04644': 1}
Q9UBU6	1	{'PF06271': 1}
Q9UBU7	1	{'PF07535': 1}
Q9UBU8	2	{'PF05712': 1, 'PF11717': 1}
Q9UBU9	3	{'PF03943': 1, 'PF09162': 1, 'PF22602': 1}
Q9UBV2	1	{'PF00040': 1}
Q9UBV4	1	{'PF00110': 1}
Q9UBV7	2	{'PF02709': 1, 'PF13733': 1}
Q9UBV8	2	{'PF13405': 1, 'PF13499': 1}
Q9UBW5	2	{'PF03114': 1, 'PF21532': 1}
Q9UBW7	3	{'PF06467': 9, 'PF12012': 1, 'PF25561': 1}
Q9UBW8	2	{'PF01399': 1, 'PF18392': 1}
Q9UBX0	1	{'PF00046': 1}
Q9UBX1	2	{'PF00112': 1, 'PF08246': 1}
Q9UBX2	1	{'PF00046': 2}
Q9UBX5	3	{'PF07645': 2, 'PF12662': 3, 'PF22914': 1}
Q9UBX7	1	{'PF00089': 1}
Q9UBX8	2	{'PF02709': 1, 'PF13733': 1}
Q9UBY0	2	{'PF00999': 1, 'PF16644': 1}
Q9UBY5	1	{'PF00001': 1}
Q9UBY8	1	{'PF03798': 1}
Q9UBY9	1	{'PF00011': 1}
Q9UBZ4	2	{'PF03372': 1, 'PF06839': 1}
Q9UBZ9	5	{'PF00533': 1, 'PF00817': 2, 'PF11799': 1, 'PF16727': 1, 'PF21999': 1}
Q9UC06	2	{'PF00096': 7, 'PF13465': 2}
Q9UC07	3	{'PF01352': 1, 'PF00096': 11, 'PF13894': 1}
Q9UD57	1	{'PF00046': 1}
Q9UD71	1	{'PF05395': 1}
Q9UDR5	3	{'PF03435': 1, 'PF05222': 1, 'PF16653': 1}
Q9UDT6	1	{'PF01302': 2}
Q9UDV6	3	{'PF01352': 1, 'PF13912': 1, 'PF00096': 3}
Q9UDV7	2	{'PF01352': 1, 'PF00096': 4}
Q9UDW1	1	{'PF05365': 1}
Q9UDW3	2	{'PF00642': 1, 'PF06220': 1}
Q9UDX3	2	{'PF00650': 1, 'PF03765': 1}
Q9UDX4	1	{'PF00650': 1}
Q9UDX5	1	{'PF10558': 2}
Q9UDY2	3	{'PF00595': 3, 'PF00625': 1, 'PF07653': 1}
Q9UDY4	2	{'PF00226': 1, 'PF01556': 1}
Q9UDY6	4	{'PF00097': 1, 'PF00622': 1, 'PF00643': 1, 'PF13765': 1}
Q9UDY8	4	{'PF00656': 1, 'PF13895': 1, 'PF13927': 1, 'PF18703': 1}
Q9UEE5	1	{'PF00069': 1}
Q9UEE9	1	{'PF07572': 1}
Q9UEF7	1	{'PF00232': 3}
Q9UEG4	1	{'PF00096': 14}
Q9UER7	2	{'PF03344': 1, 'PF20920': 1}
Q9UET6	1	{'PF01728': 1}
Q9UEU0	2	{'PF05008': 1, 'PF12352': 1}
Q9UEU5	1	{'PF05831': 1}
Q9UEW3	1	{'PF00530': 1}
Q9UEW8	2	{'PF12202': 1, 'PF00069': 1}
Q9UEY8	1	{'PF00596': 1}
Q9UF02	1	{'PF13903': 1}
Q9UF11	1	{'PF00169': 1}
Q9UF12	1	{'PF01619': 1}
Q9UF33	7	{'PF00041': 2, 'PF00536': 1, 'PF01404': 1, 'PF07699': 1, 'PF14575': 1, 'PF25599': 1, 'PF07714': 2}
Q9UF47	1	{'PF00226': 1}
Q9UF56	1	{'PF12937': 1}
Q9UFB7	2	{'PF00651': 1, 'PF00096': 5}
Q9UFD9	3	{'PF07653': 2, 'PF25523': 1, 'PF25566': 1}
Q9UFF9	1	{'PF04857': 2}
Q9UFG5	1	{'PF15136': 1}
Q9UFH2	12	{'PF03028': 1, 'PF08385': 1, 'PF08393': 1, 'PF12774': 1, 'PF12775': 1, 'PF12777': 1, 'PF12780': 1, 'PF12781': 1, 'PF17852': 1, 'PF17857': 1, 'PF18198': 1, 'PF18199': 1}
Q9UFN0	1	{'PF07978': 2}
Q9UFP1	1	{'PF15051': 1}
Q9UG22	1	{'PF04548': 1}
Q9UG56	1	{'PF02666': 1}
Q9UG63	2	{'PF12848': 1, 'PF00005': 2}
Q9UGB7	1	{'PF05153': 1}
Q9UGC6	1	{'PF00615': 1}
Q9UGC7	2	{'PF00472': 1, 'PF03462': 1}
Q9UGF5	1	{'PF13853': 1}
Q9UGF6	1	{'PF13853': 1}
Q9UGF7	1	{'PF13853': 1}
Q9UGH3	1	{'PF00860': 1}
Q9UGI0	2	{'PF00641': 2, 'PF02338': 1}
Q9UGI6	3	{'PF02888': 1, 'PF03530': 1, 'PF07885': 1}
Q9UGI8	2	{'PF00412': 3, 'PF06297': 1}
Q9UGI9	1	{'PF00571': 3}
Q9UGJ0	1	{'PF00571': 4}
Q9UGJ1	2	{'PF04130': 1, 'PF17681': 1}
Q9UGL1	7	{'PF00628': 3, 'PF01388': 1, 'PF02373': 1, 'PF02375': 1, 'PF02928': 1, 'PF08429': 1, 'PF21323': 1}
Q9UGM1	2	{'PF02931': 1, 'PF02932': 1}
Q9UGM3	4	{'PF00100': 1, 'PF00431': 2, 'PF00530': 14, 'PF23344': 1}
Q9UGM5	1	{'PF00031': 2}
Q9UGM6	1	{'PF00579': 1}
Q9UGN4	2	{'PF07686': 1, 'PF15330': 1}
Q9UGN5	3	{'PF00644': 1, 'PF02877': 1, 'PF05406': 1}
Q9UGP4	1	{'PF00412': 3}
Q9UGP5	4	{'PF10391': 1, 'PF14716': 1, 'PF14791': 1, 'PF14792': 1}
Q9UGP8	2	{'PF00226': 1, 'PF02889': 2}
Q9UGQ2	1	{'PF10233': 1}
Q9UGQ3	1	{'PF00083': 1}
Q9UGR2	1	{'PF00642': 1}
Q9UGT4	4	{'PF00084': 1, 'PF00094': 1, 'PF03782': 1, 'PF23263': 1}
Q9UGU0	1	{'PF13771': 1}
Q9UGU5	2	{'PF00505': 1, 'PF13775': 1}
Q9UGV2	1	{'PF03096': 1}
Q9UGY1	1	{'PF09805': 1}
Q9UH03	1	{'PF00735': 1}
Q9UH17	2	{'PF05240': 1, 'PF18782': 1}
Q9UH36	1	{'PF07985': 1}
Q9UH65	2	{'PF00169': 1, 'PF25530': 1}
Q9UH73	3	{'PF01833': 1, 'PF16422': 1, 'PF16423': 1}
Q9UH77	2	{'PF00651': 1, 'PF07707': 1}
Q9UH90	2	{'PF00646': 1, 'PF15965': 1}
Q9UH92	1	{'PF00010': 1}
Q9UH99	2	{'PF07738': 1, 'PF18580': 1}
Q9UHA2	1	{'PF05030': 1}
Q9UHA3	1	{'PF01246': 1}
Q9UHA4	1	{'PF08923': 1}
Q9UHA7	1	{'PF00340': 1}
Q9UHB4	3	{'PF00175': 1, 'PF00258': 1, 'PF00667': 1}
Q9UHB6	1	{'PF00412': 1}
Q9UHB7	2	{'PF05110': 1, 'PF18876': 1}
Q9UHB9	1	{'PF16969': 1}
Q9UHC1	3	{'PF01119': 1, 'PF02518': 1, 'PF08676': 1}
Q9UHC3	1	{'PF00858': 1}
Q9UHC6	2	{'PF00754': 1, 'PF02210': 4}
Q9UHC7	5	{'PF00097': 1, 'PF00642': 1, 'PF14608': 1, 'PF15815': 1, 'PF18044': 2}
Q9UHC9	3	{'PF12349': 1, 'PF16414': 1, 'PF22314': 1}
Q9UHD0	1	{'PF00726': 1}
Q9UHD1	2	{'PF04968': 2, 'PF04969': 1}
Q9UHD2	2	{'PF18396': 1, 'PF00069': 1}
Q9UHD4	1	{'PF02017': 1}
Q9UHD8	1	{'PF00735': 1}
Q9UHD9	3	{'PF00240': 1, 'PF00627': 1, 'PF23195': 1}
Q9UHE5	1	{'PF00583': 1}
Q9UHE8	1	{'PF01794': 1}
Q9UHF0	1	{'PF03823': 1}
Q9UHF1	3	{'PF07546': 1, 'PF07974': 1, 'PF14670': 1}
Q9UHF3	1	{'PF00583': 1}
Q9UHF4	2	{'PF01108': 1, 'PF09294': 1}
Q9UHF5	1	{'PF06083': 1}
Q9UHF7	1	{'PF00320': 1}
Q9UHG0	1	{'PF03607': 2}
Q9UHG2	1	{'PF07259': 1}
Q9UHG3	2	{'PF07156': 1, 'PF13450': 1}
Q9UHH9	1	{'PF03770': 1}
Q9UHI5	1	{'PF13520': 1}
Q9UHI6	2	{'PF00270': 1, 'PF00271': 1}
Q9UHI7	1	{'PF00860': 1}
Q9UHI8	7	{'PF00090': 1, 'PF01421': 1, 'PF01562': 1, 'PF05986': 1, 'PF17771': 1, 'PF19030': 2, 'PF19236': 1}
Q9UHJ3	3	{'PF00536': 1, 'PF02820': 4, 'PF12140': 1}
Q9UHJ6	1	{'PF00370': 1}
Q9UHJ9	1	{'PF10277': 1}
Q9UHK0	1	{'PF10453': 1}
Q9UHK6	1	{'PF02515': 1}
Q9UHL0	2	{'PF00270': 1, 'PF00271': 1}
Q9UHL3	1	{'PF15722': 4}
Q9UHL4	1	{'PF05577': 1}
Q9UHL9	1	{'PF02946': 5}
Q9UHM6	1	{'PF00001': 1}
Q9UHN1	1	{'PF03129': 1}
Q9UHN6	2	{'PF15711': 2, 'PF24605': 1}
Q9UHP3	2	{'PF00443': 1, 'PF22566': 1}
Q9UHP7	1	{'PF00059': 1}
Q9UHP9	1	{'PF15355': 1}
Q9UHQ1	2	{'PF02256': 1, 'PF02906': 1}
Q9UHQ4	1	{'PF05529': 1}
Q9UHQ7	1	{'PF04538': 1}
Q9UHQ9	2	{'PF00175': 1, 'PF00970': 1}
Q9UHR4	2	{'PF08397': 1, 'PF14604': 1}
Q9UHR5	1	{'PF07818': 1}
Q9UHR6	1	{'PF04438': 1}
Q9UHV5	1	{'PF00617': 1}
Q9UHV7	2	{'PF06333': 1, 'PF18296': 1}
Q9UHV8	1	{'PF00337': 1}
Q9UHW5	1	{'PF03029': 1}
Q9UHW9	2	{'PF00324': 2, 'PF03522': 2}
Q9UHX1	1	{'PF00076': 2}
Q9UHX3	2	{'PF00002': 1, 'PF07645': 4}
Q9UHY1	1	{'PF07714': 1}
Q9UHY7	1	{'PF00702': 1}
Q9UHY8	1	{'PF07763': 1}
Q9UI08	1	{'PF00568': 1}
Q9UI09	1	{'PF05071': 1}
Q9UI10	1	{'PF01008': 1}
Q9UI14	1	{'PF03208': 1}
Q9UI15	1	{'PF00307': 1}
Q9UI17	4	{'PF01266': 1, 'PF01571': 1, 'PF08669': 1, 'PF16350': 1}
Q9UI30	1	{'PF03966': 1}
Q9UI32	2	{'PF04960': 1, 'PF17959': 1}
Q9UI33	3	{'PF00520': 4, 'PF06512': 1, 'PF24609': 1}
Q9UI36	1	{'PF02437': 1}
Q9UI38	1	{'PF00089': 1}
Q9UI40	1	{'PF01699': 2}
Q9UI42	2	{'PF00246': 1, 'PF02244': 1}
Q9UI43	1	{'PF01728': 1}
Q9UI47	1	{'PF01044': 1}
Q9UI95	1	{'PF02301': 1}
Q9UIA0	2	{'PF00169': 1, 'PF01369': 1}
Q9UIC8	1	{'PF04072': 1}
Q9UID6	1	{'PF00096': 1}
Q9UIE0	2	{'PF01352': 1, 'PF00096': 6}
Q9UIF3	1	{'PF03148': 1}
Q9UIF7	2	{'PF00730': 1, 'PF14815': 1}
Q9UIF8	5	{'PF00439': 1, 'PF00628': 1, 'PF01429': 1, 'PF02791': 1, 'PF15613': 1}
Q9UIF9	5	{'PF00439': 1, 'PF00628': 1, 'PF01429': 1, 'PF02791': 1, 'PF15613': 1}
Q9UIG0	4	{'PF00439': 1, 'PF00628': 1, 'PF10537': 1, 'PF15613': 1}
Q9UIG5	1	{'PF15357': 1}
Q9UIG8	2	{'PF03137': 1, 'PF07648': 1}
Q9UIH9	1	{'PF00096': 3}
Q9UII2	1	{'PF04568': 1}
Q9UII4	1	{'PF00632': 1}
Q9UII5	1	{'PF00096': 17}
Q9UII6	1	{'PF00782': 1}
Q9UIJ5	1	{'PF01529': 1}
Q9UIJ7	2	{'PF00406': 1, 'PF05191': 1}
Q9UIK4	1	{'PF00069': 1}
Q9UIK5	1	{'PF07648': 2}
Q9UIL4	1	{'PF00225': 1}
Q9UIL8	1	{'PF13771': 1}
Q9UIQ6	3	{'PF01433': 1, 'PF11838': 1, 'PF17900': 1}
Q9UIR0	2	{'PF07686': 2, 'PF22705': 2}
Q9UIS9	2	{'PF01429': 1, 'PF02008': 3}
Q9UIU6	2	{'PF00046': 1, 'PF16878': 1}
Q9UIV1	1	{'PF04857': 2}
Q9UIV8	1	{'PF00079': 1}
Q9UIW0	1	{'PF00046': 1}
Q9UIW2	7	{'PF01437': 2, 'PF01833': 4, 'PF08337': 1, 'PF17960': 1, 'PF18020': 1, 'PF20170': 1, 'PF24479': 1}
Q9UIX4	2	{'PF00520': 1, 'PF02214': 1}
Q9UIY3	2	{'PF05773': 1, 'PF06544': 1}
Q9UJ04	1	{'PF00956': 1}
Q9UJ14	1	{'PF01019': 1}
Q9UJ37	1	{'PF00777': 1}
Q9UJ41	3	{'PF01754': 1, 'PF02204': 1, 'PF18151': 1}
Q9UJ55	1	{'PF01454': 1}
Q9UJ68	1	{'PF01625': 1}
Q9UJ70	1	{'PF01869': 1}
Q9UJ71	1	{'PF00059': 1}
Q9UJ72	1	{'PF00191': 4}
Q9UJ78	1	{'PF06467': 3}
Q9UJ83	3	{'PF00205': 1, 'PF02775': 1, 'PF02776': 1}
Q9UJ96	2	{'PF00520': 1, 'PF02214': 1}
Q9UJ99	2	{'PF00028': 5, 'PF01049': 1}
Q9UJA2	1	{'PF01066': 1}
Q9UJA3	5	{'PF00493': 1, 'PF17207': 1, 'PF17855': 1, 'PF25051': 1, 'PF26065': 1}
Q9UJA5	1	{'PF04189': 1}
Q9UJA9	1	{'PF01663': 1}
Q9UJC3	1	{'PF19047': 1}
Q9UJC5	1	{'PF04908': 1}
Q9UJD0	1	{'PF00168': 1}
Q9UJF2	4	{'PF00168': 1, 'PF00616': 2, 'PF12004': 1, 'PF25321': 1}
Q9UJG1	1	{'PF00635': 1}
Q9UJJ7	1	{'PF00849': 1}
Q9UJJ9	1	{'PF07915': 1}
Q9UJK0	2	{'PF04034': 1, 'PF04068': 1}
Q9UJL9	3	{'PF01352': 1, 'PF00096': 6, 'PF13465': 1}
Q9UJM3	1	{'PF09027': 1}
Q9UJM8	1	{'PF01070': 1}
Q9UJN7	1	{'PF00096': 9}
Q9UJP4	2	{'PF00651': 1, 'PF07707': 1}
Q9UJQ1	1	{'PF01299': 1}
Q9UJQ4	1	{'PF00096': 6}
Q9UJQ7	1	{'PF02036': 1}
Q9UJT0	2	{'PF00091': 1, 'PF03953': 1}
Q9UJT1	1	{'PF00091': 1}
Q9UJT2	1	{'PF15358': 1}
Q9UJT9	1	{'PF00646': 1}
Q9UJU2	2	{'PF00505': 1, 'PF08347': 1}
Q9UJU3	2	{'PF01352': 1, 'PF00096': 12}
Q9UJU5	1	{'PF00250': 1}
Q9UJU6	2	{'PF14604': 1, 'PF00241': 1}
Q9UJV3	6	{'PF00041': 1, 'PF00622': 1, 'PF00643': 1, 'PF13445': 1, 'PF18568': 1, 'PF22586': 1}
Q9UJV8	1	{'PF04845': 1}
Q9UJV9	2	{'PF00270': 1, 'PF00271': 1}
Q9UJW0	1	{'PF05502': 2}
Q9UJW2	1	{'PF00112': 1}
Q9UJW3	2	{'PF17980': 1, 'PF21255': 1}
Q9UJW7	2	{'PF01352': 1, 'PF00096': 16}
Q9UJW8	3	{'PF01352': 1, 'PF00096': 11, 'PF23561': 1}
Q9UJX4	1	{'PF21371': 1}
Q9UJX5	1	{'PF12896': 1}
Q9UJX6	2	{'PF08672': 1, 'PF26557': 1}
Q9UJY1	1	{'PF00011': 1}
Q9UJY4	3	{'PF02883': 1, 'PF03127': 1, 'PF18308': 1}
Q9UJY5	3	{'PF02883': 1, 'PF03127': 1, 'PF18308': 1}
Q9UJZ1	2	{'PF01145': 1, 'PF16200': 1}
Q9UK05	2	{'PF00019': 1, 'PF00688': 1}
Q9UK08	1	{'PF00631': 1}
Q9UK10	2	{'PF01352': 1, 'PF00096': 15}
Q9UK11	2	{'PF01352': 1, 'PF00096': 6}
Q9UK12	2	{'PF01352': 1, 'PF00096': 7}
Q9UK13	2	{'PF01352': 1, 'PF00096': 12}
Q9UK17	4	{'PF00520': 1, 'PF02214': 1, 'PF11601': 1, 'PF11879': 1}
Q9UK22	2	{'PF04300': 1, 'PF12937': 1}
Q9UK23	1	{'PF09992': 1}
Q9UK28	1	{'PF12280': 1}
Q9UK32	2	{'PF00433': 1, 'PF00069': 2}
Q9UK33	1	{'PF00096': 3}
Q9UK39	1	{'PF03372': 1}
Q9UK41	1	{'PF03997': 1}
Q9UK45	1	{'PF01423': 1}
Q9UK55	1	{'PF00079': 1}
Q9UK58	2	{'PF00134': 1, 'PF21797': 1}
Q9UK59	2	{'PF00149': 1, 'PF05011': 1}
Q9UK61	3	{'PF12509': 1, 'PF23314': 1, 'PF24630': 1}
Q9UK76	1	{'PF17054': 1}
Q9UK80	1	{'PF00443': 1}
Q9UK96	1	{'PF00646': 1}
Q9UK97	2	{'PF00646': 1, 'PF19270': 1}
Q9UK99	3	{'PF00646': 1, 'PF04379': 1, 'PF09346': 1}
Q9UKA1	2	{'PF01814': 1, 'PF12937': 1}
Q9UKA2	1	{'PF00646': 1}
Q9UKA8	1	{'PF04847': 1}
Q9UKA9	3	{'PF11835': 1, 'PF13893': 1, 'PF22976': 1}
Q9UKB1	2	{'PF12125': 1, 'PF12937': 1}
Q9UKB3	1	{'PF00226': 1}
Q9UKB5	1	{'PF15298': 1}
Q9UKC9	1	{'PF00646': 1}
Q9UKD1	2	{'PF01342': 1, 'PF25892': 1}
Q9UKD2	2	{'PF00466': 1, 'PF17777': 1}
Q9UKE5	1	{'PF00069': 1}
Q9UKF2	4	{'PF00200': 1, 'PF01421': 1, 'PF01562': 1, 'PF08516': 1}
Q9UKF5	4	{'PF00200': 1, 'PF01421': 1, 'PF01562': 1, 'PF08516': 1}
Q9UKF6	3	{'PF00753': 1, 'PF10996': 1, 'PF11718': 1}
Q9UKF7	1	{'PF02121': 1}
Q9UKG1	3	{'PF00169': 1, 'PF00640': 1, 'PF16746': 1}
Q9UKG4	1	{'PF00939': 1}
Q9UKG9	1	{'PF00755': 1}
Q9UKH3	3	{'PF00517': 1, 'PF13804': 1, 'PF15695': 1}
Q9UKI2	2	{'PF00786': 1, 'PF14957': 1}
Q9UKI3	1	{'PF07686': 1}
Q9UKI8	1	{'PF00069': 1}
Q9UKI9	2	{'PF00046': 1, 'PF00157': 1}
Q9UKJ1	1	{'PF07686': 1}
Q9UKJ3	1	{'PF01585': 1}
Q9UKJ5	1	{'PF10256': 1}
Q9UKJ8	4	{'PF00200': 1, 'PF01421': 1, 'PF01562': 1, 'PF08516': 1}
Q9UKK3	6	{'PF00092': 1, 'PF00533': 1, 'PF00644': 1, 'PF08487': 1, 'PF26156': 1, 'PF26166': 1}
Q9UKK6	1	{'PF02136': 1}
Q9UKK9	1	{'PF00293': 1}
Q9UKL0	3	{'PF00249': 2, 'PF01448': 1, 'PF20878': 1}
Q9UKL2	1	{'PF13853': 1}
Q9UKL3	1	{'PF21227': 1}
Q9UKL4	1	{'PF00029': 1}
Q9UKL6	1	{'PF01852': 1}
Q9UKM9	1	{'PF00076': 1}
Q9UKN1	1	{'PF01390': 1}
Q9UKN5	2	{'PF00096': 3, 'PF21549': 1}
Q9UKN7	5	{'PF00063': 1, 'PF00373': 1, 'PF00784': 2, 'PF07653': 1, 'PF26570': 1}
Q9UKN8	2	{'PF12660': 1, 'PF19336': 1}
Q9UKP3	2	{'PF04968': 2, 'PF04969': 1}
Q9UKP4	7	{'PF00090': 1, 'PF01421': 1, 'PF01562': 1, 'PF05986': 1, 'PF17771': 1, 'PF19030': 7, 'PF19236': 1}
Q9UKP5	8	{'PF00090': 1, 'PF01421': 1, 'PF01562': 1, 'PF05986': 1, 'PF08686': 1, 'PF17771': 1, 'PF19030': 4, 'PF19236': 1}
Q9UKP6	1	{'PF00001': 1}
Q9UKQ2	4	{'PF00200': 1, 'PF01421': 1, 'PF01562': 1, 'PF08516': 1}
Q9UKQ9	1	{'PF00089': 1}
Q9UKR0	1	{'PF00089': 1}
Q9UKR3	1	{'PF00089': 1}
Q9UKR5	1	{'PF03694': 1}
Q9UKR8	1	{'PF00335': 1}
Q9UKS6	2	{'PF00611': 1, 'PF14604': 1}
Q9UKS7	1	{'PF00096': 3}
Q9UKT4	2	{'PF00646': 1, 'PF22191': 1}
Q9UKT5	1	{'PF00646': 1}
Q9UKT6	1	{'PF00646': 1}
Q9UKT7	1	{'PF12937': 1}
Q9UKT8	1	{'PF00646': 1}
Q9UKT9	1	{'PF00096': 2}
Q9UKU0	1	{'PF00501': 1}
Q9UKU6	3	{'PF01433': 1, 'PF11838': 1, 'PF17900': 1}
Q9UKU7	3	{'PF00441': 1, 'PF02770': 1, 'PF02771': 1}
Q9UKU9	1	{'PF00147': 1}
Q9UKV0	2	{'PF00850': 1, 'PF12203': 1}
Q9UKV3	1	{'PF02037': 1}
Q9UKV5	3	{'PF02845': 1, 'PF13639': 1, 'PF18442': 1}
Q9UKV8	6	{'PF02170': 1, 'PF02171': 1, 'PF08699': 1, 'PF16486': 1, 'PF16487': 1, 'PF16488': 1}
Q9UKW4	6	{'PF00017': 1, 'PF00130': 1, 'PF00307': 1, 'PF00621': 1, 'PF07653': 2, 'PF22697': 1}
Q9UKW6	2	{'PF00178': 1, 'PF02198': 1}
Q9UKX2	2	{'PF00063': 1, 'PF02736': 1}
Q9UKX3	2	{'PF00063': 1, 'PF02736': 1}
Q9UKX5	3	{'PF00092': 1, 'PF08441': 1, 'PF20805': 1}
Q9UKX7	2	{'PF00638': 1, 'PF08911': 1}
Q9UKY0	2	{'PF00377': 1, 'PF11466': 1}
Q9UKY1	3	{'PF00046': 4, 'PF11569': 1, 'PF18387': 1}
Q9UKY3	1	{'PF00135': 1}
Q9UKY4	3	{'PF02366': 1, 'PF02815': 1, 'PF16192': 1}
Q9UKY7	1	{'PF15359': 1}
Q9UKZ1	1	{'PF10155': 1}
Q9UKZ4	7	{'PF06484': 2, 'PF15636': 1, 'PF23093': 1, 'PF23538': 1, 'PF24329': 1, 'PF25020': 1, 'PF25024': 1}
Q9UKZ9	2	{'PF00431': 2, 'PF01759': 1}
Q9UL03	3	{'PF13519': 1, 'PF15300': 1, 'PF25462': 1}
Q9UL12	4	{'PF01266': 1, 'PF01571': 1, 'PF08669': 1, 'PF16350': 1}
Q9UL15	1	{'PF02179': 4}
Q9UL17	1	{'PF00907': 1}
Q9UL18	6	{'PF02170': 1, 'PF02171': 1, 'PF08699': 1, 'PF16486': 1, 'PF16487': 1, 'PF16488': 1}
Q9UL19	1	{'PF04970': 1}
Q9UL25	1	{'PF00071': 1}
Q9UL26	1	{'PF00071': 1}
Q9UL33	1	{'PF04628': 1}
Q9UL36	4	{'PF12874': 1, 'PF13912': 2, 'PF00096': 17, 'PF13465': 1}
Q9UL40	1	{'PF12874': 4}
Q9UL41	2	{'PF14893': 1, 'PF20846': 1}
Q9UL42	2	{'PF14893': 1, 'PF20846': 1}
Q9UL45	1	{'PF14712': 1}
Q9UL46	2	{'PF02251': 1, 'PF02252': 1}
Q9UL49	1	{'PF00010': 1}
Q9UL51	3	{'PF00027': 1, 'PF00520': 1, 'PF08412': 1}
Q9UL52	2	{'PF00089': 1, 'PF01390': 1}
Q9UL54	1	{'PF00069': 1}
Q9UL58	3	{'PF01352': 1, 'PF02023': 1, 'PF00096': 4}
Q9UL59	2	{'PF01352': 1, 'PF00096': 9}
Q9UL62	2	{'PF00520': 1, 'PF08344': 1}
Q9UL63	1	{'PF06588': 1}
Q9UL68	2	{'PF01530': 6, 'PF08474': 1}
Q9ULA0	1	{'PF02127': 1}
Q9ULB1	2	{'PF00008': 1, 'PF02210': 6}
Q9ULB4	2	{'PF00028': 5, 'PF01049': 1}
Q9ULB5	2	{'PF00028': 5, 'PF01049': 1}
Q9ULC0	1	{'PF07010': 1}
Q9ULC3	1	{'PF00071': 1}
Q9ULC4	2	{'PF01472': 1, 'PF17832': 1}
Q9ULC5	1	{'PF00501': 1}
Q9ULC6	3	{'PF03068': 1, 'PF08526': 1, 'PF08527': 1}
Q9ULC8	1	{'PF01529': 1}
Q9ULD0	4	{'PF00676': 1, 'PF02779': 1, 'PF16078': 1, 'PF16870': 1}
Q9ULD4	5	{'PF00439': 1, 'PF00855': 1, 'PF10513': 1, 'PF13831': 1, 'PF13832': 1}
Q9ULD5	2	{'PF01352': 1, 'PF00096': 9}
Q9ULD6	3	{'PF19031': 1, 'PF19032': 1, 'PF19033': 1}
Q9ULD8	3	{'PF00027': 1, 'PF00520': 1, 'PF13426': 1}
Q9ULE0	2	{'PF00397': 1, 'PF25802': 1}
Q9ULE3	3	{'PF02141': 1, 'PF03455': 1, 'PF03456': 1}
Q9ULE6	1	{'PF14566': 2}
Q9ULF5	1	{'PF02535': 1}
Q9ULG1	3	{'PF00176': 1, 'PF00271': 1, 'PF13892': 1}
Q9ULG3	1	{'PF15084': 1}
Q9ULH0	2	{'PF07693': 1, 'PF23307': 1}
Q9ULH1	4	{'PF00169': 1, 'PF01412': 1, 'PF14604': 1, 'PF16746': 1}
Q9ULH4	2	{'PF00041': 1, 'PF07679': 1}
Q9ULH7	1	{'PF02037': 1}
Q9ULI0	3	{'PF00004': 1, 'PF00439': 1, 'PF17862': 1}
Q9ULI1	1	{'PF25469': 1}
Q9ULI2	1	{'PF08443': 1}
Q9ULI3	2	{'PF00008': 1, 'PF07645': 1}
Q9ULI4	2	{'PF00225': 1, 'PF23081': 1}
Q9ULJ3	3	{'PF00651': 1, 'PF00096': 3, 'PF18450': 1}
Q9ULJ6	2	{'PF02891': 1, 'PF25527': 1}
Q9ULJ7	3	{'PF24883': 1, 'PF25520': 1, 'PF25521': 1}
Q9ULJ8	3	{'PF00595': 1, 'PF07647': 1, 'PF17817': 1}
Q9ULK0	3	{'PF00060': 1, 'PF01094': 1, 'PF10613': 1}
Q9ULK2	1	{'PF08313': 1}
Q9ULK4	1	{'PF11573': 1}
Q9ULK5	1	{'PF06638': 1}
Q9ULK6	2	{'PF02225': 1, 'PF13639': 1}
Q9ULL0	1	{'PF15262': 1}
Q9ULL1	2	{'PF00621': 1, 'PF22697': 1}
Q9ULL4	7	{'PF01437': 1, 'PF01833': 3, 'PF08337': 1, 'PF17960': 1, 'PF18020': 1, 'PF20170': 1, 'PF24479': 1}
Q9ULL5	1	{'PF13926': 1}
Q9ULL8	2	{'PF00595': 1, 'PF08687': 1}
Q9ULM0	4	{'PF00169': 1, 'PF00373': 1, 'PF00784': 1, 'PF21989': 1}
Q9ULM2	3	{'PF01352': 1, 'PF00096': 10, 'PF13465': 1}
Q9ULM3	2	{'PF03366': 1, 'PF22951': 1}
Q9ULM6	1	{'PF03372': 1}
Q9ULN7	1	{'PF20846': 1}
Q9ULP0	1	{'PF03096': 1}
Q9ULP9	2	{'PF00566': 1, 'PF07534': 2}
Q9ULQ0	2	{'PF07923': 1, 'PF11882': 2}
Q9ULQ1	1	{'PF00520': 2}
Q9ULR0	1	{'PF06246': 1}
Q9ULR3	1	{'PF00481': 2}
Q9ULS6	2	{'PF00520': 1, 'PF02214': 1}
Q9ULT6	2	{'PF17123': 1, 'PF18212': 1}
Q9ULT8	4	{'PF00632': 1, 'PF06701': 1, 'PF07738': 1, 'PF18410': 1}
Q9ULU4	5	{'PF00439': 1, 'PF00628': 1, 'PF00855': 1, 'PF12064': 1, 'PF24324': 1}
Q9ULU8	2	{'PF00169': 1, 'PF25341': 1}
Q9ULV0	2	{'PF00063': 1, 'PF25966': 1}
Q9ULV1	2	{'PF01392': 1, 'PF01534': 1}
Q9ULV3	2	{'PF12171': 1, 'PF23330': 1}
Q9ULV5	1	{'PF00447': 1}
Q9ULV8	4	{'PF02262': 1, 'PF02761': 1, 'PF02762': 1, 'PF13920': 1}
Q9ULW0	2	{'PF06886': 2, 'PF12214': 1}
Q9ULW2	2	{'PF01392': 1, 'PF01534': 1}
Q9ULW5	1	{'PF00071': 1}
Q9ULW6	1	{'PF00956': 1}
Q9ULW8	3	{'PF03068': 1, 'PF08526': 1, 'PF08527': 1}
Q9ULX3	2	{'PF08772': 1, 'PF17146': 1}
Q9ULX5	2	{'PF00097': 1, 'PF02263': 1}
Q9ULX6	1	{'PF04988': 1}
Q9ULX7	1	{'PF00194': 1}
Q9ULY5	1	{'PF00059': 1}
Q9ULZ1	1	{'PF15360': 1}
Q9ULZ2	2	{'PF00017': 1, 'PF00169': 1}
Q9ULZ3	2	{'PF00619': 1, 'PF02758': 1}
Q9ULZ9	2	{'PF00413': 1, 'PF01471': 1}
Q9UM00	1	{'PF01956': 1}
Q9UM01	1	{'PF13520': 1}
Q9UM07	3	{'PF03068': 1, 'PF08526': 1, 'PF08527': 1}
Q9UM13	1	{'PF03256': 1}
Q9UM19	2	{'PF00036': 1, 'PF13499': 1}
Q9UM21	2	{'PF04666': 1, 'PF23524': 1}
Q9UM22	1	{'PF00811': 1}
Q9UM44	2	{'PF07654': 1, 'PF07686': 2}
Q9UM47	6	{'PF00008': 17, 'PF00066': 3, 'PF06816': 1, 'PF07645': 5, 'PF07684': 1, 'PF12661': 7}
Q9UM54	3	{'PF00063': 1, 'PF16521': 1, 'PF21521': 1}
Q9UM63	1	{'PF00096': 2}
Q9UM73	3	{'PF00629': 1, 'PF12810': 1, 'PF07714': 1}
Q9UM82	1	{'PF21388': 1}
Q9UMF0	3	{'PF03921': 1, 'PF13927': 1, 'PF21146': 1}
Q9UMN6	6	{'PF00628': 2, 'PF00856': 1, 'PF02008': 1, 'PF05964': 1, 'PF05965': 1, 'PF13771': 1}
Q9UMQ3	1	{'PF00046': 1}
Q9UMQ6	2	{'PF00648': 1, 'PF01067': 1}
Q9UMR2	2	{'PF00270': 1, 'PF00271': 1}
Q9UMR3	1	{'PF00907': 1}
Q9UMR5	1	{'PF02089': 1}
Q9UMR7	1	{'PF00059': 1}
Q9UMS0	2	{'PF01106': 1, 'PF08712': 1}
Q9UMS4	2	{'PF04564': 1, 'PF08606': 1}
Q9UMS5	1	{'PF12129': 1}
Q9UMS6	1	{'PF00595': 1}
Q9UMW8	1	{'PF00443': 1}
Q9UMX0	3	{'PF00240': 1, 'PF00627': 1, 'PF23195': 1}
Q9UMX1	2	{'PF05076': 1, 'PF12470': 1}
Q9UMX2	1	{'PF02100': 1}
Q9UMX3	1	{'PF00452': 1}
Q9UMX5	1	{'PF00173': 1}
Q9UMX6	2	{'PF13202': 1, 'PF13499': 1}
Q9UMX9	1	{'PF07690': 1}
Q9UMY1	1	{'PF08157': 1}
Q9UMY4	1	{'PF00787': 1}
Q9UMZ2	2	{'PF12763': 1, 'PF25999': 1}
Q9UMZ3	2	{'PF00041': 14, 'PF00102': 1}
Q9UN19	2	{'PF00017': 1, 'PF00169': 1}
Q9UN30	1	{'PF00536': 1}
Q9UN36	1	{'PF03096': 1}
Q9UN37	4	{'PF00004': 1, 'PF04212': 1, 'PF09336': 1, 'PF17862': 1}
Q9UN42	1	{'PF00287': 1}
Q9UN66	3	{'PF00028': 5, 'PF08266': 1, 'PF16492': 1}
Q9UN67	3	{'PF00028': 5, 'PF08266': 1, 'PF16492': 1}
Q9UN70	4	{'PF00028': 5, 'PF08266': 1, 'PF15974': 1, 'PF16492': 1}
Q9UN71	4	{'PF00028': 5, 'PF08266': 1, 'PF15974': 1, 'PF16492': 1}
Q9UN72	3	{'PF00028': 5, 'PF08266': 1, 'PF15974': 1}
Q9UN73	3	{'PF00028': 5, 'PF08266': 1, 'PF15974': 1}
Q9UN74	3	{'PF00028': 5, 'PF08266': 1, 'PF15974': 1}
Q9UN75	3	{'PF00028': 5, 'PF08266': 1, 'PF15974': 1}
Q9UN76	1	{'PF00209': 1}
Q9UN79	1	{'PF00505': 1}
Q9UN81	2	{'PF02994': 1, 'PF17490': 1}
Q9UN86	2	{'PF00076': 1, 'PF02136': 1}
Q9UN88	2	{'PF02931': 1, 'PF02932': 1}
Q9UNA0	6	{'PF00090': 1, 'PF01421': 1, 'PF05986': 1, 'PF17771': 1, 'PF19030': 1, 'PF19236': 1}
Q9UNA1	4	{'PF00169': 1, 'PF00620': 1, 'PF14604': 1, 'PF16746': 1}
Q9UNA3	2	{'PF04488': 1, 'PF04572': 1}
Q9UNA4	3	{'PF00817': 1, 'PF11799': 1, 'PF21999': 1}
Q9UND3	1	{'PF06409': 1}
Q9UNE0	1	{'PF24979': 1}
Q9UNE2	1	{'PF02318': 1}
Q9UNE7	1	{'PF04564': 1}
Q9UNF0	2	{'PF00611': 1, 'PF14604': 1}
Q9UNF1	1	{'PF01454': 1}
Q9UNH5	2	{'PF14671': 1, 'PF22785': 1}
Q9UNH6	1	{'PF00787': 1}
Q9UNH7	2	{'PF00787': 1, 'PF09325': 1}
Q9UNI1	1	{'PF00089': 1}
Q9UNI6	1	{'PF00782': 1}
Q9UNK0	1	{'PF05739': 1}
Q9UNK4	1	{'PF00068': 1}
Q9UNK9	1	{'PF03372': 1}
Q9UNL2	1	{'PF07074': 1}
Q9UNM6	1	{'PF01399': 1}
Q9UNN4	1	{'PF03153': 1}
Q9UNN5	3	{'PF00789': 1, 'PF14555': 1, 'PF21021': 1}
Q9UNN8	1	{'PF16497': 1}
Q9UNP4	1	{'PF00777': 1}
Q9UNP9	2	{'PF00076': 1, 'PF00160': 1}
Q9UNQ0	3	{'PF01061': 1, 'PF00005': 1, 'PF19055': 1}
Q9UNQ2	1	{'PF00398': 1}
Q9UNS1	3	{'PF04821': 1, 'PF05029': 1, 'PF26019': 2}
Q9UNS2	2	{'PF01399': 1, 'PF21215': 1}
Q9UNT1	1	{'PF00071': 1}
Q9UNU6	1	{'PF00067': 1}
Q9UNW1	1	{'PF00328': 1}
Q9UNW8	1	{'PF00001': 1}
Q9UNW9	1	{'PF00013': 3}
Q9UNX3	2	{'PF00467': 1, 'PF16906': 1}
Q9UNX4	1	{'PF04003': 1}
Q9UNX9	2	{'PF01007': 1, 'PF17655': 1}
Q9UNY4	3	{'PF00176': 1, 'PF00271': 1, 'PF06839': 1}
Q9UNY5	2	{'PF02023': 1, 'PF00096': 5}
Q9UNZ2	3	{'PF00789': 1, 'PF08059': 1, 'PF14555': 1}
Q9UNZ5	1	{'PF09495': 1}
Q9UP38	2	{'PF01392': 1, 'PF01534': 1}
Q9UP52	2	{'PF02225': 1, 'PF04389': 1}
Q9UP65	1	{'PF01735': 1}
Q9UP79	7	{'PF00090': 1, 'PF01421': 1, 'PF01562': 1, 'PF05986': 1, 'PF17771': 1, 'PF19030': 1, 'PF19236': 1}
Q9UP95	2	{'PF00324': 2, 'PF03522': 2}
Q9UPA5	1	{'PF05715': 2}
Q9UPC5	1	{'PF00001': 1}
Q9UPE1	1	{'PF00069': 2}
Q9UPG8	2	{'PF13912': 1, 'PF00096': 2}
Q9UPI3	1	{'PF07690': 1}
Q9UPM6	2	{'PF00046': 1, 'PF00412': 2}
Q9UPM8	1	{'PF14807': 1}
Q9UPM9	1	{'PF07162': 1}
Q9UPN3	9	{'PF00307': 2, 'PF00435': 17, 'PF02187': 1, 'PF13499': 1, 'PF17902': 1, 'PF18373': 1, 'PF21019': 1, 'PF21020': 1, 'PF21097': 1}
Q9UPN6	1	{'PF00076': 1}
Q9UPN7	1	{'PF04499': 1}
Q9UPN9	3	{'PF00439': 1, 'PF00628': 1, 'PF00643': 1}
Q9UPP1	3	{'PF00628': 1, 'PF02373': 1, 'PF17811': 1}
Q9UPP2	2	{'PF01369': 1, 'PF16453': 1}
Q9UPQ0	3	{'PF00307': 1, 'PF00412': 1, 'PF15949': 1}
Q9UPQ3	2	{'PF00071': 1, 'PF01412': 1}
Q9UPQ4	4	{'PF00622': 1, 'PF00643': 1, 'PF13445': 1, 'PF13765': 1}
Q9UPQ7	2	{'PF00595': 2, 'PF13923': 1}
Q9UPQ9	1	{'PF10427': 1}
Q9UPR0	5	{'PF00168': 1, 'PF00387': 1, 'PF00388': 1, 'PF09279': 1, 'PF16457': 1}
Q9UPR3	1	{'PF13638': 1}
Q9UPR5	3	{'PF01699': 2, 'PF03160': 2, 'PF16494': 1}
Q9UPR6	3	{'PF07528': 1, 'PF12874': 3, 'PF20965': 1}
Q9UPS6	3	{'PF00076': 1, 'PF00856': 1, 'PF11764': 1}
Q9UPS8	1	{'PF12001': 1}
Q9UPT6	1	{'PF09744': 1}
Q9UPT8	3	{'PF00642': 1, 'PF18044': 1, 'PF22623': 1}
Q9UPT9	2	{'PF00443': 1, 'PF02148': 1}
Q9UPU3	2	{'PF00801': 1, 'PF15901': 1}
Q9UPU5	2	{'PF00443': 1, 'PF22900': 1}
Q9UPU7	2	{'PF00169': 1, 'PF00566': 1}
Q9UPU9	2	{'PF00536': 1, 'PF25479': 1}
Q9UPV7	1	{'PF16744': 1}
Q9UPV9	2	{'PF04849': 1, 'PF12448': 1}
Q9UPW0	1	{'PF00250': 1}
Q9UPW5	2	{'PF00246': 1, 'PF18027': 1}
Q9UPW6	4	{'PF00046': 1, 'PF02376': 2, 'PF16534': 1, 'PF16557': 1}
Q9UPW8	2	{'PF00130': 1, 'PF00168': 3}
Q9UPX0	3	{'PF00041': 2, 'PF13895': 1, 'PF13927': 4}
Q9UPX6	2	{'PF06789': 1, 'PF22948': 1}
Q9UPX8	4	{'PF00536': 1, 'PF07653': 1, 'PF16511': 1, 'PF17820': 1}
Q9UPY3	8	{'PF00270': 1, 'PF00271': 1, 'PF00636': 2, 'PF02170': 1, 'PF03368': 1, 'PF20930': 1, 'PF20931': 1, 'PF20932': 1}
Q9UPY5	1	{'PF13520': 1}
Q9UPY8	2	{'PF00307': 1, 'PF03271': 1}
Q9UPZ6	4	{'PF00090': 4, 'PF19028': 6, 'PF19030': 2, 'PF23308': 1}
Q9UPZ9	1	{'PF00069': 1}
Q9UQ05	2	{'PF00520': 1, 'PF13426': 1}
Q9UQ07	1	{'PF00069': 1}
Q9UQ10	2	{'PF01408': 1, 'PF22725': 1}
Q9UQ16	4	{'PF00169': 1, 'PF00350': 1, 'PF01031': 1, 'PF02212': 1}
Q9UQ26	3	{'PF00168': 2, 'PF00595': 1, 'PF22601': 1}
Q9UQ35	1	{'PF08312': 1}
Q9UQ52	3	{'PF00041': 2, 'PF13927': 4, 'PF07679': 2}
Q9UQ53	2	{'PF04666': 1, 'PF23524': 1}
Q9UQ72	3	{'PF07686': 1, 'PF13895': 1, 'PF13927': 1}
Q9UQ74	3	{'PF07686': 1, 'PF13895': 1, 'PF13927': 2}
Q9UQ80	1	{'PF00557': 1}
Q9UQ84	2	{'PF00752': 1, 'PF00867': 1}
Q9UQ88	1	{'PF00069': 1}
Q9UQ90	4	{'PF00004': 1, 'PF01434': 1, 'PF06480': 1, 'PF17862': 1}
Q9UQB8	2	{'PF07653': 1, 'PF08397': 1}
Q9UQB9	1	{'PF00069': 1}
Q9UQC2	1	{'PF00169': 1}
Q9UQC9	1	{'PF08434': 1}
Q9UQD0	4	{'PF00520': 4, 'PF06512': 1, 'PF11933': 1, 'PF24609': 1}
Q9UQE7	2	{'PF02463': 1, 'PF06470': 1}
Q9UQF0	1	{'PF00429': 1}
Q9UQF2	2	{'PF00640': 1, 'PF14604': 1}
Q9UQG0	7	{'PF00075': 1, 'PF00078': 1, 'PF00552': 1, 'PF00665': 1, 'PF02022': 1, 'PF06817': 1, 'PF13804': 1}
Q9UQK1	1	{'PF03370': 1}
Q9UQL6	2	{'PF00850': 1, 'PF12203': 1}
Q9UQM7	2	{'PF08332': 1, 'PF00069': 1}
Q9UQN3	1	{'PF03357': 1}
Q9UQP3	3	{'PF00041': 9, 'PF00147': 1, 'PF23106': 2}
Q9UQQ1	3	{'PF02225': 1, 'PF04253': 1, 'PF04389': 1}
Q9UQQ2	2	{'PF00017': 1, 'PF08916': 1}
Q9UQR0	4	{'PF00536': 1, 'PF02820': 2, 'PF12140': 1, 'PF17208': 1}
Q9UQR1	1	{'PF00096': 3}
Q9UQV4	1	{'PF01299': 1}
Q9WJR5	6	{'PF00075': 1, 'PF00078': 1, 'PF00552': 1, 'PF00665': 1, 'PF02022': 1, 'PF06817': 1}
Q9Y210	2	{'PF00520': 1, 'PF08344': 1}
Q9Y216	2	{'PF06602': 1, 'PF21098': 1}
Q9Y217	2	{'PF06602': 1, 'PF21098': 1}
Q9Y219	7	{'PF00008': 8, 'PF01414': 1, 'PF07645': 1, 'PF07657': 1, 'PF12661': 4, 'PF21700': 1, 'PF23575': 1}
Q9Y221	2	{'PF03657': 1, 'PF17833': 1}
Q9Y222	2	{'PF00249': 2, 'PF20588': 1}
Q9Y223	2	{'PF00480': 1, 'PF02350': 1}
Q9Y224	1	{'PF10036': 1}
Q9Y225	1	{'PF13639': 1}
Q9Y226	1	{'PF00083': 1}
Q9Y227	1	{'PF01150': 1}
Q9Y230	2	{'PF06068': 1, 'PF17856': 1}
Q9Y231	2	{'PF00852': 1, 'PF17039': 1}
Q9Y232	2	{'PF00378': 1, 'PF00385': 1}
Q9Y233	2	{'PF00233': 1, 'PF01590': 2}
Q9Y234	1	{'PF21948': 1}
Q9Y235	1	{'PF05240': 1}
Q9Y237	1	{'PF13616': 1}
Q9Y238	2	{'PF23277': 1, 'PF23316': 1}
Q9Y239	4	{'PF00619': 1, 'PF05729': 1, 'PF17776': 1, 'PF17779': 1}
Q9Y240	1	{'PF00059': 1}
Q9Y241	1	{'PF04588': 1}
Q9Y242	2	{'PF00498': 1, 'PF00628': 1}
Q9Y243	3	{'PF00169': 1, 'PF00433': 1, 'PF00069': 1}
Q9Y244	1	{'PF05348': 1}
Q9Y247	1	{'PF04921': 1}
Q9Y248	2	{'PF05916': 1, 'PF25005': 1}
Q9Y251	1	{'PF03662': 1}
Q9Y252	2	{'PF13639': 1, 'PF25914': 1}
Q9Y253	3	{'PF00817': 1, 'PF11799': 1, 'PF18439': 1}
Q9Y255	1	{'PF04707': 1}
Q9Y256	1	{'PF02517': 1}
Q9Y257	1	{'PF07885': 2}
Q9Y258	1	{'PF00048': 1}
Q9Y259	1	{'PF01633': 1}
Q9Y261	3	{'PF00250': 1, 'PF08430': 1, 'PF09354': 1}
Q9Y263	1	{'PF09070': 1}
Q9Y264	2	{'PF00147': 1, 'PF25443': 1}
Q9Y265	2	{'PF06068': 1, 'PF17856': 1}
Q9Y266	3	{'PF04969': 1, 'PF14050': 1, 'PF16273': 1}
Q9Y267	1	{'PF00083': 1}
Q9Y271	1	{'PF00001': 1}
Q9Y272	1	{'PF00071': 1}
Q9Y274	1	{'PF00777': 1}
Q9Y275	1	{'PF00229': 1}
Q9Y276	3	{'PF00004': 1, 'PF08740': 1, 'PF25426': 1}
Q9Y277	1	{'PF01459': 1}
Q9Y278	1	{'PF00685': 1}
Q9Y279	2	{'PF07686': 1, 'PF13927': 1}
Q9Y281	1	{'PF00241': 1}
Q9Y282	2	{'PF07970': 1, 'PF13850': 1}
Q9Y284	1	{'PF03669': 1}
Q9Y285	4	{'PF01409': 1, 'PF18552': 1, 'PF18553': 1, 'PF18554': 1}
Q9Y286	2	{'PF07686': 1, 'PF13895': 1}
Q9Y287	1	{'PF04089': 1}
Q9Y289	1	{'PF00474': 1}
Q9Y291	1	{'PF08293': 1}
Q9Y294	1	{'PF04729': 1}
Q9Y295	3	{'PF01926': 1, 'PF02824': 1, 'PF16897': 1}
Q9Y296	1	{'PF04099': 1}
Q9Y297	2	{'PF12125': 1, 'PF12937': 1}
Q9Y2A4	3	{'PF01352': 1, 'PF13912': 1, 'PF00096': 13}
Q9Y2A7	1	{'PF09735': 1}
Q9Y2A9	1	{'PF01762': 1}
Q9Y2B0	1	{'PF11938': 1}
Q9Y2B1	2	{'PF24785': 1, 'PF24786': 1}
Q9Y2B2	1	{'PF02585': 1}
Q9Y2B4	1	{'PF15331': 1}
Q9Y2B5	1	{'PF02204': 1}
Q9Y2B9	1	{'PF02827': 1}
Q9Y2C2	1	{'PF03567': 1}
Q9Y2C3	1	{'PF01762': 1}
Q9Y2C4	2	{'PF01223': 1, 'PF18026': 1}
Q9Y2C5	1	{'PF07690': 1}
Q9Y2C9	2	{'PF01463': 1, 'PF01582': 1}
Q9Y2D0	1	{'PF00194': 1}
Q9Y2D2	1	{'PF04142': 1}
Q9Y2D5	1	{'PF03285': 1}
Q9Y2D9	1	{'PF00096': 7}
Q9Y2E4	2	{'PF00501': 2, 'PF06464': 1}
Q9Y2E5	3	{'PF01074': 1, 'PF07748': 1, 'PF09261': 1}
Q9Y2E6	3	{'PF00097': 1, 'PF02825': 2, 'PF18102': 1}
Q9Y2E8	1	{'PF00999': 1}
Q9Y2F5	1	{'PF25817': 1}
Q9Y2F9	3	{'PF00651': 1, 'PF07707': 1, 'PF08005': 1}
Q9Y2G1	4	{'PF05224': 1, 'PF13884': 1, 'PF13887': 1, 'PF13888': 1}
Q9Y2G2	3	{'PF00619': 1, 'PF13553': 1, 'PF23679': 1}
Q9Y2G3	4	{'PF00122': 1, 'PF13246': 1, 'PF16209': 1, 'PF16212': 1}
Q9Y2G5	1	{'PF10250': 1}
Q9Y2G7	2	{'PF01352': 1, 'PF00096': 12}
Q9Y2G8	2	{'PF00085': 1, 'PF00226': 1}
Q9Y2G9	3	{'PF13871': 1, 'PF13872': 1, 'PF25373': 1}
Q9Y2H0	1	{'PF03359': 1}
Q9Y2H1	2	{'PF00433': 1, 'PF00069': 1}
Q9Y2H2	2	{'PF02383': 1, 'PF12456': 1}
Q9Y2H5	2	{'PF00169': 1, 'PF25541': 1}
Q9Y2H6	1	{'PF00041': 8}
Q9Y2H8	2	{'PF01352': 1, 'PF00096': 9}
Q9Y2H9	3	{'PF08926': 1, 'PF17820': 1, 'PF00069': 1}
Q9Y2I1	3	{'PF00787': 1, 'PF23142': 1, 'PF25625': 1}
Q9Y2I2	3	{'PF00053': 1, 'PF00055': 1, 'PF24973': 2}
Q9Y2I6	1	{'PF13499': 1}
Q9Y2I7	4	{'PF00118': 1, 'PF00610': 1, 'PF01363': 1, 'PF01504': 2}
Q9Y2I9	2	{'PF00566': 1, 'PF15733': 1}
Q9Y2J0	2	{'PF00168': 2, 'PF02318': 1}
Q9Y2J2	6	{'PF00373': 1, 'PF04382': 1, 'PF05902': 1, 'PF08736': 1, 'PF09379': 1, 'PF09380': 1}
Q9Y2J8	3	{'PF03068': 1, 'PF08526': 1, 'PF08527': 1}
Q9Y2K1	1	{'PF00651': 1}
Q9Y2K2	2	{'PF23312': 1, 'PF00069': 1}
Q9Y2K3	2	{'PF00063': 1, 'PF02736': 1}
Q9Y2K5	1	{'PF01424': 1}
Q9Y2K6	3	{'PF00443': 1, 'PF02148': 1, 'PF06337': 2}
Q9Y2K7	4	{'PF00646': 1, 'PF02008': 1, 'PF16866': 1, 'PF17811': 1}
Q9Y2L1	5	{'PF00773': 1, 'PF13638': 1, 'PF17215': 1, 'PF17216': 1, 'PF17849': 1}
Q9Y2L5	5	{'PF12739': 1, 'PF24542': 1, 'PF24544': 1, 'PF24545': 1, 'PF24546': 1}
Q9Y2L6	4	{'PF00373': 1, 'PF09379': 1, 'PF09380': 1, 'PF11819': 1}
Q9Y2L8	3	{'PF01352': 1, 'PF02023': 1, 'PF00096': 10}
Q9Y2L9	1	{'PF00307': 1}
Q9Y2M0	3	{'PF08774': 1, 'PF21169': 1, 'PF21315': 1}
Q9Y2M5	2	{'PF00651': 1, 'PF07707': 1}
Q9Y2N7	4	{'PF00989': 1, 'PF11413': 1, 'PF14598': 1, 'PF23171': 1}
Q9Y2P0	1	{'PF00096': 14}
Q9Y2P4	2	{'PF00501': 1, 'PF13193': 1}
Q9Y2P5	2	{'PF00501': 1, 'PF13193': 1}
Q9Y2P7	3	{'PF01352': 1, 'PF00096': 13, 'PF23561': 1}
Q9Y2P8	2	{'PF01137': 1, 'PF05189': 1}
Q9Y2Q0	4	{'PF00122': 1, 'PF13246': 1, 'PF16209': 1, 'PF16212': 1}
Q9Y2Q1	3	{'PF01352': 1, 'PF00096': 10, 'PF13465': 1}
Q9Y2Q3	1	{'PF01323': 1}
Q9Y2Q5	1	{'PF03259': 1}
Q9Y2Q9	1	{'PF10246': 1}
Q9Y2R2	1	{'PF00102': 1}
Q9Y2R4	2	{'PF00270': 1, 'PF00271': 1}
Q9Y2R5	1	{'PF00366': 1}
Q9Y2R9	1	{'PF00177': 1}
Q9Y2S2	2	{'PF00725': 1, 'PF02737': 1}
Q9Y2S6	1	{'PF09072': 1}
Q9Y2S7	2	{'PF04379': 1, 'PF08755': 1}
Q9Y2T1	2	{'PF00615': 1, 'PF00778': 1}
Q9Y2T2	2	{'PF00928': 1, 'PF01217': 1}
Q9Y2T3	1	{'PF01979': 1}
Q9Y2T5	1	{'PF00001': 1}
Q9Y2T6	1	{'PF00001': 1}
Q9Y2T7	1	{'PF00313': 1}
Q9Y2U2	1	{'PF07885': 2}
Q9Y2U5	2	{'PF00564': 1, 'PF00069': 1}
Q9Y2U8	2	{'PF03020': 1, 'PF09402': 1}
Q9Y2V0	1	{'PF14811': 1}
Q9Y2V2	1	{'PF00313': 1}
Q9Y2V3	1	{'PF00046': 1}
Q9Y2W1	1	{'PF15440': 1}
Q9Y2W2	1	{'PF09429': 1}
Q9Y2W3	1	{'PF07690': 1}
Q9Y2W6	2	{'PF00013': 2, 'PF00567': 1}
Q9Y2W7	2	{'PF13499': 1, 'PF13833': 1}
Q9Y2X0	2	{'PF20718': 1, 'PF20719': 1}
Q9Y2X3	2	{'PF01798': 1, 'PF08156': 1}
Q9Y2X7	3	{'PF01412': 1, 'PF08518': 2, 'PF12205': 1}
Q9Y2X8	1	{'PF00179': 1}
Q9Y2X9	1	{'PF00096': 2}
Q9Y2Y0	1	{'PF11527': 1}
Q9Y2Y1	2	{'PF01096': 1, 'PF02150': 1}
Q9Y2Y4	3	{'PF00651': 1, 'PF12874': 1, 'PF00096': 1}
Q9Y2Y8	1	{'PF00059': 1}
Q9Y2Y9	1	{'PF00096': 3}
Q9Y2Z0	2	{'PF04969': 1, 'PF05002': 1}
Q9Y2Z2	3	{'PF01134': 1, 'PF13932': 1, 'PF21680': 1}
Q9Y2Z4	1	{'PF00579': 1}
Q9Y2Z9	1	{'PF01494': 2}
Q9Y303	1	{'PF01979': 1}
Q9Y305	1	{'PF03061': 1}
Q9Y312	1	{'PF20981': 1}
Q9Y314	1	{'PF15906': 1}
Q9Y315	1	{'PF01791': 1}
Q9Y316	1	{'PF01875': 1}
Q9Y320	1	{'PF00085': 1}
Q9Y324	1	{'PF04900': 1}
Q9Y328	1	{'PF06387': 1}
Q9Y330	2	{'PF00651': 1, 'PF00096': 3}
Q9Y333	1	{'PF01423': 1}
Q9Y334	5	{'PF23560': 1, 'PF23610': 1, 'PF23619': 1, 'PF25106': 1, 'PF25107': 1}
Q9Y336	2	{'PF00047': 1, 'PF07686': 1}
Q9Y337	1	{'PF00089': 1}
Q9Y342	1	{'PF01284': 1}
Q9Y343	1	{'PF00787': 1}
Q9Y345	1	{'PF00209': 1}
Q9Y365	1	{'PF01852': 1}
Q9Y366	3	{'PF21178': 1, 'PF23352': 1, 'PF23355': 1}
Q9Y371	2	{'PF03114': 1, 'PF14604': 1}
Q9Y375	1	{'PF08547': 1}
Q9Y383	1	{'PF03194': 1}
Q9Y385	1	{'PF00179': 1}
Q9Y388	1	{'PF00076': 1}
Q9Y394	1	{'PF00106': 1}
Q9Y397	1	{'PF01529': 1}
Q9Y399	1	{'PF00318': 2}
Q9Y3A0	1	{'PF05019': 1}
Q9Y3A2	1	{'PF03998': 1}
Q9Y3A3	1	{'PF03637': 1}
Q9Y3A4	2	{'PF12923': 1, 'PF17799': 1}
Q9Y3A5	3	{'PF01172': 1, 'PF09377': 1, 'PF20268': 1}
Q9Y3A6	1	{'PF01105': 1}
Q9Y3B1	1	{'PF04707': 1}
Q9Y3B2	2	{'PF10447': 1, 'PF14382': 1}
Q9Y3B3	1	{'PF01105': 1}
Q9Y3B4	1	{'PF00076': 1}
Q9Y3B6	1	{'PF03665': 1}
Q9Y3B7	2	{'PF00298': 1, 'PF03946': 1}
Q9Y3B8	1	{'PF00929': 1}
Q9Y3B9	1	{'PF07890': 1}
Q9Y3C1	1	{'PF09420': 2}
Q9Y3C4	1	{'PF08617': 1}
Q9Y3C5	1	{'PF13639': 1}
Q9Y3C6	1	{'PF00160': 1}
Q9Y3C7	1	{'PF05669': 1}
Q9Y3C8	1	{'PF08694': 1}
Q9Y3D0	1	{'PF01883': 1}
Q9Y3D2	1	{'PF01641': 1}
Q9Y3D3	1	{'PF00886': 1}
Q9Y3D5	1	{'PF01084': 1}
Q9Y3D7	1	{'PF03656': 1}
Q9Y3D8	1	{'PF13238': 1}
Q9Y3D9	1	{'PF10484': 1}
Q9Y3E0	1	{'PF04178': 1}
Q9Y3E1	1	{'PF00855': 1}
Q9Y3E2	1	{'PF01722': 1}
Q9Y3E5	1	{'PF01981': 1}
Q9Y3E7	1	{'PF03357': 1}
Q9Y3I0	1	{'PF01139': 1}
Q9Y3I1	2	{'PF00646': 1, 'PF11566': 1}
Q9Y3L3	2	{'PF00620': 1, 'PF03114': 1}
Q9Y3L5	1	{'PF00071': 1}
Q9Y3M2	1	{'PF14645': 1}
Q9Y3M8	3	{'PF00620': 1, 'PF01852': 1, 'PF07647': 1}
Q9Y3M9	2	{'PF01352': 1, 'PF00096': 16}
Q9Y3N9	1	{'PF13853': 1}
Q9Y3P4	2	{'PF00627': 1, 'PF01694': 1}
Q9Y3P9	3	{'PF00566': 1, 'PF00640': 1, 'PF12473': 1}
Q9Y3Q0	3	{'PF02225': 1, 'PF04253': 1, 'PF04389': 1}
Q9Y3Q3	1	{'PF01105': 1}
Q9Y3Q4	3	{'PF00027': 1, 'PF00520': 1, 'PF08412': 1}
Q9Y3Q7	4	{'PF00200': 1, 'PF01421': 1, 'PF01562': 1, 'PF08516': 1}
Q9Y3R0	2	{'PF00595': 6, 'PF17820': 1}
Q9Y3S1	3	{'PF12202': 1, 'PF24889': 1, 'PF00069': 1}
Q9Y3S2	1	{'PF06524': 1}
Q9Y3T6	1	{'PF01424': 1}
Q9Y3T9	1	{'PF03715': 1}
Q9Y3U8	1	{'PF01158': 1}
Q9Y3V2	1	{'PF05773': 1}
Q9Y3X0	1	{'PF15266': 1}
Q9Y3Y2	1	{'PF13865': 1}
Q9Y3Y4	1	{'PF00628': 1}
Q9Y3Z3	2	{'PF01966': 1, 'PF07647': 1}
Q9Y421	1	{'PF08555': 1}
Q9Y426	2	{'PF00168': 1, 'PF18696': 1}
Q9Y450	4	{'PF00009': 1, 'PF03143': 1, 'PF03144': 1, 'PF08938': 1}
Q9Y458	1	{'PF00907': 1}
Q9Y462	2	{'PF04704': 2, 'PF00096': 6}
Q9Y463	1	{'PF00069': 1}
Q9Y466	2	{'PF00104': 1, 'PF00105': 1}
Q9Y467	2	{'PF13912': 1, 'PF00096': 3}
Q9Y468	2	{'PF01530': 1, 'PF02820': 3}
Q9Y471	1	{'PF13483': 1}
Q9Y473	2	{'PF01352': 1, 'PF00096': 13}
Q9Y478	2	{'PF04739': 1, 'PF16561': 1}
Q9Y483	3	{'PF00628': 1, 'PF14061': 1, 'PF18104': 1}
Q9Y485	1	{'PF12234': 2}
Q9Y487	1	{'PF01496': 1}
Q9Y490	10	{'PF00373': 1, 'PF01608': 1, 'PF02174': 1, 'PF08913': 1, 'PF09141': 1, 'PF16511': 1, 'PF21692': 1, 'PF21865': 3, 'PF21896': 4, 'PF25177': 1}
Q9Y493	5	{'PF00094': 4, 'PF00629': 3, 'PF01826': 4, 'PF08742': 4, 'PF12714': 5}
Q9Y496	1	{'PF00225': 1}
Q9Y4A0	3	{'PF03184': 1, 'PF03221': 1, 'PF04218': 1}
Q9Y4A5	1	{'PF00454': 1}
Q9Y4A9	1	{'PF13853': 1}
Q9Y4B4	2	{'PF00176': 1, 'PF00271': 1}
Q9Y4C0	2	{'PF01034': 1, 'PF02210': 6}
Q9Y4C1	4	{'PF02373': 1, 'PF22987': 1, 'PF22988': 1, 'PF22989': 1}
Q9Y4C2	2	{'PF13402': 1, 'PF17291': 1}
Q9Y4C5	1	{'PF00685': 1}
Q9Y4C8	1	{'PF00076': 6}
Q9Y4D1	1	{'PF02181': 1}
Q9Y4D2	1	{'PF01764': 1}
Q9Y4D7	5	{'PF01437': 1, 'PF01833': 3, 'PF08337': 1, 'PF17960': 1, 'PF20170': 1}
Q9Y4D8	1	{'PF00632': 1}
Q9Y4E1	1	{'PF15255': 1}
Q9Y4E5	7	{'PF18479': 1, 'PF23101': 1, 'PF23102': 1, 'PF23103': 1, 'PF23104': 1, 'PF23107': 1, 'PF23108': 1}
Q9Y4E8	4	{'PF00443': 1, 'PF06337': 1, 'PF14533': 1, 'PF14836': 1}
Q9Y4F1	6	{'PF00169': 2, 'PF00373': 1, 'PF00621': 1, 'PF08736': 1, 'PF09379': 1, 'PF09380': 1}
Q9Y4F3	5	{'PF00076': 1, 'PF01936': 1, 'PF11608': 1, 'PF12872': 5, 'PF19687': 1}
Q9Y4F5	2	{'PF00498': 1, 'PF15308': 1}
Q9Y4F9	1	{'PF15903': 1}
Q9Y4G2	2	{'PF02759': 1, 'PF13901': 1}
Q9Y4G6	11	{'PF00373': 1, 'PF01608': 2, 'PF02174': 1, 'PF08913': 1, 'PF09141': 1, 'PF09379': 1, 'PF16511': 1, 'PF21692': 1, 'PF21865': 3, 'PF21896': 3, 'PF25177': 1}
Q9Y4G8	4	{'PF00595': 1, 'PF00617': 1, 'PF00618': 1, 'PF00788': 1}
Q9Y4H2	2	{'PF00169': 1, 'PF02174': 1}
Q9Y4I1	2	{'PF00063': 1, 'PF25966': 1}
Q9Y4I5	1	{'PF03638': 1}
Q9Y4J8	3	{'PF00569': 1, 'PF09068': 1, 'PF09069': 1}
Q9Y4K0	2	{'PF00530': 4, 'PF01186': 1}
Q9Y4K1	2	{'PF00030': 6, 'PF00652': 1}
Q9Y4K3	4	{'PF02176': 1, 'PF13923': 1, 'PF18048': 1, 'PF21355': 1}
Q9Y4K4	1	{'PF00069': 1}
Q9Y4L1	1	{'PF00012': 1}
Q9Y4L5	1	{'PF13639': 1}
Q9Y4P1	1	{'PF03416': 1}
Q9Y4P9	1	{'PF06294': 1}
Q9Y4R7	1	{'PF03133': 1}
Q9Y4R8	1	{'PF10193': 1}
Q9Y4U1	1	{'PF16690': 1}
Q9Y4W2	1	{'PF04031': 1}
Q9Y4W6	4	{'PF00004': 1, 'PF01434': 1, 'PF06480': 1, 'PF17862': 1}
Q9Y4X0	1	{'PF01871': 1}
Q9Y4X3	1	{'PF00048': 1}
Q9Y4X4	1	{'PF00096': 3}
Q9Y4X5	5	{'PF00097': 1, 'PF01485': 1, 'PF19422': 1, 'PF21235': 1, 'PF22191': 1}
Q9Y4Y9	1	{'PF01423': 1}
Q9Y4Z0	1	{'PF01423': 1}
Q9Y4Z2	1	{'PF00010': 1}
Q9Y508	3	{'PF05605': 1, 'PF13445': 1, 'PF18574': 1}
Q9Y512	1	{'PF01103': 1}
Q9Y519	1	{'PF03619': 1}
Q9Y520	1	{'PF07001': 1}
Q9Y530	1	{'PF01661': 1}
Q9Y534	1	{'PF00313': 1}
Q9Y535	2	{'PF03876': 1, 'PF08292': 1}
Q9Y536	1	{'PF00160': 1}
Q9Y543	2	{'PF00010': 1, 'PF07527': 1}
Q9Y547	1	{'PF00754': 1}
Q9Y548	1	{'PF04893': 1}
Q9Y561	1	{'PF00431': 2}
Q9Y566	3	{'PF00536': 1, 'PF07653': 1, 'PF17820': 1}
Q9Y570	1	{'PF12697': 1}
Q9Y572	1	{'PF00069': 1}
Q9Y573	2	{'PF00651': 1, 'PF07707': 1}
Q9Y574	1	{'PF07525': 1}
Q9Y575	1	{'PF07525': 1}
Q9Y576	1	{'PF07525': 1}
Q9Y577	3	{'PF00622': 1, 'PF00643': 1, 'PF13445': 1}
Q9Y580	1	{'PF00076': 1}
Q9Y581	1	{'PF00049': 1}
Q9Y584	1	{'PF02466': 1}
Q9Y585	1	{'PF13853': 1}
Q9Y586	2	{'PF03281': 1, 'PF20266': 1}
Q9Y587	1	{'PF01217': 1}
Q9Y597	1	{'PF02214': 1}
Q9Y5A6	3	{'PF02023': 1, 'PF00096': 5, 'PF13465': 1}
Q9Y5A7	3	{'PF00627': 2, 'PF18037': 1, 'PF26285': 1}
Q9Y5A9	1	{'PF04146': 1}
Q9Y5B0	4	{'PF00533': 1, 'PF03031': 1, 'PF09309': 1, 'PF26077': 1}
Q9Y5B6	1	{'PF07842': 1}
Q9Y5B8	2	{'PF00334': 2, 'PF25364': 1}
Q9Y5B9	6	{'PF00557': 1, 'PF08512': 1, 'PF08644': 1, 'PF14826': 1, 'PF21091': 1, 'PF24824': 1}
Q9Y5C1	1	{'PF00147': 1}
Q9Y5E1	3	{'PF00028': 5, 'PF08266': 1, 'PF16492': 1}
Q9Y5E2	3	{'PF00028': 5, 'PF08266': 1, 'PF16492': 1}
Q9Y5E3	3	{'PF00028': 5, 'PF08266': 1, 'PF16492': 1}
Q9Y5E4	3	{'PF00028': 5, 'PF08266': 1, 'PF16492': 1}
Q9Y5E5	3	{'PF00028': 5, 'PF08266': 1, 'PF16492': 1}
Q9Y5E6	3	{'PF00028': 5, 'PF08266': 1, 'PF16492': 1}
Q9Y5E7	3	{'PF00028': 5, 'PF08266': 1, 'PF16492': 1}
Q9Y5E8	3	{'PF00028': 5, 'PF08266': 1, 'PF16492': 1}
Q9Y5E9	3	{'PF00028': 5, 'PF08266': 1, 'PF16492': 1}
Q9Y5F0	3	{'PF00028': 5, 'PF08266': 1, 'PF16492': 1}
Q9Y5F1	3	{'PF00028': 5, 'PF08266': 1, 'PF16492': 1}
Q9Y5F2	3	{'PF00028': 5, 'PF08266': 1, 'PF16492': 1}
Q9Y5F3	3	{'PF00028': 5, 'PF08266': 1, 'PF16492': 1}
Q9Y5F6	4	{'PF00028': 5, 'PF08266': 1, 'PF15974': 1, 'PF16492': 1}
Q9Y5F7	3	{'PF00028': 5, 'PF08266': 1, 'PF15974': 1}
Q9Y5F8	4	{'PF00028': 5, 'PF08266': 1, 'PF15974': 1, 'PF16492': 1}
Q9Y5F9	4	{'PF00028': 5, 'PF08266': 1, 'PF15974': 1, 'PF16492': 1}
Q9Y5G0	4	{'PF00028': 5, 'PF08266': 1, 'PF15974': 1, 'PF16492': 1}
Q9Y5G1	4	{'PF00028': 5, 'PF08266': 1, 'PF15974': 1, 'PF16492': 1}
Q9Y5G2	4	{'PF00028': 5, 'PF08266': 1, 'PF15974': 1, 'PF16492': 1}
Q9Y5G3	4	{'PF00028': 5, 'PF08266': 1, 'PF15974': 1, 'PF16492': 1}
Q9Y5G4	4	{'PF00028': 5, 'PF08266': 1, 'PF15974': 1, 'PF16492': 1}
Q9Y5G5	4	{'PF00028': 5, 'PF08266': 1, 'PF15974': 1, 'PF16492': 1}
Q9Y5G6	4	{'PF00028': 5, 'PF08266': 1, 'PF15974': 1, 'PF16492': 1}
Q9Y5G7	4	{'PF00028': 5, 'PF08266': 1, 'PF15974': 1, 'PF16492': 1}
Q9Y5G8	4	{'PF00028': 5, 'PF08266': 1, 'PF15974': 1, 'PF16492': 1}
Q9Y5G9	4	{'PF00028': 5, 'PF08266': 1, 'PF15974': 1, 'PF16492': 1}
Q9Y5H0	4	{'PF00028': 4, 'PF08266': 1, 'PF15974': 1, 'PF16492': 1}
Q9Y5H1	4	{'PF00028': 5, 'PF08266': 1, 'PF15974': 1, 'PF16492': 1}
Q9Y5H2	4	{'PF00028': 4, 'PF08266': 1, 'PF15974': 1, 'PF16492': 1}
Q9Y5H3	4	{'PF00028': 5, 'PF08266': 1, 'PF15974': 1, 'PF16492': 1}
Q9Y5H4	4	{'PF00028': 5, 'PF08266': 1, 'PF15974': 1, 'PF16492': 1}
Q9Y5H5	3	{'PF00028': 5, 'PF08266': 1, 'PF15974': 1}
Q9Y5H6	3	{'PF00028': 5, 'PF08266': 1, 'PF15974': 1}
Q9Y5H7	3	{'PF00028': 5, 'PF08266': 1, 'PF15974': 1}
Q9Y5H8	3	{'PF00028': 5, 'PF08266': 1, 'PF15974': 1}
Q9Y5H9	3	{'PF00028': 5, 'PF08266': 1, 'PF15974': 1}
Q9Y5I0	3	{'PF00028': 5, 'PF08266': 1, 'PF15974': 1}
Q9Y5I1	3	{'PF00028': 5, 'PF08266': 1, 'PF15974': 1}
Q9Y5I2	3	{'PF00028': 4, 'PF08266': 1, 'PF15974': 1}
Q9Y5I3	3	{'PF00028': 5, 'PF08266': 1, 'PF15974': 1}
Q9Y5I4	4	{'PF00028': 5, 'PF08266': 1, 'PF15974': 1, 'PF16492': 1}
Q9Y5I7	1	{'PF00822': 1}
Q9Y5J3	2	{'PF00010': 1, 'PF07527': 1}
Q9Y5J5	1	{'PF00169': 1}
Q9Y5J6	1	{'PF02953': 1}
Q9Y5J7	1	{'PF02953': 1}
Q9Y5J9	1	{'PF02953': 1}
Q9Y5K1	3	{'PF03533': 1, 'PF04406': 1, 'PF21180': 1}
Q9Y5K2	1	{'PF00089': 1}
Q9Y5K3	1	{'PF01467': 1}
Q9Y5K5	2	{'PF01088': 1, 'PF18031': 1}
Q9Y5K6	2	{'PF00018': 1, 'PF14604': 2}
Q9Y5K8	1	{'PF01813': 1}
Q9Y5L2	1	{'PF15220': 1}
Q9Y5L3	1	{'PF01150': 1}
Q9Y5L4	1	{'PF02953': 1}
Q9Y5L5	1	{'PF15221': 1}
Q9Y5M8	1	{'PF09439': 1}
Q9Y5N1	1	{'PF00001': 1}
Q9Y5N5	1	{'PF05175': 1}
Q9Y5N6	2	{'PF05460': 1, 'PF21913': 1}
Q9Y5P0	1	{'PF13853': 1}
Q9Y5P1	1	{'PF13853': 1}
Q9Y5P4	2	{'PF00169': 1, 'PF01852': 1}
Q9Y5P6	1	{'PF00483': 1}
Q9Y5P8	3	{'PF13499': 1, 'PF17958': 1, 'PF21161': 1}
Q9Y5Q0	2	{'PF00173': 1, 'PF00487': 1}
Q9Y5Q3	1	{'PF08383': 1}
Q9Y5Q5	3	{'PF00089': 1, 'PF01392': 2, 'PF15494': 1}
Q9Y5Q6	1	{'PF00049': 1}
Q9Y5Q8	2	{'PF09734': 1, 'PF17682': 1}
Q9Y5R2	3	{'PF00413': 1, 'PF01471': 1, 'PF11857': 1}
Q9Y5R4	2	{'PF05175': 1, 'PF17827': 1}
Q9Y5R5	1	{'PF00751': 1}
Q9Y5R6	2	{'PF00751': 1, 'PF12374': 1}
Q9Y5R8	1	{'PF04099': 1}
Q9Y5S1	1	{'PF00520': 1}
Q9Y5S2	3	{'PF00130': 1, 'PF25346': 1, 'PF00069': 1}
Q9Y5S8	3	{'PF01794': 1, 'PF08022': 1, 'PF08030': 1}
Q9Y5S9	1	{'PF00076': 1}
Q9Y5T5	2	{'PF00443': 1, 'PF02148': 1}
Q9Y5U2	1	{'PF15264': 1}
Q9Y5U4	1	{'PF07281': 1}
Q9Y5U9	1	{'PF08571': 1}
Q9Y5V0	1	{'PF12874': 1}
Q9Y5V3	1	{'PF01454': 1}
Q9Y5W3	1	{'PF00096': 3}
Q9Y5W5	2	{'PF02019': 1, 'PF12661': 4}
Q9Y5W7	4	{'PF00615': 1, 'PF00787': 1, 'PF02194': 1, 'PF08628': 1}
Q9Y5W8	4	{'PF00615': 1, 'PF00787': 1, 'PF02194': 1, 'PF08628': 1}
Q9Y5W9	1	{'PF00787': 1}
Q9Y5X0	1	{'PF00787': 1}
Q9Y5X1	3	{'PF00787': 1, 'PF07653': 1, 'PF10456': 1}
Q9Y5X2	2	{'PF00787': 1, 'PF19566': 1}
Q9Y5X3	2	{'PF00787': 1, 'PF09325': 1}
Q9Y5X4	2	{'PF00104': 1, 'PF00105': 1}
Q9Y5X5	1	{'PF00001': 1}
Q9Y5X9	2	{'PF00151': 1, 'PF01477': 1}
Q9Y5Y0	1	{'PF07690': 1}
Q9Y5Y2	1	{'PF10609': 1}
Q9Y5Y3	1	{'PF00001': 1}
Q9Y5Y4	1	{'PF00001': 1}
Q9Y5Y5	1	{'PF08610': 1}
Q9Y5Y6	3	{'PF00089': 1, 'PF00431': 2, 'PF01390': 1}
Q9Y5Y7	1	{'PF00193': 1}
Q9Y5Y9	3	{'PF00520': 4, 'PF06512': 1, 'PF24609': 1}
Q9Y5Z0	1	{'PF00026': 1}
Q9Y5Z4	1	{'PF04832': 1}
Q9Y5Z6	1	{'PF01762': 1}
Q9Y5Z9	1	{'PF01040': 1}
Q9Y600	1	{'PF00282': 1}
Q9Y603	2	{'PF00178': 1, 'PF02198': 1}
Q9Y605	1	{'PF15155': 1}
Q9Y606	1	{'PF01416': 1}
Q9Y608	1	{'PF09738': 3}
Q9Y613	2	{'PF02181': 1, 'PF18382': 1}
Q9Y614	1	{'PF00022': 1}
Q9Y615	2	{'PF00022': 1, 'PF16840': 1}
Q9Y616	2	{'PF00531': 1, 'PF00069': 1}
Q9Y617	1	{'PF00266': 1}
Q9Y618	2	{'PF00249': 2, 'PF15784': 1}
Q9Y620	2	{'PF00176': 1, 'PF00271': 1}
Q9Y623	2	{'PF00063': 1, 'PF02736': 1}
Q9Y624	2	{'PF07686': 1, 'PF13927': 1}
Q9Y625	1	{'PF01153': 1}
Q9Y639	2	{'PF13927': 1, 'PF07679': 1}
Q9Y644	1	{'PF02434': 1}
Q9Y646	1	{'PF04389': 1}
Q9Y651	2	{'PF00505': 1, 'PF12336': 1}
Q9Y653	3	{'PF00002': 1, 'PF18587': 1, 'PF18619': 1}
Q9Y657	1	{'PF02513': 3}
Q9Y661	1	{'PF00685': 1}
Q9Y662	1	{'PF00685': 1}
Q9Y663	1	{'PF00685': 1}
Q9Y666	2	{'PF00324': 2, 'PF03522': 2}
Q9Y672	1	{'PF03155': 1}
Q9Y673	1	{'PF00535': 1}
Q9Y675	1	{'PF07192': 1}
Q9Y676	1	{'PF01084': 1}
Q9Y678	2	{'PF08752': 1, 'PF16381': 1}
Q9Y679	1	{'PF02845': 1}
Q9Y680	2	{'PF00254': 1, 'PF13202': 1}
Q9Y689	1	{'PF00025': 1}
Q9Y691	2	{'PF03185': 1, 'PF09303': 1}
Q9Y692	2	{'PF01342': 1, 'PF25892': 1}
Q9Y693	1	{'PF10242': 1}
Q9Y694	1	{'PF07690': 1}
Q9Y696	1	{'PF22441': 1}
Q9Y697	1	{'PF00266': 1}
Q9Y698	1	{'PF00822': 1}
Q9Y6A1	3	{'PF02366': 1, 'PF02815': 1, 'PF16192': 1}
Q9Y6A2	1	{'PF00067': 1}
Q9Y6A4	1	{'PF05018': 1}
Q9Y6A9	1	{'PF06645': 1}
Q9Y6B6	1	{'PF00025': 1}
Q9Y6B7	1	{'PF09066': 1}
Q9Y6C2	2	{'PF00386': 1, 'PF07546': 1}
Q9Y6C5	1	{'PF12349': 1}
Q9Y6D0	1	{'PF10961': 1}
Q9Y6D5	3	{'PF01369': 1, 'PF09324': 1, 'PF20252': 1}
Q9Y6D6	3	{'PF01369': 1, 'PF09324': 1, 'PF20252': 1}
Q9Y6E0	2	{'PF20929': 1, 'PF00069': 1}
Q9Y6E7	1	{'PF02146': 1}
Q9Y6F1	3	{'PF00644': 1, 'PF02877': 1, 'PF05406': 1}
Q9Y6F6	1	{'PF05781': 1}
Q9Y6F7	2	{'PF00378': 1, 'PF00385': 1}
Q9Y6F8	2	{'PF00378': 1, 'PF00385': 1}
Q9Y6F9	1	{'PF00110': 1}
Q9Y6G1	1	{'PF03647': 1}
Q9Y6G3	1	{'PF10210': 1}
Q9Y6G5	2	{'PF07258': 1, 'PF21672': 1}
Q9Y6G9	1	{'PF05783': 1}
Q9Y6H1	1	{'PF06747': 1}
Q9Y6H3	1	{'PF09768': 1}
Q9Y6H5	1	{'PF16700': 1}
Q9Y6H6	1	{'PF02060': 1}
Q9Y6H8	1	{'PF00029': 1}
Q9Y6I0	2	{'PF00077': 1, 'PF01585': 1}
Q9Y6I4	2	{'PF00443': 1, 'PF02148': 1}
Q9Y6I7	1	{'PF07525': 1}
Q9Y6I8	1	{'PF02466': 1}
Q9Y6J0	1	{'PF09047': 1}
Q9Y6J6	1	{'PF02060': 1}
Q9Y6J8	2	{'PF00581': 1, 'PF00782': 1}
Q9Y6J9	1	{'PF02969': 1}
Q9Y6K0	1	{'PF01066': 1}
Q9Y6K1	5	{'PF00145': 1, 'PF00855': 1, 'PF17980': 1, 'PF21255': 1, 'PF22855': 1}
Q9Y6K5	2	{'PF01909': 1, 'PF10421': 3}
Q9Y6K8	1	{'PF00406': 2}
Q9Y6K9	2	{'PF11577': 1, 'PF18414': 1}
Q9Y6L6	2	{'PF03137': 1, 'PF07648': 1}
Q9Y6L7	4	{'PF00431': 5, 'PF01400': 1, 'PF07645': 1, 'PF14670': 1}
Q9Y6M0	1	{'PF00089': 1}
Q9Y6M1	2	{'PF00013': 4, 'PF00076': 2}
Q9Y6M4	2	{'PF12605': 1, 'PF00069': 1}
Q9Y6M5	2	{'PF01545': 1, 'PF16916': 1}
Q9Y6M7	2	{'PF00955': 1, 'PF07565': 2}
Q9Y6M9	1	{'PF05347': 1}
Q9Y6N1	1	{'PF04442': 1}
Q9Y6N5	1	{'PF07992': 1}
Q9Y6N6	4	{'PF00052': 1, 'PF00053': 9, 'PF00055': 1, 'PF24973': 2}
Q9Y6N7	3	{'PF00041': 3, 'PF13927': 3, 'PF07679': 2}
Q9Y6N8	2	{'PF00028': 5, 'PF01049': 1}
Q9Y6N9	2	{'PF00595': 3, 'PF21219': 1}
Q9Y6P5	1	{'PF04636': 1}
Q9Y6Q1	3	{'PF00168': 1, 'PF00648': 1, 'PF01067': 1}
Q9Y6Q2	1	{'PF00928': 1}
Q9Y6Q3	3	{'PF01352': 1, 'PF00096': 10, 'PF23561': 1}
Q9Y6Q5	2	{'PF00928': 1, 'PF01217': 1}
Q9Y6Q6	2	{'PF00020': 1, 'PF18278': 1}
Q9Y6Q9	7	{'PF00989': 1, 'PF07469': 1, 'PF08815': 1, 'PF08832': 1, 'PF14598': 1, 'PF16279': 1, 'PF23172': 1}
Q9Y6R0	2	{'PF00640': 1, 'PF06311': 1}
Q9Y6R1	2	{'PF00955': 1, 'PF07565': 1}
Q9Y6R4	2	{'PF19431': 1, 'PF00069': 1}
Q9Y6R6	3	{'PF01352': 1, 'PF13912': 1, 'PF00096': 18}
Q9Y6R7	5	{'PF00094': 13, 'PF01826': 12, 'PF08742': 12, 'PF12714': 11, 'PF17517': 1}
Q9Y6S9	2	{'PF04212': 1, 'PF00069': 1}
Q9Y6T7	5	{'PF00130': 2, 'PF00609': 1, 'PF00781': 1, 'PF13499': 1, 'PF14513': 2}
Q9Y6U3	1	{'PF00626': 6}
Q9Y6U7	1	{'PF13639': 1}
Q9Y6V0	3	{'PF00168': 2, 'PF00595': 1, 'PF05715': 2}
Q9Y6V7	2	{'PF00270': 1, 'PF00271': 1}
Q9Y6W3	3	{'PF00648': 1, 'PF01067': 1, 'PF04212': 2}
Q9Y6W6	2	{'PF00581': 1, 'PF00782': 1}
Q9Y6W8	1	{'PF15910': 1}
Q9Y6X1	1	{'PF06624': 1}
Q9Y6X2	3	{'PF02037': 1, 'PF02891': 1, 'PF14324': 1}
Q9Y6X5	1	{'PF01663': 1}
Q9Y6X6	3	{'PF00063': 1, 'PF15439': 1, 'PF15452': 1}
Q9Y6X8	2	{'PF00046': 3, 'PF18387': 1}
Q9Y6X9	4	{'PF07496': 1, 'PF13589': 1, 'PF17942': 1, 'PF23327': 1}
Q9Y6Y0	2	{'PF00651': 1, 'PF07707': 1}
Q9Y6Y1	2	{'PF01833': 1, 'PF03859': 1}
Q9Y6Y8	4	{'PF00536': 1, 'PF02825': 1, 'PF02862': 1, 'PF23464': 1}
Q9Y6Y9	1	{'PF02221': 1}
Q9Y6Z7	1	{'PF00059': 1}
Q9YNA8	5	{'PF00098': 1, 'PF00607': 1, 'PF02337': 1, 'PF14787': 1, 'PF19317': 1}
S4R3P1	1	{'PF15040': 1}
S4R3Y5	1	{'PF15040': 1}
U3KPV4	1	{'PF03414': 1}
X6R8D5	1	{'PF22581': 1}
X6R8R1	1	{'PF00168': 2}
